AccountID,CustomerID,ProductID,BranchID,AccountType,OpenDate,CurrentBalance,AccountStatus,InterestRate,OverdraftLimit
A0000001,C001739,P004,B0051,Savings,2026-02-05,14971.06,Active,0.045,0
A0000002,C001843,P007,B0004,Notice Deposit,2025-12-04,19608.35,Active,0.075,0
A0000003,C001203,P012,B0025,Credit Card,2025-08-21,-26618.69,Active,0.185,42000.0
A0000004,C000357,P020,B0017,Current Account,2024-10-23,5131.23,Active,0.002,0
A0000005,C000993,P002,B0033,Current Account,2026-07-04,103069.9,Active,0.001,0
A0000006,C001087,P018,B0006,Current Account,2024-10-03,14333.35,Active,0.012,0
A0000007,C001990,P010,B0053,Credit Card,2024-04-20,-706.61,Active,0.215,5000
A0000008,C001783,P003,B0049,Current Account,2026-04-06,15760.51,Active,0.001,0
A0000009,C001366,P001,B0019,Current Account,2025-05-01,10624.03,Active,0.002,0
A0000010,C001119,P005,B0049,Savings,2025-08-20,14644.45,Active,0.055,0
A0000011,C000117,P002,B0026,Current Account,2026-01-28,30145.31,Active,0.001,0
A0000012,C001428,P010,B0024,Credit Card,2026-05-23,-3669.44,Active,0.215,12200.0
A0000013,C000063,P002,B0037,Current Account,2026-06-24,8848.28,Active,0.001,1400.0
A0000014,C000104,P004,B0019,Savings,2024-03-30,11952.31,Active,0.045,0
A0000015,C001575,P018,B0042,Current Account,2023-06-20,87444.07,Active,0.012,0
A0000016,C000541,P007,B0056,Notice Deposit,2025-12-09,68296.2,Active,0.075,0
A0000017,C001055,P012,B0042,Credit Card,2024-07-03,-8189.07,Active,0.185,12200.0
A0000018,C000144,P002,B0013,Current Account,2026-01-22,54920.24,Active,0.001,0
A0000019,C001652,P001,B0026,Current Account,2024-05-06,60636.6,Active,0.002,18000.0
A0000020,C001160,P018,B0008,Current Account,2023-07-13,18801.6,Active,0.012,0
A0000021,C000168,P008,B0040,Fixed Deposit,2025-05-19,37767.47,Active,0.085,0
A0000022,C001089,P008,B0049,Fixed Deposit,2025-10-24,14063.72,Active,0.085,0
A0000023,C000020,P020,B0036,Current Account,2026-06-10,4934.35,Dormant,0.002,0
A0000024,C001288,P009,B0033,Money Market,2026-01-27,32497.52,Active,0.068,0
A0000025,C000426,P001,B0059,Current Account,2025-01-28,16862.08,Active,0.002,0
A0000026,C001540,P005,B0037,Savings,2026-03-26,14150.26,Active,0.055,0
A0000027,C000711,P018,B0010,Current Account,2026-01-08,17783.19,Active,0.012,0
A0000028,C000227,P001,B0020,Current Account,2025-06-08,27083.55,Active,0.002,0
A0000029,C000585,P020,B0059,Current Account,2025-01-09,159441.53,Active,0.002,0
A0000030,C001085,P008,B0022,Fixed Deposit,2026-06-07,13398.01,Active,0.085,0
A0000031,C001904,P004,B0042,Savings,2024-07-26,20097.49,Active,0.045,5200.0
A0000032,C001665,P001,B0028,Current Account,2026-05-26,17476.48,Active,0.002,0
A0000033,C000383,P006,B0042,Savings,2024-04-17,29948.77,Active,0.062,0
A0000034,C001042,P003,B0037,Current Account,2026-03-08,35319.8,Active,0.001,5200.0
A0000035,C000606,P005,B0008,Savings,2022-09-18,68705.2,Active,0.055,18000.0
A0000036,C001912,P018,B0048,Current Account,2025-09-26,8462.63,Active,0.012,0
A0000037,C001046,P004,B0029,Savings,2025-02-15,57140.59,Active,0.045,0
A0000038,C000840,P004,B0024,Savings,2026-07-10,239545.83,Active,0.045,0
A0000039,C000920,P006,B0010,Savings,2024-12-23,191386.22,Active,0.062,0
A0000040,C001564,P002,B0042,Current Account,2025-01-05,5843.57,Active,0.001,0
A0000041,C000884,P007,B0039,Notice Deposit,2025-10-25,79544.03,Active,0.075,0
A0000042,C000205,P008,B0016,Fixed Deposit,2025-12-19,17002.3,Active,0.085,0
A0000043,C000922,P006,B0029,Savings,2025-09-09,43303.39,Active,0.062,0
A0000044,C000904,P004,B0006,Savings,2025-07-11,46018.3,Active,0.045,5200.0
A0000045,C000051,P004,B0049,Savings,2026-07-06,8414.57,Dormant,0.045,0
A0000046,C000591,P004,B0054,Savings,2026-05-03,7692.18,Dormant,0.045,0
A0000047,C000188,P018,B0001,Current Account,2026-05-21,47609.19,Active,0.012,0
A0000048,C001428,P001,B0025,Current Account,2026-05-25,16355.06,Active,0.002,0
A0000049,C000481,P011,B0005,Credit Card,2024-01-08,-1192.48,Dormant,0.205,12200.0
A0000050,C000707,P001,B0029,Current Account,2025-09-23,9941.63,Active,0.002,0
A0000051,C000013,P001,B0020,Current Account,2025-08-30,27960.51,Active,0.002,1400.0
A0000052,C000582,P002,B0005,Current Account,2024-12-31,113513.36,Active,0.001,0
A0000053,C000989,P010,B0005,Credit Card,2025-05-07,-548.91,Active,0.215,12200.0
A0000054,C000017,P010,B0034,Credit Card,2024-01-12,-8689.81,Closed,0.215,12200.0
A0000055,C001876,P010,B0032,Credit Card,2024-07-07,-3858.05,Active,0.215,42000.0
A0000056,C001170,P011,B0031,Credit Card,2023-10-24,-843.03,Active,0.205,5000
A0000057,C001841,P004,B0027,Savings,2025-01-05,24027.48,Active,0.045,0
A0000058,C000045,P009,B0041,Money Market,2025-12-27,81280.07,Active,0.068,0
A0000059,C001983,P006,B0035,Savings,2026-04-25,18692.76,Active,0.062,0
A0000060,C000058,P001,B0013,Current Account,2025-04-01,9683.9,Active,0.002,1400.0
A0000061,C001774,P006,B0022,Savings,2026-03-15,4681.75,Active,0.062,1400.0
A0000062,C001006,P009,B0022,Money Market,2024-05-22,23878.0,Active,0.068,0
A0000063,C000534,P005,B0049,Savings,2024-08-30,6473.23,Active,0.055,0
A0000064,C001254,P012,B0022,Credit Card,2026-07-25,-1565.36,Active,0.185,5000
A0000065,C001251,P003,B0028,Current Account,2026-02-28,11815.92,Active,0.001,0
A0000066,C001310,P019,B0012,Money Market,2025-09-13,46787.75,Active,0.078,0
A0000067,C001846,P020,B0053,Current Account,2024-06-18,70537.18,Active,0.002,5200.0
A0000068,C000459,P019,B0003,Money Market,2025-08-08,167175.66,Active,0.078,0
A0000069,C001227,P008,B0022,Fixed Deposit,2024-06-04,81980.24,Active,0.085,0
A0000070,C000932,P004,B0034,Savings,2025-08-01,4769.32,Active,0.045,0
A0000071,C000150,P008,B0029,Fixed Deposit,2026-04-10,8752.72,Dormant,0.085,0
A0000072,C000176,P018,B0025,Current Account,2023-09-03,11506.72,Active,0.012,0
A0000073,C001506,P006,B0015,Savings,2026-07-27,219016.09,Active,0.062,0
A0000074,C000982,P003,B0020,Current Account,2025-11-06,9150.27,Active,0.001,0
A0000075,C000324,P020,B0033,Current Account,2024-07-22,13195.58,Active,0.002,0
A0000076,C001620,P001,B0052,Current Account,2026-06-04,50571.54,Active,0.002,0
A0000077,C001885,P004,B0035,Savings,2024-10-03,1163.81,Active,0.045,0
A0000078,C001680,P007,B0025,Notice Deposit,2025-12-27,94117.28,Active,0.075,0
A0000079,C001941,P010,B0043,Credit Card,2025-03-29,-5365.8,Active,0.215,12200.0
A0000080,C001608,P008,B0018,Fixed Deposit,2025-11-13,9582.02,Active,0.085,0
A0000081,C000719,P020,B0049,Current Account,2024-09-08,23369.91,Active,0.002,0
A0000082,C000046,P020,B0044,Current Account,2025-12-17,21800.15,Active,0.002,0
A0000083,C001235,P001,B0060,Current Account,2025-01-21,212355.19,Dormant,0.002,0
A0000084,C000785,P019,B0018,Money Market,2025-12-05,90873.23,Active,0.078,0
A0000085,C001905,P009,B0030,Money Market,2024-11-14,20767.57,Active,0.068,0
A0000086,C000728,P008,B0060,Fixed Deposit,2023-10-08,7045.35,Active,0.085,0
A0000087,C000140,P004,B0010,Savings,2025-08-26,61256.38,Active,0.045,0
A0000088,C000952,P018,B0056,Current Account,2024-05-17,119972.52,Active,0.012,0
A0000089,C001591,P006,B0051,Savings,2022-11-17,9523.04,Active,0.062,0
A0000090,C001654,P006,B0019,Savings,2026-07-24,57482.97,Active,0.062,0
A0000091,C000356,P007,B0003,Notice Deposit,2026-03-22,7560.03,Active,0.075,0
A0000092,C000297,P006,B0012,Savings,2025-09-05,1555.82,Active,0.062,1400.0
A0000093,C000385,P005,B0025,Savings,2025-02-22,16428.53,Active,0.055,0
A0000094,C001239,P005,B0008,Savings,2026-05-15,14353.13,Active,0.055,0
A0000095,C000369,P006,B0017,Savings,2024-02-27,48893.75,Closed,0.062,0
A0000096,C001662,P002,B0049,Current Account,2024-03-28,3463.12,Active,0.001,1400.0
A0000097,C000168,P012,B0007,Credit Card,2025-10-22,-4671.96,Active,0.185,12200.0
A0000098,C001836,P005,B0048,Savings,2025-12-10,77398.09,Active,0.055,18000.0
A0000099,C000569,P020,B0019,Current Account,2026-07-17,3535.34,Dormant,0.002,0
A0000100,C001470,P006,B0038,Savings,2026-05-06,288171.05,Active,0.062,18000.0
A0000101,C001071,P005,B0048,Savings,2026-07-30,2785.17,Active,0.055,1400.0
A0000102,C001871,P020,B0056,Current Account,2025-01-09,36676.18,Active,0.002,0
A0000103,C000796,P011,B0044,Credit Card,2023-09-22,-7004.42,Active,0.205,12200.0
A0000104,C001985,P008,B0017,Fixed Deposit,2026-01-25,19411.61,Active,0.085,0
A0000105,C001914,P005,B0047,Savings,2025-12-31,5936.45,Active,0.055,0
A0000106,C001483,P003,B0043,Current Account,2026-03-24,15221.93,Active,0.001,0
A0000107,C002000,P006,B0004,Savings,2024-11-27,29312.25,Dormant,0.062,0
A0000108,C001864,P020,B0050,Current Account,2026-07-23,11282.48,Active,0.002,1400.0
A0000109,C000037,P010,B0045,Credit Card,2024-06-12,-615.28,Active,0.215,5000
A0000110,C001552,P008,B0033,Fixed Deposit,2023-12-04,40820.71,Active,0.085,0
A0000111,C000994,P004,B0010,Savings,2026-05-08,50744.22,Dormant,0.045,0
A0000112,C000578,P011,B0022,Credit Card,2025-10-27,-17969.6,Active,0.205,42000.0
A0000113,C001067,P002,B0037,Current Account,2026-07-13,11891.31,Active,0.001,0
A0000114,C001990,P005,B0019,Savings,2025-03-03,10474.9,Active,0.055,0
A0000115,C000584,P011,B0026,Credit Card,2026-07-29,-4804.29,Active,0.205,12200.0
A0000116,C000735,P009,B0053,Money Market,2025-02-15,26212.61,Active,0.068,0
A0000117,C001705,P001,B0046,Current Account,2026-03-30,5492.9,Active,0.002,0
A0000118,C000420,P010,B0047,Credit Card,2024-01-20,-7913.8,Active,0.215,12200.0
A0000119,C000423,P012,B0014,Credit Card,2026-06-23,-505.91,Closed,0.185,5000
A0000120,C001347,P006,B0003,Savings,2025-09-10,44003.85,Active,0.062,5200.0
A0000121,C001202,P020,B0025,Current Account,2024-09-26,5964.27,Active,0.002,0
A0000122,C000006,P010,B0009,Credit Card,2023-05-06,-1733.8,Active,0.215,5000
A0000123,C001062,P020,B0016,Current Account,2026-02-07,10867.28,Active,0.002,0
A0000124,C001398,P001,B0051,Current Account,2025-04-18,22691.29,Active,0.002,0
A0000125,C001408,P011,B0046,Credit Card,2025-06-13,-7104.04,Active,0.205,12200.0
A0000126,C000158,P011,B0022,Credit Card,2025-07-15,-5073.18,Active,0.205,42000.0
A0000127,C001525,P018,B0038,Current Account,2026-07-12,47945.08,Active,0.012,5200.0
A0000128,C000448,P018,B0029,Current Account,2025-11-28,8285.37,Active,0.012,0
A0000129,C000195,P008,B0027,Fixed Deposit,2026-02-13,93726.01,Active,0.085,0
A0000130,C000560,P004,B0044,Savings,2025-09-08,33701.23,Active,0.045,5200.0
A0000131,C001341,P006,B0005,Savings,2025-03-04,4681.41,Active,0.062,0
A0000132,C001135,P011,B0049,Credit Card,2022-12-05,-4722.12,Dormant,0.205,12200.0
A0000133,C000557,P005,B0058,Savings,2025-10-21,13911.51,Active,0.055,0
A0000134,C000052,P012,B0042,Credit Card,2026-02-03,-2111.51,Active,0.185,5000
A0000135,C001437,P011,B0030,Credit Card,2023-11-06,-13230.76,Active,0.205,42000.0
A0000136,C000053,P005,B0052,Savings,2025-01-22,41097.09,Active,0.055,0
A0000137,C001585,P002,B0014,Current Account,2025-07-05,37112.77,Active,0.001,0
A0000138,C001273,P006,B0060,Savings,2026-03-22,7547.15,Dormant,0.062,0
A0000139,C001950,P012,B0017,Credit Card,2023-09-10,-2959.73,Active,0.185,12200.0
A0000140,C000902,P020,B0016,Current Account,2026-05-21,3349.78,Active,0.002,0
A0000141,C001369,P011,B0051,Credit Card,2026-01-30,-4054.36,Active,0.205,12200.0
A0000142,C001069,P001,B0042,Current Account,2026-03-28,30937.38,Active,0.002,0
A0000143,C000978,P018,B0013,Current Account,2024-01-01,6366.84,Active,0.012,1400.0
A0000144,C001719,P011,B0001,Credit Card,2025-06-19,-582.92,Active,0.205,5000
A0000145,C001395,P008,B0014,Fixed Deposit,2025-10-12,11350.33,Active,0.085,0
A0000146,C001469,P001,B0035,Current Account,2025-08-22,63681.14,Active,0.002,5200.0
A0000147,C000868,P004,B0031,Savings,2025-10-01,185701.72,Active,0.045,0
A0000148,C000645,P012,B0012,Credit Card,2024-12-08,-1223.95,Active,0.185,5000
A0000149,C000440,P009,B0034,Money Market,2022-05-06,302214.8,Active,0.068,0
A0000150,C000102,P018,B0030,Current Account,2025-07-11,31496.45,Active,0.012,5200.0
A0000151,C000907,P005,B0003,Savings,2024-10-27,16358.52,Active,0.055,1400.0
A0000152,C000313,P003,B0049,Current Account,2024-04-06,65239.99,Active,0.001,0
A0000153,C001640,P006,B0043,Savings,2026-07-14,31138.55,Active,0.062,18000.0
A0000154,C000449,P019,B0030,Money Market,2026-06-17,57123.14,Dormant,0.078,0
A0000155,C000276,P006,B0023,Savings,2026-02-18,15587.47,Active,0.062,1400.0
A0000156,C001529,P008,B0010,Fixed Deposit,2026-05-28,19937.81,Active,0.085,0
A0000157,C001040,P011,B0016,Credit Card,2026-07-17,-1690.72,Active,0.205,12200.0
A0000158,C001977,P004,B0053,Savings,2024-10-04,61701.19,Active,0.045,0
A0000159,C000694,P002,B0048,Current Account,2025-08-19,29269.66,Active,0.001,0
A0000160,C001163,P003,B0014,Current Account,2024-01-07,5460.5,Active,0.001,1400.0
A0000161,C000699,P003,B0022,Current Account,2025-08-03,37599.8,Dormant,0.001,0
A0000162,C001024,P004,B0020,Savings,2025-10-26,9453.6,Dormant,0.045,1400.0
A0000163,C001675,P006,B0049,Savings,2026-03-15,22690.24,Active,0.062,5200.0
A0000164,C001728,P012,B0006,Credit Card,2024-12-31,-783.62,Active,0.185,5000
A0000165,C001923,P004,B0051,Savings,2026-03-10,128960.62,Active,0.045,0
A0000166,C000603,P002,B0044,Current Account,2026-06-11,14529.19,Active,0.001,0
A0000167,C001353,P005,B0041,Savings,2026-05-07,7916.1,Active,0.055,0
A0000168,C000798,P012,B0030,Credit Card,2025-03-23,-1777.08,Active,0.185,5000
A0000169,C001113,P007,B0052,Notice Deposit,2026-07-30,8253.31,Active,0.075,0
A0000170,C000435,P008,B0024,Fixed Deposit,2026-05-30,95355.89,Active,0.085,0
A0000171,C000301,P020,B0041,Current Account,2022-03-05,4531.08,Active,0.002,0
A0000172,C001434,P004,B0056,Savings,2025-04-09,381706.27,Active,0.045,0
A0000173,C001812,P004,B0032,Savings,2026-05-06,13190.41,Active,0.045,0
A0000174,C001970,P004,B0002,Savings,2025-01-13,14641.67,Active,0.045,5200.0
A0000175,C000708,P006,B0041,Savings,2025-11-25,10055.21,Active,0.062,0
A0000176,C001209,P004,B0014,Savings,2024-12-24,3315.73,Active,0.045,1400.0
A0000177,C000916,P005,B0013,Savings,2026-04-13,11435.91,Active,0.055,1400.0
A0000178,C000256,P005,B0045,Savings,2025-07-31,18173.85,Active,0.055,5200.0
A0000179,C001731,P003,B0053,Current Account,2026-04-24,8693.02,Active,0.001,0
A0000180,C001073,P005,B0023,Savings,2025-04-23,23004.66,Active,0.055,0
A0000181,C000350,P005,B0026,Savings,2026-03-22,18668.16,Active,0.055,0
A0000182,C001507,P002,B0055,Current Account,2025-02-14,37001.44,Active,0.001,0
A0000183,C001488,P012,B0005,Credit Card,2025-08-03,-8118.76,Active,0.185,12200.0
A0000184,C000702,P010,B0022,Credit Card,2024-12-15,-8148.59,Active,0.215,12200.0
A0000185,C000971,P003,B0033,Current Account,2026-06-04,3686.51,Active,0.001,0
A0000186,C001867,P018,B0032,Current Account,2026-05-20,19464.02,Active,0.012,0
A0000187,C001790,P012,B0038,Credit Card,2025-06-19,-2000.35,Active,0.185,12200.0
A0000188,C000529,P018,B0019,Current Account,2023-07-06,4416.03,Active,0.012,0
A0000189,C001594,P007,B0022,Notice Deposit,2026-03-08,15677.03,Active,0.075,0
A0000190,C001798,P003,B0035,Current Account,2025-07-17,128040.29,Active,0.001,0
A0000191,C000895,P020,B0040,Current Account,2023-12-19,29199.36,Active,0.002,0
A0000192,C000764,P005,B0057,Savings,2024-10-12,71194.44,Active,0.055,0
A0000193,C000718,P008,B0030,Fixed Deposit,2024-10-10,36943.8,Active,0.085,0
A0000194,C001178,P003,B0022,Current Account,2026-03-26,8045.19,Active,0.001,0
A0000195,C001454,P018,B0037,Current Account,2026-06-23,9230.61,Active,0.012,0
A0000196,C000735,P001,B0023,Current Account,2024-01-22,33770.52,Active,0.002,5200.0
A0000197,C000112,P020,B0049,Current Account,2023-07-13,7039.87,Active,0.002,0
A0000198,C001193,P011,B0002,Credit Card,2024-05-28,-2783.14,Active,0.205,12200.0
A0000199,C000862,P020,B0030,Current Account,2026-03-29,67835.1,Active,0.002,0
A0000200,C001490,P004,B0017,Savings,2026-03-11,25222.09,Active,0.045,0
A0000201,C001198,P005,B0048,Savings,2026-02-15,36044.04,Active,0.055,0
A0000202,C000585,P018,B0059,Current Account,2024-06-19,258523.0,Active,0.012,0
A0000203,C000830,P001,B0007,Current Account,2023-12-07,91232.65,Active,0.002,0
A0000204,C001725,P018,B0056,Current Account,2025-06-19,4099.55,Active,0.012,0
A0000205,C001348,P018,B0049,Current Account,2026-03-31,146680.99,Active,0.012,0
A0000206,C000185,P002,B0035,Current Account,2026-04-16,85789.77,Active,0.001,0
A0000207,C000377,P020,B0004,Current Account,2024-07-19,92881.23,Dormant,0.002,0
A0000208,C001532,P011,B0001,Credit Card,2025-06-07,-8002.66,Active,0.205,12200.0
A0000209,C000610,P003,B0052,Current Account,2026-04-13,7231.59,Active,0.001,0
A0000210,C001602,P002,B0020,Current Account,2025-06-20,80463.57,Active,0.001,0
A0000211,C000712,P002,B0034,Current Account,2026-01-28,77440.3,Active,0.001,0
A0000212,C000876,P010,B0053,Credit Card,2026-07-28,-830.83,Dormant,0.215,5000
A0000213,C000474,P004,B0007,Savings,2026-02-07,12821.7,Dormant,0.045,0
A0000214,C001030,P007,B0044,Notice Deposit,2024-10-12,20092.16,Active,0.075,0
A0000215,C001991,P018,B0001,Current Account,2026-01-23,8043.55,Active,0.012,0
A0000216,C001306,P019,B0013,Money Market,2023-05-05,67105.24,Active,0.078,0
A0000217,C000820,P005,B0049,Savings,2026-05-26,18243.76,Active,0.055,0
A0000218,C000278,P020,B0051,Current Account,2025-06-21,11822.9,Active,0.002,0
A0000219,C001918,P018,B0016,Current Account,2024-12-02,28196.9,Active,0.012,0
A0000220,C000220,P003,B0051,Current Account,2026-04-25,16970.97,Active,0.001,5200.0
A0000221,C000629,P002,B0045,Current Account,2026-02-03,5646.03,Active,0.001,0
A0000222,C001320,P006,B0058,Savings,2026-07-07,37536.57,Active,0.062,0
A0000223,C000211,P002,B0044,Current Account,2026-07-04,7616.59,Active,0.001,0
A0000224,C000766,P002,B0022,Current Account,2024-04-26,49750.44,Active,0.001,0
A0000225,C001798,P019,B0006,Money Market,2025-04-18,79846.04,Active,0.078,0
A0000226,C001258,P004,B0002,Savings,2025-10-24,17750.45,Active,0.045,0
A0000227,C001424,P008,B0047,Fixed Deposit,2026-05-05,20538.94,Active,0.085,0
A0000228,C000512,P004,B0058,Savings,2023-05-12,65679.1,Active,0.045,0
A0000229,C000550,P004,B0051,Savings,2024-03-20,4554.77,Active,0.045,1400.0
A0000230,C001004,P004,B0006,Savings,2022-11-17,122254.53,Active,0.045,0
A0000231,C000411,P007,B0005,Notice Deposit,2026-02-10,68228.97,Active,0.075,0
A0000232,C000631,P006,B0007,Savings,2025-08-29,60240.48,Active,0.062,5200.0
A0000233,C000698,P020,B0037,Current Account,2026-04-24,2202.68,Active,0.002,1400.0
A0000234,C001358,P011,B0034,Credit Card,2025-11-28,-1445.6,Active,0.205,5000
A0000235,C000805,P004,B0054,Savings,2023-04-13,11838.98,Active,0.045,1400.0
A0000236,C001995,P020,B0024,Current Account,2026-03-31,86751.97,Active,0.002,0
A0000237,C000243,P020,B0027,Current Account,2025-12-22,5111.44,Active,0.002,0
A0000238,C000624,P008,B0028,Fixed Deposit,2025-10-01,15714.59,Active,0.085,0
A0000239,C000160,P001,B0027,Current Account,2024-03-23,91823.75,Active,0.002,0
A0000240,C001066,P004,B0060,Savings,2024-09-05,4611.4,Active,0.045,0
A0000241,C001649,P001,B0014,Current Account,2025-06-29,2371.04,Active,0.002,0
A0000242,C001697,P006,B0032,Savings,2026-03-19,70447.3,Active,0.062,0
A0000243,C001799,P008,B0018,Fixed Deposit,2026-06-28,12447.53,Active,0.085,0
A0000244,C000353,P008,B0041,Fixed Deposit,2025-04-02,16286.61,Active,0.085,0
A0000245,C000657,P020,B0049,Current Account,2025-12-21,27226.15,Active,0.002,0
A0000246,C000299,P007,B0014,Notice Deposit,2025-06-17,51178.04,Active,0.075,0
A0000247,C000013,P006,B0035,Savings,2026-04-27,20019.45,Active,0.062,0
A0000248,C000991,P006,B0019,Savings,2025-01-20,8691.03,Dormant,0.062,0
A0000249,C000715,P008,B0029,Fixed Deposit,2026-07-01,69027.16,Dormant,0.085,0
A0000250,C000342,P020,B0020,Current Account,2026-07-15,10439.25,Active,0.002,0
A0000251,C001668,P001,B0009,Current Account,2025-06-14,15954.78,Active,0.002,0
A0000252,C001224,P005,B0043,Savings,2026-06-19,96401.16,Active,0.055,18000.0
A0000253,C001349,P007,B0051,Notice Deposit,2026-02-27,16047.01,Dormant,0.075,0
A0000254,C000615,P003,B0048,Current Account,2026-02-28,10164.64,Active,0.001,0
A0000255,C001987,P006,B0058,Savings,2023-06-19,23565.45,Active,0.062,0
A0000256,C001167,P004,B0053,Savings,2026-01-22,45285.93,Active,0.045,0
A0000257,C001636,P011,B0054,Credit Card,2025-10-11,-6856.44,Active,0.205,12200.0
A0000258,C001521,P007,B0026,Notice Deposit,2026-07-14,37556.05,Active,0.075,0
A0000259,C001017,P003,B0038,Current Account,2024-12-31,30625.57,Active,0.001,0
A0000260,C000336,P006,B0023,Savings,2026-05-08,17775.85,Active,0.062,0
A0000261,C000713,P009,B0023,Money Market,2026-04-24,290247.81,Active,0.068,0
A0000262,C001897,P008,B0038,Fixed Deposit,2025-08-31,8771.35,Active,0.085,0
A0000263,C001884,P006,B0058,Savings,2024-10-02,14258.8,Active,0.062,0
A0000264,C001801,P018,B0036,Current Account,2025-09-06,7606.64,Active,0.012,0
A0000265,C001425,P007,B0024,Notice Deposit,2024-07-21,11932.13,Active,0.075,0
A0000266,C001711,P007,B0006,Notice Deposit,2023-12-30,16175.65,Active,0.075,0
A0000267,C000907,P004,B0030,Savings,2025-03-30,47909.47,Active,0.045,0
A0000268,C001403,P001,B0028,Current Account,2025-07-22,16500.57,Active,0.002,0
A0000269,C001402,P006,B0045,Savings,2025-09-12,68565.06,Active,0.062,0
A0000270,C000969,P001,B0010,Current Account,2024-03-30,84266.72,Active,0.002,5200.0
A0000271,C001340,P019,B0014,Money Market,2026-07-11,59634.17,Active,0.078,0
A0000272,C001399,P020,B0036,Current Account,2023-04-16,49293.18,Dormant,0.002,0
A0000273,C001327,P019,B0003,Money Market,2026-03-27,9942.21,Active,0.078,0
A0000274,C001675,P008,B0053,Fixed Deposit,2026-04-26,39933.69,Active,0.085,0
A0000275,C000562,P004,B0009,Savings,2026-06-29,27962.92,Active,0.045,0
A0000276,C000300,P005,B0045,Savings,2025-03-07,11386.73,Active,0.055,0
A0000277,C001731,P001,B0023,Current Account,2024-09-26,10981.12,Active,0.002,0
A0000278,C001992,P008,B0004,Fixed Deposit,2024-07-23,36389.3,Active,0.085,0
A0000279,C001024,P002,B0013,Current Account,2025-09-01,1969.58,Active,0.001,0
A0000280,C001576,P005,B0054,Savings,2024-09-11,34151.5,Active,0.055,0
A0000281,C000266,P011,B0024,Credit Card,2026-02-27,-1182.23,Active,0.205,5000
A0000282,C000646,P006,B0016,Savings,2026-07-02,95275.47,Active,0.062,0
A0000283,C001322,P008,B0060,Fixed Deposit,2025-12-26,57017.86,Active,0.085,0
A0000284,C001842,P009,B0007,Money Market,2024-05-16,12144.12,Active,0.068,0
A0000285,C000880,P012,B0022,Credit Card,2025-06-07,-5691.1,Active,0.185,12200.0
A0000286,C001766,P020,B0018,Current Account,2022-07-11,24474.43,Active,0.002,0
A0000287,C001011,P001,B0049,Current Account,2026-02-22,39635.06,Active,0.002,0
A0000288,C000844,P006,B0007,Savings,2025-09-05,11322.92,Active,0.062,0
A0000289,C000145,P019,B0052,Money Market,2026-07-07,85104.2,Active,0.078,0
A0000290,C000119,P005,B0041,Savings,2026-06-30,12640.82,Active,0.055,0
A0000291,C000450,P008,B0042,Fixed Deposit,2024-10-24,25534.19,Active,0.085,0
A0000292,C001223,P003,B0056,Current Account,2025-01-15,1749.41,Dormant,0.001,0
A0000293,C000579,P001,B0040,Current Account,2024-08-17,111878.03,Active,0.002,0
A0000294,C001080,P004,B0007,Savings,2023-07-24,17201.73,Active,0.045,1400.0
A0000295,C001765,P006,B0040,Savings,2023-12-18,9067.14,Active,0.062,0
A0000296,C000455,P005,B0002,Savings,2022-11-10,9813.11,Active,0.055,0
A0000297,C000142,P018,B0002,Current Account,2026-04-17,10371.23,Dormant,0.012,0
A0000298,C000509,P009,B0027,Money Market,2025-05-10,14957.81,Active,0.068,0
A0000299,C000670,P010,B0043,Credit Card,2022-11-29,-7615.7,Dormant,0.215,12200.0
A0000300,C001614,P006,B0031,Savings,2025-12-17,5750.63,Active,0.062,1400.0
A0000301,C000621,P006,B0034,Savings,2024-04-23,3565.69,Active,0.062,0
A0000302,C001840,P007,B0043,Notice Deposit,2024-12-23,35219.22,Active,0.075,0
A0000303,C000808,P008,B0038,Fixed Deposit,2025-04-10,81032.95,Active,0.085,0
A0000304,C000410,P001,B0058,Current Account,2024-09-17,160198.92,Closed,0.002,0
A0000305,C000252,P020,B0054,Current Account,2026-04-03,36550.64,Active,0.002,0
A0000306,C001900,P019,B0027,Money Market,2024-01-12,86006.6,Active,0.078,0
A0000307,C001801,P018,B0015,Current Account,2025-12-31,47759.08,Active,0.012,0
A0000308,C001117,P002,B0059,Current Account,2025-07-24,18834.5,Active,0.001,0
A0000309,C001584,P018,B0034,Current Account,2026-02-01,5676.63,Active,0.012,0
A0000310,C000022,P005,B0024,Savings,2024-09-09,7599.11,Active,0.055,0
A0000311,C000966,P008,B0028,Fixed Deposit,2026-03-16,11197.91,Active,0.085,0
A0000312,C001621,P006,B0009,Savings,2026-04-18,4953.05,Active,0.062,1400.0
A0000313,C001634,P005,B0049,Savings,2024-06-21,6802.99,Active,0.055,0
A0000314,C001422,P002,B0005,Current Account,2024-04-15,7485.56,Active,0.001,0
A0000315,C000545,P007,B0019,Notice Deposit,2024-03-27,23162.51,Active,0.075,0
A0000316,C001744,P008,B0017,Fixed Deposit,2026-07-27,11607.05,Active,0.085,0
A0000317,C000743,P011,B0032,Credit Card,2024-10-22,-22696.58,Active,0.205,42000.0
A0000318,C000179,P008,B0023,Fixed Deposit,2026-03-18,21463.31,Active,0.085,0
A0000319,C000234,P020,B0045,Current Account,2023-06-09,31402.83,Active,0.002,0
A0000320,C000303,P006,B0058,Savings,2026-03-07,84081.12,Active,0.062,5200.0
A0000321,C000883,P005,B0025,Savings,2026-05-21,22823.73,Active,0.055,0
A0000322,C001393,P003,B0025,Current Account,2026-03-06,1159.9,Active,0.001,0
A0000323,C001160,P012,B0025,Credit Card,2023-11-07,-8661.93,Active,0.185,12200.0
A0000324,C001012,P012,B0017,Credit Card,2026-06-10,-2183.47,Active,0.185,5000
A0000325,C000544,P002,B0031,Current Account,2023-10-06,11928.72,Active,0.001,1400.0
A0000326,C001250,P001,B0053,Current Account,2024-12-29,8347.56,Active,0.002,0
A0000327,C000322,P003,B0040,Current Account,2026-05-26,7342.1,Active,0.001,0
A0000328,C000551,P018,B0022,Current Account,2025-05-26,17191.14,Active,0.012,0
A0000329,C001856,P004,B0024,Savings,2024-03-31,5866.78,Active,0.045,0
A0000330,C000287,P018,B0031,Current Account,2024-06-25,95797.36,Dormant,0.012,18000.0
A0000331,C000620,P001,B0002,Current Account,2025-08-20,4513.53,Active,0.002,0
A0000332,C001690,P010,B0032,Credit Card,2025-01-29,-7019.74,Active,0.215,12200.0
A0000333,C001742,P004,B0016,Savings,2023-08-28,554823.62,Active,0.045,0
A0000334,C000461,P003,B0008,Current Account,2026-07-20,12082.61,Active,0.001,0
A0000335,C001172,P006,B0041,Savings,2024-12-28,15043.34,Dormant,0.062,0
A0000336,C000273,P018,B0055,Current Account,2025-09-07,302949.71,Active,0.012,0
A0000337,C000671,P020,B0054,Current Account,2025-06-23,42810.0,Active,0.002,0
A0000338,C001042,P002,B0005,Current Account,2026-05-31,36124.02,Active,0.001,0
A0000339,C000478,P011,B0025,Credit Card,2026-04-24,-7193.41,Active,0.205,12200.0
A0000340,C001112,P004,B0022,Savings,2026-05-26,5672.92,Active,0.045,1400.0
A0000341,C000941,P020,B0003,Current Account,2025-01-04,39264.39,Active,0.002,0
A0000342,C000425,P019,B0004,Money Market,2023-10-10,13356.63,Active,0.078,0
A0000343,C001300,P002,B0055,Current Account,2025-03-06,4132.24,Active,0.001,0
A0000344,C000709,P018,B0014,Current Account,2022-07-08,34135.93,Active,0.012,0
A0000345,C000859,P020,B0008,Current Account,2024-07-05,9944.07,Active,0.002,0
A0000346,C000818,P002,B0017,Current Account,2026-05-06,16001.4,Active,0.001,0
A0000347,C001857,P002,B0037,Current Account,2025-04-15,9313.03,Active,0.001,0
A0000348,C000466,P004,B0017,Savings,2026-04-15,5099.96,Active,0.045,0
A0000349,C001727,P002,B0056,Current Account,2025-10-22,76931.15,Dormant,0.001,0
A0000350,C000787,P006,B0032,Savings,2026-06-16,2438.63,Active,0.062,1400.0
A0000351,C000684,P007,B0013,Notice Deposit,2024-10-21,71452.28,Active,0.075,0
A0000352,C000386,P002,B0022,Current Account,2026-07-11,41181.28,Active,0.001,0
A0000353,C001191,P005,B0048,Savings,2025-07-16,2730.5,Active,0.055,0
A0000354,C001271,P005,B0054,Savings,2024-12-05,142315.05,Active,0.055,0
A0000355,C001177,P008,B0055,Fixed Deposit,2025-03-11,92589.04,Active,0.085,0
A0000356,C000351,P009,B0013,Money Market,2023-11-04,58322.14,Active,0.068,0
A0000357,C000769,P020,B0020,Current Account,2026-02-04,83887.83,Active,0.002,18000.0
A0000358,C000079,P003,B0040,Current Account,2026-06-01,9196.31,Dormant,0.001,0
A0000359,C000969,P001,B0056,Current Account,2026-01-13,77131.95,Active,0.002,0
A0000360,C000908,P020,B0044,Current Account,2025-10-09,83167.29,Active,0.002,0
A0000361,C001746,P005,B0011,Savings,2025-10-11,21283.82,Active,0.055,0
A0000362,C000786,P002,B0004,Current Account,2026-07-26,19255.57,Active,0.001,0
A0000363,C000314,P004,B0046,Savings,2025-04-16,11830.9,Active,0.045,0
A0000364,C000427,P018,B0046,Current Account,2025-12-02,9967.39,Dormant,0.012,0
A0000365,C001768,P003,B0025,Current Account,2026-01-27,32948.5,Active,0.001,0
A0000366,C000798,P005,B0003,Savings,2025-08-03,17843.88,Dormant,0.055,1400.0
A0000367,C000202,P002,B0033,Current Account,2026-07-24,8619.13,Active,0.001,1400.0
A0000368,C000773,P006,B0022,Savings,2022-03-17,22497.91,Active,0.062,5200.0
A0000369,C001942,P018,B0020,Current Account,2026-01-15,23107.5,Active,0.012,0
A0000370,C000183,P005,B0029,Savings,2024-03-19,6611.51,Dormant,0.055,0
A0000371,C000914,P001,B0044,Current Account,2025-08-05,7555.28,Active,0.002,0
A0000372,C001751,P005,B0054,Savings,2025-07-23,92173.12,Active,0.055,5200.0
A0000373,C000943,P009,B0049,Money Market,2025-12-02,15818.71,Closed,0.068,0
A0000374,C000847,P002,B0037,Current Account,2026-04-05,21954.88,Active,0.001,1400.0
A0000375,C001183,P020,B0033,Current Account,2026-03-13,10615.48,Active,0.002,0
A0000376,C000874,P004,B0044,Savings,2025-09-03,9536.41,Active,0.045,0
A0000377,C001047,P010,B0042,Credit Card,2025-09-20,-7317.61,Active,0.215,12200.0
A0000378,C000630,P018,B0022,Current Account,2024-02-22,4882.86,Active,0.012,0
A0000379,C001710,P002,B0023,Current Account,2024-11-21,6511.13,Active,0.001,0
A0000380,C001845,P008,B0024,Fixed Deposit,2025-07-03,13916.78,Dormant,0.085,0
A0000381,C001853,P018,B0017,Current Account,2025-08-10,6135.1,Active,0.012,0
A0000382,C000195,P006,B0035,Savings,2025-01-20,77502.81,Active,0.062,0
A0000383,C000576,P018,B0046,Current Account,2025-10-05,62175.65,Active,0.012,0
A0000384,C001463,P005,B0053,Savings,2024-12-23,71163.83,Active,0.055,0
A0000385,C000204,P018,B0047,Current Account,2024-11-14,22961.47,Active,0.012,0
A0000386,C000594,P001,B0035,Current Account,2026-01-23,14142.76,Active,0.002,0
A0000387,C001699,P004,B0011,Savings,2024-05-29,26392.27,Active,0.045,1400.0
A0000388,C001000,P003,B0027,Current Account,2026-07-31,6518.95,Active,0.001,1400.0
A0000389,C000726,P019,B0017,Money Market,2026-06-03,8594.85,Active,0.078,0
A0000390,C001023,P007,B0041,Notice Deposit,2026-04-23,10172.73,Active,0.075,0
A0000391,C000731,P002,B0047,Current Account,2026-04-07,9940.31,Active,0.001,0
A0000392,C001149,P019,B0045,Money Market,2026-04-06,325172.43,Active,0.078,0
A0000393,C000855,P018,B0003,Current Account,2026-06-19,54951.1,Active,0.012,5200.0
A0000394,C000546,P020,B0011,Current Account,2026-05-31,3455.31,Active,0.002,0
A0000395,C000602,P020,B0055,Current Account,2026-06-26,103638.02,Active,0.002,0
A0000396,C001390,P011,B0027,Credit Card,2025-06-08,-3870.65,Active,0.205,12200.0
A0000397,C000467,P004,B0053,Savings,2025-06-21,27685.33,Active,0.045,0
A0000398,C001909,P011,B0027,Credit Card,2024-07-08,-1128.35,Active,0.205,12200.0
A0000399,C001291,P012,B0046,Credit Card,2026-07-30,-2464.72,Active,0.185,12200.0
A0000400,C001398,P008,B0031,Fixed Deposit,2026-03-30,67524.58,Active,0.085,0
A0000401,C001749,P004,B0017,Savings,2025-10-19,14441.88,Active,0.045,0
A0000402,C001264,P019,B0028,Money Market,2022-05-22,21588.27,Active,0.078,0
A0000403,C001743,P002,B0055,Current Account,2023-10-04,13053.94,Active,0.001,1400.0
A0000404,C001101,P007,B0002,Notice Deposit,2024-04-27,13912.18,Active,0.075,0
A0000405,C001692,P018,B0023,Current Account,2026-05-28,76402.73,Active,0.012,0
A0000406,C000148,P003,B0023,Current Account,2025-11-24,46676.22,Active,0.001,0
A0000407,C001648,P004,B0053,Savings,2026-07-20,17101.17,Active,0.045,0
A0000408,C000403,P008,B0027,Fixed Deposit,2025-10-31,181183.58,Active,0.085,0
A0000409,C001922,P008,B0057,Fixed Deposit,2023-12-24,19490.31,Dormant,0.085,0
A0000410,C001219,P018,B0023,Current Account,2025-06-15,34739.03,Closed,0.012,0
A0000411,C000198,P010,B0014,Credit Card,2025-10-20,-1716.01,Active,0.215,5000
A0000412,C000496,P001,B0042,Current Account,2025-09-11,20964.54,Active,0.002,1400.0
A0000413,C001924,P010,B0009,Credit Card,2026-04-01,-2133.22,Active,0.215,5000
A0000414,C000648,P007,B0034,Notice Deposit,2026-07-17,37998.26,Active,0.075,0
A0000415,C001473,P009,B0036,Money Market,2022-09-19,24538.53,Active,0.068,0
A0000416,C000061,P004,B0031,Savings,2026-04-11,90162.54,Active,0.045,0
A0000417,C001108,P001,B0012,Current Account,2025-09-16,17558.08,Active,0.002,0
A0000418,C001026,P008,B0017,Fixed Deposit,2026-03-19,23933.73,Active,0.085,0
A0000419,C000327,P007,B0021,Notice Deposit,2026-05-02,76706.59,Dormant,0.075,0
A0000420,C001946,P012,B0019,Credit Card,2025-10-16,-5777.32,Active,0.185,12200.0
A0000421,C000515,P001,B0029,Current Account,2026-07-09,58919.84,Active,0.002,0
A0000422,C000704,P008,B0013,Fixed Deposit,2025-04-01,18114.82,Active,0.085,0
A0000423,C001034,P004,B0045,Savings,2026-07-04,173137.93,Active,0.045,0
A0000424,C001741,P020,B0004,Current Account,2024-12-25,116907.7,Active,0.002,0
A0000425,C000059,P018,B0051,Current Account,2025-02-28,4507.1,Active,0.012,0
A0000426,C000736,P008,B0059,Fixed Deposit,2023-05-26,10348.1,Active,0.085,0
A0000427,C001005,P007,B0007,Notice Deposit,2026-06-28,25539.49,Active,0.075,0
A0000428,C001895,P018,B0008,Current Account,2025-12-21,21510.21,Active,0.012,0
A0000429,C001805,P006,B0059,Savings,2026-07-15,6284.28,Active,0.062,0
A0000430,C001939,P020,B0041,Current Account,2026-03-11,30467.96,Active,0.002,0
A0000431,C000707,P002,B0006,Current Account,2025-09-17,23325.81,Active,0.001,0
A0000432,C001887,P008,B0046,Fixed Deposit,2026-05-30,12370.09,Active,0.085,0
A0000433,C000338,P018,B0055,Current Account,2025-12-22,49984.85,Active,0.012,5200.0
A0000434,C000134,P003,B0031,Current Account,2025-03-25,9101.74,Active,0.001,0
A0000435,C001629,P005,B0044,Savings,2026-07-27,29782.91,Active,0.055,5200.0
A0000436,C000994,P005,B0056,Savings,2025-08-01,37106.05,Active,0.055,0
A0000437,C000228,P009,B0046,Money Market,2026-01-01,263147.32,Active,0.068,0
A0000438,C000733,P007,B0031,Notice Deposit,2025-03-05,8933.59,Active,0.075,0
A0000439,C001211,P008,B0040,Fixed Deposit,2026-07-15,24902.95,Active,0.085,0
A0000440,C001902,P006,B0036,Savings,2025-07-31,19594.89,Active,0.062,0
A0000441,C001479,P006,B0030,Savings,2025-07-14,26953.06,Active,0.062,5200.0
A0000442,C000434,P005,B0060,Savings,2025-04-19,21456.7,Active,0.055,0
A0000443,C000441,P012,B0029,Credit Card,2025-08-07,-2844.0,Active,0.185,12200.0
A0000444,C001027,P009,B0049,Money Market,2023-08-09,20198.85,Active,0.068,0
A0000445,C001675,P007,B0023,Notice Deposit,2026-06-21,26882.71,Active,0.075,0
A0000446,C000916,P004,B0006,Savings,2025-01-15,11853.54,Active,0.045,0
A0000447,C000775,P003,B0041,Current Account,2024-10-08,70988.25,Active,0.001,0
A0000448,C001908,P005,B0009,Savings,2023-03-13,33264.28,Active,0.055,1400.0
A0000449,C000554,P019,B0033,Money Market,2026-05-19,21429.33,Active,0.078,0
A0000450,C000212,P011,B0023,Credit Card,2024-01-19,-1162.47,Active,0.205,5000
A0000451,C000128,P006,B0015,Savings,2025-07-19,14278.0,Active,0.062,0
A0000452,C001475,P008,B0022,Fixed Deposit,2025-12-01,18254.02,Active,0.085,0
A0000453,C001553,P004,B0021,Savings,2026-06-05,28895.16,Active,0.045,0
A0000454,C000141,P010,B0007,Credit Card,2026-04-07,-4100.95,Active,0.215,12200.0
A0000455,C000589,P008,B0041,Fixed Deposit,2026-06-16,7444.34,Active,0.085,0
A0000456,C001880,P006,B0003,Savings,2025-07-07,61634.44,Active,0.062,0
A0000457,C001003,P001,B0009,Current Account,2026-05-07,68172.65,Active,0.002,0
A0000458,C000271,P008,B0004,Fixed Deposit,2024-08-03,14314.77,Active,0.085,0
A0000459,C001533,P005,B0026,Savings,2026-06-06,1357.17,Active,0.055,0
A0000460,C000269,P011,B0019,Credit Card,2025-05-15,-795.79,Active,0.205,12200.0
A0000461,C000182,P006,B0057,Savings,2026-05-31,4670.98,Active,0.062,0
A0000462,C001859,P009,B0023,Money Market,2023-07-16,52420.14,Active,0.068,0
A0000463,C000459,P005,B0050,Savings,2026-04-02,105173.68,Active,0.055,0
A0000464,C001090,P010,B0029,Credit Card,2024-01-09,-19915.43,Active,0.215,42000.0
A0000465,C000938,P007,B0010,Notice Deposit,2024-12-10,66065.66,Active,0.075,0
A0000466,C000696,P008,B0042,Fixed Deposit,2025-04-18,44734.32,Closed,0.085,0
A0000467,C000398,P007,B0037,Notice Deposit,2026-03-30,133845.58,Active,0.075,0
A0000468,C000742,P011,B0029,Credit Card,2025-10-12,-1111.11,Dormant,0.205,5000
A0000469,C000955,P011,B0051,Credit Card,2026-07-30,-1973.06,Dormant,0.205,12200.0
A0000470,C001791,P002,B0008,Current Account,2026-05-23,34087.44,Closed,0.001,0
A0000471,C000721,P011,B0053,Credit Card,2026-07-30,-1287.54,Active,0.205,5000
A0000472,C001805,P007,B0010,Notice Deposit,2026-04-16,67594.48,Dormant,0.075,0
A0000473,C000805,P020,B0035,Current Account,2023-05-11,11958.32,Dormant,0.002,0
A0000474,C000693,P005,B0022,Savings,2025-06-11,23606.12,Closed,0.055,0
A0000475,C001929,P010,B0019,Credit Card,2025-02-12,-3139.63,Dormant,0.215,42000.0
A0000476,C000022,P012,B0024,Credit Card,2023-02-12,-1786.79,Active,0.185,5000
A0000477,C000726,P018,B0023,Current Account,2026-07-11,12115.74,Active,0.012,0
A0000478,C000008,P020,B0004,Current Account,2024-08-16,135768.82,Active,0.002,0
A0000479,C001279,P018,B0024,Current Account,2025-05-09,55283.46,Active,0.012,0
A0000480,C001057,P020,B0023,Current Account,2026-07-28,67168.21,Active,0.002,18000.0
A0000481,C000663,P018,B0014,Current Account,2026-06-22,14339.83,Active,0.012,0
A0000482,C000941,P011,B0045,Credit Card,2025-04-20,-6996.89,Active,0.205,42000.0
A0000483,C000919,P020,B0049,Current Account,2024-10-01,7479.39,Active,0.002,0
A0000484,C001347,P001,B0045,Current Account,2025-06-10,133721.2,Active,0.002,0
A0000485,C001358,P012,B0046,Credit Card,2024-01-28,-2011.56,Active,0.185,5000
A0000486,C001870,P001,B0005,Current Account,2025-02-26,53752.94,Active,0.002,18000.0
A0000487,C001488,P005,B0037,Savings,2025-01-09,21395.85,Active,0.055,0
A0000488,C000565,P020,B0057,Current Account,2025-10-16,10958.94,Active,0.002,0
A0000489,C000015,P003,B0058,Current Account,2025-05-01,66730.77,Active,0.001,0
A0000490,C001722,P001,B0041,Current Account,2025-11-13,16824.82,Active,0.002,0
A0000491,C001700,P003,B0012,Current Account,2024-08-22,7940.25,Active,0.001,0
A0000492,C001590,P001,B0044,Current Account,2025-01-16,13260.79,Active,0.002,0
A0000493,C000217,P006,B0025,Savings,2025-08-19,26138.08,Active,0.062,0
A0000494,C000469,P008,B0035,Fixed Deposit,2026-05-25,17733.55,Active,0.085,0
A0000495,C000696,P006,B0042,Savings,2026-07-02,34136.66,Active,0.062,0
A0000496,C001597,P003,B0060,Current Account,2025-06-27,550184.99,Closed,0.001,63000.0
A0000497,C000820,P001,B0012,Current Account,2026-05-05,5493.62,Active,0.002,0
A0000498,C000211,P001,B0019,Current Account,2026-01-17,9748.24,Active,0.002,1400.0
A0000499,C001222,P005,B0046,Savings,2024-03-16,16923.57,Active,0.055,1400.0
A0000500,C000249,P003,B0017,Current Account,2024-03-05,45623.62,Active,0.001,5200.0
A0000501,C000220,P003,B0021,Current Account,2026-07-22,90603.3,Active,0.001,0
A0000502,C000967,P003,B0056,Current Account,2024-09-05,46605.75,Active,0.001,0
A0000503,C000066,P011,B0025,Credit Card,2026-04-10,-18561.05,Active,0.205,147000.0
A0000504,C001044,P002,B0024,Current Account,2024-02-16,2172.68,Active,0.001,0
A0000505,C000639,P019,B0028,Money Market,2023-10-19,70148.96,Active,0.078,0
A0000506,C001152,P001,B0007,Current Account,2026-01-07,30876.24,Active,0.002,0
A0000507,C000829,P005,B0032,Savings,2024-02-06,12100.48,Closed,0.055,0
A0000508,C001910,P004,B0042,Savings,2023-03-23,33233.1,Active,0.045,0
A0000509,C000027,P007,B0022,Notice Deposit,2026-05-09,183515.16,Active,0.075,0
A0000510,C001803,P008,B0031,Fixed Deposit,2025-05-02,19464.71,Active,0.085,0
A0000511,C000430,P005,B0023,Savings,2026-03-01,53018.14,Active,0.055,0
A0000512,C001773,P006,B0012,Savings,2024-11-09,5520.12,Active,0.062,0
A0000513,C001641,P018,B0055,Current Account,2025-10-22,578372.15,Active,0.012,0
A0000514,C000727,P005,B0036,Savings,2025-07-26,39546.78,Active,0.055,0
A0000515,C001615,P004,B0012,Savings,2025-07-27,6435.35,Active,0.045,0
A0000516,C001281,P001,B0049,Current Account,2024-11-26,9245.92,Active,0.002,1400.0
A0000517,C000848,P005,B0001,Savings,2025-05-18,46288.6,Active,0.055,0
A0000518,C001873,P002,B0041,Current Account,2026-06-26,21271.05,Active,0.001,0
A0000519,C001342,P006,B0044,Savings,2024-05-03,2320.87,Active,0.062,0
A0000520,C000043,P004,B0002,Savings,2025-06-24,9367.82,Active,0.045,0
A0000521,C001144,P020,B0046,Current Account,2024-10-05,17847.2,Closed,0.002,0
A0000522,C000173,P004,B0002,Savings,2026-01-21,8316.23,Active,0.045,0
A0000523,C001534,P004,B0043,Savings,2026-07-27,10797.34,Dormant,0.045,0
A0000524,C000033,P009,B0022,Money Market,2026-01-04,9685.31,Active,0.068,0
A0000525,C000410,P005,B0039,Savings,2025-05-24,54831.37,Active,0.055,0
A0000526,C001910,P002,B0042,Current Account,2024-08-26,22826.71,Active,0.001,0
A0000527,C001159,P007,B0040,Notice Deposit,2025-09-25,6447.42,Active,0.075,0
A0000528,C001295,P005,B0051,Savings,2024-10-27,36052.35,Active,0.055,0
A0000529,C000222,P012,B0053,Credit Card,2022-11-06,-3338.84,Active,0.185,12200.0
A0000530,C000697,P003,B0027,Current Account,2024-11-22,34502.08,Active,0.001,0
A0000531,C000080,P006,B0035,Savings,2026-04-05,20314.22,Active,0.062,0
A0000532,C001973,P002,B0006,Current Account,2025-11-18,11285.56,Active,0.001,0
A0000533,C000772,P004,B0025,Savings,2023-08-14,35090.16,Dormant,0.045,5200.0
A0000534,C001558,P010,B0016,Credit Card,2026-01-04,-24006.39,Active,0.215,42000.0
A0000535,C001243,P003,B0010,Current Account,2026-06-21,52346.61,Active,0.001,0
A0000536,C001911,P010,B0044,Credit Card,2025-08-11,-1193.61,Active,0.215,5000
A0000537,C001726,P004,B0029,Savings,2026-04-20,7212.3,Active,0.045,1400.0
A0000538,C000329,P006,B0043,Savings,2025-02-02,6204.12,Active,0.062,0
A0000539,C000778,P005,B0013,Savings,2026-01-05,15888.5,Active,0.055,0
A0000540,C000006,P004,B0011,Savings,2023-06-17,9760.42,Active,0.045,0
A0000541,C001008,P018,B0049,Current Account,2024-11-30,220333.36,Active,0.012,0
A0000542,C000817,P018,B0038,Current Account,2026-06-15,10673.66,Active,0.012,1400.0
A0000543,C000462,P012,B0011,Credit Card,2023-06-10,-2221.09,Active,0.185,5000
A0000544,C000596,P005,B0007,Savings,2024-07-07,7799.34,Active,0.055,0
A0000545,C000005,P005,B0035,Savings,2025-12-03,56483.51,Active,0.055,5200.0
A0000546,C001317,P008,B0008,Fixed Deposit,2026-07-25,37091.17,Active,0.085,0
A0000547,C000179,P011,B0012,Credit Card,2026-01-10,-1104.12,Active,0.205,5000
A0000548,C001106,P010,B0043,Credit Card,2026-06-19,-829.46,Active,0.215,12200.0
A0000549,C000325,P018,B0034,Current Account,2026-04-13,84413.45,Active,0.012,0
A0000550,C000556,P010,B0024,Credit Card,2025-10-28,-542.33,Closed,0.215,5000
A0000551,C000524,P018,B0019,Current Account,2024-09-10,7084.6,Active,0.012,1400.0
A0000552,C001296,P010,B0057,Credit Card,2025-04-24,-1005.74,Active,0.215,5000
A0000553,C001966,P002,B0033,Current Account,2025-04-17,15928.83,Active,0.001,0
A0000554,C000081,P001,B0012,Current Account,2024-11-24,20379.47,Active,0.002,0
A0000555,C001369,P020,B0060,Current Account,2025-09-13,31160.76,Active,0.002,0
A0000556,C000555,P020,B0012,Current Account,2025-12-01,10533.52,Active,0.002,0
A0000557,C000334,P011,B0053,Credit Card,2022-04-28,-7567.73,Active,0.205,12200.0
A0000558,C001557,P018,B0060,Current Account,2025-10-20,11760.65,Active,0.012,0
A0000559,C001444,P008,B0018,Fixed Deposit,2022-12-29,13205.74,Closed,0.085,0
A0000560,C001474,P020,B0007,Current Account,2024-12-09,12257.66,Dormant,0.002,0
A0000561,C001828,P008,B0035,Fixed Deposit,2026-07-21,7645.33,Active,0.085,0
A0000562,C001887,P018,B0007,Current Account,2026-07-31,5066.97,Active,0.012,0
A0000563,C001718,P012,B0001,Credit Card,2026-07-26,-5964.32,Active,0.185,12200.0
A0000564,C000759,P012,B0021,Credit Card,2026-05-27,-4577.92,Active,0.185,12200.0
A0000565,C001351,P012,B0022,Credit Card,2025-10-10,-4152.56,Active,0.185,12200.0
A0000566,C001825,P008,B0035,Fixed Deposit,2025-09-13,91772.99,Active,0.085,0
A0000567,C000939,P012,B0032,Credit Card,2025-04-13,-1952.37,Active,0.185,5000
A0000568,C001182,P006,B0040,Savings,2025-08-27,19970.49,Active,0.062,0
A0000569,C000741,P008,B0047,Fixed Deposit,2024-02-05,67148.92,Active,0.085,0
A0000570,C001982,P007,B0013,Notice Deposit,2025-06-18,18026.28,Active,0.075,0
A0000571,C000290,P008,B0018,Fixed Deposit,2025-10-03,14079.45,Active,0.085,0
A0000572,C000974,P004,B0030,Savings,2025-08-09,9815.95,Dormant,0.045,0
A0000573,C000634,P008,B0056,Fixed Deposit,2026-01-08,71681.87,Active,0.085,0
A0000574,C000159,P012,B0005,Credit Card,2025-08-10,-4233.78,Active,0.185,12200.0
A0000575,C000487,P018,B0002,Current Account,2025-05-31,8345.27,Active,0.012,1400.0
A0000576,C001518,P003,B0046,Current Account,2025-03-25,5295.18,Active,0.001,1400.0
A0000577,C000846,P006,B0059,Savings,2025-09-15,5019.09,Active,0.062,0
A0000578,C000410,P003,B0015,Current Account,2025-12-29,128496.38,Active,0.001,0
A0000579,C001555,P018,B0029,Current Account,2023-09-29,26807.79,Closed,0.012,0
A0000580,C001316,P006,B0011,Savings,2026-07-25,22934.82,Active,0.062,5200.0
A0000581,C000801,P006,B0043,Savings,2025-08-18,74057.5,Dormant,0.062,0
A0000582,C001199,P008,B0025,Fixed Deposit,2025-12-11,12690.06,Active,0.085,0
A0000583,C000278,P008,B0043,Fixed Deposit,2026-05-26,19949.15,Active,0.085,0
A0000584,C001717,P019,B0035,Money Market,2025-07-27,34025.35,Dormant,0.078,0
A0000585,C000484,P019,B0003,Money Market,2025-03-06,71271.38,Active,0.078,0
A0000586,C000607,P003,B0029,Current Account,2025-06-05,3021.06,Closed,0.001,0
A0000587,C000095,P008,B0023,Fixed Deposit,2024-06-19,231159.99,Dormant,0.085,0
A0000588,C001292,P001,B0021,Current Account,2026-03-26,41351.77,Closed,0.002,0
A0000589,C001783,P018,B0049,Current Account,2026-07-15,11678.27,Active,0.012,0
A0000590,C000067,P009,B0019,Money Market,2025-08-09,74540.0,Active,0.068,0
A0000591,C001220,P003,B0003,Current Account,2025-07-25,5964.36,Active,0.001,0
A0000592,C001608,P002,B0039,Current Account,2025-07-23,8452.28,Dormant,0.001,0
A0000593,C000230,P004,B0005,Savings,2026-07-02,18092.07,Active,0.045,1400.0
A0000594,C000516,P003,B0034,Current Account,2023-05-19,137388.25,Active,0.001,0
A0000595,C000859,P001,B0047,Current Account,2024-10-17,54872.77,Active,0.002,5200.0
A0000596,C001450,P001,B0047,Current Account,2026-06-27,17076.82,Active,0.002,0
A0000597,C001441,P004,B0014,Savings,2025-10-24,33150.3,Active,0.045,0
A0000598,C001872,P001,B0033,Current Account,2026-06-03,14236.92,Active,0.002,0
A0000599,C000040,P003,B0004,Current Account,2024-10-04,24982.72,Active,0.001,0
A0000600,C001950,P007,B0044,Notice Deposit,2024-03-19,50445.68,Active,0.075,0
A0000601,C000803,P020,B0008,Current Account,2025-12-18,22091.33,Active,0.002,0
A0000602,C001054,P010,B0010,Credit Card,2023-07-01,-613.5,Active,0.215,5000
A0000603,C001158,P001,B0047,Current Account,2025-08-17,18226.56,Active,0.002,0
A0000604,C000067,P002,B0017,Current Account,2025-12-10,17322.37,Active,0.001,0
A0000605,C001797,P012,B0033,Credit Card,2026-04-04,-837.5,Active,0.185,5000
A0000606,C001692,P019,B0044,Money Market,2026-04-02,60378.23,Dormant,0.078,0
A0000607,C001500,P019,B0017,Money Market,2023-08-14,70044.92,Active,0.078,0
A0000608,C001411,P002,B0041,Current Account,2026-07-25,72225.14,Active,0.001,0
A0000609,C000086,P018,B0036,Current Account,2026-07-14,6117.23,Active,0.012,0
A0000610,C001398,P020,B0055,Current Account,2025-11-21,44431.75,Active,0.002,0
A0000611,C000516,P005,B0051,Savings,2025-10-31,41086.7,Active,0.055,5200.0
A0000612,C001779,P004,B0048,Savings,2023-10-28,79172.82,Active,0.045,5200.0
A0000613,C001726,P009,B0020,Money Market,2025-09-08,9529.75,Active,0.068,0
A0000614,C000388,P011,B0019,Credit Card,2025-02-11,-1181.23,Active,0.205,5000
A0000615,C001124,P019,B0056,Money Market,2025-06-27,11976.19,Active,0.078,0
A0000616,C000109,P005,B0026,Savings,2023-09-28,18834.85,Dormant,0.055,5200.0
A0000617,C000470,P020,B0027,Current Account,2024-02-13,2479.45,Active,0.002,0
A0000618,C001254,P018,B0022,Current Account,2024-04-19,9420.57,Active,0.012,0
A0000619,C001440,P003,B0019,Current Account,2025-03-27,12358.39,Active,0.001,0
A0000620,C000231,P018,B0057,Current Account,2023-07-03,17210.56,Active,0.012,0
A0000621,C000862,P002,B0003,Current Account,2024-11-05,76723.16,Active,0.001,5200.0
A0000622,C001382,P020,B0013,Current Account,2024-07-19,32419.48,Active,0.002,0
A0000623,C000206,P018,B0009,Current Account,2026-06-07,22322.13,Active,0.012,1400.0
A0000624,C000874,P019,B0012,Money Market,2024-03-27,13246.08,Active,0.078,0
A0000625,C000656,P003,B0055,Current Account,2026-02-14,15683.54,Active,0.001,0
A0000626,C001602,P006,B0002,Savings,2026-05-04,25479.79,Active,0.062,5200.0
A0000627,C000430,P002,B0019,Current Account,2025-06-29,34089.7,Active,0.001,0
A0000628,C000152,P010,B0042,Credit Card,2026-05-19,-2284.64,Dormant,0.215,12200.0
A0000629,C000089,P004,B0030,Savings,2025-03-13,34402.95,Active,0.045,0
A0000630,C001591,P009,B0007,Money Market,2025-02-09,7181.39,Active,0.068,0
A0000631,C001716,P005,B0048,Savings,2026-04-04,65675.25,Active,0.055,0
A0000632,C001128,P012,B0022,Credit Card,2025-10-27,-6973.88,Active,0.185,12200.0
A0000633,C001156,P005,B0001,Savings,2026-03-10,11988.22,Active,0.055,0
A0000634,C001681,P002,B0028,Current Account,2025-11-28,11795.52,Active,0.001,0
A0000635,C001060,P004,B0007,Savings,2026-05-03,41697.96,Dormant,0.045,0
A0000636,C001031,P012,B0011,Credit Card,2026-01-23,-5155.1,Active,0.185,12200.0
A0000637,C001277,P008,B0051,Fixed Deposit,2026-02-16,74260.13,Closed,0.085,0
A0000638,C001824,P008,B0037,Fixed Deposit,2025-12-24,70505.76,Active,0.085,0
A0000639,C001253,P007,B0032,Notice Deposit,2026-05-21,30659.37,Active,0.075,0
A0000640,C000116,P004,B0053,Savings,2025-02-17,25397.78,Closed,0.045,0
A0000641,C001289,P020,B0032,Current Account,2025-06-24,7428.92,Active,0.002,0
A0000642,C001728,P010,B0035,Credit Card,2024-04-15,-1764.2,Active,0.215,5000
A0000643,C001968,P008,B0008,Fixed Deposit,2026-07-17,89025.03,Active,0.085,0
A0000644,C001496,P005,B0051,Savings,2026-06-29,6274.72,Active,0.055,0
A0000645,C000099,P020,B0019,Current Account,2026-07-22,17766.53,Active,0.002,0
A0000646,C001419,P019,B0052,Money Market,2025-09-18,21344.64,Active,0.078,0
A0000647,C000128,P004,B0039,Savings,2024-10-09,9674.75,Active,0.045,0
A0000648,C001260,P012,B0041,Credit Card,2025-09-27,-707.18,Active,0.185,5000
A0000649,C001160,P004,B0008,Savings,2025-07-26,23880.82,Active,0.045,0
A0000650,C001259,P012,B0028,Credit Card,2025-07-02,-24203.19,Active,0.185,42000.0
A0000651,C000611,P020,B0051,Current Account,2026-04-05,13699.19,Active,0.002,1400.0
A0000652,C000787,P006,B0035,Savings,2026-07-15,6239.32,Active,0.062,1400.0
A0000653,C000845,P010,B0040,Credit Card,2026-01-06,-7079.25,Active,0.215,42000.0
A0000654,C001316,P020,B0005,Current Account,2026-06-23,152188.15,Active,0.002,0
A0000655,C000630,P008,B0022,Fixed Deposit,2025-05-01,13358.84,Active,0.085,0
A0000656,C001196,P007,B0024,Notice Deposit,2023-11-14,13195.46,Active,0.075,0
A0000657,C001721,P005,B0020,Savings,2026-07-15,37486.17,Closed,0.055,5200.0
A0000658,C001698,P011,B0056,Credit Card,2026-06-21,-687.5,Active,0.205,5000
A0000659,C001904,P010,B0042,Credit Card,2024-09-12,-3742.09,Active,0.215,12200.0
A0000660,C000200,P003,B0013,Current Account,2023-12-02,9213.96,Active,0.001,0
A0000661,C000871,P003,B0027,Current Account,2024-09-21,12514.27,Active,0.001,0
A0000662,C000396,P010,B0042,Credit Card,2024-03-13,-6833.22,Dormant,0.215,12200.0
A0000663,C000423,P006,B0052,Savings,2026-04-09,4900.4,Active,0.062,0
A0000664,C001852,P002,B0025,Current Account,2025-10-08,4863.18,Active,0.001,0
A0000665,C001134,P006,B0032,Savings,2025-10-06,95976.96,Active,0.062,0
A0000666,C000922,P004,B0029,Savings,2026-07-12,37007.37,Active,0.045,18000.0
A0000667,C001512,P005,B0004,Savings,2025-11-01,26272.85,Active,0.055,0
A0000668,C001077,P020,B0022,Current Account,2025-07-02,31537.76,Active,0.002,0
A0000669,C000011,P007,B0051,Notice Deposit,2025-08-04,22718.82,Active,0.075,0
A0000670,C000337,P006,B0005,Savings,2026-05-29,14113.94,Active,0.062,1400.0
A0000671,C001997,P006,B0023,Savings,2025-11-01,39683.4,Active,0.062,0
A0000672,C001962,P008,B0057,Fixed Deposit,2026-01-08,10876.88,Active,0.085,0
A0000673,C001271,P012,B0054,Credit Card,2025-06-23,-13613.51,Active,0.185,42000.0
A0000674,C001456,P002,B0041,Current Account,2026-01-19,3780.14,Active,0.001,0
A0000675,C001560,P003,B0027,Current Account,2025-07-16,34204.69,Active,0.001,0
A0000676,C001584,P005,B0021,Savings,2024-11-21,4116.38,Active,0.055,0
A0000677,C000579,P003,B0028,Current Account,2025-06-04,28315.94,Active,0.001,5200.0
A0000678,C001160,P006,B0047,Savings,2025-11-26,49803.52,Dormant,0.062,5200.0
A0000679,C001869,P018,B0046,Current Account,2025-09-30,11962.97,Active,0.012,0
A0000680,C000236,P008,B0045,Fixed Deposit,2024-08-14,55524.77,Active,0.085,0
A0000681,C001778,P003,B0060,Current Account,2023-01-15,86802.93,Active,0.001,0
A0000682,C001763,P002,B0043,Current Account,2026-07-05,5000.23,Active,0.001,0
A0000683,C000397,P006,B0007,Savings,2026-04-10,32658.29,Closed,0.062,0
A0000684,C000321,P008,B0002,Fixed Deposit,2026-07-07,52039.89,Active,0.085,0
A0000685,C000485,P003,B0019,Current Account,2026-03-10,10989.17,Active,0.001,0
A0000686,C000679,P018,B0054,Current Account,2026-07-08,53447.56,Dormant,0.012,0
A0000687,C000233,P003,B0029,Current Account,2025-07-10,9920.57,Active,0.001,0
A0000688,C001951,P020,B0036,Current Account,2025-08-23,22817.14,Active,0.002,5200.0
A0000689,C000037,P002,B0045,Current Account,2025-04-12,12288.37,Active,0.001,0
A0000690,C000147,P004,B0038,Savings,2025-02-17,45204.71,Active,0.045,0
A0000691,C001587,P003,B0050,Current Account,2026-07-04,7532.56,Active,0.001,0
A0000692,C000837,P004,B0009,Savings,2026-02-16,8488.05,Active,0.045,0
A0000693,C001259,P004,B0031,Savings,2024-09-01,412688.26,Active,0.045,18000.0
A0000694,C000892,P010,B0002,Credit Card,2025-03-27,-6321.46,Active,0.215,12200.0
A0000695,C000548,P003,B0009,Current Account,2024-06-14,9482.51,Dormant,0.001,1400.0
A0000696,C001806,P008,B0008,Fixed Deposit,2025-02-24,12400.54,Active,0.085,0
A0000697,C001928,P003,B0033,Current Account,2025-07-04,23223.16,Active,0.001,5200.0
A0000698,C000131,P003,B0054,Current Account,2026-07-13,23309.7,Active,0.001,0
A0000699,C001872,P002,B0032,Current Account,2026-03-30,3720.61,Active,0.001,0
A0000700,C001721,P007,B0001,Notice Deposit,2026-04-28,32677.68,Active,0.075,0
A0000701,C001656,P003,B0013,Current Account,2025-02-20,16852.84,Active,0.001,0
A0000702,C000832,P006,B0013,Savings,2026-07-15,3028.54,Active,0.062,1400.0
A0000703,C000811,P020,B0003,Current Account,2024-01-14,84796.46,Active,0.002,0
A0000704,C001919,P003,B0029,Current Account,2026-05-30,15361.05,Active,0.001,0
A0000705,C000105,P008,B0037,Fixed Deposit,2023-09-25,10235.49,Active,0.085,0
A0000706,C000343,P011,B0033,Credit Card,2026-06-10,-1408.11,Active,0.205,5000
A0000707,C001037,P002,B0056,Current Account,2024-12-08,5809.4,Active,0.001,0
A0000708,C001986,P008,B0019,Fixed Deposit,2025-11-09,66731.15,Active,0.085,0
A0000709,C001087,P005,B0054,Savings,2022-07-19,10090.73,Active,0.055,0
A0000710,C001514,P005,B0055,Savings,2026-06-21,29665.2,Active,0.055,0
A0000711,C000525,P010,B0019,Credit Card,2023-10-17,-1397.77,Active,0.215,5000
A0000712,C000038,P003,B0022,Current Account,2026-04-24,32988.63,Active,0.001,0
A0000713,C000077,P012,B0028,Credit Card,2025-02-20,-2305.38,Active,0.185,12200.0
A0000714,C000220,P018,B0057,Current Account,2026-04-16,9894.24,Active,0.012,0
A0000715,C001496,P018,B0040,Current Account,2026-06-11,18283.49,Active,0.012,0
A0000716,C001491,P005,B0019,Savings,2025-05-24,6316.39,Active,0.055,0
A0000717,C000675,P004,B0025,Savings,2022-10-27,51605.34,Active,0.045,0
A0000718,C001948,P004,B0020,Savings,2024-10-16,18655.96,Active,0.045,1400.0
A0000719,C000515,P009,B0013,Money Market,2026-06-06,42672.89,Active,0.068,0
A0000720,C001748,P010,B0007,Credit Card,2025-02-10,-4274.59,Active,0.215,12200.0
A0000721,C001572,P001,B0024,Current Account,2022-04-26,47080.22,Active,0.002,5200.0
A0000722,C000958,P009,B0016,Money Market,2026-05-08,75550.8,Active,0.068,0
A0000723,C000470,P010,B0035,Credit Card,2025-08-04,-688.0,Active,0.215,5000
A0000724,C001395,P012,B0018,Credit Card,2026-03-07,-1659.12,Active,0.185,5000
A0000725,C000360,P002,B0003,Current Account,2026-03-19,16114.61,Active,0.001,0
A0000726,C001275,P005,B0056,Savings,2026-06-20,18465.38,Active,0.055,1400.0
A0000727,C001536,P005,B0032,Savings,2025-02-01,3708.05,Active,0.055,0
A0000728,C001382,P018,B0027,Current Account,2025-06-07,41335.82,Active,0.012,0
A0000729,C000936,P007,B0001,Notice Deposit,2025-05-20,239359.06,Active,0.075,0
A0000730,C001189,P006,B0056,Savings,2025-10-30,12250.26,Dormant,0.062,0
A0000731,C001956,P005,B0031,Savings,2024-09-10,4709.92,Active,0.055,0
A0000732,C001701,P020,B0002,Current Account,2025-01-02,165793.13,Active,0.002,0
A0000733,C000533,P018,B0021,Current Account,2025-04-22,75737.7,Active,0.012,5200.0
A0000734,C001598,P020,B0023,Current Account,2025-11-14,15713.21,Active,0.002,0
A0000735,C000203,P001,B0011,Current Account,2026-07-15,22167.86,Active,0.002,5200.0
A0000736,C001345,P019,B0014,Money Market,2025-05-29,252701.79,Active,0.078,0
A0000737,C001567,P011,B0052,Credit Card,2026-03-04,-2057.88,Active,0.205,5000
A0000738,C000603,P005,B0012,Savings,2026-06-12,2138.98,Active,0.055,0
A0000739,C001174,P004,B0033,Savings,2026-07-12,2673.71,Active,0.045,0
A0000740,C001027,P001,B0012,Current Account,2025-09-24,2502.93,Active,0.002,0
A0000741,C000790,P010,B0016,Credit Card,2025-04-11,-870.66,Active,0.215,5000
A0000742,C001578,P001,B0029,Current Account,2024-07-27,119291.22,Active,0.002,0
A0000743,C001227,P018,B0022,Current Account,2025-06-17,116421.65,Active,0.012,5200.0
A0000744,C001614,P020,B0007,Current Account,2025-08-08,22185.39,Active,0.002,0
A0000745,C001484,P008,B0025,Fixed Deposit,2023-03-18,10133.28,Active,0.085,0
A0000746,C000074,P018,B0044,Current Account,2026-06-29,33955.57,Active,0.012,5200.0
A0000747,C001343,P010,B0021,Credit Card,2023-10-14,-689.68,Active,0.215,5000
A0000748,C001948,P005,B0020,Savings,2024-11-17,40289.25,Dormant,0.055,0
A0000749,C000976,P006,B0023,Savings,2025-08-25,22734.41,Active,0.062,0
A0000750,C000153,P003,B0041,Current Account,2026-02-11,136022.15,Active,0.001,0
A0000751,C001586,P008,B0015,Fixed Deposit,2023-07-11,65919.04,Active,0.085,0
A0000752,C001435,P007,B0001,Notice Deposit,2026-03-08,48557.2,Active,0.075,0
A0000753,C001937,P008,B0043,Fixed Deposit,2026-07-16,40576.67,Active,0.085,0
A0000754,C001947,P005,B0031,Savings,2025-06-09,13854.96,Active,0.055,1400.0
A0000755,C000053,P011,B0015,Credit Card,2023-12-30,-1599.08,Active,0.205,5000
A0000756,C000184,P001,B0009,Current Account,2024-11-17,19256.4,Active,0.002,0
A0000757,C001212,P007,B0019,Notice Deposit,2026-07-12,315318.29,Active,0.075,0
A0000758,C001802,P002,B0037,Current Account,2023-10-28,65608.92,Active,0.001,18000.0
A0000759,C001811,P020,B0040,Current Account,2024-02-11,12324.2,Dormant,0.002,0
A0000760,C001951,P004,B0036,Savings,2026-06-06,20006.63,Active,0.045,0
A0000761,C000330,P007,B0006,Notice Deposit,2025-10-25,19639.58,Active,0.075,0
A0000762,C000446,P019,B0041,Money Market,2026-06-04,14035.22,Active,0.078,0
A0000763,C000304,P003,B0011,Current Account,2026-05-23,9702.66,Active,0.001,1400.0
A0000764,C000007,P004,B0008,Savings,2024-12-24,22609.06,Active,0.045,0
A0000765,C001165,P002,B0053,Current Account,2026-04-06,252506.21,Active,0.001,5200.0
A0000766,C001013,P018,B0028,Current Account,2025-03-08,28012.92,Active,0.012,0
A0000767,C000273,P002,B0057,Current Account,2025-09-06,141569.12,Active,0.001,0
A0000768,C000968,P004,B0049,Savings,2025-09-21,16094.86,Active,0.045,0
A0000769,C000709,P007,B0018,Notice Deposit,2024-10-16,37230.92,Active,0.075,0
A0000770,C000349,P004,B0019,Savings,2023-08-16,36382.05,Active,0.045,0
A0000771,C001228,P007,B0032,Notice Deposit,2025-12-10,8569.33,Dormant,0.075,0
A0000772,C001802,P005,B0004,Savings,2025-01-19,87183.88,Active,0.055,0
A0000773,C000182,P002,B0028,Current Account,2026-06-23,11016.62,Active,0.001,0
A0000774,C001249,P012,B0012,Credit Card,2025-09-28,-1569.3,Active,0.185,5000
A0000775,C001369,P004,B0034,Savings,2024-01-18,31382.0,Active,0.045,5200.0
A0000776,C000235,P007,B0001,Notice Deposit,2026-07-09,52969.48,Active,0.075,0
A0000777,C001555,P010,B0032,Credit Card,2023-07-01,-1322.48,Active,0.215,12200.0
A0000778,C000971,P005,B0035,Savings,2025-02-11,28694.45,Active,0.055,0
A0000779,C001709,P005,B0009,Savings,2026-04-14,38248.53,Active,0.055,0
A0000780,C000341,P004,B0059,Savings,2026-02-11,14528.51,Active,0.045,0
A0000781,C001143,P006,B0025,Savings,2024-08-04,12814.91,Active,0.062,0
A0000782,C001550,P007,B0011,Notice Deposit,2025-11-28,11700.66,Active,0.075,0
A0000783,C000071,P005,B0006,Savings,2026-05-29,6375.23,Active,0.055,5200.0
A0000784,C001111,P007,B0043,Notice Deposit,2025-02-09,10059.53,Active,0.075,0
A0000785,C000609,P004,B0007,Savings,2022-03-17,17239.19,Active,0.045,0
A0000786,C000319,P007,B0029,Notice Deposit,2025-12-12,87666.54,Active,0.075,0
A0000787,C001587,P002,B0030,Current Account,2025-09-28,6925.54,Active,0.001,0
A0000788,C001714,P007,B0019,Notice Deposit,2026-06-14,17859.76,Active,0.075,0
A0000789,C000406,P005,B0024,Savings,2025-03-07,16971.51,Active,0.055,0
A0000790,C001386,P009,B0059,Money Market,2024-03-23,16008.15,Active,0.068,0
A0000791,C000403,P005,B0054,Savings,2026-04-26,390176.24,Dormant,0.055,18000.0
A0000792,C001723,P005,B0048,Savings,2026-04-28,22443.6,Active,0.055,0
A0000793,C000590,P018,B0022,Current Account,2023-05-07,37193.05,Active,0.012,0
A0000794,C000864,P004,B0024,Savings,2024-09-26,2156.49,Active,0.045,0
A0000795,C001565,P002,B0026,Current Account,2025-07-23,21228.84,Active,0.001,0
A0000796,C001852,P008,B0025,Fixed Deposit,2026-07-09,14594.06,Active,0.085,0
A0000797,C001988,P002,B0029,Current Account,2026-01-15,5638.43,Active,0.001,0
A0000798,C000986,P001,B0044,Current Account,2024-01-29,6288.25,Active,0.002,1400.0
A0000799,C001909,P004,B0005,Savings,2023-06-26,54474.48,Dormant,0.045,0
A0000800,C001839,P005,B0032,Savings,2026-05-03,10348.02,Active,0.055,1400.0
A0000801,C001133,P002,B0014,Current Account,2026-05-09,9718.36,Dormant,0.001,0
A0000802,C001059,P004,B0045,Savings,2026-02-08,23395.79,Active,0.045,0
A0000803,C000307,P008,B0020,Fixed Deposit,2024-01-29,11755.26,Active,0.085,0
A0000804,C000408,P005,B0038,Savings,2022-12-02,65730.28,Active,0.055,0
A0000805,C001112,P002,B0022,Current Account,2024-04-25,5083.47,Active,0.001,0
A0000806,C000123,P019,B0029,Money Market,2026-05-02,193101.99,Active,0.078,0
A0000807,C000744,P003,B0060,Current Account,2023-01-17,21006.14,Dormant,0.001,0
A0000808,C001280,P011,B0059,Credit Card,2025-04-17,-1551.58,Active,0.205,5000
A0000809,C001873,P003,B0029,Current Account,2026-03-11,33535.66,Active,0.001,1400.0
A0000810,C001378,P002,B0009,Current Account,2024-12-26,56666.93,Active,0.001,0
A0000811,C000109,P012,B0002,Credit Card,2022-11-19,-6320.45,Active,0.185,12200.0
A0000812,C000091,P010,B0049,Credit Card,2026-03-15,-8633.99,Active,0.215,12200.0
A0000813,C000896,P007,B0048,Notice Deposit,2024-11-03,291744.51,Active,0.075,0
A0000814,C000517,P001,B0017,Current Account,2026-03-10,10531.3,Active,0.002,0
A0000815,C001374,P001,B0030,Current Account,2025-09-06,129040.17,Active,0.002,0
A0000816,C000254,P002,B0024,Current Account,2025-06-11,13519.82,Active,0.001,1400.0
A0000817,C000084,P019,B0019,Money Market,2024-09-25,46984.71,Active,0.078,0
A0000818,C000594,P011,B0048,Credit Card,2024-05-06,-561.46,Active,0.205,5000
A0000819,C000428,P009,B0003,Money Market,2025-03-23,32370.03,Dormant,0.068,0
A0000820,C000011,P005,B0040,Savings,2026-03-16,8752.32,Active,0.055,0
A0000821,C001741,P002,B0001,Current Account,2025-04-25,22804.96,Dormant,0.001,0
A0000822,C001528,P005,B0058,Savings,2022-10-01,58918.28,Active,0.055,0
A0000823,C000374,P020,B0031,Current Account,2026-02-22,5899.9,Active,0.002,0
A0000824,C000695,P001,B0017,Current Account,2025-07-16,1630.8,Active,0.002,0
A0000825,C001060,P010,B0031,Credit Card,2026-02-11,-5787.44,Active,0.215,12200.0
A0000826,C000619,P003,B0041,Current Account,2026-04-28,39312.38,Active,0.001,0
A0000827,C001608,P001,B0014,Current Account,2026-01-25,10198.54,Active,0.002,0
A0000828,C001738,P020,B0028,Current Account,2024-08-11,144369.96,Active,0.002,18000.0
A0000829,C001796,P020,B0017,Current Account,2026-01-21,23408.32,Active,0.002,0
A0000830,C000677,P008,B0051,Fixed Deposit,2024-08-27,278930.28,Active,0.085,0
A0000831,C000422,P020,B0007,Current Account,2024-02-06,102863.55,Active,0.002,0
A0000832,C001522,P005,B0033,Savings,2026-07-01,136764.16,Dormant,0.055,0
A0000833,C000283,P012,B0037,Credit Card,2025-08-24,-1223.52,Active,0.185,5000
A0000834,C000562,P001,B0001,Current Account,2026-07-04,107917.94,Closed,0.002,0
A0000835,C000447,P012,B0044,Credit Card,2026-05-17,-1922.72,Active,0.185,12200.0
A0000836,C001157,P020,B0035,Current Account,2023-03-06,7131.91,Active,0.002,0
A0000837,C001330,P018,B0049,Current Account,2025-10-28,44142.75,Active,0.012,18000.0
A0000838,C001283,P001,B0050,Current Account,2026-07-03,5849.73,Active,0.002,0
A0000839,C001713,P010,B0060,Credit Card,2022-12-20,-1984.88,Active,0.215,5000
A0000840,C001409,P006,B0042,Savings,2023-11-09,3247.21,Active,0.062,0
A0000841,C001398,P003,B0028,Current Account,2026-02-25,12710.65,Active,0.001,0
A0000842,C000561,P020,B0006,Current Account,2024-06-06,57428.48,Active,0.002,0
A0000843,C001874,P018,B0053,Current Account,2026-01-10,54276.58,Active,0.012,0
A0000844,C001181,P003,B0018,Current Account,2023-10-07,20703.71,Active,0.001,0
A0000845,C001031,P004,B0009,Savings,2026-05-16,55451.36,Active,0.045,0
A0000846,C001286,P010,B0021,Credit Card,2025-07-10,-1420.81,Active,0.215,5000
A0000847,C000686,P004,B0051,Savings,2024-08-08,7383.21,Active,0.045,0
A0000848,C001741,P007,B0054,Notice Deposit,2026-04-09,43420.1,Active,0.075,0
A0000849,C001092,P009,B0025,Money Market,2025-07-22,14501.05,Active,0.068,0
A0000850,C000716,P004,B0056,Savings,2025-02-20,20318.84,Closed,0.045,0
A0000851,C000213,P007,B0012,Notice Deposit,2025-09-10,89357.48,Active,0.075,0
A0000852,C001404,P019,B0019,Money Market,2026-05-30,88423.12,Dormant,0.078,0
A0000853,C001578,P002,B0033,Current Account,2026-05-24,67366.26,Active,0.001,18000.0
A0000854,C001632,P005,B0009,Savings,2024-08-05,60556.71,Active,0.055,0
A0000855,C000371,P002,B0018,Current Account,2026-06-29,17913.58,Active,0.001,0
A0000856,C001056,P011,B0050,Credit Card,2024-01-31,-1736.07,Active,0.205,5000
A0000857,C001455,P009,B0016,Money Market,2026-03-09,80265.79,Dormant,0.068,0
A0000858,C001980,P018,B0006,Current Account,2026-04-12,49397.02,Active,0.012,0
A0000859,C001682,P008,B0048,Fixed Deposit,2025-06-28,160299.88,Active,0.085,0
A0000860,C001613,P019,B0060,Money Market,2026-04-26,246554.22,Active,0.078,0
A0000861,C001464,P003,B0030,Current Account,2024-02-15,14101.52,Active,0.001,5200.0
A0000862,C001469,P004,B0027,Savings,2023-10-04,12878.49,Active,0.045,5200.0
A0000863,C001017,P018,B0002,Current Account,2024-09-29,34571.94,Active,0.012,0
A0000864,C000274,P001,B0034,Current Account,2025-01-24,9860.84,Active,0.002,0
A0000865,C000446,P019,B0001,Money Market,2026-07-11,11690.46,Active,0.078,0
A0000866,C001311,P004,B0035,Savings,2024-11-12,15452.68,Active,0.045,0
A0000867,C000131,P018,B0035,Current Account,2023-12-30,14580.5,Active,0.012,1400.0
A0000868,C000059,P010,B0028,Credit Card,2025-04-10,-1260.19,Active,0.215,5000
A0000869,C000620,P006,B0002,Savings,2025-12-25,5892.82,Active,0.062,1400.0
A0000870,C001383,P005,B0053,Savings,2026-07-31,44028.09,Active,0.055,5200.0
A0000871,C001568,P020,B0049,Current Account,2023-07-02,9380.49,Active,0.002,0
A0000872,C001559,P005,B0039,Savings,2026-07-14,1580297.84,Active,0.055,63000.0
A0000873,C000994,P010,B0059,Credit Card,2026-03-06,-982.35,Active,0.215,12200.0
A0000874,C000172,P004,B0028,Savings,2025-10-24,6515.91,Active,0.045,0
A0000875,C001204,P006,B0046,Savings,2025-05-28,3327.56,Active,0.062,0
A0000876,C000231,P003,B0028,Current Account,2025-10-09,86763.89,Active,0.001,5200.0
A0000877,C000159,P003,B0009,Current Account,2026-05-15,31743.45,Active,0.001,0
A0000878,C001702,P020,B0044,Current Account,2025-01-22,5372.06,Active,0.002,1400.0
A0000879,C001981,P002,B0059,Current Account,2024-08-10,123184.16,Active,0.001,0
A0000880,C000315,P005,B0026,Savings,2024-12-13,36619.75,Active,0.055,0
A0000881,C000558,P005,B0022,Savings,2024-11-06,66218.27,Active,0.055,0
A0000882,C000307,P002,B0041,Current Account,2026-03-05,2530.46,Active,0.001,0
A0000883,C000669,P008,B0044,Fixed Deposit,2024-01-24,60296.47,Active,0.085,0
A0000884,C000669,P008,B0019,Fixed Deposit,2026-05-24,81682.15,Active,0.085,0
A0000885,C000439,P005,B0038,Savings,2026-07-19,21705.43,Active,0.055,5200.0
A0000886,C001416,P010,B0042,Credit Card,2024-11-24,-764.75,Active,0.215,5000
A0000887,C001903,P006,B0060,Savings,2026-02-26,275811.38,Active,0.062,0
A0000888,C001843,P020,B0020,Current Account,2026-01-13,15913.75,Active,0.002,1400.0
A0000889,C001527,P003,B0020,Current Account,2026-02-13,220548.41,Active,0.001,0
A0000890,C001117,P010,B0010,Credit Card,2025-02-16,-6889.54,Active,0.215,12200.0
A0000891,C001235,P004,B0034,Savings,2025-06-15,519243.9,Active,0.045,63000.0
A0000892,C001076,P004,B0045,Savings,2024-07-26,7420.01,Active,0.045,0
A0000893,C001642,P002,B0048,Current Account,2024-08-30,23910.35,Active,0.001,1400.0
A0000894,C000038,P018,B0022,Current Account,2025-06-04,41574.7,Active,0.012,0
A0000895,C000272,P001,B0033,Current Account,2024-02-02,18548.57,Active,0.002,0
A0000896,C000495,P003,B0027,Current Account,2023-07-29,207488.34,Active,0.001,0
A0000897,C000073,P004,B0031,Savings,2024-01-15,199823.1,Active,0.045,0
A0000898,C001836,P005,B0054,Savings,2025-07-09,72193.58,Active,0.055,0
A0000899,C000813,P001,B0009,Current Account,2026-02-17,30123.07,Dormant,0.002,5200.0
A0000900,C001050,P018,B0055,Current Account,2025-11-25,17806.26,Active,0.012,0
A0000901,C001437,P012,B0003,Credit Card,2025-12-13,-6969.99,Active,0.185,42000.0
A0000902,C001284,P005,B0046,Savings,2023-10-24,5390.71,Active,0.055,0
A0000903,C001753,P001,B0032,Current Account,2025-04-23,30396.03,Active,0.002,0
A0000904,C000765,P006,B0032,Savings,2026-04-16,22806.26,Closed,0.062,0
A0000905,C000943,P007,B0053,Notice Deposit,2026-06-20,7665.39,Active,0.075,0
A0000906,C000738,P001,B0043,Current Account,2025-11-20,21230.0,Active,0.002,1400.0
A0000907,C001142,P005,B0056,Savings,2025-09-09,17767.58,Closed,0.055,5200.0
A0000908,C001865,P003,B0041,Current Account,2025-10-08,11158.18,Active,0.001,0
A0000909,C001642,P008,B0037,Fixed Deposit,2026-01-04,11888.77,Active,0.085,0
A0000910,C001925,P009,B0012,Money Market,2026-07-09,12045.49,Active,0.068,0
A0000911,C000940,P001,B0052,Current Account,2025-01-13,33725.9,Dormant,0.002,5200.0
A0000912,C000628,P008,B0001,Fixed Deposit,2023-02-06,70322.68,Active,0.085,0
A0000913,C001404,P009,B0012,Money Market,2025-11-11,43892.09,Active,0.068,0
A0000914,C000310,P003,B0030,Current Account,2026-07-28,44773.78,Active,0.001,22500.0
A0000915,C001820,P004,B0024,Savings,2025-09-12,49705.44,Closed,0.045,0
A0000916,C001745,P006,B0042,Savings,2025-11-26,144501.03,Active,0.062,5200.0
A0000917,C000500,P005,B0023,Savings,2025-11-21,4901.29,Active,0.055,0
A0000918,C001332,P002,B0016,Current Account,2025-08-02,16844.62,Active,0.001,0
A0000919,C001782,P005,B0024,Savings,2024-06-06,12114.93,Active,0.055,1400.0
A0000920,C000362,P004,B0043,Savings,2026-06-24,24613.25,Active,0.045,0
A0000921,C000409,P005,B0027,Savings,2026-07-31,76296.2,Active,0.055,0
A0000922,C000992,P005,B0021,Savings,2025-05-03,9423.06,Active,0.055,0
A0000923,C001191,P004,B0033,Savings,2024-08-08,2442.0,Active,0.045,0
A0000924,C000997,P008,B0008,Fixed Deposit,2023-10-20,21937.66,Active,0.085,0
A0000925,C000182,P002,B0043,Current Account,2026-07-06,20122.43,Active,0.001,1400.0
A0000926,C000135,P006,B0025,Savings,2026-04-17,19416.42,Dormant,0.062,0
A0000927,C001736,P005,B0014,Savings,2025-05-12,46638.17,Active,0.055,0
A0000928,C000296,P009,B0041,Money Market,2025-03-25,80758.36,Active,0.068,0
A0000929,C001190,P018,B0048,Current Account,2023-08-05,34327.99,Active,0.012,0
A0000930,C001600,P004,B0054,Savings,2026-06-30,3049.89,Active,0.045,1400.0
A0000931,C000859,P001,B0024,Current Account,2023-01-11,45031.46,Active,0.002,0
A0000932,C001688,P004,B0048,Savings,2026-07-31,10810.72,Active,0.045,0
A0000933,C000480,P001,B0055,Current Account,2026-03-11,7064.86,Active,0.002,1400.0
A0000934,C000184,P006,B0041,Savings,2025-05-15,22964.52,Active,0.062,0
A0000935,C000658,P020,B0021,Current Account,2025-11-27,43462.61,Active,0.002,0
A0000936,C001146,P006,B0044,Savings,2025-10-07,33578.81,Active,0.062,0
A0000937,C000114,P006,B0049,Savings,2026-04-02,16170.71,Closed,0.062,0
A0000938,C000991,P008,B0012,Fixed Deposit,2025-06-16,21228.17,Active,0.085,0
A0000939,C001370,P009,B0055,Money Market,2025-12-24,13702.8,Active,0.068,0
A0000940,C000053,P007,B0058,Notice Deposit,2024-09-20,12188.37,Dormant,0.075,0
A0000941,C001592,P009,B0017,Money Market,2026-03-31,16583.92,Active,0.068,0
A0000942,C001227,P001,B0022,Current Account,2025-08-08,59544.91,Active,0.002,0
A0000943,C001608,P002,B0015,Current Account,2025-09-28,8645.89,Active,0.001,0
A0000944,C001600,P011,B0001,Credit Card,2026-07-07,-999.25,Active,0.205,5000
A0000945,C001082,P005,B0052,Savings,2026-04-30,35311.6,Active,0.055,0
A0000946,C001406,P005,B0033,Savings,2026-02-22,59089.3,Active,0.055,5200.0
A0000947,C000484,P004,B0003,Savings,2025-12-03,38315.31,Active,0.045,0
A0000948,C000011,P001,B0046,Current Account,2026-02-18,6318.85,Active,0.002,0
A0000949,C000079,P018,B0028,Current Account,2025-05-25,20597.95,Active,0.012,0
A0000950,C000741,P006,B0008,Savings,2023-07-14,235935.21,Active,0.062,0
A0000951,C000769,P003,B0054,Current Account,2026-05-11,86119.57,Active,0.001,0
A0000952,C001590,P012,B0019,Credit Card,2024-03-22,-1431.7,Active,0.185,5000
A0000953,C001033,P004,B0010,Savings,2026-05-31,37415.57,Active,0.045,0
A0000954,C000606,P008,B0025,Fixed Deposit,2023-11-25,314646.58,Active,0.085,0
A0000955,C001907,P001,B0051,Current Account,2023-09-07,18563.75,Active,0.002,0
A0000956,C001566,P006,B0053,Savings,2026-06-09,2631.58,Active,0.062,0
A0000957,C001883,P001,B0008,Current Account,2026-04-15,26110.18,Dormant,0.002,0
A0000958,C001989,P006,B0016,Savings,2026-01-10,492584.25,Closed,0.062,0
A0000959,C000216,P011,B0040,Credit Card,2026-06-04,-8589.53,Active,0.205,12200.0
A0000960,C000910,P006,B0029,Savings,2026-04-18,25604.0,Active,0.062,0
A0000961,C001969,P006,B0001,Savings,2025-05-01,114116.14,Active,0.062,0
A0000962,C000737,P001,B0025,Current Account,2026-03-08,38096.88,Active,0.002,0
A0000963,C001973,P004,B0005,Savings,2025-01-15,7542.75,Active,0.045,0
A0000964,C000748,P007,B0035,Notice Deposit,2024-02-29,23810.98,Active,0.075,0
A0000965,C001487,P020,B0012,Current Account,2024-10-05,41325.34,Active,0.002,0
A0000966,C001868,P009,B0023,Money Market,2026-01-02,323287.35,Closed,0.068,0
A0000967,C000198,P006,B0014,Savings,2025-07-16,9300.1,Active,0.062,0
A0000968,C001354,P006,B0012,Savings,2024-10-23,69697.1,Active,0.062,0
A0000969,C000432,P020,B0042,Current Account,2026-02-01,17162.36,Active,0.002,0
A0000970,C000042,P008,B0056,Fixed Deposit,2025-10-09,37502.81,Active,0.085,0
A0000971,C001673,P004,B0046,Savings,2025-02-09,4481.58,Active,0.045,1400.0
A0000972,C000904,P001,B0004,Current Account,2026-02-02,124979.06,Active,0.002,0
A0000973,C000126,P002,B0045,Current Account,2026-01-28,18102.81,Active,0.001,0
A0000974,C001593,P006,B0009,Savings,2025-09-24,15993.32,Closed,0.062,1400.0
A0000975,C000378,P018,B0012,Current Account,2026-04-21,2878.54,Active,0.012,0
A0000976,C001158,P004,B0047,Savings,2025-11-17,48744.54,Active,0.045,0
A0000977,C001672,P007,B0009,Notice Deposit,2026-05-27,21457.89,Active,0.075,0
A0000978,C000190,P020,B0010,Current Account,2026-07-18,55344.83,Active,0.002,0
A0000979,C000898,P004,B0036,Savings,2025-06-01,139808.22,Active,0.045,0
A0000980,C000623,P012,B0019,Credit Card,2023-12-25,-7038.39,Active,0.185,12200.0
A0000981,C001091,P005,B0055,Savings,2026-05-09,13411.29,Active,0.055,0
A0000982,C000028,P009,B0012,Money Market,2026-02-12,10031.16,Active,0.068,0
A0000983,C001618,P008,B0033,Fixed Deposit,2023-12-20,40449.23,Active,0.085,0
A0000984,C000839,P007,B0023,Notice Deposit,2024-05-14,86034.13,Active,0.075,0
A0000985,C000967,P002,B0059,Current Account,2025-01-22,118706.14,Dormant,0.001,0
A0000986,C001510,P001,B0034,Current Account,2026-05-29,25573.44,Active,0.002,0
A0000987,C000048,P002,B0046,Current Account,2026-07-14,15585.01,Active,0.001,0
A0000988,C000319,P003,B0054,Current Account,2024-02-19,320288.37,Active,0.001,0
A0000989,C000672,P007,B0046,Notice Deposit,2026-04-03,26629.21,Active,0.075,0
A0000990,C001043,P010,B0034,Credit Card,2025-04-10,-721.44,Active,0.215,12200.0
A0000991,C000924,P006,B0007,Savings,2026-01-17,183711.17,Closed,0.062,0
A0000992,C001636,P007,B0009,Notice Deposit,2025-03-25,91233.09,Active,0.075,0
A0000993,C001122,P004,B0028,Savings,2025-12-14,2047.04,Active,0.045,1400.0
A0000994,C001394,P012,B0058,Credit Card,2024-03-13,-4796.35,Active,0.185,12200.0
A0000995,C000460,P003,B0032,Current Account,2025-06-02,63066.48,Active,0.001,0
A0000996,C000154,P006,B0023,Savings,2025-05-09,98244.91,Active,0.062,18000.0
A0000997,C001156,P012,B0048,Credit Card,2025-11-11,-3085.89,Active,0.185,12200.0
A0000998,C001087,P020,B0002,Current Account,2023-08-19,14299.32,Active,0.002,0
A0000999,C000382,P020,B0024,Current Account,2026-02-05,136728.88,Active,0.002,0
A0001000,C001397,P008,B0017,Fixed Deposit,2024-09-21,9161.12,Active,0.085,0
A0001001,C001049,P006,B0037,Savings,2024-08-11,54643.21,Active,0.062,0
A0001002,C000734,P010,B0051,Credit Card,2025-11-23,-1919.6,Active,0.215,5000
A0001003,C001747,P007,B0038,Notice Deposit,2025-04-30,12966.07,Active,0.075,0
A0001004,C001449,P011,B0037,Credit Card,2024-05-18,-3385.05,Closed,0.205,12200.0
A0001005,C001254,P008,B0022,Fixed Deposit,2024-10-19,21458.76,Active,0.085,0
A0001006,C001860,P018,B0018,Current Account,2024-12-07,68800.9,Active,0.012,5200.0
A0001007,C000412,P005,B0041,Savings,2023-11-12,13232.62,Active,0.055,0
A0001008,C001805,P004,B0059,Savings,2026-04-28,28303.64,Active,0.045,0
A0001009,C001305,P005,B0016,Savings,2025-05-25,41588.27,Active,0.055,5200.0
A0001010,C000662,P004,B0044,Savings,2022-07-30,9473.39,Active,0.045,1400.0
A0001011,C000905,P005,B0012,Savings,2024-01-06,14615.46,Active,0.055,0
A0001012,C000789,P002,B0029,Current Account,2022-12-25,23038.95,Active,0.001,5200.0
A0001013,C000294,P005,B0055,Savings,2026-07-16,20705.21,Active,0.055,0
A0001014,C001727,P004,B0010,Savings,2022-10-25,125728.71,Active,0.045,0
A0001015,C000676,P009,B0004,Money Market,2026-03-26,14254.21,Active,0.068,0
A0001016,C001162,P018,B0002,Current Account,2025-06-10,11289.81,Active,0.012,1400.0
A0001017,C000171,P018,B0054,Current Account,2025-12-26,90534.43,Active,0.012,22500.0
A0001018,C000167,P003,B0018,Current Account,2026-03-21,348604.34,Active,0.001,63000.0
A0001019,C000508,P001,B0013,Current Account,2026-02-01,10214.08,Active,0.002,0
A0001020,C001018,P003,B0012,Current Account,2026-07-01,154072.63,Active,0.001,5200.0
A0001021,C000175,P002,B0040,Current Account,2026-07-28,29979.37,Active,0.001,0
A0001022,C000968,P020,B0053,Current Account,2026-03-02,4779.43,Active,0.002,1400.0
A0001023,C000035,P006,B0034,Savings,2024-05-01,28797.18,Active,0.062,0
A0001024,C000354,P008,B0028,Fixed Deposit,2026-04-05,19965.7,Active,0.085,0
A0001025,C001195,P012,B0053,Credit Card,2026-06-25,-6224.87,Active,0.185,12200.0
A0001026,C001782,P007,B0025,Notice Deposit,2025-06-13,11642.12,Dormant,0.075,0
A0001027,C000248,P011,B0038,Credit Card,2025-02-19,-4335.43,Active,0.205,12200.0
A0001028,C000103,P005,B0028,Savings,2024-08-15,57918.65,Active,0.055,0
A0001029,C000731,P005,B0024,Savings,2026-07-18,14915.51,Closed,0.055,0
A0001030,C000618,P005,B0054,Savings,2023-05-16,33802.43,Active,0.055,0
A0001031,C001473,P005,B0036,Savings,2026-04-03,12511.22,Active,0.055,0
A0001032,C001936,P009,B0027,Money Market,2024-11-23,65364.15,Active,0.068,0
A0001033,C000003,P006,B0024,Savings,2026-01-10,6304.9,Active,0.062,0
A0001034,C000767,P006,B0032,Savings,2026-01-23,67023.32,Active,0.062,0
A0001035,C000297,P010,B0044,Credit Card,2025-05-06,-1916.35,Active,0.215,5000
A0001036,C001511,P006,B0012,Savings,2024-02-06,48996.29,Active,0.062,5200.0
A0001037,C001690,P005,B0027,Savings,2025-12-09,99498.28,Active,0.055,5200.0
A0001038,C000995,P011,B0046,Credit Card,2026-05-13,-4311.28,Active,0.205,12200.0
A0001039,C001578,P001,B0006,Current Account,2025-12-24,127106.92,Active,0.002,18000.0
A0001040,C000307,P003,B0011,Current Account,2024-09-11,5135.8,Active,0.001,0
A0001041,C000959,P001,B0012,Current Account,2023-01-27,40426.71,Active,0.002,1400.0
A0001042,C001052,P005,B0034,Savings,2026-06-20,2096.61,Active,0.055,0
A0001043,C001260,P007,B0026,Notice Deposit,2026-05-28,22050.16,Active,0.075,0
A0001044,C001883,P018,B0008,Current Account,2025-07-24,19383.66,Active,0.012,0
A0001045,C000911,P007,B0006,Notice Deposit,2025-07-30,68910.97,Active,0.075,0
A0001046,C000109,P012,B0026,Credit Card,2023-02-02,-3805.15,Active,0.185,12200.0
A0001047,C000918,P006,B0053,Savings,2026-02-09,12511.98,Active,0.062,0
A0001048,C001189,P007,B0016,Notice Deposit,2025-08-15,7607.77,Active,0.075,0
A0001049,C000678,P010,B0034,Credit Card,2026-06-12,-2094.01,Active,0.215,5000
A0001050,C000181,P003,B0042,Current Account,2023-11-02,130073.29,Active,0.001,0
A0001051,C001479,P020,B0045,Current Account,2025-08-23,53987.19,Active,0.002,0
A0001052,C000885,P008,B0018,Fixed Deposit,2026-06-09,294527.04,Active,0.085,0
A0001053,C001641,P002,B0046,Current Account,2024-08-05,590043.46,Active,0.001,0
A0001054,C001446,P008,B0001,Fixed Deposit,2025-11-19,153928.62,Dormant,0.085,0
A0001055,C001429,P010,B0006,Credit Card,2025-11-26,-5229.88,Active,0.215,12200.0
A0001056,C001845,P004,B0047,Savings,2025-08-20,19268.78,Active,0.045,0
A0001057,C000268,P006,B0009,Savings,2025-09-18,6349.02,Active,0.062,0
A0001058,C001681,P006,B0040,Savings,2026-03-25,35309.45,Active,0.062,0
A0001059,C001499,P018,B0022,Current Account,2025-08-27,13661.47,Active,0.012,1400.0
A0001060,C000456,P018,B0016,Current Account,2025-11-23,28248.24,Active,0.012,5200.0
A0001061,C000106,P002,B0009,Current Account,2026-05-19,96610.93,Active,0.001,0
A0001062,C001030,P007,B0053,Notice Deposit,2026-06-01,10491.15,Active,0.075,0
A0001063,C001832,P020,B0008,Current Account,2025-03-23,27337.11,Active,0.002,0
A0001064,C000980,P002,B0043,Current Account,2026-05-17,229532.96,Active,0.001,0
A0001065,C000176,P019,B0025,Money Market,2024-04-22,13784.2,Active,0.078,0
A0001066,C001855,P018,B0044,Current Account,2025-02-08,1932.09,Dormant,0.012,1400.0
A0001067,C001187,P005,B0046,Savings,2025-04-15,11386.74,Dormant,0.055,0
A0001068,C000693,P020,B0022,Current Account,2023-07-21,1673.75,Active,0.002,1400.0
A0001069,C000139,P008,B0022,Fixed Deposit,2025-07-10,71155.32,Closed,0.085,0
A0001070,C000609,P008,B0051,Fixed Deposit,2022-06-30,92876.85,Active,0.085,0
A0001071,C000966,P002,B0057,Current Account,2026-05-30,23955.64,Active,0.001,1400.0
A0001072,C001596,P006,B0044,Savings,2026-07-25,65412.81,Active,0.062,0
A0001073,C000077,P001,B0028,Current Account,2026-03-06,17700.42,Active,0.002,0
A0001074,C001970,P020,B0009,Current Account,2025-02-01,41250.58,Active,0.002,0
A0001075,C000599,P009,B0049,Money Market,2026-01-20,93849.96,Active,0.068,0
A0001076,C000944,P008,B0045,Fixed Deposit,2026-05-30,436610.43,Dormant,0.085,0
A0001077,C000472,P007,B0019,Notice Deposit,2025-04-01,79003.6,Active,0.075,0
A0001078,C000603,P006,B0049,Savings,2025-11-26,1510.02,Active,0.062,0
A0001079,C001706,P004,B0050,Savings,2024-09-09,15585.07,Active,0.045,0
A0001080,C001595,P006,B0051,Savings,2025-02-27,3221.29,Active,0.062,0
A0001081,C001994,P006,B0047,Savings,2026-07-28,38310.64,Active,0.062,0
A0001082,C000869,P007,B0006,Notice Deposit,2026-07-22,16421.0,Active,0.075,0
A0001083,C000325,P006,B0021,Savings,2025-10-02,57913.47,Active,0.062,5200.0
A0001084,C000989,P018,B0011,Current Account,2024-03-28,64987.56,Active,0.012,0
A0001085,C000975,P019,B0060,Money Market,2023-06-27,17089.46,Active,0.078,0
A0001086,C001290,P019,B0020,Money Market,2024-05-13,8152.02,Active,0.078,0
A0001087,C000541,P019,B0056,Money Market,2025-11-01,82388.05,Active,0.078,0
A0001088,C001472,P002,B0027,Current Account,2024-09-16,9447.92,Active,0.001,0
A0001089,C000724,P002,B0046,Current Account,2026-04-19,9297.51,Active,0.001,0
A0001090,C000583,P005,B0032,Savings,2025-12-10,23631.78,Active,0.055,0
A0001091,C001655,P003,B0040,Current Account,2024-10-23,109117.28,Active,0.001,0
A0001092,C000275,P010,B0049,Credit Card,2025-05-26,-22923.0,Active,0.215,42000.0
A0001093,C000991,P002,B0019,Current Account,2026-02-28,8706.86,Active,0.001,0
A0001094,C001515,P003,B0033,Current Account,2025-01-09,68726.15,Active,0.001,0
A0001095,C001357,P001,B0051,Current Account,2026-07-29,17659.79,Active,0.002,0
A0001096,C000237,P020,B0044,Current Account,2023-05-20,99595.13,Active,0.002,5200.0
A0001097,C001030,P001,B0012,Current Account,2026-02-10,7817.18,Active,0.002,0
A0001098,C000715,P004,B0027,Savings,2026-01-31,15213.18,Active,0.045,5200.0
A0001099,C000167,P007,B0058,Notice Deposit,2025-03-22,879257.64,Active,0.075,0
A0001100,C000098,P019,B0025,Money Market,2026-07-13,15367.64,Closed,0.078,0
A0001101,C000399,P020,B0050,Current Account,2022-06-29,9341.02,Active,0.002,1400.0
A0001102,C000180,P006,B0019,Savings,2026-03-18,137137.91,Active,0.062,0
A0001103,C001873,P012,B0027,Credit Card,2026-06-11,-2187.41,Active,0.185,5000
A0001104,C000673,P008,B0040,Fixed Deposit,2025-03-12,18447.43,Active,0.085,0
A0001105,C001838,P002,B0010,Current Account,2025-09-03,10089.17,Active,0.001,0
A0001106,C000596,P009,B0021,Money Market,2024-08-16,13535.98,Active,0.068,0
A0001107,C000413,P001,B0046,Current Account,2025-07-12,11124.8,Active,0.002,1400.0
A0001108,C001618,P009,B0054,Money Market,2026-05-30,85679.09,Active,0.068,0
A0001109,C000007,P001,B0008,Current Account,2025-03-06,22762.22,Active,0.002,0
A0001110,C000405,P006,B0035,Savings,2025-04-18,10992.53,Active,0.062,1400.0
A0001111,C001556,P012,B0019,Credit Card,2023-09-07,-6108.88,Active,0.185,12200.0
A0001112,C000503,P004,B0032,Savings,2026-07-28,4768.51,Active,0.045,1400.0
A0001113,C000856,P008,B0046,Fixed Deposit,2026-06-23,7620.93,Active,0.085,0
A0001114,C001033,P020,B0059,Current Account,2026-07-23,149695.92,Active,0.002,0
A0001115,C000440,P006,B0021,Savings,2025-01-06,205738.7,Active,0.062,0
A0001116,C000513,P005,B0025,Savings,2024-09-01,4366.84,Active,0.055,1400.0
A0001117,C000681,P012,B0015,Credit Card,2026-02-12,-1832.51,Active,0.185,5000
A0001118,C000705,P010,B0019,Credit Card,2025-07-18,-6465.83,Active,0.215,12200.0
A0001119,C000770,P011,B0025,Credit Card,2026-07-08,-2508.65,Active,0.205,12200.0
A0001120,C001285,P001,B0005,Current Account,2026-07-04,2970.08,Dormant,0.002,0
A0001121,C001489,P003,B0008,Current Account,2024-03-12,5219.51,Dormant,0.001,0
A0001122,C000179,P006,B0053,Savings,2026-04-19,9737.86,Active,0.062,0
A0001123,C000276,P002,B0023,Current Account,2026-06-18,5091.08,Active,0.001,0
A0001124,C001924,P007,B0005,Notice Deposit,2026-06-20,9632.24,Active,0.075,0
A0001125,C001503,P009,B0060,Money Market,2025-10-28,25503.32,Active,0.068,0
A0001126,C001734,P004,B0008,Savings,2025-06-13,17715.26,Active,0.045,0
A0001127,C000218,P012,B0038,Credit Card,2023-02-26,-2017.1,Active,0.185,5000
A0001128,C000158,P005,B0022,Savings,2025-02-03,290602.8,Dormant,0.055,0
A0001129,C000458,P007,B0001,Notice Deposit,2025-11-06,87515.06,Active,0.075,0
A0001130,C001056,P011,B0050,Credit Card,2024-11-17,-894.83,Active,0.205,5000
A0001131,C000405,P004,B0032,Savings,2026-05-13,22799.28,Active,0.045,0
A0001132,C001233,P020,B0040,Current Account,2025-06-11,74564.08,Active,0.002,0
A0001133,C000570,P008,B0044,Fixed Deposit,2023-12-29,18822.59,Dormant,0.085,0
A0001134,C001603,P002,B0059,Current Account,2026-07-01,8141.73,Active,0.001,0
A0001135,C001069,P003,B0042,Current Account,2026-07-22,56789.51,Dormant,0.001,0
A0001136,C001342,P005,B0049,Savings,2022-03-28,10295.07,Active,0.055,0
A0001137,C001899,P010,B0013,Credit Card,2025-01-15,-1476.91,Active,0.215,5000
A0001138,C000538,P018,B0026,Current Account,2023-09-07,6086.29,Active,0.012,1400.0
A0001139,C000172,P007,B0040,Notice Deposit,2024-11-04,8717.04,Active,0.075,0
A0001140,C001192,P001,B0006,Current Account,2025-03-26,12875.46,Active,0.002,0
A0001141,C001885,P011,B0048,Credit Card,2024-11-20,-2149.58,Active,0.205,5000
A0001142,C000792,P007,B0033,Notice Deposit,2026-06-26,15518.42,Active,0.075,0
A0001143,C000565,P008,B0007,Fixed Deposit,2024-04-04,8051.45,Active,0.085,0
A0001144,C001889,P018,B0020,Current Account,2025-07-22,7779.14,Active,0.012,0
A0001145,C000442,P002,B0022,Current Account,2026-05-27,6762.7,Active,0.001,0
A0001146,C000241,P012,B0043,Credit Card,2024-02-15,-12239.77,Active,0.185,42000.0
A0001147,C000029,P006,B0012,Savings,2025-03-17,12100.0,Active,0.062,0
A0001148,C001354,P020,B0049,Current Account,2025-11-05,23585.8,Active,0.002,0
A0001149,C000937,P005,B0060,Savings,2026-05-04,1011120.04,Active,0.055,0
A0001150,C000850,P008,B0017,Fixed Deposit,2026-05-13,18619.91,Active,0.085,0
A0001151,C000305,P006,B0049,Savings,2026-07-16,19833.67,Active,0.062,0
A0001152,C000779,P006,B0030,Savings,2026-06-15,70896.15,Active,0.062,5200.0
A0001153,C000143,P005,B0035,Savings,2025-12-14,3517.7,Active,0.055,0
A0001154,C000887,P006,B0051,Savings,2026-06-22,46284.44,Active,0.062,0
A0001155,C001638,P004,B0036,Savings,2024-10-20,58544.1,Active,0.045,0
A0001156,C000958,P020,B0016,Current Account,2026-07-18,21707.63,Active,0.002,0
A0001157,C001665,P001,B0007,Current Account,2026-05-18,8622.52,Active,0.002,0
A0001158,C001118,P004,B0051,Savings,2026-07-12,161807.12,Active,0.045,0
A0001159,C001311,P002,B0032,Current Account,2026-07-20,73121.21,Active,0.001,0
A0001160,C000302,P011,B0025,Credit Card,2026-06-05,-2035.84,Active,0.205,5000
A0001161,C001897,P020,B0032,Current Account,2025-05-01,13603.53,Dormant,0.002,1400.0
A0001162,C001124,P005,B0056,Savings,2025-01-06,3414.13,Dormant,0.055,0
A0001163,C001113,P019,B0014,Money Market,2026-07-31,16918.42,Active,0.078,0
A0001164,C000048,P001,B0040,Current Account,2026-06-17,13772.84,Active,0.002,0
A0001165,C000199,P019,B0048,Money Market,2025-02-20,68020.08,Active,0.078,0
A0001166,C000896,P006,B0037,Savings,2025-07-31,94184.85,Active,0.062,0
A0001167,C000113,P006,B0047,Savings,2025-12-04,36447.98,Active,0.062,0
A0001168,C000717,P002,B0053,Current Account,2026-03-13,16461.63,Active,0.001,0
A0001169,C000215,P006,B0001,Savings,2023-07-02,12501.44,Active,0.062,0
A0001170,C001099,P004,B0053,Savings,2025-02-14,17768.06,Active,0.045,1400.0
A0001171,C000759,P005,B0028,Savings,2026-04-05,24873.45,Active,0.055,5200.0
A0001172,C001157,P001,B0005,Current Account,2023-01-27,4740.97,Active,0.002,0
A0001173,C001054,P004,B0059,Savings,2024-01-30,3022.09,Active,0.045,0
A0001174,C000542,P003,B0049,Current Account,2024-09-08,7472.71,Active,0.001,5200.0
A0001175,C000753,P001,B0032,Current Account,2025-04-01,40013.28,Active,0.002,0
A0001176,C001493,P003,B0027,Current Account,2024-12-26,27941.45,Active,0.001,0
A0001177,C001469,P009,B0005,Money Market,2026-07-08,47140.57,Active,0.068,0
A0001178,C001178,P002,B0022,Current Account,2026-06-19,48247.13,Active,0.001,0
A0001179,C000295,P005,B0002,Savings,2025-02-08,73133.52,Dormant,0.055,0
A0001180,C000880,P003,B0022,Current Account,2026-06-14,54623.0,Active,0.001,5200.0
A0001181,C000209,P003,B0053,Current Account,2024-01-06,1598.11,Active,0.001,1400.0
A0001182,C001038,P005,B0017,Savings,2023-02-17,10628.45,Active,0.055,0
A0001183,C000038,P018,B0022,Current Account,2024-12-04,80262.34,Active,0.012,0
A0001184,C000664,P005,B0012,Savings,2022-12-15,1634669.46,Active,0.055,0
A0001185,C001905,P004,B0050,Savings,2025-10-03,3580.46,Active,0.045,0
A0001186,C000576,P008,B0043,Fixed Deposit,2025-07-27,49879.09,Active,0.085,0
A0001187,C001001,P007,B0037,Notice Deposit,2022-12-11,19514.94,Active,0.075,0
A0001188,C000335,P020,B0054,Current Account,2024-12-03,4503.82,Active,0.002,0
A0001189,C001197,P003,B0008,Current Account,2026-06-22,20100.69,Active,0.001,0
A0001190,C000347,P006,B0040,Savings,2026-07-10,18049.58,Active,0.062,0
A0001191,C001023,P006,B0005,Savings,2025-04-20,13908.74,Active,0.062,1400.0
A0001192,C001599,P020,B0004,Current Account,2023-12-22,18406.5,Active,0.002,1400.0
A0001193,C000004,P020,B0033,Current Account,2025-11-22,26638.69,Active,0.002,5200.0
A0001194,C001458,P006,B0048,Savings,2026-06-27,135974.99,Active,0.062,18000.0
A0001195,C001298,P008,B0038,Fixed Deposit,2023-12-24,22539.64,Active,0.085,0
A0001196,C000712,P002,B0051,Current Account,2023-02-23,44264.15,Active,0.001,0
A0001197,C000090,P006,B0048,Savings,2023-12-11,20784.79,Active,0.062,5200.0
A0001198,C001824,P003,B0033,Current Account,2026-02-04,27628.13,Active,0.001,0
A0001199,C000405,P004,B0005,Savings,2025-11-26,1691.82,Dormant,0.045,1400.0
A0001200,C000799,P011,B0004,Credit Card,2024-02-21,-5914.22,Active,0.205,12200.0
A0001201,C000200,P006,B0020,Savings,2026-06-05,4981.82,Active,0.062,1400.0
A0001202,C001217,P003,B0056,Current Account,2026-06-02,56891.41,Active,0.001,0
A0001203,C000349,P001,B0023,Current Account,2024-09-10,91205.55,Active,0.002,5200.0
A0001204,C000386,P004,B0022,Savings,2026-03-31,24130.98,Active,0.045,5200.0
A0001205,C001523,P005,B0032,Savings,2023-05-27,4961.6,Active,0.055,0
A0001206,C000722,P006,B0046,Savings,2026-06-02,10306.54,Active,0.062,0
A0001207,C000424,P004,B0017,Savings,2026-03-18,4885.08,Active,0.045,0
A0001208,C001099,P012,B0053,Credit Card,2025-04-24,-1782.95,Active,0.185,5000
A0001209,C001611,P005,B0035,Savings,2024-03-25,25576.68,Active,0.055,0
A0001210,C000691,P002,B0022,Current Account,2026-04-22,54230.1,Active,0.001,5200.0
A0001211,C000140,P020,B0056,Current Account,2025-11-20,58630.95,Active,0.002,0
A0001212,C000912,P020,B0041,Current Account,2025-07-08,99080.73,Active,0.002,0
A0001213,C000018,P006,B0042,Savings,2025-12-24,34504.7,Active,0.062,0
A0001214,C000432,P002,B0042,Current Account,2024-10-15,5957.69,Active,0.001,1400.0
A0001215,C001541,P002,B0024,Current Account,2025-11-16,7266.02,Dormant,0.001,0
A0001216,C001252,P001,B0008,Current Account,2026-06-22,44476.32,Active,0.002,0
A0001217,C001538,P002,B0017,Current Account,2026-07-26,52274.14,Active,0.001,5200.0
A0001218,C001355,P006,B0011,Savings,2026-01-05,4778.86,Active,0.062,0
A0001219,C000867,P019,B0030,Money Market,2026-04-25,678174.74,Dormant,0.078,0
A0001220,C000891,P010,B0040,Credit Card,2024-05-04,-1155.2,Active,0.215,5000
A0001221,C001513,P002,B0047,Current Account,2023-06-15,66618.83,Active,0.001,0
A0001222,C001274,P011,B0056,Credit Card,2026-07-31,-627.94,Active,0.205,12200.0
A0001223,C001138,P006,B0046,Savings,2026-07-19,37911.79,Active,0.062,0
A0001224,C000506,P005,B0025,Savings,2023-09-26,16670.57,Active,0.055,0
A0001225,C000429,P007,B0050,Notice Deposit,2026-03-19,18862.22,Active,0.075,0
A0001226,C001202,P008,B0047,Fixed Deposit,2026-02-11,12886.05,Active,0.085,0
A0001227,C000919,P006,B0019,Savings,2025-10-30,5738.65,Active,0.062,0
A0001228,C000292,P006,B0014,Savings,2025-09-06,74439.49,Active,0.062,0
A0001229,C000854,P006,B0059,Savings,2025-10-23,9431.5,Active,0.062,0
A0001230,C000069,P003,B0037,Current Account,2026-06-30,68151.85,Active,0.001,0
A0001231,C001035,P008,B0060,Fixed Deposit,2025-04-29,22839.71,Dormant,0.085,0
A0001232,C000716,P002,B0016,Current Account,2023-08-29,33821.65,Active,0.001,0
A0001233,C000437,P018,B0042,Current Account,2026-05-18,378066.51,Active,0.012,0
A0001234,C000203,P004,B0029,Savings,2026-04-09,7750.69,Dormant,0.045,5200.0
A0001235,C001653,P005,B0029,Savings,2026-07-08,11983.62,Active,0.055,0
A0001236,C001322,P006,B0031,Savings,2026-04-15,5507.32,Active,0.062,0
A0001237,C001605,P011,B0052,Credit Card,2025-01-31,-4593.97,Active,0.205,42000.0
A0001238,C001604,P009,B0047,Money Market,2025-05-02,11340.17,Active,0.068,0
A0001239,C000704,P001,B0020,Current Account,2024-07-12,3694.29,Active,0.002,1400.0
A0001240,C001344,P020,B0059,Current Account,2026-03-24,9182.05,Active,0.002,5200.0
A0001241,C001415,P012,B0053,Credit Card,2025-05-06,-1363.8,Dormant,0.185,5000
A0001242,C000376,P020,B0053,Current Account,2026-01-22,5184.59,Active,0.002,0
A0001243,C001019,P018,B0038,Current Account,2023-09-08,2215.38,Closed,0.012,0
A0001244,C001968,P001,B0008,Current Account,2026-05-23,22307.36,Dormant,0.002,0
A0001245,C000137,P001,B0013,Current Account,2026-06-06,5294.22,Active,0.002,1400.0
A0001246,C001125,P012,B0048,Credit Card,2025-08-07,-21541.08,Active,0.185,42000.0
A0001247,C001916,P003,B0058,Current Account,2026-07-30,33414.65,Active,0.001,5200.0
A0001248,C001639,P004,B0004,Savings,2025-04-03,3730.82,Active,0.045,0
A0001249,C001237,P018,B0010,Current Account,2026-04-30,8526.03,Active,0.012,0
A0001250,C001512,P007,B0011,Notice Deposit,2026-03-11,50737.54,Dormant,0.075,0
A0001251,C000591,P005,B0029,Savings,2024-11-14,15168.37,Active,0.055,1400.0
A0001252,C000781,P012,B0011,Credit Card,2025-01-12,-4149.55,Active,0.185,12200.0
A0001253,C000579,P018,B0028,Current Account,2026-02-23,56935.67,Active,0.012,0
A0001254,C001715,P003,B0021,Current Account,2026-03-12,370844.64,Active,0.001,0
A0001255,C000788,P018,B0049,Current Account,2023-10-13,565050.42,Active,0.012,0
A0001256,C000827,P012,B0029,Credit Card,2024-12-17,-6478.38,Active,0.185,12200.0
A0001257,C001826,P007,B0057,Notice Deposit,2024-04-21,12757.54,Active,0.075,0
A0001258,C001823,P007,B0052,Notice Deposit,2026-05-18,20267.93,Active,0.075,0
A0001259,C001990,P003,B0049,Current Account,2023-06-04,73962.48,Active,0.001,0
A0001260,C000782,P001,B0037,Current Account,2025-02-01,12009.79,Active,0.002,0
A0001261,C000921,P010,B0020,Credit Card,2025-10-19,-7283.43,Active,0.215,12200.0
A0001262,C000047,P006,B0049,Savings,2025-09-15,15160.1,Closed,0.062,0
A0001263,C001519,P018,B0023,Current Account,2022-09-15,1359325.48,Active,0.012,0
A0001264,C000191,P005,B0020,Savings,2026-01-09,23505.69,Active,0.055,0
A0001265,C000641,P012,B0038,Credit Card,2026-04-09,-1138.88,Active,0.185,12200.0
A0001266,C000790,P005,B0056,Savings,2025-03-08,14936.34,Active,0.055,1400.0
A0001267,C000211,P019,B0049,Money Market,2026-05-30,20863.23,Active,0.078,0
A0001268,C000744,P018,B0021,Current Account,2024-09-06,119840.25,Active,0.012,0
A0001269,C000527,P004,B0038,Savings,2023-08-31,6187.78,Active,0.045,0
A0001270,C000934,P018,B0021,Current Account,2025-01-07,123371.7,Active,0.012,0
A0001271,C000471,P019,B0038,Money Market,2024-01-09,17868.25,Active,0.078,0
A0001272,C001296,P020,B0043,Current Account,2026-02-21,33641.43,Active,0.002,0
A0001273,C000095,P001,B0019,Current Account,2026-04-01,348828.59,Active,0.002,18000.0
A0001274,C001628,P006,B0020,Savings,2026-07-03,295865.37,Active,0.062,0
A0001275,C001913,P002,B0011,Current Account,2026-05-28,376920.71,Active,0.001,0
A0001276,C001293,P020,B0047,Current Account,2025-05-11,52011.26,Dormant,0.002,0
A0001277,C000654,P005,B0039,Savings,2025-04-13,8312.21,Active,0.055,0
A0001278,C001818,P011,B0042,Credit Card,2026-01-09,-7993.86,Active,0.205,12200.0
A0001279,C001440,P003,B0023,Current Account,2026-02-22,13317.01,Active,0.001,0
A0001280,C000924,P010,B0021,Credit Card,2026-01-01,-6098.96,Active,0.215,42000.0
A0001281,C001270,P006,B0043,Savings,2025-12-12,2902.44,Active,0.062,0
A0001282,C000949,P018,B0047,Current Account,2026-05-28,147508.18,Active,0.012,0
A0001283,C001348,P002,B0049,Current Account,2026-05-12,211215.15,Active,0.001,18000.0
A0001284,C001687,P004,B0007,Savings,2026-06-26,4241.98,Active,0.045,0
A0001285,C001401,P002,B0030,Current Account,2025-11-17,35841.51,Active,0.001,0
A0001286,C000598,P020,B0051,Current Account,2024-04-12,26294.4,Active,0.002,0
A0001287,C001999,P006,B0002,Savings,2026-07-03,32738.76,Active,0.062,0
A0001288,C000911,P001,B0027,Current Account,2025-11-12,36150.0,Active,0.002,0
A0001289,C001032,P006,B0007,Savings,2026-03-07,15204.1,Active,0.062,0
A0001290,C000191,P004,B0013,Savings,2025-06-09,61852.49,Active,0.045,0
A0001291,C001692,P004,B0049,Savings,2026-01-20,29594.37,Active,0.045,0
A0001292,C001713,P018,B0031,Current Account,2025-06-09,4756.3,Active,0.012,1400.0
A0001293,C000026,P019,B0041,Money Market,2026-05-24,9656.68,Active,0.078,0
A0001294,C001405,P011,B0009,Credit Card,2026-06-16,-1529.81,Active,0.205,5000
A0001295,C001945,P008,B0025,Fixed Deposit,2026-06-29,178249.13,Active,0.085,0
A0001296,C000180,P004,B0017,Savings,2026-07-30,11386.16,Dormant,0.045,5200.0
A0001297,C001399,P020,B0036,Current Account,2024-03-15,145724.26,Active,0.002,0
A0001298,C001580,P018,B0052,Current Account,2026-06-04,22300.28,Active,0.012,0
A0001299,C000318,P006,B0019,Savings,2026-04-13,36243.32,Dormant,0.062,1400.0
A0001300,C000555,P002,B0012,Current Account,2023-09-28,10309.11,Active,0.001,0
A0001301,C001526,P006,B0006,Savings,2025-11-21,12448.91,Active,0.062,0
A0001302,C001120,P002,B0055,Current Account,2025-10-03,49541.76,Active,0.001,0
A0001303,C001407,P011,B0032,Credit Card,2024-05-05,-55398.11,Active,0.205,147000.0
A0001304,C001430,P012,B0024,Credit Card,2022-04-18,-1783.69,Active,0.185,5000
A0001305,C000554,P003,B0020,Current Account,2025-08-19,15136.39,Active,0.001,0
A0001306,C001346,P018,B0053,Current Account,2026-05-16,171500.36,Active,0.012,0
A0001307,C001020,P003,B0050,Current Account,2025-01-29,25188.69,Active,0.001,0
A0001308,C000366,P004,B0054,Savings,2025-10-15,19803.39,Active,0.045,0
A0001309,C000531,P001,B0014,Current Account,2025-04-06,59617.75,Active,0.002,0
A0001310,C001441,P005,B0018,Savings,2025-03-21,84804.22,Closed,0.055,0
A0001311,C001813,P020,B0008,Current Account,2026-07-24,49109.72,Closed,0.002,0
A0001312,C000848,P012,B0027,Credit Card,2025-07-10,-2054.79,Active,0.185,12200.0
A0001313,C000284,P005,B0045,Savings,2023-07-12,80238.68,Active,0.055,18000.0
A0001314,C000373,P005,B0041,Savings,2025-03-22,11884.01,Active,0.055,0
A0001315,C001403,P020,B0055,Current Account,2025-05-17,12261.94,Closed,0.002,0
A0001316,C000394,P003,B0022,Current Account,2024-01-24,3786.32,Closed,0.001,0
A0001317,C001926,P004,B0031,Savings,2025-11-25,29012.03,Active,0.045,0
A0001318,C001914,P018,B0025,Current Account,2024-08-14,30429.51,Active,0.012,1400.0
A0001319,C001102,P008,B0033,Fixed Deposit,2024-10-12,7555.92,Active,0.085,0
A0001320,C000285,P008,B0052,Fixed Deposit,2025-01-09,68873.93,Active,0.085,0
A0001321,C001094,P019,B0003,Money Market,2025-12-13,6473.79,Closed,0.078,0
A0001322,C000885,P011,B0052,Credit Card,2025-05-17,-2717.7,Active,0.205,42000.0
A0001323,C000959,P006,B0044,Savings,2023-07-09,8068.38,Active,0.062,0
A0001324,C000232,P018,B0041,Current Account,2026-01-06,35696.64,Active,0.012,0
A0001325,C001674,P005,B0020,Savings,2025-08-04,74019.67,Active,0.055,0
A0001326,C000674,P002,B0042,Current Account,2023-03-11,7746.47,Active,0.001,0
A0001327,C000039,P005,B0026,Savings,2025-03-17,84854.1,Active,0.055,5200.0
A0001328,C001048,P008,B0011,Fixed Deposit,2023-12-12,16691.37,Active,0.085,0
A0001329,C000519,P012,B0017,Credit Card,2026-06-20,-12278.37,Active,0.185,42000.0
A0001330,C001147,P004,B0005,Savings,2026-06-13,60087.76,Active,0.045,0
A0001331,C000708,P006,B0002,Savings,2025-06-04,8426.44,Active,0.062,0
A0001332,C001452,P006,B0010,Savings,2025-02-19,31262.05,Active,0.062,0
A0001333,C000982,P019,B0020,Money Market,2025-11-29,20845.55,Active,0.078,0
A0001334,C000483,P020,B0002,Current Account,2025-11-26,121817.76,Active,0.002,0
A0001335,C000659,P007,B0021,Notice Deposit,2025-01-30,13651.37,Active,0.075,0
A0001336,C000038,P002,B0022,Current Account,2026-06-17,84424.92,Active,0.001,0
A0001337,C001586,P006,B0014,Savings,2025-05-24,62956.42,Active,0.062,0
A0001338,C000540,P011,B0025,Credit Card,2024-10-22,-5795.37,Active,0.205,12200.0
A0001339,C000211,P001,B0049,Current Account,2026-04-09,15938.4,Active,0.002,1400.0
A0001340,C000522,P005,B0053,Savings,2025-12-11,4937.13,Active,0.055,1400.0
A0001341,C001351,P006,B0022,Savings,2026-07-02,28241.2,Active,0.062,0
A0001342,C000897,P020,B0049,Current Account,2026-05-11,20066.42,Active,0.002,5200.0
A0001343,C000767,P018,B0001,Current Account,2024-07-30,247558.97,Active,0.012,18000.0
A0001344,C000626,P012,B0060,Credit Card,2024-01-10,-526.21,Active,0.185,5000
A0001345,C000615,P008,B0005,Fixed Deposit,2026-03-06,61925.62,Active,0.085,0
A0001346,C000480,P020,B0034,Current Account,2024-06-21,12044.67,Active,0.002,1400.0
A0001347,C001665,P006,B0034,Savings,2026-04-26,5045.8,Active,0.062,0
A0001348,C001387,P002,B0024,Current Account,2026-03-19,2448.01,Active,0.001,0
A0001349,C001855,P020,B0044,Current Account,2025-11-09,9037.72,Dormant,0.002,1400.0
A0001350,C001358,P005,B0057,Savings,2024-08-14,4766.6,Active,0.055,0
A0001351,C001372,P008,B0025,Fixed Deposit,2026-05-22,20426.4,Active,0.085,0
A0001352,C001622,P004,B0002,Savings,2026-01-30,16119.66,Active,0.045,0
A0001353,C001752,P020,B0052,Current Account,2026-01-11,254053.57,Active,0.002,63000.0
A0001354,C000526,P020,B0008,Current Account,2026-06-22,36318.24,Dormant,0.002,5200.0
A0001355,C000095,P006,B0019,Savings,2026-02-07,176397.59,Active,0.062,18000.0
A0001356,C001233,P002,B0040,Current Account,2024-12-21,13346.87,Active,0.001,5200.0
A0001357,C001371,P010,B0017,Credit Card,2026-07-16,-6325.78,Active,0.215,12200.0
A0001358,C001743,P002,B0021,Current Account,2023-02-01,9821.18,Active,0.001,0
A0001359,C001442,P002,B0009,Current Account,2025-01-20,9869.57,Active,0.001,0
A0001360,C001769,P006,B0008,Savings,2023-12-02,44485.14,Active,0.062,0
A0001361,C000611,P001,B0051,Current Account,2026-04-30,5297.27,Active,0.002,0
A0001362,C000639,P004,B0060,Savings,2026-04-02,42298.41,Active,0.045,0
A0001363,C000568,P006,B0021,Savings,2025-06-07,84574.71,Active,0.062,0
A0001364,C001389,P020,B0059,Current Account,2026-05-31,14363.99,Active,0.002,0
A0001365,C000026,P020,B0005,Current Account,2026-06-16,15834.68,Active,0.002,1400.0
A0001366,C000581,P010,B0055,Credit Card,2026-04-15,-8515.72,Dormant,0.215,12200.0
A0001367,C001240,P008,B0057,Fixed Deposit,2025-11-14,21763.14,Active,0.085,0
A0001368,C000321,P018,B0011,Current Account,2025-08-31,118725.49,Closed,0.012,0
A0001369,C001777,P011,B0048,Credit Card,2026-06-11,-536.28,Active,0.205,5000
A0001370,C000169,P005,B0057,Savings,2025-03-07,2760.78,Active,0.055,1400.0
A0001371,C000201,P003,B0047,Current Account,2025-08-13,32008.12,Active,0.001,0
A0001372,C000136,P006,B0020,Savings,2024-05-21,198324.08,Closed,0.062,18000.0
A0001373,C000655,P012,B0053,Credit Card,2025-01-07,-6151.99,Active,0.185,12200.0
A0001374,C001333,P005,B0041,Savings,2025-12-22,37786.27,Active,0.055,5200.0
A0001375,C000041,P002,B0057,Current Account,2024-08-13,18014.41,Active,0.001,0
A0001376,C000964,P003,B0008,Current Account,2026-06-03,34420.3,Closed,0.001,0
A0001377,C000860,P011,B0057,Credit Card,2025-08-05,-1456.4,Active,0.205,12200.0
A0001378,C001567,P018,B0058,Current Account,2026-04-14,6634.8,Active,0.012,0
A0001379,C000770,P019,B0008,Money Market,2026-05-21,30736.26,Active,0.078,0
A0001380,C001034,P005,B0050,Savings,2026-06-27,148365.74,Active,0.055,0
A0001381,C001790,P009,B0009,Money Market,2025-02-17,70732.45,Active,0.068,0
A0001382,C000968,P008,B0049,Fixed Deposit,2026-06-28,22525.19,Active,0.085,0
A0001383,C001020,P004,B0045,Savings,2026-02-16,10757.66,Active,0.045,1400.0
A0001384,C000082,P005,B0020,Savings,2026-07-12,19888.51,Active,0.055,0
A0001385,C001787,P010,B0042,Credit Card,2026-07-09,-14114.08,Active,0.215,42000.0
A0001386,C000481,P001,B0005,Current Account,2024-03-02,22152.73,Active,0.002,0
A0001387,C000368,P001,B0060,Current Account,2025-09-06,1997.57,Active,0.002,0
A0001388,C000031,P004,B0030,Savings,2024-09-07,68583.05,Dormant,0.045,5200.0
A0001389,C001173,P006,B0021,Savings,2025-09-04,37441.41,Active,0.062,0
A0001390,C000668,P008,B0046,Fixed Deposit,2026-07-07,8036.29,Closed,0.085,0
A0001391,C000656,P007,B0021,Notice Deposit,2026-07-04,27399.09,Active,0.075,0
A0001392,C000632,P004,B0026,Savings,2025-07-09,4757.46,Active,0.045,0
A0001393,C000263,P003,B0002,Current Account,2024-05-11,10235.13,Active,0.001,0
A0001394,C001594,P004,B0022,Savings,2025-12-29,18718.43,Active,0.045,1400.0
A0001395,C001807,P009,B0055,Money Market,2026-07-19,322006.5,Active,0.068,0
A0001396,C001788,P002,B0025,Current Account,2026-01-30,22989.01,Active,0.001,0
A0001397,C000564,P003,B0051,Current Account,2023-08-25,1514902.67,Active,0.001,0
A0001398,C001645,P001,B0025,Current Account,2023-08-11,11493.88,Dormant,0.002,0
A0001399,C001659,P020,B0012,Current Account,2026-06-17,135130.27,Active,0.002,18000.0
A0001400,C001573,P018,B0034,Current Account,2026-05-24,3431.6,Active,0.012,0
A0001401,C001538,P004,B0044,Savings,2026-04-26,80172.21,Active,0.045,0
A0001402,C000883,P001,B0024,Current Account,2025-07-23,36297.56,Active,0.002,0
A0001403,C001807,P003,B0043,Current Account,2026-07-28,53274.15,Active,0.001,0
A0001404,C000320,P018,B0017,Current Account,2025-09-30,14987.82,Active,0.012,0
A0001405,C000226,P006,B0025,Savings,2026-04-26,56026.88,Active,0.062,0
A0001406,C001754,P008,B0038,Fixed Deposit,2026-04-18,23054.1,Active,0.085,0
A0001407,C000238,P005,B0034,Savings,2025-10-04,745174.28,Dormant,0.055,0
A0001408,C001881,P009,B0013,Money Market,2026-05-17,10452.19,Active,0.068,0
A0001409,C000500,P020,B0019,Current Account,2025-11-19,5018.78,Active,0.002,0
A0001410,C001712,P020,B0049,Current Account,2024-08-04,46264.86,Active,0.002,1400.0
A0001411,C000751,P003,B0056,Current Account,2025-03-13,4177.85,Closed,0.001,0
A0001412,C001589,P004,B0048,Savings,2023-12-26,4482.09,Active,0.045,0
A0001413,C001569,P004,B0003,Savings,2025-04-09,43124.07,Active,0.045,0
A0001414,C000953,P004,B0005,Savings,2026-02-20,17620.74,Active,0.045,0
A0001415,C001548,P002,B0014,Current Account,2022-11-04,11797.72,Active,0.001,0
A0001416,C001796,P005,B0012,Savings,2025-10-12,14031.0,Active,0.055,0
A0001417,C000166,P008,B0046,Fixed Deposit,2026-03-07,12775.52,Active,0.085,0
A0001418,C000657,P002,B0053,Current Account,2024-09-05,4878.51,Active,0.001,0
A0001419,C000223,P003,B0027,Current Account,2025-04-24,7272.49,Active,0.001,0
A0001420,C001052,P018,B0060,Current Account,2026-05-01,13800.47,Active,0.012,0
A0001421,C000545,P009,B0023,Money Market,2024-03-03,22174.31,Active,0.068,0
A0001422,C000381,P006,B0009,Savings,2024-08-31,82713.41,Active,0.062,0
A0001423,C001153,P011,B0021,Credit Card,2025-09-05,-2018.65,Active,0.205,12200.0
A0001424,C000645,P004,B0023,Savings,2025-07-11,17640.13,Active,0.045,0
A0001425,C000307,P004,B0038,Savings,2026-01-31,2696.64,Active,0.045,0
A0001426,C000849,P002,B0034,Current Account,2026-05-27,36757.69,Active,0.001,0
A0001427,C001691,P020,B0050,Current Account,2026-02-06,2927.62,Active,0.002,0
A0001428,C001980,P009,B0054,Money Market,2026-03-18,34536.19,Active,0.068,0
A0001429,C001092,P003,B0008,Current Account,2025-06-02,3934.03,Active,0.001,0
A0001430,C000345,P003,B0035,Current Account,2022-04-22,16219.82,Active,0.001,0
A0001431,C000125,P020,B0023,Current Account,2025-04-28,37774.47,Active,0.002,0
A0001432,C001610,P020,B0009,Current Account,2025-12-04,615144.53,Active,0.002,0
A0001433,C000408,P006,B0048,Savings,2026-01-23,1234.94,Active,0.062,0
A0001434,C001114,P020,B0051,Current Account,2025-12-11,357942.21,Active,0.002,0
A0001435,C001719,P019,B0006,Money Market,2025-03-20,23980.0,Active,0.078,0
A0001436,C001973,P006,B0027,Savings,2025-03-22,11939.76,Active,0.062,0
A0001437,C001062,P003,B0010,Current Account,2026-03-10,11790.99,Active,0.001,0
A0001438,C000418,P008,B0028,Fixed Deposit,2025-12-31,151639.59,Active,0.085,0
A0001439,C000381,P002,B0013,Current Account,2024-01-27,58232.37,Active,0.001,0
A0001440,C000500,P019,B0049,Money Market,2025-03-30,10430.03,Active,0.078,0
A0001441,C001216,P008,B0054,Fixed Deposit,2025-10-21,34450.59,Active,0.085,0
A0001442,C001968,P008,B0047,Fixed Deposit,2026-05-05,44000.52,Active,0.085,0
A0001443,C000923,P012,B0004,Credit Card,2026-07-07,-1058.4,Active,0.185,12200.0
A0001444,C001148,P002,B0059,Current Account,2026-07-21,1615.38,Active,0.001,1400.0
A0001445,C001524,P003,B0046,Current Account,2025-06-27,5089.61,Active,0.001,0
A0001446,C000948,P004,B0004,Savings,2026-06-09,112022.27,Active,0.045,5200.0
A0001447,C000192,P008,B0030,Fixed Deposit,2024-09-03,92722.78,Dormant,0.085,0
A0001448,C000090,P005,B0020,Savings,2023-08-15,102529.29,Active,0.055,0
A0001449,C000113,P011,B0047,Credit Card,2025-10-15,-5638.62,Active,0.205,12200.0
A0001450,C000204,P007,B0024,Notice Deposit,2024-03-07,9070.77,Active,0.075,0
A0001451,C001527,P018,B0013,Current Account,2026-03-14,192187.84,Dormant,0.012,0
A0001452,C000126,P005,B0003,Savings,2025-12-18,16824.71,Active,0.055,0
A0001453,C001538,P001,B0049,Current Account,2026-03-19,41923.63,Active,0.002,0
A0001454,C001639,P008,B0037,Fixed Deposit,2025-03-25,11072.31,Active,0.085,0
A0001455,C000055,P005,B0034,Savings,2026-05-08,82073.51,Active,0.055,5200.0
A0001456,C000907,P020,B0045,Current Account,2025-03-30,17230.12,Active,0.002,0
A0001457,C000429,P002,B0003,Current Account,2026-04-03,18025.97,Active,0.001,0
A0001458,C001361,P004,B0057,Savings,2025-10-18,8723.48,Active,0.045,0
A0001459,C001523,P007,B0011,Notice Deposit,2025-10-11,22498.73,Active,0.075,0
A0001460,C001832,P012,B0047,Credit Card,2025-01-04,-6809.92,Active,0.185,12200.0
A0001461,C001633,P007,B0047,Notice Deposit,2025-11-07,161469.45,Dormant,0.075,0
A0001462,C001753,P018,B0006,Current Account,2024-07-19,26663.02,Dormant,0.012,0
A0001463,C000428,P006,B0050,Savings,2023-07-02,15838.1,Active,0.062,5200.0
A0001464,C000825,P005,B0024,Savings,2024-08-02,49763.35,Active,0.055,1400.0
A0001465,C000841,P007,B0054,Notice Deposit,2026-07-09,12289.86,Active,0.075,0
A0001466,C000511,P020,B0059,Current Account,2022-11-13,60643.38,Active,0.002,5200.0
A0001467,C001121,P001,B0060,Current Account,2024-09-07,105277.1,Active,0.002,5200.0
A0001468,C000078,P008,B0002,Fixed Deposit,2026-03-04,11828.22,Active,0.085,0
A0001469,C000893,P007,B0021,Notice Deposit,2025-08-20,15522.59,Active,0.075,0
A0001470,C001282,P018,B0047,Current Account,2023-03-21,94880.29,Active,0.012,0
A0001471,C000945,P005,B0028,Savings,2024-12-12,61375.13,Active,0.055,5200.0
A0001472,C000337,P001,B0002,Current Account,2026-07-09,6852.32,Active,0.002,0
A0001473,C000156,P018,B0025,Current Account,2025-12-26,10102.55,Active,0.012,0
A0001474,C001034,P001,B0003,Current Account,2026-03-07,73968.57,Active,0.002,0
A0001475,C001654,P004,B0012,Savings,2026-06-22,12393.04,Active,0.045,0
A0001476,C000547,P005,B0056,Savings,2025-11-21,71395.36,Dormant,0.055,0
A0001477,C001965,P001,B0050,Current Account,2026-06-17,120182.61,Dormant,0.002,0
A0001478,C001281,P011,B0019,Credit Card,2023-10-18,-2194.43,Active,0.205,5000
A0001479,C000577,P018,B0038,Current Account,2026-03-09,7227.61,Active,0.012,0
A0001480,C001489,P003,B0024,Current Account,2026-06-05,29363.66,Active,0.001,0
A0001481,C000293,P004,B0044,Savings,2025-02-10,19089.22,Active,0.045,0
A0001482,C001318,P001,B0013,Current Account,2025-04-24,21874.87,Active,0.002,0
A0001483,C001561,P008,B0006,Fixed Deposit,2026-03-02,66289.94,Active,0.085,0
A0001484,C000007,P007,B0025,Notice Deposit,2026-07-10,32556.12,Active,0.075,0
A0001485,C001279,P005,B0047,Savings,2025-05-29,216443.78,Active,0.055,0
A0001486,C001115,P004,B0015,Savings,2025-09-15,8547.89,Active,0.045,0
A0001487,C001453,P003,B0055,Current Account,2026-04-25,18609.19,Active,0.001,1400.0
A0001488,C001830,P012,B0006,Credit Card,2025-12-29,-2395.52,Active,0.185,12200.0
A0001489,C000937,P008,B0043,Fixed Deposit,2025-12-08,169538.2,Active,0.085,0
A0001490,C001556,P001,B0023,Current Account,2026-06-05,62982.93,Active,0.002,5200.0
A0001491,C001374,P003,B0003,Current Account,2026-03-13,121149.56,Active,0.001,0
A0001492,C001415,P005,B0053,Savings,2026-01-11,6517.09,Active,0.055,0
A0001493,C000989,P018,B0048,Current Account,2025-01-21,24467.06,Active,0.012,5200.0
A0001494,C000808,P006,B0009,Savings,2024-05-17,106696.3,Active,0.062,0
A0001495,C001628,P001,B0035,Current Account,2026-07-31,38523.3,Active,0.002,0
A0001496,C001229,P002,B0041,Current Account,2024-07-18,27826.83,Active,0.001,0
A0001497,C001693,P003,B0010,Current Account,2026-05-13,19218.71,Active,0.001,0
A0001498,C001175,P004,B0010,Savings,2026-06-28,309166.43,Active,0.045,0
A0001499,C000670,P010,B0043,Credit Card,2025-04-11,-825.93,Dormant,0.215,12200.0
A0001500,C000968,P018,B0023,Current Account,2026-07-08,4024.74,Active,0.012,0
A0001501,C001495,P006,B0033,Savings,2026-04-09,14395.69,Active,0.062,0
A0001502,C001503,P019,B0021,Money Market,2023-12-24,67746.83,Dormant,0.078,0
A0001503,C001421,P001,B0032,Current Account,2024-05-01,115815.11,Active,0.002,0
A0001504,C000169,P005,B0057,Savings,2024-01-18,6284.81,Active,0.055,0
A0001505,C000809,P005,B0040,Savings,2025-08-15,54877.59,Active,0.055,63000.0
A0001506,C000772,P002,B0024,Current Account,2026-03-06,20118.38,Active,0.001,0
A0001507,C000567,P004,B0038,Savings,2026-05-04,284098.12,Active,0.045,0
A0001508,C000906,P011,B0053,Credit Card,2026-05-20,-7806.44,Active,0.205,12200.0
A0001509,C001902,P018,B0036,Current Account,2025-05-18,33178.31,Active,0.012,0
A0001510,C001789,P001,B0012,Current Account,2023-10-17,6285.32,Active,0.002,0
A0001511,C001107,P008,B0033,Fixed Deposit,2023-06-18,86668.6,Active,0.085,0
A0001512,C000948,P005,B0011,Savings,2026-03-26,71424.6,Active,0.055,0
A0001513,C000878,P002,B0043,Current Account,2025-05-15,60042.54,Active,0.001,0
A0001514,C000466,P008,B0023,Fixed Deposit,2026-06-16,11858.23,Active,0.085,0
A0001515,C001699,P018,B0029,Current Account,2022-10-25,13109.8,Active,0.012,0
A0001516,C001580,P003,B0052,Current Account,2025-11-30,21550.2,Active,0.001,0
A0001517,C001800,P006,B0031,Savings,2026-06-29,112716.78,Active,0.062,22500.0
A0001518,C001860,P020,B0018,Current Account,2025-03-11,19928.26,Active,0.002,0
A0001519,C001713,P008,B0060,Fixed Deposit,2022-07-16,7358.26,Active,0.085,0
A0001520,C001570,P020,B0060,Current Account,2024-08-19,279027.34,Active,0.002,18000.0
A0001521,C000531,P020,B0058,Current Account,2025-10-26,21437.11,Active,0.002,0
A0001522,C001440,P018,B0023,Current Account,2025-04-03,2763.92,Active,0.012,0
A0001523,C001844,P019,B0041,Money Market,2022-07-23,18341.65,Active,0.078,0
A0001524,C001627,P008,B0021,Fixed Deposit,2024-09-24,31009.85,Active,0.085,0
A0001525,C001280,P012,B0056,Credit Card,2024-07-07,-1382.06,Active,0.185,5000
A0001526,C001618,P008,B0009,Fixed Deposit,2022-12-27,42651.65,Active,0.085,0
A0001527,C001830,P006,B0005,Savings,2025-04-07,13324.73,Active,0.062,0
A0001528,C001879,P010,B0012,Credit Card,2025-07-29,-608.44,Active,0.215,12200.0
A0001529,C000552,P012,B0009,Credit Card,2026-01-21,-1169.77,Active,0.185,5000
A0001530,C001755,P007,B0012,Notice Deposit,2023-08-11,109852.46,Active,0.075,0
A0001531,C001059,P020,B0045,Current Account,2023-08-01,11030.73,Active,0.002,0
A0001532,C000962,P020,B0022,Current Account,2023-07-09,130582.92,Active,0.002,0
A0001533,C000700,P019,B0024,Money Market,2026-06-15,12602.51,Active,0.078,0
A0001534,C000056,P005,B0017,Savings,2025-10-05,123910.74,Active,0.055,0
A0001535,C001457,P003,B0001,Current Account,2025-12-20,7362.9,Closed,0.001,0
A0001536,C001655,P001,B0055,Current Account,2026-05-24,35170.57,Active,0.002,0
A0001537,C000982,P006,B0048,Savings,2025-07-17,38179.22,Active,0.062,0
A0001538,C001308,P020,B0016,Current Account,2026-03-03,20924.12,Active,0.002,5200.0
A0001539,C000100,P002,B0017,Current Account,2026-07-09,151699.01,Active,0.001,0
A0001540,C000918,P020,B0053,Current Account,2026-03-18,7003.36,Active,0.002,1400.0
A0001541,C000233,P001,B0026,Current Account,2025-06-03,9688.93,Active,0.002,0
A0001542,C000325,P018,B0055,Current Account,2026-05-16,25390.76,Active,0.012,0
A0001543,C000196,P011,B0037,Credit Card,2024-05-31,-1632.51,Active,0.205,5000
A0001544,C001489,P008,B0047,Fixed Deposit,2026-06-10,20390.48,Active,0.085,0
A0001545,C001260,P020,B0002,Current Account,2025-07-16,5688.89,Active,0.002,0
A0001546,C000288,P002,B0021,Current Account,2024-02-29,22858.1,Active,0.001,0
A0001547,C000793,P006,B0048,Savings,2026-03-20,10337.46,Active,0.062,0
A0001548,C000205,P003,B0016,Current Account,2025-02-12,6989.22,Active,0.001,0
A0001549,C000224,P009,B0041,Money Market,2025-07-21,236823.45,Active,0.068,0
A0001550,C000412,P005,B0026,Savings,2025-10-09,4147.29,Active,0.055,0
A0001551,C001788,P002,B0025,Current Account,2026-06-26,9581.79,Active,0.001,5200.0
A0001552,C001513,P020,B0025,Current Account,2026-05-08,56840.84,Active,0.002,5200.0
A0001553,C000653,P010,B0053,Credit Card,2026-01-14,-2841.54,Active,0.215,12200.0
A0001554,C000863,P004,B0042,Savings,2025-09-08,2409.57,Active,0.045,0
A0001555,C000247,P012,B0007,Credit Card,2025-04-19,-1333.11,Active,0.185,5000
A0001556,C000353,P005,B0009,Savings,2025-10-05,12339.91,Active,0.055,1400.0
A0001557,C001672,P004,B0038,Savings,2026-06-09,7146.31,Active,0.045,1400.0
A0001558,C001907,P020,B0055,Current Account,2023-04-17,10767.57,Active,0.002,1400.0
A0001559,C000749,P001,B0029,Current Account,2024-09-17,2962.71,Active,0.002,0
A0001560,C000164,P008,B0022,Fixed Deposit,2026-01-30,7952.03,Active,0.085,0
A0001561,C000950,P018,B0023,Current Account,2025-04-18,20712.78,Active,0.012,0
A0001562,C001554,P004,B0016,Savings,2025-09-15,21644.73,Active,0.045,1400.0
A0001563,C000462,P001,B0005,Current Account,2025-03-30,22919.01,Active,0.002,0
A0001564,C000859,P008,B0047,Fixed Deposit,2023-08-09,34229.27,Active,0.085,0
A0001565,C000544,P008,B0031,Fixed Deposit,2024-09-14,12154.37,Active,0.085,0
A0001566,C001794,P018,B0023,Current Account,2025-07-16,73917.2,Active,0.012,0
A0001567,C000068,P018,B0019,Current Account,2025-07-06,4588.65,Active,0.012,0
A0001568,C000442,P020,B0022,Current Account,2023-08-06,19966.87,Active,0.002,1400.0
A0001569,C000797,P018,B0048,Current Account,2025-12-13,8471.63,Active,0.012,0
A0001570,C001968,P005,B0025,Savings,2026-01-10,23171.5,Active,0.055,0
A0001571,C001630,P003,B0031,Current Account,2026-07-30,19566.84,Active,0.001,0
A0001572,C000060,P005,B0003,Savings,2026-03-25,30207.34,Active,0.055,1400.0
A0001573,C001402,P018,B0045,Current Account,2026-04-29,47301.56,Dormant,0.012,0
A0001574,C001501,P018,B0044,Current Account,2025-03-28,34297.36,Active,0.012,0
A0001575,C000739,P004,B0039,Savings,2025-09-29,4141.17,Active,0.045,0
A0001576,C001997,P002,B0044,Current Account,2026-01-22,32023.72,Dormant,0.001,0
A0001577,C000471,P008,B0009,Fixed Deposit,2024-07-16,20629.05,Active,0.085,0
A0001578,C001021,P006,B0035,Savings,2026-07-28,16032.06,Dormant,0.062,0
A0001579,C001548,P009,B0014,Money Market,2026-04-05,11923.68,Active,0.068,0
A0001580,C001194,P006,B0013,Savings,2025-10-20,25497.66,Dormant,0.062,0
A0001581,C000581,P011,B0043,Credit Card,2026-01-11,-3920.16,Dormant,0.205,12200.0
A0001582,C001250,P005,B0017,Savings,2026-01-23,56769.27,Active,0.055,0
A0001583,C001970,P020,B0037,Current Account,2026-05-24,57426.65,Dormant,0.002,0
A0001584,C000459,P005,B0030,Savings,2026-05-29,154777.58,Active,0.055,0
A0001585,C001963,P018,B0016,Current Account,2025-02-01,7995.99,Active,0.012,0
A0001586,C000598,P008,B0057,Fixed Deposit,2024-10-26,29057.19,Active,0.085,0
A0001587,C001960,P005,B0021,Savings,2026-06-09,15140.75,Active,0.055,0
A0001588,C001810,P010,B0022,Credit Card,2026-07-14,-5844.69,Active,0.215,12200.0
A0001589,C000032,P001,B0005,Current Account,2025-11-20,3213.89,Active,0.002,1400.0
A0001590,C000982,P004,B0011,Savings,2025-06-20,15128.16,Active,0.045,0
A0001591,C000970,P003,B0053,Current Account,2023-11-10,32634.49,Active,0.001,0
A0001592,C001813,P002,B0008,Current Account,2026-07-27,98087.97,Active,0.001,0
A0001593,C000323,P019,B0011,Money Market,2026-07-23,82489.67,Active,0.078,0
A0001594,C001651,P020,B0016,Current Account,2025-09-29,13928.44,Active,0.002,0
A0001595,C000155,P004,B0039,Savings,2025-12-15,17725.72,Active,0.045,0
A0001596,C001236,P006,B0002,Savings,2025-05-24,17154.04,Active,0.062,0
A0001597,C001607,P008,B0028,Fixed Deposit,2025-04-08,7771.01,Active,0.085,0
A0001598,C001572,P008,B0025,Fixed Deposit,2025-04-30,26208.13,Active,0.085,0
A0001599,C001984,P003,B0057,Current Account,2025-10-21,8266.29,Active,0.001,0
A0001600,C000372,P009,B0014,Money Market,2025-07-16,38934.26,Active,0.068,0
A0001601,C001694,P006,B0041,Savings,2026-07-27,148567.84,Active,0.062,0
A0001602,C000846,P018,B0010,Current Account,2024-08-14,8900.39,Active,0.012,1400.0
A0001603,C000470,P005,B0032,Savings,2024-07-11,12663.29,Active,0.055,0
A0001604,C000070,P003,B0014,Current Account,2025-11-05,1389.06,Active,0.001,1400.0
A0001605,C000099,P008,B0012,Fixed Deposit,2023-06-17,23137.5,Active,0.085,0
A0001606,C000763,P018,B0020,Current Account,2026-03-31,37337.53,Active,0.012,5200.0
A0001607,C000976,P018,B0012,Current Account,2024-09-16,10723.09,Active,0.012,1400.0
A0001608,C001252,P006,B0047,Savings,2026-01-19,66603.35,Active,0.062,0
A0001609,C001997,P020,B0023,Current Account,2026-05-10,34232.89,Active,0.002,0
A0001610,C000439,P012,B0020,Credit Card,2025-06-03,-4511.45,Active,0.185,12200.0
A0001611,C000147,P008,B0037,Fixed Deposit,2025-09-13,68481.1,Active,0.085,0
A0001612,C000305,P005,B0049,Savings,2026-03-03,8377.14,Active,0.055,0
A0001613,C001432,P002,B0033,Current Account,2025-06-18,12158.14,Active,0.001,0
A0001614,C001016,P008,B0029,Fixed Deposit,2025-12-07,22272.54,Active,0.085,0
A0001615,C001246,P020,B0053,Current Account,2026-06-14,3653.99,Active,0.002,0
A0001616,C001344,P001,B0059,Current Account,2026-06-02,56662.63,Active,0.002,0
A0001617,C001896,P018,B0039,Current Account,2025-09-16,83774.25,Active,0.012,0
A0001618,C001269,P001,B0047,Current Account,2026-02-03,48587.2,Active,0.002,18000.0
A0001619,C000431,P003,B0025,Current Account,2026-05-16,8493.46,Closed,0.001,0
A0001620,C001516,P009,B0013,Money Market,2023-12-10,86879.94,Active,0.068,0
A0001621,C001459,P018,B0002,Current Account,2024-04-12,54562.98,Closed,0.012,5200.0
A0001622,C000326,P004,B0042,Savings,2026-06-13,1411.31,Active,0.045,0
A0001623,C000155,P007,B0018,Notice Deposit,2025-02-06,9358.54,Active,0.075,0
A0001624,C000665,P012,B0024,Credit Card,2024-06-09,-2612.66,Active,0.185,12200.0
A0001625,C001109,P004,B0008,Savings,2025-02-22,2491.49,Active,0.045,0
A0001626,C001292,P002,B0046,Current Account,2026-07-13,72211.03,Active,0.001,0
A0001627,C000752,P019,B0047,Money Market,2025-02-09,21132.7,Closed,0.078,0
A0001628,C001061,P002,B0055,Current Account,2024-09-22,15396.43,Active,0.001,1400.0
A0001629,C001668,P020,B0038,Current Account,2026-07-16,32838.63,Dormant,0.002,1400.0
A0001630,C001345,P004,B0036,Savings,2024-10-16,62574.49,Active,0.045,0
A0001631,C001103,P005,B0016,Savings,2023-08-01,25197.31,Active,0.055,0
A0001632,C000089,P005,B0030,Savings,2025-03-11,54559.39,Active,0.055,0
A0001633,C001172,P001,B0005,Current Account,2026-02-08,33660.0,Active,0.002,0
A0001634,C000986,P008,B0049,Fixed Deposit,2024-07-20,13552.93,Active,0.085,0
A0001635,C000986,P008,B0044,Fixed Deposit,2025-07-23,12071.81,Active,0.085,0
A0001636,C001616,P020,B0028,Current Account,2025-09-04,10798.53,Active,0.002,0
A0001637,C000444,P002,B0057,Current Account,2026-05-08,70759.34,Active,0.001,0
A0001638,C000677,P020,B0055,Current Account,2023-09-03,215214.39,Active,0.002,18000.0
A0001639,C001401,P007,B0003,Notice Deposit,2026-02-25,22296.26,Active,0.075,0
A0001640,C001072,P009,B0012,Money Market,2025-03-13,20417.63,Active,0.068,0
A0001641,C000967,P008,B0016,Fixed Deposit,2025-03-30,58692.4,Closed,0.085,0
A0001642,C000460,P003,B0011,Current Account,2025-02-26,13933.62,Active,0.001,5200.0
A0001643,C001320,P012,B0014,Credit Card,2026-05-07,-1946.96,Active,0.185,5000
A0001644,C000975,P001,B0034,Current Account,2023-06-04,10599.74,Active,0.002,0
A0001645,C001002,P006,B0012,Savings,2026-03-15,11454.56,Active,0.062,0
A0001646,C001265,P006,B0022,Savings,2024-05-05,209019.95,Active,0.062,18000.0
A0001647,C000031,P001,B0030,Current Account,2023-02-24,83505.22,Active,0.002,0
A0001648,C000092,P020,B0059,Current Account,2023-08-01,32431.14,Active,0.002,0
A0001649,C001635,P008,B0038,Fixed Deposit,2023-10-24,12129.46,Active,0.085,0
A0001650,C000042,P007,B0056,Notice Deposit,2025-09-21,34417.63,Active,0.075,0
A0001651,C001556,P006,B0053,Savings,2024-03-08,71582.62,Active,0.062,0
A0001652,C000340,P012,B0022,Credit Card,2026-06-29,-1133.52,Active,0.185,5000
A0001653,C000124,P006,B0005,Savings,2026-02-28,65583.94,Active,0.062,5200.0
A0001654,C000352,P001,B0024,Current Account,2024-05-16,16712.23,Active,0.002,0
A0001655,C000918,P011,B0012,Credit Card,2026-04-27,-517.51,Active,0.205,5000
A0001656,C001028,P006,B0059,Savings,2026-02-02,6445.85,Active,0.062,0
A0001657,C000083,P018,B0034,Current Account,2024-04-17,2886.06,Active,0.012,0
A0001658,C001399,P002,B0039,Current Account,2023-03-19,118162.89,Active,0.001,0
A0001659,C000690,P020,B0020,Current Account,2026-02-12,10336.13,Dormant,0.002,0
A0001660,C000463,P006,B0024,Savings,2025-11-19,11197.3,Active,0.062,0
A0001661,C001738,P007,B0046,Notice Deposit,2023-10-03,261415.86,Active,0.075,0
A0001662,C000214,P018,B0035,Current Account,2025-11-23,1683.19,Active,0.012,0
A0001663,C001960,P003,B0057,Current Account,2026-07-31,30845.03,Active,0.001,1400.0
A0001664,C000897,P006,B0017,Savings,2025-04-19,29940.26,Dormant,0.062,5200.0
A0001665,C001127,P003,B0038,Current Account,2024-10-22,404748.63,Active,0.001,63000.0
A0001666,C001702,P006,B0019,Savings,2026-04-13,2770.94,Active,0.062,1400.0
A0001667,C000681,P008,B0052,Fixed Deposit,2026-03-27,12426.95,Active,0.085,0
A0001668,C001657,P005,B0041,Savings,2024-02-26,8631.98,Active,0.055,1400.0
A0001669,C001978,P019,B0049,Money Market,2026-01-01,11167.92,Active,0.078,0
A0001670,C001927,P006,B0012,Savings,2023-07-31,5156.3,Active,0.062,0
A0001671,C000973,P009,B0001,Money Market,2026-02-17,18777.51,Active,0.068,0
A0001672,C001338,P007,B0058,Notice Deposit,2026-02-11,15680.71,Active,0.075,0
A0001673,C000384,P018,B0037,Current Account,2025-09-05,79037.48,Active,0.012,22500.0
A0001674,C000807,P004,B0039,Savings,2026-02-15,33712.14,Active,0.045,0
A0001675,C000879,P004,B0026,Savings,2024-12-10,9357.99,Active,0.045,0
A0001676,C000925,P006,B0042,Savings,2026-05-14,52501.94,Active,0.062,5200.0
A0001677,C000977,P003,B0007,Current Account,2026-05-15,58179.8,Closed,0.001,0
A0001678,C000616,P005,B0019,Savings,2024-06-09,6575.16,Active,0.055,0
A0001679,C000482,P008,B0039,Fixed Deposit,2026-06-06,72175.34,Active,0.085,0
A0001680,C000914,P008,B0012,Fixed Deposit,2025-04-25,7958.78,Active,0.085,0
A0001681,C001443,P001,B0028,Current Account,2026-03-15,41420.3,Active,0.002,0
A0001682,C001478,P008,B0037,Fixed Deposit,2026-05-17,12990.57,Active,0.085,0
A0001683,C001935,P018,B0004,Current Account,2026-01-12,3187.99,Dormant,0.012,0
A0001684,C001412,P018,B0028,Current Account,2026-02-20,27290.71,Active,0.012,0
A0001685,C000346,P019,B0013,Money Market,2025-08-31,240535.95,Active,0.078,0
A0001686,C000468,P011,B0022,Credit Card,2026-06-29,-7459.63,Active,0.205,12200.0
A0001687,C000447,P010,B0053,Credit Card,2023-06-20,-1338.81,Active,0.215,12200.0
A0001688,C000601,P008,B0041,Fixed Deposit,2024-04-12,23775.51,Dormant,0.085,0
A0001689,C000226,P011,B0024,Credit Card,2025-07-11,-2231.88,Active,0.205,12200.0
A0001690,C001733,P007,B0027,Notice Deposit,2024-12-22,7673.1,Active,0.075,0
A0001691,C001497,P020,B0004,Current Account,2025-11-11,17567.01,Active,0.002,5200.0
A0001692,C000791,P020,B0008,Current Account,2025-04-19,40400.67,Dormant,0.002,0
A0001693,C000102,P006,B0003,Savings,2026-06-07,23100.64,Active,0.062,5200.0
A0001694,C000870,P012,B0037,Credit Card,2025-02-11,-656.8,Active,0.185,5000
A0001695,C000040,P002,B0006,Current Account,2026-02-20,9669.72,Closed,0.001,0
A0001696,C000490,P018,B0041,Current Account,2025-11-15,7778.88,Active,0.012,1400.0
A0001697,C001076,P008,B0045,Fixed Deposit,2023-11-08,10201.84,Active,0.085,0
A0001698,C001370,P020,B0031,Current Account,2023-01-29,8019.1,Active,0.002,0
A0001699,C000170,P010,B0040,Credit Card,2025-07-14,-7585.72,Active,0.215,12200.0
A0001700,C000651,P006,B0053,Savings,2025-01-16,101452.67,Closed,0.062,0
A0001701,C000369,P001,B0044,Current Account,2026-01-16,31255.2,Active,0.002,0
A0001702,C001551,P004,B0026,Savings,2026-03-04,4870.98,Active,0.045,0
A0001703,C001583,P002,B0045,Current Account,2025-06-04,7649.54,Closed,0.001,0
A0001704,C001376,P007,B0047,Notice Deposit,2025-12-17,50652.56,Active,0.075,0
A0001705,C000143,P006,B0011,Savings,2026-06-07,3635.18,Active,0.062,0
A0001706,C000310,P006,B0050,Savings,2026-05-09,790714.62,Active,0.062,0
A0001707,C000319,P018,B0005,Current Account,2023-10-03,28009.61,Active,0.012,0
A0001708,C001573,P002,B0031,Current Account,2026-02-26,7340.79,Active,0.001,0
A0001709,C000887,P009,B0046,Money Market,2026-05-28,159285.91,Active,0.068,0
A0001710,C000819,P020,B0058,Current Account,2025-03-11,26827.7,Active,0.002,0
A0001711,C000357,P008,B0053,Fixed Deposit,2025-06-12,16630.29,Active,0.085,0
A0001712,C001443,P020,B0046,Current Account,2026-07-08,20305.48,Active,0.002,0
A0001713,C000647,P003,B0047,Current Account,2024-02-14,14614.01,Active,0.001,0
A0001714,C000443,P006,B0034,Savings,2025-03-02,4623.88,Active,0.062,0
A0001715,C001114,P008,B0031,Fixed Deposit,2025-05-24,1064325.42,Active,0.085,0
A0001716,C001870,P005,B0054,Savings,2025-05-07,384983.66,Active,0.055,0
A0001717,C000120,P006,B0023,Savings,2026-04-17,44582.55,Active,0.062,0
A0001718,C001877,P018,B0050,Current Account,2026-01-19,26467.67,Closed,0.012,0
A0001719,C000285,P012,B0039,Credit Card,2026-01-28,-3393.74,Active,0.185,12200.0
A0001720,C001949,P006,B0052,Savings,2026-01-17,3980.85,Active,0.062,0
A0001721,C001768,P010,B0008,Credit Card,2026-05-24,-2469.51,Active,0.215,12200.0
A0001722,C000280,P012,B0004,Credit Card,2026-03-20,-15448.93,Active,0.185,42000.0
A0001723,C001139,P005,B0042,Savings,2025-09-07,19975.77,Dormant,0.055,0
A0001724,C001022,P002,B0042,Current Account,2025-09-20,4839.92,Active,0.001,0
A0001725,C001425,P019,B0008,Money Market,2024-07-21,7588.57,Dormant,0.078,0
A0001726,C001600,P005,B0006,Savings,2026-07-31,12501.89,Active,0.055,1400.0
A0001727,C000122,P019,B0005,Money Market,2026-07-15,50101.76,Dormant,0.078,0
A0001728,C001755,P002,B0012,Current Account,2024-07-24,67972.47,Active,0.001,18000.0
A0001729,C001086,P005,B0006,Savings,2024-06-19,110173.53,Active,0.055,0
A0001730,C000857,P002,B0056,Current Account,2025-06-21,12420.44,Active,0.001,0
A0001731,C001957,P004,B0032,Savings,2026-07-07,13675.6,Active,0.045,5200.0
A0001732,C001076,P018,B0003,Current Account,2025-09-28,18593.82,Active,0.012,0
A0001733,C001995,P005,B0047,Savings,2026-06-16,36108.45,Dormant,0.055,5200.0
A0001734,C000096,P019,B0043,Money Market,2022-11-08,22075.4,Active,0.078,0
A0001735,C000388,P011,B0019,Credit Card,2026-04-24,-2124.33,Active,0.205,5000
A0001736,C001785,P012,B0016,Credit Card,2024-08-13,-2155.97,Active,0.185,5000
A0001737,C000593,P003,B0026,Current Account,2026-05-26,6176.71,Active,0.001,0
A0001738,C000624,P011,B0057,Credit Card,2025-10-07,-1235.31,Active,0.205,5000
A0001739,C000107,P008,B0051,Fixed Deposit,2025-02-04,6392.24,Active,0.085,0
A0001740,C000737,P008,B0047,Fixed Deposit,2024-05-21,94429.61,Active,0.085,0
A0001741,C001203,P003,B0024,Current Account,2026-05-21,84760.13,Active,0.001,0
A0001742,C000402,P005,B0016,Savings,2026-01-09,20909.81,Active,0.055,5200.0
A0001743,C001979,P018,B0025,Current Account,2025-11-23,7579.88,Active,0.012,0
A0001744,C000363,P020,B0030,Current Account,2026-06-24,331915.7,Active,0.002,18000.0
A0001745,C000971,P005,B0011,Savings,2026-06-14,13700.01,Active,0.055,0
A0001746,C000127,P009,B0040,Money Market,2026-02-16,13588.65,Active,0.068,0
A0001747,C000259,P011,B0019,Credit Card,2025-09-09,-1444.61,Active,0.205,5000
A0001748,C000363,P004,B0003,Savings,2026-04-12,128383.77,Active,0.045,0
A0001749,C001241,P020,B0021,Current Account,2025-10-01,17829.11,Active,0.002,1400.0
A0001750,C000668,P008,B0046,Fixed Deposit,2026-01-13,14150.23,Active,0.085,0
A0001751,C001228,P012,B0027,Credit Card,2025-03-01,-1032.28,Active,0.185,5000
A0001752,C001501,P010,B0049,Credit Card,2025-11-04,-5795.2,Active,0.215,12200.0
A0001753,C000145,P018,B0018,Current Account,2025-05-04,71818.49,Dormant,0.012,0
A0001754,C001737,P004,B0021,Savings,2026-04-13,30471.94,Active,0.045,0
A0001755,C000147,P006,B0033,Savings,2025-05-16,30966.98,Active,0.062,0
A0001756,C000635,P018,B0038,Current Account,2025-12-04,18109.9,Active,0.012,5200.0
A0001757,C000336,P004,B0019,Savings,2023-09-17,14239.75,Active,0.045,1400.0
A0001758,C001293,P019,B0024,Money Market,2025-09-28,30725.93,Active,0.078,0
A0001759,C001683,P004,B0002,Savings,2023-04-10,5650.09,Active,0.045,0
A0001760,C000963,P012,B0012,Credit Card,2023-08-07,-977.78,Active,0.185,5000
A0001761,C001203,P006,B0024,Savings,2026-05-15,143861.27,Active,0.062,0
A0001762,C000306,P018,B0002,Current Account,2025-09-18,19955.35,Dormant,0.012,0
A0001763,C000891,P020,B0043,Current Account,2023-11-25,2378.84,Active,0.002,0
A0001764,C000583,P003,B0038,Current Account,2026-04-06,116966.76,Closed,0.001,0
A0001765,C001894,P020,B0032,Current Account,2026-05-28,4870.07,Active,0.002,0
A0001766,C000680,P002,B0002,Current Account,2023-08-05,33706.11,Active,0.001,0
A0001767,C000171,P003,B0002,Current Account,2025-05-12,99855.65,Active,0.001,0
A0001768,C000209,P012,B0049,Credit Card,2025-06-26,-583.48,Active,0.185,5000
A0001769,C001473,P006,B0039,Savings,2026-01-30,5994.36,Active,0.062,0
A0001770,C000726,P008,B0023,Fixed Deposit,2026-07-11,9170.01,Active,0.085,0
A0001771,C000689,P002,B0023,Current Account,2025-02-25,134612.42,Active,0.001,0
A0001772,C001842,P010,B0007,Credit Card,2023-12-21,-1637.24,Active,0.215,5000
A0001773,C000241,P018,B0021,Current Account,2023-12-09,163168.51,Active,0.012,0
A0001774,C000421,P007,B0023,Notice Deposit,2026-07-30,250737.38,Active,0.075,0
A0001775,C000826,P008,B0025,Fixed Deposit,2023-03-06,37852.36,Active,0.085,0
A0001776,C000157,P020,B0046,Current Account,2025-11-09,90983.39,Active,0.002,0
A0001777,C001427,P005,B0056,Savings,2025-02-12,8929.77,Closed,0.055,0
A0001778,C000616,P018,B0044,Current Account,2023-06-12,57040.07,Active,0.012,5200.0
A0001779,C001724,P020,B0002,Current Account,2026-06-29,89113.4,Active,0.002,0
A0001780,C001429,P004,B0037,Savings,2025-08-23,5254.94,Active,0.045,0
A0001781,C001009,P008,B0056,Fixed Deposit,2025-09-27,68610.95,Active,0.085,0
A0001782,C000358,P004,B0057,Savings,2023-10-31,226858.01,Active,0.045,0
A0001783,C000651,P002,B0012,Current Account,2026-04-27,28063.86,Active,0.001,0
A0001784,C000476,P010,B0015,Credit Card,2024-11-23,-2150.26,Active,0.215,5000
A0001785,C001916,P005,B0039,Savings,2026-07-18,17763.43,Active,0.055,0
A0001786,C001551,P007,B0004,Notice Deposit,2026-01-06,18254.78,Active,0.075,0
A0001787,C000014,P003,B0048,Current Account,2025-05-04,5900.02,Active,0.001,0
A0001788,C001669,P005,B0048,Savings,2026-04-24,8442.62,Active,0.055,0
A0001789,C000419,P004,B0022,Savings,2025-01-28,6702.43,Active,0.045,5200.0
A0001790,C001882,P018,B0035,Current Account,2026-05-26,20649.36,Active,0.012,0
A0001791,C000309,P005,B0006,Savings,2026-06-02,10830.3,Active,0.055,0
A0001792,C001302,P012,B0016,Credit Card,2024-11-16,-979.11,Active,0.185,5000
A0001793,C001343,P006,B0031,Savings,2023-04-05,73650.45,Closed,0.062,0
A0001794,C001417,P010,B0056,Credit Card,2024-03-01,-595.72,Active,0.215,5000
A0001795,C000415,P019,B0007,Money Market,2023-03-07,396014.4,Active,0.078,0
A0001796,C000872,P005,B0046,Savings,2024-10-24,55028.61,Dormant,0.055,0
A0001797,C001556,P020,B0049,Current Account,2023-09-14,29381.98,Dormant,0.002,0
A0001798,C001821,P004,B0051,Savings,2025-11-30,6056.91,Active,0.045,0
A0001799,C000314,P018,B0021,Current Account,2025-12-21,6341.4,Active,0.012,0
A0001800,C001783,P002,B0049,Current Account,2025-12-25,14948.14,Active,0.001,0
A0001801,C000397,P004,B0043,Savings,2026-04-07,32388.09,Active,0.045,0
A0001802,C001613,P020,B0060,Current Account,2026-07-20,162481.57,Active,0.002,0
A0001803,C001301,P003,B0017,Current Account,2024-10-02,114647.29,Active,0.001,0
A0001804,C001096,P004,B0032,Savings,2025-07-24,5168.85,Active,0.045,0
A0001805,C001134,P012,B0013,Credit Card,2024-11-18,-14161.47,Active,0.185,42000.0
A0001806,C001507,P008,B0007,Fixed Deposit,2025-01-12,33686.22,Active,0.085,0
A0001807,C001431,P019,B0043,Money Market,2026-04-17,34096.03,Active,0.078,0
A0001808,C000262,P004,B0009,Savings,2026-03-17,29187.72,Active,0.045,0
A0001809,C001489,P007,B0047,Notice Deposit,2022-05-13,16881.49,Active,0.075,0
A0001810,C001704,P019,B0001,Money Market,2026-04-24,53800.47,Active,0.078,0
A0001811,C001776,P007,B0007,Notice Deposit,2026-02-20,27579.79,Active,0.075,0
A0001812,C000483,P018,B0029,Current Account,2025-03-27,63468.87,Active,0.012,0
A0001813,C000661,P002,B0060,Current Account,2025-12-27,3585.59,Active,0.001,1400.0
A0001814,C001590,P018,B0017,Current Account,2023-12-22,13489.39,Active,0.012,1400.0
A0001815,C001934,P008,B0054,Fixed Deposit,2025-12-18,7972.38,Dormant,0.085,0
A0001816,C001105,P011,B0014,Credit Card,2024-06-01,-7740.88,Active,0.205,12200.0
A0001817,C000192,P011,B0045,Credit Card,2025-02-01,-4005.49,Closed,0.205,12200.0
A0001818,C001184,P018,B0001,Current Account,2024-11-04,2841137.71,Active,0.012,0
A0001819,C001036,P005,B0013,Savings,2024-02-21,9072.73,Active,0.055,0
A0001820,C001210,P001,B0015,Current Account,2025-05-31,33472.64,Active,0.002,0
A0001821,C001173,P018,B0055,Current Account,2026-06-03,82376.19,Active,0.012,0
A0001822,C000830,P004,B0055,Savings,2023-08-14,9636.75,Dormant,0.045,0
A0001823,C001276,P019,B0047,Money Market,2025-12-15,196311.5,Active,0.078,0
A0001824,C000623,P020,B0017,Current Account,2022-11-24,24092.37,Active,0.002,0
A0001825,C001622,P007,B0013,Notice Deposit,2025-12-05,12368.35,Closed,0.075,0
A0001826,C000600,P003,B0017,Current Account,2026-07-04,15350.29,Active,0.001,0
A0001827,C000650,P001,B0019,Current Account,2024-07-24,8808.25,Dormant,0.002,0
A0001828,C000587,P002,B0018,Current Account,2026-05-20,29989.56,Active,0.001,0
A0001829,C000894,P004,B0046,Savings,2026-01-21,47623.12,Active,0.045,5200.0
A0001830,C001456,P008,B0026,Fixed Deposit,2025-02-05,9526.06,Active,0.085,0
A0001831,C001239,P003,B0025,Current Account,2026-06-12,9494.9,Active,0.001,1400.0
A0001832,C001202,P019,B0008,Money Market,2025-11-26,21774.45,Active,0.078,0
A0001833,C000827,P006,B0029,Savings,2025-06-15,110047.49,Active,0.062,0
A0001834,C000110,P018,B0023,Current Account,2025-09-04,8945.04,Active,0.012,1400.0
A0001835,C001015,P004,B0055,Savings,2025-04-27,13464.26,Active,0.045,5200.0
A0001836,C001588,P003,B0046,Current Account,2026-07-27,65313.19,Active,0.001,0
A0001837,C001476,P009,B0027,Money Market,2026-05-07,179336.61,Active,0.068,0
A0001838,C000343,P008,B0001,Fixed Deposit,2026-06-08,6852.53,Active,0.085,0
A0001839,C001717,P005,B0013,Savings,2026-07-12,13332.79,Active,0.055,0
A0001840,C000689,P011,B0053,Credit Card,2025-09-25,-6578.85,Active,0.205,12200.0
A0001841,C001471,P007,B0044,Notice Deposit,2025-05-21,27977.64,Active,0.075,0
A0001842,C001794,P001,B0012,Current Account,2024-12-27,77898.24,Active,0.002,0
A0001843,C001762,P008,B0015,Fixed Deposit,2025-09-09,39323.21,Active,0.085,0
A0001844,C000412,P007,B0004,Notice Deposit,2026-03-17,24171.69,Active,0.075,0
A0001845,C001896,P006,B0052,Savings,2023-10-22,44477.88,Closed,0.062,0
A0001846,C001261,P005,B0057,Savings,2024-10-17,202245.6,Dormant,0.055,18000.0
A0001847,C001350,P003,B0021,Current Account,2023-10-27,24555.53,Active,0.001,0
A0001848,C000296,P012,B0033,Credit Card,2025-02-07,-7945.0,Active,0.185,12200.0
A0001849,C000236,P012,B0030,Credit Card,2025-09-21,-867.83,Active,0.185,12200.0
A0001850,C000327,P020,B0055,Current Account,2025-07-25,91842.41,Active,0.002,0
A0001851,C000723,P006,B0033,Savings,2024-11-22,17012.01,Active,0.062,0
A0001852,C001819,P005,B0059,Savings,2026-02-19,23333.37,Closed,0.055,0
A0001853,C001648,P001,B0049,Current Account,2026-04-11,3692.05,Active,0.002,0
A0001854,C001148,P001,B0016,Current Account,2025-07-01,20986.88,Active,0.002,0
A0001855,C001387,P004,B0025,Savings,2026-03-05,33090.11,Active,0.045,0
A0001856,C000023,P010,B0055,Credit Card,2025-12-17,-1984.02,Dormant,0.215,5000
A0001857,C001239,P010,B0025,Credit Card,2026-05-17,-1541.77,Active,0.215,5000
A0001858,C000435,P019,B0047,Money Market,2024-11-22,90431.49,Active,0.078,0
A0001859,C001005,P005,B0057,Savings,2026-07-23,24721.15,Active,0.055,5200.0
A0001860,C001475,P012,B0022,Credit Card,2025-03-02,-1513.39,Active,0.185,5000
A0001861,C000775,P005,B0038,Savings,2025-01-22,27994.52,Active,0.055,5200.0
A0001862,C001935,P020,B0009,Current Account,2025-01-13,10103.3,Active,0.002,0
A0001863,C001930,P002,B0055,Current Account,2025-11-19,78575.7,Active,0.001,0
A0001864,C000331,P007,B0049,Notice Deposit,2026-06-28,15687.47,Active,0.075,0
A0001865,C000939,P001,B0013,Current Account,2026-06-06,20139.4,Active,0.002,1400.0
A0001866,C000261,P005,B0060,Savings,2023-12-25,30109.48,Active,0.055,0
A0001867,C001324,P006,B0020,Savings,2026-07-02,3060.34,Active,0.062,5200.0
A0001868,C000513,P003,B0047,Current Account,2024-11-16,12915.81,Active,0.001,1400.0
A0001869,C000108,P019,B0034,Money Market,2026-03-31,27914.36,Active,0.078,0
A0001870,C000745,P008,B0028,Fixed Deposit,2025-06-28,58947.67,Active,0.085,0
A0001871,C000398,P018,B0035,Current Account,2026-02-04,72596.94,Active,0.012,0
A0001872,C000258,P005,B0004,Savings,2026-01-12,26749.22,Active,0.055,0
A0001873,C001517,P001,B0042,Current Account,2025-05-18,6031.87,Active,0.002,5200.0
A0001874,C000125,P007,B0012,Notice Deposit,2023-09-17,35446.2,Dormant,0.075,0
A0001875,C000707,P004,B0006,Savings,2026-01-06,26261.68,Active,0.045,0
A0001876,C000391,P008,B0056,Fixed Deposit,2024-10-28,39096.0,Active,0.085,0
A0001877,C000364,P009,B0033,Money Market,2025-01-20,18702.76,Active,0.068,0
A0001878,C001339,P005,B0048,Savings,2025-02-06,52788.36,Closed,0.055,0
A0001879,C001581,P005,B0040,Savings,2026-07-06,3622.31,Active,0.055,1400.0
A0001880,C000655,P019,B0019,Money Market,2025-11-02,89652.03,Active,0.078,0
A0001881,C000425,P004,B0004,Savings,2023-03-10,48871.54,Active,0.045,0
A0001882,C001806,P020,B0008,Current Account,2025-10-14,12449.79,Active,0.002,0
A0001883,C000161,P007,B0023,Notice Deposit,2026-04-04,30866.47,Active,0.075,0
A0001884,C000930,P008,B0009,Fixed Deposit,2026-04-21,37442.35,Active,0.085,0
A0001885,C001266,P006,B0043,Savings,2025-06-19,529789.89,Active,0.062,18000.0
A0001886,C001302,P001,B0010,Current Account,2024-11-16,17643.17,Active,0.002,0
A0001887,C000190,P001,B0016,Current Account,2026-07-26,142657.78,Closed,0.002,0
A0001888,C000475,P007,B0054,Notice Deposit,2026-06-09,14269.88,Active,0.075,0
A0001889,C000504,P006,B0005,Savings,2026-07-27,36145.72,Active,0.062,5200.0
A0001890,C000037,P005,B0003,Savings,2024-02-24,21548.93,Active,0.055,1400.0
A0001891,C001955,P006,B0029,Savings,2024-03-28,1623.36,Dormant,0.062,1400.0
A0001892,C001889,P011,B0038,Credit Card,2025-09-27,-2147.62,Active,0.205,5000
A0001893,C001978,P004,B0023,Savings,2025-08-29,3890.28,Active,0.045,0
A0001894,C000835,P005,B0055,Savings,2025-07-20,4188.64,Active,0.055,1400.0
A0001895,C000811,P001,B0050,Current Account,2025-10-27,26694.38,Active,0.002,0
A0001896,C001078,P005,B0030,Savings,2026-04-16,13000.55,Active,0.055,0
A0001897,C000907,P005,B0050,Savings,2024-01-16,10978.26,Active,0.055,0
A0001898,C000295,P007,B0001,Notice Deposit,2025-01-22,38757.68,Active,0.075,0
A0001899,C001315,P002,B0021,Current Account,2025-09-27,21755.58,Active,0.001,0
A0001900,C000333,P007,B0055,Notice Deposit,2024-04-19,14096.73,Active,0.075,0
A0001901,C001111,P008,B0007,Fixed Deposit,2026-07-31,10994.32,Active,0.085,0
A0001902,C000439,P002,B0037,Current Account,2024-01-13,41428.36,Active,0.001,0
A0001903,C000488,P005,B0001,Savings,2026-07-26,25721.96,Active,0.055,0
A0001904,C001094,P020,B0030,Current Account,2023-04-25,23225.89,Active,0.002,0
A0001905,C001851,P002,B0046,Current Account,2026-07-03,5318.74,Active,0.001,0
A0001906,C000838,P004,B0020,Savings,2025-12-06,107322.05,Closed,0.045,0
A0001907,C001971,P005,B0016,Savings,2023-05-09,6913.39,Active,0.055,0
A0001908,C000185,P005,B0026,Savings,2025-10-12,18707.12,Active,0.055,5200.0
A0001909,C001939,P010,B0004,Credit Card,2025-10-02,-2145.66,Active,0.215,12200.0
A0001910,C000469,P006,B0048,Savings,2026-05-03,4813.69,Active,0.062,0
A0001911,C000485,P009,B0053,Money Market,2026-06-19,7766.75,Active,0.068,0
A0001912,C000524,P001,B0044,Current Account,2023-11-26,2720.1,Active,0.002,0
A0001913,C001150,P002,B0046,Current Account,2025-09-12,11151.03,Closed,0.001,0
A0001914,C000523,P020,B0007,Current Account,2026-03-17,43383.17,Active,0.002,1400.0
A0001915,C001756,P006,B0002,Savings,2023-06-19,19663.22,Active,0.062,0
A0001916,C000268,P002,B0020,Current Account,2026-02-17,10650.3,Active,0.001,0
A0001917,C001921,P002,B0011,Current Account,2025-11-20,11270.87,Active,0.001,0
A0001918,C000162,P018,B0032,Current Account,2025-11-27,1726.34,Dormant,0.012,1400.0
A0001919,C001454,P001,B0001,Current Account,2026-06-02,6711.39,Active,0.002,0
A0001920,C001201,P002,B0010,Current Account,2025-11-23,19938.06,Active,0.001,0
A0001921,C001808,P008,B0032,Fixed Deposit,2025-04-18,20956.26,Active,0.085,0
A0001922,C001327,P005,B0030,Savings,2026-03-01,4676.81,Active,0.055,0
A0001923,C001571,P002,B0057,Current Account,2026-04-27,3518.59,Active,0.001,1400.0
A0001924,C001163,P008,B0036,Fixed Deposit,2023-11-06,19387.08,Active,0.085,0
A0001925,C001654,P002,B0017,Current Account,2026-04-04,2734.17,Active,0.001,0
A0001926,C001439,P003,B0009,Current Account,2024-09-17,38901.86,Active,0.001,0
A0001927,C001499,P011,B0022,Credit Card,2024-09-08,-1112.45,Dormant,0.205,5000
A0001928,C000990,P018,B0020,Current Account,2024-12-02,4393.67,Active,0.012,0
A0001929,C000365,P010,B0050,Credit Card,2024-12-13,-5392.32,Active,0.215,12200.0
A0001930,C000072,P005,B0049,Savings,2025-09-26,8508.31,Active,0.055,0
A0001931,C001762,P005,B0039,Savings,2026-01-03,13232.63,Active,0.055,0
A0001932,C001788,P006,B0047,Savings,2026-03-18,29549.41,Active,0.062,5200.0
A0001933,C000642,P012,B0059,Credit Card,2025-10-25,-4152.0,Active,0.185,12200.0
A0001934,C001448,P002,B0059,Current Account,2026-07-21,15805.97,Active,0.001,0
A0001935,C001358,P002,B0057,Current Account,2025-08-28,2552.16,Dormant,0.001,0
A0001936,C000490,P004,B0020,Savings,2025-08-09,50266.0,Active,0.045,1400.0
A0001937,C001056,P005,B0030,Savings,2023-10-25,30621.79,Active,0.055,0
A0001938,C001145,P002,B0027,Current Account,2026-06-19,10430.69,Active,0.001,0
A0001939,C001842,P008,B0055,Fixed Deposit,2023-09-21,11641.13,Active,0.085,0
A0001940,C001418,P003,B0024,Current Account,2026-06-14,13272.6,Active,0.001,0
A0001941,C001353,P003,B0035,Current Account,2026-06-06,19015.12,Active,0.001,0
A0001942,C000395,P002,B0051,Current Account,2026-03-02,47317.27,Active,0.001,0
A0001943,C000758,P003,B0011,Current Account,2025-07-14,72017.92,Active,0.001,5200.0
A0001944,C000724,P011,B0021,Credit Card,2026-01-20,-1252.77,Active,0.205,5000
A0001945,C001325,P008,B0018,Fixed Deposit,2026-04-22,77145.47,Active,0.085,0
A0001946,C001770,P002,B0003,Current Account,2026-02-14,11919.87,Active,0.001,0
A0001947,C001538,P003,B0044,Current Account,2026-02-24,72813.7,Active,0.001,5200.0
A0001948,C001465,P008,B0048,Fixed Deposit,2024-07-28,161165.88,Active,0.085,0
A0001949,C001334,P008,B0022,Fixed Deposit,2025-02-01,22590.95,Active,0.085,0
A0001950,C001901,P019,B0003,Money Market,2023-01-30,43227.41,Active,0.078,0
A0001951,C001033,P001,B0056,Current Account,2026-06-11,80710.76,Active,0.002,0
A0001952,C001488,P008,B0011,Fixed Deposit,2026-07-28,35282.97,Active,0.085,0
A0001953,C001100,P018,B0056,Current Account,2024-10-24,27409.56,Active,0.012,0
A0001954,C000431,P006,B0025,Savings,2026-06-17,9266.29,Active,0.062,0
A0001955,C000381,P009,B0002,Money Market,2026-03-18,29629.02,Active,0.068,0
A0001956,C000245,P020,B0017,Current Account,2026-04-10,4986.24,Active,0.002,0
A0001957,C000450,P005,B0042,Savings,2023-07-18,43519.64,Active,0.055,5200.0
A0001958,C001086,P010,B0013,Credit Card,2024-11-02,-15856.23,Active,0.215,42000.0
A0001959,C000443,P003,B0060,Current Account,2026-04-05,11913.15,Active,0.001,1400.0
A0001960,C001506,P020,B0015,Current Account,2026-05-06,41177.67,Active,0.002,0
A0001961,C000155,P009,B0039,Money Market,2025-12-08,6907.32,Closed,0.068,0
A0001962,C001016,P002,B0011,Current Account,2026-01-10,16201.55,Active,0.001,0
A0001963,C000649,P005,B0009,Savings,2025-10-07,3332.78,Active,0.055,1400.0
A0001964,C000391,P018,B0010,Current Account,2025-04-05,44691.35,Active,0.012,0
A0001965,C000924,P002,B0034,Current Account,2025-11-02,34513.41,Active,0.001,18000.0
A0001966,C000745,P007,B0031,Notice Deposit,2025-05-12,42099.31,Active,0.075,0
A0001967,C001810,P003,B0022,Current Account,2026-02-25,53907.13,Active,0.001,0
A0001968,C001708,P005,B0053,Savings,2023-11-20,25926.11,Active,0.055,0
A0001969,C000839,P002,B0017,Current Account,2026-01-21,30816.66,Dormant,0.001,0
A0001970,C001319,P003,B0014,Current Account,2026-03-19,17801.51,Active,0.001,0
A0001971,C001321,P012,B0047,Credit Card,2023-12-24,-5381.94,Dormant,0.185,12200.0
A0001972,C001136,P004,B0009,Savings,2026-02-23,3137.64,Active,0.045,0
A0001973,C000518,P020,B0005,Current Account,2026-01-26,55376.69,Active,0.002,0
A0001974,C001537,P002,B0017,Current Account,2026-06-25,10932.87,Active,0.001,1400.0
A0001975,C001115,P006,B0052,Savings,2026-04-26,10881.39,Active,0.062,0
A0001976,C001211,P008,B0057,Fixed Deposit,2026-07-01,49214.19,Active,0.085,0
A0001977,C001666,P009,B0008,Money Market,2026-02-15,10284.52,Active,0.068,0
A0001978,C001117,P005,B0016,Savings,2024-11-26,59179.32,Dormant,0.055,0
A0001979,C000157,P018,B0028,Current Account,2025-09-02,46877.78,Active,0.012,5200.0
A0001980,C000632,P008,B0002,Fixed Deposit,2025-08-11,11025.49,Closed,0.085,0
A0001981,C000832,P008,B0004,Fixed Deposit,2026-07-31,19419.31,Active,0.085,0
A0001982,C001297,P007,B0016,Notice Deposit,2025-05-23,59237.91,Active,0.075,0
A0001983,C001294,P012,B0041,Credit Card,2024-09-03,-926.71,Closed,0.185,5000
A0001984,C000591,P006,B0035,Savings,2026-05-02,6245.91,Active,0.062,0
A0001985,C000572,P002,B0036,Current Account,2026-05-04,119862.63,Active,0.001,0
A0001986,C001273,P005,B0031,Savings,2026-07-20,54363.45,Active,0.055,0
A0001987,C000780,P018,B0048,Current Account,2024-08-30,66016.95,Active,0.012,0
A0001988,C000969,P004,B0059,Savings,2026-07-27,3567.27,Active,0.045,0
A0001989,C000349,P009,B0044,Money Market,2026-03-03,64184.79,Active,0.068,0
A0001990,C001116,P020,B0025,Current Account,2023-12-12,40746.51,Active,0.002,0
A0001991,C001946,P001,B0044,Current Account,2026-03-10,29748.49,Active,0.002,0
A0001992,C000367,P002,B0048,Current Account,2024-08-06,2144.68,Active,0.001,0
A0001993,C001945,P020,B0008,Current Account,2026-01-22,78711.11,Active,0.002,0
A0001994,C000608,P018,B0022,Current Account,2025-11-09,86944.27,Active,0.012,0
A0001995,C001547,P005,B0028,Savings,2025-09-09,7182.48,Active,0.055,0
A0001996,C000547,P002,B0059,Current Account,2024-12-28,38211.79,Active,0.001,0
A0001997,C000861,P008,B0022,Fixed Deposit,2026-07-24,14938.77,Active,0.085,0
A0001998,C001344,P004,B0059,Savings,2026-04-15,30788.55,Dormant,0.045,0
A0001999,C001994,P020,B0025,Current Account,2025-12-17,4745.88,Active,0.002,0
A0002000,C001542,P005,B0017,Savings,2025-01-26,19392.55,Active,0.055,0
A0002001,C000631,P018,B0040,Current Account,2024-05-05,21340.72,Active,0.012,5200.0
A0002002,C000977,P004,B0043,Savings,2025-07-15,55998.96,Dormant,0.045,5200.0
A0002003,C000660,P004,B0019,Savings,2025-11-02,37606.6,Active,0.045,0
A0002004,C001686,P006,B0016,Savings,2025-12-06,112280.9,Active,0.062,0
A0002005,C001437,P003,B0050,Current Account,2026-05-12,82469.31,Active,0.001,0
A0002006,C001397,P001,B0053,Current Account,2022-10-04,52233.5,Active,0.002,0
A0002007,C001327,P018,B0003,Current Account,2023-04-18,24866.8,Active,0.012,1400.0
A0002008,C000963,P001,B0019,Current Account,2023-06-05,16527.47,Active,0.002,0
A0002009,C000065,P003,B0049,Current Account,2026-04-12,127814.05,Active,0.001,0
A0002010,C001431,P019,B0060,Money Market,2026-06-27,91252.54,Active,0.078,0
A0002011,C000923,P010,B0038,Credit Card,2026-04-07,-1134.12,Active,0.215,12200.0
A0002012,C001259,P008,B0051,Fixed Deposit,2025-10-24,290379.48,Active,0.085,0
A0002013,C000846,P019,B0010,Money Market,2022-08-21,23418.37,Dormant,0.078,0
A0002014,C000949,P011,B0024,Credit Card,2024-07-06,-9295.8,Active,0.205,42000.0
A0002015,C001141,P004,B0020,Savings,2025-10-23,110516.71,Active,0.045,0
A0002016,C001497,P018,B0048,Current Account,2025-11-29,46682.28,Active,0.012,0
A0002017,C001886,P008,B0020,Fixed Deposit,2022-11-18,66832.29,Active,0.085,0
A0002018,C000487,P020,B0041,Current Account,2025-12-06,6992.08,Active,0.002,1400.0
A0002019,C001004,P006,B0006,Savings,2022-12-10,54815.28,Active,0.062,5200.0
A0002020,C001912,P004,B0011,Savings,2025-07-15,86209.98,Active,0.045,0
A0002021,C000762,P018,B0052,Current Account,2026-01-21,5304.15,Active,0.012,0
A0002022,C001782,P018,B0024,Current Account,2025-01-09,4145.76,Active,0.012,0
A0002023,C000542,P012,B0049,Credit Card,2026-05-16,-7012.3,Active,0.185,12200.0
A0002024,C001581,P006,B0034,Savings,2026-03-31,1671.58,Active,0.062,0
A0002025,C000527,P001,B0038,Current Account,2024-09-15,44039.23,Active,0.002,0
A0002026,C000682,P001,B0031,Current Account,2026-05-18,14657.88,Active,0.002,5200.0
A0002027,C000401,P006,B0018,Savings,2026-02-02,17543.42,Closed,0.062,0
A0002028,C001804,P004,B0051,Savings,2026-03-04,20741.67,Active,0.045,5200.0
A0002029,C001127,P002,B0013,Current Account,2025-08-09,196789.85,Active,0.001,0
A0002030,C001750,P005,B0043,Savings,2026-06-06,25154.32,Active,0.055,0
A0002031,C000415,P002,B0057,Current Account,2023-12-13,170454.84,Active,0.001,0
A0002032,C000248,P005,B0054,Savings,2024-10-05,35804.98,Active,0.055,0
A0002033,C001888,P018,B0033,Current Account,2024-04-10,6371.24,Active,0.012,0
A0002034,C000478,P004,B0025,Savings,2025-11-08,30995.5,Active,0.045,5200.0
A0002035,C001754,P011,B0054,Credit Card,2023-07-31,-1722.42,Active,0.205,5000
A0002036,C000727,P002,B0015,Current Account,2026-01-28,36488.9,Active,0.001,0
A0002037,C000027,P011,B0022,Credit Card,2022-08-24,-20868.69,Active,0.205,42000.0
A0002038,C001300,P004,B0051,Savings,2026-05-01,5182.03,Active,0.045,0
A0002039,C001738,P007,B0021,Notice Deposit,2025-10-20,153321.19,Active,0.075,0
A0002040,C000591,P007,B0041,Notice Deposit,2025-08-14,20299.99,Dormant,0.075,0
A0002041,C001080,P007,B0046,Notice Deposit,2024-03-05,8659.71,Active,0.075,0
A0002042,C000741,P018,B0008,Current Account,2024-04-13,25713.75,Active,0.012,0
A0002043,C001846,P001,B0019,Current Account,2026-05-25,174564.64,Active,0.002,5200.0
A0002044,C000701,P008,B0027,Fixed Deposit,2024-05-18,13712.28,Closed,0.085,0
A0002045,C000772,P002,B0008,Current Account,2023-06-02,87487.66,Active,0.001,0
A0002046,C001676,P005,B0001,Savings,2025-09-07,4233.27,Active,0.055,0
A0002047,C000951,P020,B0042,Current Account,2026-01-14,15271.28,Active,0.002,0
A0002048,C000453,P009,B0041,Money Market,2022-09-02,1071168.68,Active,0.068,0
A0002049,C001578,P020,B0011,Current Account,2024-07-30,157413.1,Active,0.002,0
A0002050,C000783,P008,B0035,Fixed Deposit,2026-05-04,18479.27,Dormant,0.085,0
A0002051,C000723,P020,B0020,Current Account,2025-05-03,50306.81,Active,0.002,0
A0002052,C000138,P001,B0047,Current Account,2025-09-22,14057.84,Active,0.002,0
A0002053,C001066,P002,B0028,Current Account,2024-01-18,8088.85,Active,0.001,0
A0002054,C001198,P018,B0038,Current Account,2025-05-06,92685.31,Dormant,0.012,0
A0002055,C001615,P001,B0023,Current Account,2023-05-26,8731.39,Closed,0.002,0
A0002056,C001070,P020,B0032,Current Account,2025-03-10,114908.92,Active,0.002,0
A0002057,C001110,P018,B0025,Current Account,2026-07-17,5931.77,Active,0.012,0
A0002058,C001662,P019,B0019,Money Market,2025-01-18,10839.79,Active,0.078,0
A0002059,C000961,P018,B0044,Current Account,2026-05-17,54485.52,Active,0.012,0
A0002060,C001310,P006,B0023,Savings,2026-05-31,35320.74,Active,0.062,5200.0
A0002061,C000846,P009,B0056,Money Market,2025-10-11,20614.58,Active,0.068,0
A0002062,C001741,P006,B0013,Savings,2026-01-03,14997.77,Active,0.062,0
A0002063,C001760,P019,B0041,Money Market,2024-02-20,10345.66,Active,0.078,0
A0002064,C001072,P009,B0044,Money Market,2026-05-03,15016.14,Active,0.068,0
A0002065,C000059,P006,B0028,Savings,2025-06-08,22303.02,Dormant,0.062,0
A0002066,C000268,P001,B0041,Current Account,2023-07-21,13218.45,Active,0.002,0
A0002067,C000087,P004,B0035,Savings,2026-05-03,21608.13,Active,0.045,5200.0
A0002068,C000424,P001,B0017,Current Account,2025-01-28,7096.78,Active,0.002,0
A0002069,C000479,P006,B0037,Savings,2025-03-11,72537.88,Active,0.062,0
A0002070,C000865,P010,B0015,Credit Card,2026-04-29,-1813.67,Active,0.215,5000
A0002071,C000284,P008,B0030,Fixed Deposit,2026-03-19,200427.86,Active,0.085,0
A0002072,C001206,P010,B0052,Credit Card,2025-05-31,-1269.6,Active,0.215,5000
A0002073,C000822,P020,B0044,Current Account,2023-11-21,51633.88,Active,0.002,0
A0002074,C000175,P003,B0040,Current Account,2026-07-22,10977.14,Active,0.001,0
A0002075,C001925,P003,B0017,Current Account,2026-07-03,9830.99,Active,0.001,0
A0002076,C000229,P005,B0053,Savings,2023-08-09,39931.68,Active,0.055,0
A0002077,C000302,P012,B0025,Credit Card,2026-05-11,-594.6,Active,0.185,5000
A0002078,C001917,P019,B0021,Money Market,2022-10-11,14055.89,Active,0.078,0
A0002079,C001876,P001,B0006,Current Account,2025-07-06,49896.76,Active,0.002,0
A0002080,C000642,P011,B0056,Credit Card,2024-06-26,-7577.53,Active,0.205,12200.0
A0002081,C000480,P012,B0028,Credit Card,2025-05-03,-1262.67,Active,0.185,5000
A0002082,C000520,P018,B0019,Current Account,2025-09-22,9523.99,Active,0.012,0
A0002083,C000654,P002,B0058,Current Account,2024-12-14,4280.15,Active,0.001,0
A0002084,C001130,P004,B0001,Savings,2026-01-20,27652.19,Active,0.045,0
A0002085,C000442,P001,B0022,Current Account,2026-06-28,5479.78,Active,0.002,0
A0002086,C000783,P020,B0026,Current Account,2026-01-06,6269.56,Active,0.002,0
A0002087,C000241,P003,B0040,Current Account,2025-03-15,104901.76,Active,0.001,0
A0002088,C001288,P020,B0011,Current Account,2026-03-13,44421.61,Active,0.002,0
A0002089,C001951,P002,B0052,Current Account,2026-02-12,42086.39,Active,0.001,0
A0002090,C000656,P007,B0031,Notice Deposit,2026-04-27,35982.11,Active,0.075,0
A0002091,C001518,P009,B0060,Money Market,2025-02-01,16719.27,Active,0.068,0
A0002092,C000257,P009,B0042,Money Market,2024-07-27,92819.4,Active,0.068,0
A0002093,C001761,P005,B0016,Savings,2026-07-03,58116.21,Active,0.055,0
A0002094,C001081,P010,B0012,Credit Card,2024-09-30,-2605.61,Active,0.215,12200.0
A0002095,C001697,P002,B0038,Current Account,2025-07-30,16469.19,Active,0.001,5200.0
A0002096,C001863,P018,B0018,Current Account,2025-08-31,11211.32,Active,0.012,1400.0
A0002097,C000088,P007,B0041,Notice Deposit,2025-05-27,294329.91,Closed,0.075,0
A0002098,C001574,P020,B0026,Current Account,2024-10-10,20383.35,Active,0.002,0
A0002099,C000865,P018,B0018,Current Account,2026-01-19,10809.08,Closed,0.012,0
A0002100,C001123,P006,B0057,Savings,2026-02-03,10093.5,Active,0.062,0
A0002101,C001694,P003,B0013,Current Account,2026-07-30,146878.42,Active,0.001,5200.0
A0002102,C000590,P006,B0022,Savings,2024-03-05,73416.78,Active,0.062,0
A0002103,C000415,P007,B0007,Notice Deposit,2023-07-18,276999.31,Active,0.075,0
A0002104,C000047,P002,B0012,Current Account,2025-08-18,6799.18,Active,0.001,1400.0
A0002105,C000949,P008,B0008,Fixed Deposit,2025-02-03,231459.24,Active,0.085,0
A0002106,C001586,P012,B0039,Credit Card,2023-05-16,-1583.71,Dormant,0.185,12200.0
A0002107,C000597,P018,B0056,Current Account,2026-06-18,42483.34,Active,0.012,0
A0002108,C000376,P020,B0012,Current Account,2026-02-09,13309.83,Dormant,0.002,0
A0002109,C001029,P001,B0032,Current Account,2026-07-21,3839.99,Active,0.002,0
A0002110,C001119,P018,B0012,Current Account,2025-12-02,5484.41,Active,0.012,0
A0002111,C001097,P005,B0034,Savings,2025-06-01,11670.36,Active,0.055,0
A0002112,C000725,P012,B0023,Credit Card,2026-07-18,-1854.68,Active,0.185,12200.0
A0002113,C000040,P005,B0013,Savings,2025-11-26,13346.06,Dormant,0.055,0
A0002114,C000514,P003,B0048,Current Account,2025-10-14,69520.53,Active,0.001,0
A0002115,C001780,P004,B0014,Savings,2023-04-03,24088.83,Active,0.045,0
A0002116,C000355,P002,B0054,Current Account,2025-11-26,17838.15,Active,0.001,0
A0002117,C001710,P018,B0049,Current Account,2024-01-23,8032.32,Active,0.012,0
A0002118,C001057,P002,B0053,Current Account,2026-06-12,220813.71,Active,0.001,0
A0002119,C001396,P004,B0049,Savings,2026-02-19,31818.36,Active,0.045,0
A0002120,C000289,P018,B0005,Current Account,2025-12-02,505240.24,Active,0.012,0
A0002121,C001186,P001,B0030,Current Account,2026-04-11,23766.84,Active,0.002,0
A0002122,C001437,P020,B0003,Current Account,2026-01-14,262193.03,Active,0.002,0
A0002123,C000971,P002,B0033,Current Account,2025-07-26,31780.59,Active,0.001,0
A0002124,C000999,P002,B0004,Current Account,2025-03-27,6351.18,Active,0.001,0
A0002125,C001247,P006,B0025,Savings,2024-06-03,54332.7,Active,0.062,0
A0002126,C001245,P009,B0024,Money Market,2024-02-26,14346.46,Active,0.068,0
A0002127,C001137,P008,B0019,Fixed Deposit,2023-04-08,69428.28,Active,0.085,0
A0002128,C001029,P010,B0005,Credit Card,2026-06-12,-670.9,Active,0.215,5000
A0002129,C001637,P010,B0036,Credit Card,2024-08-01,-4790.9,Active,0.215,12200.0
A0002130,C001984,P001,B0057,Current Account,2026-04-03,44458.72,Active,0.002,0
A0002131,C000800,P007,B0009,Notice Deposit,2025-03-17,46620.86,Active,0.075,0
A0002132,C001170,P010,B0057,Credit Card,2025-05-07,-875.6,Active,0.215,5000
A0002133,C001677,P018,B0012,Current Account,2023-02-11,60440.61,Active,0.012,0
A0002134,C000025,P005,B0042,Savings,2025-09-19,34332.91,Active,0.055,0
A0002135,C000274,P011,B0057,Credit Card,2023-10-09,-7983.82,Dormant,0.205,12200.0
A0002136,C000500,P005,B0023,Savings,2025-10-25,10207.12,Active,0.055,0
A0002137,C000365,P005,B0003,Savings,2024-01-29,36326.32,Active,0.055,0
A0002138,C000216,P012,B0055,Credit Card,2026-06-03,-8023.86,Active,0.185,12200.0
A0002139,C000559,P010,B0056,Credit Card,2025-05-10,-3900.23,Active,0.215,12200.0
A0002140,C001084,P003,B0044,Current Account,2025-12-21,45667.52,Closed,0.001,0
A0002141,C000164,P018,B0022,Current Account,2023-07-11,2511.23,Dormant,0.012,0
A0002142,C000320,P019,B0012,Money Market,2025-07-27,16266.12,Active,0.078,0
A0002143,C000355,P010,B0054,Credit Card,2026-07-18,-1806.2,Active,0.215,5000
A0002144,C001280,P005,B0059,Savings,2026-02-12,14736.47,Active,0.055,1400.0
A0002145,C001784,P008,B0026,Fixed Deposit,2025-07-07,75049.08,Active,0.085,0
A0002146,C000767,P001,B0011,Current Account,2025-08-25,72576.85,Active,0.002,0
A0002147,C000082,P018,B0011,Current Account,2026-07-08,20295.5,Active,0.012,5200.0
A0002148,C000032,P018,B0033,Current Account,2026-03-06,6257.35,Active,0.012,1400.0
A0002149,C001257,P006,B0023,Savings,2023-09-12,7315.28,Active,0.062,0
A0002150,C000851,P018,B0054,Current Account,2025-06-15,107936.39,Active,0.012,0
A0002151,C001958,P018,B0001,Current Account,2025-12-26,32258.62,Active,0.012,0
A0002152,C001712,P008,B0012,Fixed Deposit,2025-11-26,14905.54,Active,0.085,0
A0002153,C000968,P004,B0044,Savings,2025-11-19,9357.49,Active,0.045,0
A0002154,C001354,P018,B0017,Current Account,2025-08-25,30480.6,Closed,0.012,5200.0
A0002155,C001279,P008,B0024,Fixed Deposit,2026-05-22,30023.68,Active,0.085,0
A0002156,C001831,P008,B0055,Fixed Deposit,2025-05-13,13891.19,Active,0.085,0
A0002157,C001854,P005,B0031,Savings,2026-04-04,41463.71,Active,0.055,1400.0
A0002158,C000013,P012,B0006,Credit Card,2023-09-12,-1961.11,Active,0.185,5000
A0002159,C001482,P005,B0041,Savings,2025-03-22,14049.89,Closed,0.055,0
A0002160,C001495,P006,B0009,Savings,2025-05-09,9448.96,Dormant,0.062,0
A0002161,C001606,P003,B0026,Current Account,2025-03-02,4998.97,Active,0.001,0
A0002162,C000013,P005,B0005,Savings,2025-02-03,1147.28,Active,0.055,0
A0002163,C000622,P001,B0002,Current Account,2026-05-16,3335.99,Dormant,0.002,0
A0002164,C000255,P019,B0048,Money Market,2025-12-30,36933.73,Active,0.078,0
A0002165,C000678,P011,B0034,Credit Card,2025-09-10,-513.81,Active,0.205,5000
A0002166,C000418,P005,B0031,Savings,2025-09-19,216703.77,Active,0.055,18000.0
A0002167,C000542,P009,B0019,Money Market,2026-04-04,59563.06,Active,0.068,0
A0002168,C000747,P004,B0026,Savings,2025-01-11,108256.43,Active,0.045,0
A0002169,C000882,P010,B0041,Credit Card,2025-07-27,-2030.26,Active,0.215,5000
A0002170,C000031,P008,B0045,Fixed Deposit,2024-08-17,36843.89,Active,0.085,0
A0002171,C000776,P005,B0007,Savings,2024-02-19,16888.2,Active,0.055,0
A0002172,C000539,P005,B0053,Savings,2026-07-26,6153.03,Active,0.055,0
A0002173,C001802,P001,B0011,Current Account,2025-04-15,73473.17,Active,0.002,0
A0002174,C000370,P003,B0034,Current Account,2026-04-24,78706.12,Active,0.001,0
A0002175,C001884,P011,B0015,Credit Card,2026-06-06,-923.58,Active,0.205,5000
A0002176,C001762,P020,B0015,Current Account,2026-01-23,30447.99,Dormant,0.002,0
A0002177,C001931,P018,B0002,Current Account,2026-03-18,10364.02,Active,0.012,0
A0002178,C000795,P002,B0042,Current Account,2026-03-24,131227.04,Active,0.001,0
A0002179,C000550,P004,B0021,Savings,2026-01-01,8747.91,Active,0.045,0
A0002180,C001773,P012,B0023,Credit Card,2024-09-05,-1571.91,Active,0.185,5000
A0002181,C001290,P010,B0006,Credit Card,2023-09-30,-2006.27,Active,0.215,5000
A0002182,C001962,P002,B0040,Current Account,2026-02-18,8046.42,Active,0.001,1400.0
A0002183,C000328,P018,B0026,Current Account,2026-02-18,16704.57,Active,0.012,0
A0002184,C000617,P007,B0057,Notice Deposit,2025-04-28,59872.11,Active,0.075,0
A0002185,C000644,P010,B0032,Credit Card,2023-12-15,-2074.85,Active,0.215,5000
A0002186,C000340,P001,B0022,Current Account,2026-03-13,5062.74,Active,0.002,0
A0002187,C000199,P004,B0004,Savings,2026-06-16,22514.94,Active,0.045,0
A0002188,C000348,P009,B0015,Money Market,2024-12-26,12946.05,Active,0.068,0
A0002189,C000149,P009,B0040,Money Market,2025-02-04,48394.35,Active,0.068,0
A0002190,C001834,P003,B0020,Current Account,2026-06-28,14102.19,Active,0.001,0
A0002191,C001312,P009,B0055,Money Market,2024-02-08,62448.71,Active,0.068,0
A0002192,C000976,P006,B0053,Savings,2022-08-04,8859.55,Active,0.062,0
A0002193,C000853,P018,B0003,Current Account,2024-12-21,39725.52,Active,0.012,0
A0002194,C001214,P006,B0006,Savings,2026-06-09,91624.72,Active,0.062,0
A0002195,C000866,P004,B0019,Savings,2026-07-12,13314.02,Active,0.045,0
A0002196,C000999,P001,B0035,Current Account,2025-05-31,25122.2,Active,0.002,0
A0002197,C000441,P003,B0048,Current Account,2023-06-24,38301.98,Active,0.001,0
A0002198,C000193,P004,B0050,Savings,2025-05-20,26014.74,Active,0.045,0
A0002199,C001112,P002,B0022,Current Account,2026-02-09,12973.35,Active,0.001,1400.0
A0002200,C001864,P006,B0030,Savings,2023-10-13,32522.43,Active,0.062,1400.0
A0002201,C000276,P018,B0017,Current Account,2026-06-07,17747.33,Active,0.012,0
A0002202,C001964,P018,B0046,Current Account,2026-06-11,59229.43,Dormant,0.012,0
A0002203,C001367,P005,B0053,Savings,2025-11-15,47884.66,Active,0.055,0
A0002204,C000331,P004,B0049,Savings,2026-06-26,11227.22,Active,0.045,0
A0002205,C001004,P018,B0029,Current Account,2022-05-15,86506.64,Active,0.012,0
A0002206,C001869,P011,B0034,Credit Card,2026-06-09,-6942.53,Active,0.205,12200.0
A0002207,C001933,P011,B0058,Credit Card,2026-07-11,-5602.1,Active,0.205,12200.0
A0002208,C001996,P003,B0047,Current Account,2026-02-26,13071.66,Active,0.001,0
A0002209,C000821,P018,B0044,Current Account,2024-04-19,4730.53,Active,0.012,0
A0002210,C001668,P005,B0002,Savings,2024-07-14,11510.25,Active,0.055,0
A0002211,C001138,P008,B0051,Fixed Deposit,2024-12-30,82926.58,Active,0.085,0
A0002212,C001555,P012,B0020,Credit Card,2024-09-28,-6449.9,Active,0.185,12200.0
A0002213,C000702,P010,B0022,Credit Card,2025-08-28,-2496.47,Active,0.215,12200.0
A0002214,C001803,P006,B0060,Savings,2026-04-19,12794.05,Active,0.062,0
A0002215,C001156,P009,B0035,Money Market,2025-07-27,30823.38,Active,0.068,0
A0002216,C000163,P005,B0012,Savings,2026-07-27,75236.18,Dormant,0.055,0
A0002217,C000198,P018,B0015,Current Account,2026-04-19,42704.83,Dormant,0.012,1400.0
A0002218,C001761,P004,B0010,Savings,2026-04-14,3284.55,Active,0.045,0
A0002219,C000220,P005,B0031,Savings,2026-05-06,100550.74,Active,0.055,5200.0
A0002220,C000498,P001,B0054,Current Account,2024-07-28,21370.89,Dormant,0.002,0
A0002221,C000173,P009,B0054,Money Market,2025-07-31,19183.19,Active,0.068,0
A0002222,C000759,P018,B0031,Current Account,2025-10-31,129736.57,Active,0.012,0
A0002223,C000928,P001,B0037,Current Account,2025-12-01,10833.51,Active,0.002,1400.0
A0002224,C001651,P020,B0059,Current Account,2025-05-02,23842.56,Active,0.002,0
A0002225,C000477,P019,B0049,Money Market,2023-01-04,811104.88,Active,0.078,0
A0002226,C000710,P002,B0022,Current Account,2024-05-31,24988.28,Active,0.001,0
A0002227,C000460,P006,B0002,Savings,2025-12-25,59711.73,Active,0.062,0
A0002228,C000955,P009,B0040,Money Market,2026-07-29,73789.78,Active,0.068,0
A0002229,C001644,P001,B0051,Current Account,2026-05-30,180576.52,Active,0.002,18000.0
A0002230,C001419,P005,B0018,Savings,2026-05-04,13286.21,Dormant,0.055,1400.0
A0002231,C000019,P019,B0009,Money Market,2026-07-23,22490.88,Active,0.078,0
A0002232,C000229,P003,B0053,Current Account,2023-09-21,30928.35,Active,0.001,5200.0
A0002233,C000700,P001,B0047,Current Account,2026-07-15,49629.98,Active,0.002,0
A0002234,C000930,P018,B0027,Current Account,2026-06-01,16332.17,Dormant,0.012,0
A0002235,C000631,P003,B0057,Current Account,2023-09-27,26316.71,Active,0.001,0
A0002236,C000606,P005,B0024,Savings,2024-04-20,288189.09,Active,0.055,0
A0002237,C001303,P002,B0029,Current Account,2025-06-05,10500.19,Active,0.001,1400.0
A0002238,C001974,P012,B0006,Credit Card,2025-04-10,-6649.58,Active,0.185,12200.0
A0002239,C001689,P005,B0044,Savings,2023-10-14,29471.06,Active,0.055,0
A0002240,C000295,P004,B0038,Savings,2024-04-03,86199.49,Dormant,0.045,0
A0002241,C001319,P003,B0039,Current Account,2025-09-16,31393.18,Active,0.001,0
A0002242,C001293,P019,B0047,Money Market,2025-10-26,38734.35,Active,0.078,0
A0002243,C001665,P008,B0055,Fixed Deposit,2026-07-24,14751.92,Active,0.085,0
A0002244,C001097,P006,B0043,Savings,2026-05-04,7735.04,Active,0.062,0
A0002245,C001143,P012,B0047,Credit Card,2024-09-07,-928.61,Active,0.185,5000
A0002246,C001953,P002,B0056,Current Account,2024-11-05,4800.47,Active,0.001,0
A0002247,C000298,P020,B0028,Current Account,2026-03-23,159913.25,Dormant,0.002,5200.0
A0002248,C000501,P006,B0054,Savings,2024-08-19,6060.22,Active,0.062,0
A0002249,C001924,P019,B0037,Money Market,2026-02-21,15893.13,Active,0.078,0
A0002250,C001795,P020,B0038,Current Account,2024-02-04,94482.64,Active,0.002,0
A0002251,C001616,P008,B0051,Fixed Deposit,2025-06-19,20779.58,Active,0.085,0
A0002252,C000886,P005,B0043,Savings,2024-02-04,28456.47,Active,0.055,0
A0002253,C001346,P012,B0049,Credit Card,2026-07-15,-104736.29,Dormant,0.185,147000.0
A0002254,C001623,P005,B0021,Savings,2024-04-08,18179.48,Active,0.055,1400.0
A0002255,C000930,P008,B0035,Fixed Deposit,2026-04-18,60300.2,Dormant,0.085,0
A0002256,C001965,P004,B0030,Savings,2025-12-03,128088.27,Active,0.045,0
A0002257,C001265,P002,B0022,Current Account,2023-09-23,34591.23,Active,0.001,0
A0002258,C001986,P003,B0017,Current Account,2024-12-03,13565.79,Dormant,0.001,0
A0002259,C001655,P009,B0021,Money Market,2023-06-05,30885.94,Active,0.068,0
A0002260,C000111,P009,B0009,Money Market,2025-07-01,210444.1,Active,0.068,0
A0002261,C001713,P007,B0040,Notice Deposit,2024-03-08,9364.97,Active,0.075,0
A0002262,C001272,P011,B0033,Credit Card,2026-07-08,-7090.96,Active,0.205,12200.0
A0002263,C001045,P011,B0010,Credit Card,2023-08-14,-1364.8,Active,0.205,5000
A0002264,C001400,P001,B0054,Current Account,2025-05-28,93062.81,Active,0.002,5200.0
A0002265,C001189,P011,B0016,Credit Card,2025-08-14,-543.62,Active,0.205,5000
A0002266,C000932,P004,B0043,Savings,2025-04-05,3736.01,Active,0.045,0
A0002267,C001550,P020,B0001,Current Account,2026-06-28,4636.77,Active,0.002,0
A0002268,C000574,P005,B0055,Savings,2026-01-21,5509.31,Active,0.055,1400.0
A0002269,C000805,P007,B0001,Notice Deposit,2025-05-13,10833.78,Active,0.075,0
A0002270,C000176,P001,B0047,Current Account,2025-03-17,6880.35,Active,0.002,1400.0
A0002271,C000654,P006,B0058,Savings,2026-06-17,32336.32,Active,0.062,0
A0002272,C000358,P009,B0043,Money Market,2023-05-18,187968.32,Active,0.068,0
A0002273,C000470,P007,B0037,Notice Deposit,2024-04-22,12699.78,Active,0.075,0
A0002274,C000749,P020,B0011,Current Account,2024-10-02,12326.61,Active,0.002,1400.0
A0002275,C000806,P002,B0019,Current Account,2026-04-11,5169.88,Active,0.001,1400.0
A0002276,C000803,P001,B0025,Current Account,2026-04-25,15760.07,Active,0.002,5200.0
A0002277,C000307,P018,B0054,Current Account,2024-10-21,8716.17,Active,0.012,0
A0002278,C000398,P004,B0005,Savings,2026-05-14,50825.15,Active,0.045,0
A0002279,C000358,P020,B0057,Current Account,2025-09-06,101558.43,Active,0.002,0
A0002280,C000526,P001,B0024,Current Account,2023-11-16,47827.8,Active,0.002,0
A0002281,C000898,P002,B0014,Current Account,2026-06-22,67589.26,Active,0.001,18000.0
A0002282,C000265,P009,B0014,Money Market,2025-12-27,60717.1,Active,0.068,0
A0002283,C001985,P010,B0019,Credit Card,2025-10-18,-965.05,Active,0.215,5000
A0002284,C000043,P001,B0006,Current Account,2024-08-09,6153.57,Active,0.002,0
A0002285,C001083,P004,B0045,Savings,2026-01-15,16800.54,Active,0.045,5200.0
A0002286,C000455,P002,B0020,Current Account,2024-03-09,22110.91,Active,0.001,0
A0002287,C000356,P012,B0030,Credit Card,2024-05-29,-948.8,Active,0.185,5000
A0002288,C000494,P006,B0024,Savings,2026-05-07,3249.99,Active,0.062,0
A0002289,C000246,P003,B0007,Current Account,2024-01-19,10081.5,Active,0.001,1400.0
A0002290,C000119,P020,B0009,Current Account,2024-11-04,31961.42,Active,0.002,0
A0002291,C000327,P003,B0034,Current Account,2026-04-24,48611.67,Active,0.001,5200.0
A0002292,C000287,P012,B0031,Credit Card,2025-05-20,-29001.47,Active,0.185,42000.0
A0002293,C001436,P001,B0017,Current Account,2025-06-22,4738.39,Active,0.002,0
A0002294,C001386,P008,B0056,Fixed Deposit,2026-03-10,8505.49,Active,0.085,0
A0002295,C000391,P005,B0056,Savings,2026-03-07,40824.78,Active,0.055,0
A0002296,C001631,P004,B0003,Savings,2026-03-26,44059.9,Active,0.045,18000.0
A0002297,C001400,P005,B0037,Savings,2026-02-26,35756.38,Active,0.055,5200.0
A0002298,C000240,P012,B0006,Credit Card,2024-05-28,-28600.5,Active,0.185,42000.0
A0002299,C001564,P018,B0042,Current Account,2026-05-31,15195.79,Active,0.012,0
A0002300,C000504,P008,B0002,Fixed Deposit,2026-07-01,92916.45,Dormant,0.085,0
A0002301,C000959,P004,B0017,Savings,2023-09-13,6619.37,Active,0.045,1400.0
A0002302,C000579,P012,B0060,Credit Card,2026-03-22,-2940.17,Active,0.185,12200.0
A0002303,C001851,P004,B0007,Savings,2026-07-27,5236.34,Active,0.045,0
A0002304,C000636,P002,B0023,Current Account,2023-07-29,40559.89,Active,0.001,5200.0
A0002305,C001420,P006,B0006,Savings,2026-01-02,3472.16,Active,0.062,1400.0
A0002306,C001267,P005,B0022,Savings,2025-11-08,11750.96,Active,0.055,0
A0002307,C000690,P008,B0027,Fixed Deposit,2026-06-27,22221.3,Active,0.085,0
A0002308,C000845,P005,B0031,Savings,2025-08-27,217466.79,Active,0.055,0
A0002309,C000636,P018,B0044,Current Account,2023-08-17,14505.83,Active,0.012,0
A0002310,C000880,P012,B0022,Credit Card,2024-06-08,-5280.02,Active,0.185,12200.0
A0002311,C000354,P005,B0057,Savings,2026-02-18,4184.54,Dormant,0.055,0
A0002312,C001778,P001,B0040,Current Account,2023-10-25,20894.86,Active,0.002,0
A0002313,C000002,P005,B0037,Savings,2026-06-08,7417.7,Active,0.055,0
A0002314,C001938,P004,B0031,Savings,2026-06-14,161105.99,Dormant,0.045,0
A0002315,C000454,P005,B0042,Savings,2024-09-01,11207.76,Active,0.055,1400.0
A0002316,C000436,P004,B0044,Savings,2024-04-26,4251.69,Closed,0.045,0
A0002317,C000761,P006,B0040,Savings,2026-04-29,7606.79,Active,0.062,0
A0002318,C001335,P002,B0033,Current Account,2025-10-21,4836.23,Active,0.001,0
A0002319,C001128,P004,B0022,Savings,2026-03-12,15574.34,Active,0.045,0
A0002320,C000234,P005,B0045,Savings,2026-02-28,9183.81,Active,0.055,0
A0002321,C001088,P006,B0030,Savings,2024-01-19,3704.31,Active,0.062,1400.0
A0002322,C001394,P012,B0014,Credit Card,2024-03-24,-8207.72,Active,0.185,12200.0
A0002323,C000188,P007,B0009,Notice Deposit,2026-07-29,9249.64,Active,0.075,0
A0002324,C000263,P001,B0005,Current Account,2022-10-28,12030.64,Active,0.002,0
A0002325,C000945,P018,B0028,Current Account,2025-02-13,50220.06,Active,0.012,0
A0002326,C000613,P001,B0023,Current Account,2025-12-19,64520.96,Closed,0.002,0
A0002327,C000705,P008,B0023,Fixed Deposit,2025-04-01,37496.56,Active,0.085,0
A0002328,C001784,P018,B0004,Current Account,2025-03-13,24429.23,Dormant,0.012,0
A0002329,C000915,P004,B0024,Savings,2022-11-26,4955.71,Active,0.045,1400.0
A0002330,C000374,P010,B0051,Credit Card,2026-02-27,-1533.62,Active,0.215,5000
A0002331,C001161,P011,B0058,Credit Card,2026-04-10,-899.98,Active,0.205,12200.0
A0002332,C000057,P020,B0005,Current Account,2025-06-16,20460.97,Active,0.002,0
A0002333,C000876,P020,B0044,Current Account,2026-06-10,18849.52,Active,0.002,1400.0
A0002334,C001530,P019,B0050,Money Market,2025-03-07,7146.94,Dormant,0.078,0
A0002335,C001206,P005,B0036,Savings,2026-07-13,29966.41,Active,0.055,0
A0002336,C001442,P004,B0048,Savings,2025-10-17,4211.66,Active,0.045,0
A0002337,C000241,P009,B0007,Money Market,2025-01-14,95139.24,Dormant,0.068,0
A0002338,C001723,P009,B0048,Money Market,2022-01-22,12541.41,Active,0.068,0
A0002339,C000609,P020,B0043,Current Account,2024-01-01,10703.52,Active,0.002,5200.0
A0002340,C001411,P008,B0029,Fixed Deposit,2026-07-27,87750.2,Active,0.085,0
A0002341,C001391,P006,B0059,Savings,2026-04-11,2442.35,Active,0.062,0
A0002342,C001547,P002,B0040,Current Account,2026-04-30,4654.13,Active,0.001,1400.0
A0002343,C000832,P005,B0041,Savings,2026-07-04,14996.46,Active,0.055,1400.0
A0002344,C000134,P001,B0057,Current Account,2025-07-26,10870.88,Active,0.002,0
A0002345,C000829,P001,B0038,Current Account,2026-04-01,23298.72,Active,0.002,0
A0002346,C001666,P011,B0047,Credit Card,2026-03-27,-1590.21,Active,0.205,5000
A0002347,C000586,P020,B0024,Current Account,2026-05-15,35267.14,Active,0.002,5200.0
A0002348,C000633,P007,B0046,Notice Deposit,2026-03-08,41255.32,Active,0.075,0
A0002349,C001710,P019,B0023,Money Market,2025-03-08,16236.39,Active,0.078,0
A0002350,C001009,P003,B0056,Current Account,2026-03-24,68446.73,Active,0.001,5200.0
A0002351,C000147,P005,B0035,Savings,2025-11-02,14983.16,Dormant,0.055,0
A0002352,C001711,P018,B0032,Current Account,2025-01-01,16923.33,Active,0.012,0
A0002353,C000967,P002,B0059,Current Account,2026-04-28,11925.54,Active,0.001,0
A0002354,C001462,P003,B0010,Current Account,2026-01-30,244433.6,Active,0.001,0
A0002355,C000942,P005,B0005,Savings,2025-03-01,10487.21,Active,0.055,0
A0002356,C001276,P002,B0024,Current Account,2024-10-24,284505.65,Active,0.001,18000.0
A0002357,C000814,P004,B0057,Savings,2026-05-26,29486.22,Active,0.045,1400.0
A0002358,C000638,P002,B0035,Current Account,2025-12-17,25348.98,Active,0.001,0
A0002359,C000930,P005,B0006,Savings,2026-03-26,52014.7,Active,0.055,5200.0
A0002360,C001132,P003,B0005,Current Account,2025-06-30,11622.0,Active,0.001,0
A0002361,C000033,P008,B0022,Fixed Deposit,2025-08-18,19588.92,Active,0.085,0
A0002362,C001117,P002,B0056,Current Account,2025-10-13,20415.88,Active,0.001,0
A0002363,C000165,P011,B0048,Credit Card,2025-12-20,-1588.21,Active,0.205,5000
A0002364,C001836,P020,B0037,Current Account,2026-06-06,197053.31,Active,0.002,0
A0002365,C000081,P003,B0044,Current Account,2025-06-20,22228.42,Active,0.001,0
A0002366,C001700,P004,B0017,Savings,2025-10-04,7310.49,Active,0.045,1400.0
A0002367,C000984,P003,B0050,Current Account,2024-12-02,18041.56,Active,0.001,0
A0002368,C001582,P006,B0031,Savings,2023-08-14,19385.73,Active,0.062,0
A0002369,C000449,P004,B0050,Savings,2026-03-20,46282.18,Active,0.045,5200.0
A0002370,C000742,P006,B0038,Savings,2025-07-04,2530.81,Active,0.062,0
A0002371,C000742,P008,B0004,Fixed Deposit,2022-08-05,21757.24,Active,0.085,0
A0002372,C001817,P005,B0051,Savings,2025-04-22,32789.13,Active,0.055,0
A0002373,C001862,P005,B0022,Savings,2025-12-26,3347.86,Active,0.055,1400.0
A0002374,C000864,P005,B0024,Savings,2025-07-09,14590.93,Active,0.055,0
A0002375,C001799,P011,B0018,Credit Card,2026-06-18,-2181.25,Active,0.205,5000
A0002376,C001477,P005,B0054,Savings,2026-05-30,8216.12,Active,0.055,0
A0002377,C001764,P002,B0001,Current Account,2024-07-14,19043.44,Dormant,0.001,0
A0002378,C000212,P001,B0044,Current Account,2024-06-14,15950.99,Active,0.002,0
A0002379,C001016,P008,B0026,Fixed Deposit,2026-06-22,9027.83,Active,0.085,0
A0002380,C000174,P012,B0038,Credit Card,2026-07-27,-1383.07,Active,0.185,5000
A0002381,C000669,P009,B0017,Money Market,2023-08-20,48118.05,Active,0.068,0
A0002382,C001283,P019,B0045,Money Market,2026-06-20,72187.07,Closed,0.078,0
A0002383,C001102,P004,B0013,Savings,2024-05-19,31595.82,Active,0.045,0
A0002384,C001168,P002,B0051,Current Account,2026-04-27,99637.57,Closed,0.001,18000.0
A0002385,C001272,P020,B0026,Current Account,2026-07-20,21740.99,Active,0.002,0
A0002386,C001480,P020,B0051,Current Account,2026-01-05,662.71,Active,0.002,0
A0002387,C001755,P002,B0049,Current Account,2025-06-14,65301.84,Closed,0.001,0
A0002388,C000239,P006,B0003,Savings,2025-11-07,182238.71,Active,0.062,5200.0
A0002389,C000582,P005,B0006,Savings,2025-07-12,7766.81,Active,0.055,0
A0002390,C000411,P020,B0035,Current Account,2026-03-31,30642.96,Active,0.002,0
A0002391,C000246,P011,B0046,Credit Card,2024-12-29,-1118.49,Active,0.205,5000
A0002392,C000938,P004,B0056,Savings,2025-06-22,33603.97,Active,0.045,0
A0002393,C001893,P007,B0050,Notice Deposit,2024-08-25,18287.56,Active,0.075,0
A0002394,C000484,P008,B0050,Fixed Deposit,2026-01-15,72882.35,Active,0.085,0
A0002395,C001670,P012,B0049,Credit Card,2026-01-24,-760.15,Active,0.185,5000
A0002396,C000473,P008,B0008,Fixed Deposit,2025-12-20,11912.77,Dormant,0.085,0
A0002397,C000643,P002,B0026,Current Account,2026-01-23,25504.27,Active,0.001,0
A0002398,C001792,P002,B0023,Current Account,2023-06-12,6583.2,Active,0.001,0
A0002399,C001684,P003,B0013,Current Account,2024-01-31,11803.76,Active,0.001,0
A0002400,C000248,P011,B0048,Credit Card,2024-01-10,-1476.06,Active,0.205,12200.0
A0002401,C000234,P010,B0003,Credit Card,2025-09-04,-6990.62,Active,0.215,12200.0
A0002402,C001584,P007,B0051,Notice Deposit,2025-04-08,7034.84,Active,0.075,0
A0002403,C001315,P004,B0031,Savings,2025-11-02,3779.75,Active,0.045,0
A0002404,C001126,P004,B0012,Savings,2024-11-16,70803.5,Active,0.045,5200.0
A0002405,C000012,P008,B0048,Fixed Deposit,2026-07-19,93155.67,Closed,0.085,0
A0002406,C000732,P009,B0059,Money Market,2025-03-15,86418.18,Active,0.068,0
A0002407,C001750,P012,B0021,Credit Card,2025-08-14,-2248.76,Active,0.185,5000
A0002408,C001584,P003,B0055,Current Account,2024-09-17,8892.47,Active,0.001,0
A0002409,C001481,P001,B0044,Current Account,2026-07-12,8780.91,Active,0.002,1400.0
A0002410,C000567,P009,B0041,Money Market,2026-05-16,167330.4,Active,0.068,0
A0002411,C000295,P004,B0037,Savings,2023-12-28,40601.75,Active,0.045,5200.0
A0002412,C000492,P010,B0021,Credit Card,2024-02-04,-19752.05,Active,0.215,42000.0
A0002413,C000264,P001,B0053,Current Account,2026-06-02,3614.58,Dormant,0.002,0
A0002414,C000995,P018,B0060,Current Account,2025-01-02,49137.15,Active,0.012,5200.0
A0002415,C000177,P004,B0047,Savings,2026-06-06,4436.42,Active,0.045,0
A0002416,C000779,P006,B0050,Savings,2024-12-01,92608.29,Active,0.062,0
A0002417,C001963,P008,B0016,Fixed Deposit,2024-07-04,12748.26,Active,0.085,0
A0002418,C001524,P012,B0021,Credit Card,2025-07-14,-933.37,Active,0.185,5000
A0002419,C001659,P005,B0012,Savings,2026-06-21,185078.17,Active,0.055,0
A0002420,C001607,P004,B0055,Savings,2024-07-23,3091.17,Active,0.045,0
A0002421,C000777,P018,B0044,Current Account,2024-07-02,9073.59,Active,0.012,0
A0002422,C000009,P004,B0009,Savings,2025-01-14,14939.76,Active,0.045,1400.0
A0002423,C001632,P005,B0041,Savings,2025-08-04,51793.92,Active,0.055,5200.0
A0002424,C001058,P008,B0055,Fixed Deposit,2026-02-08,10709.45,Active,0.085,0
A0002425,C000903,P008,B0008,Fixed Deposit,2025-05-09,15811.68,Active,0.085,0
A0002426,C001011,P005,B0053,Savings,2026-06-30,28872.95,Active,0.055,0
A0002427,C000535,P007,B0025,Notice Deposit,2025-05-19,22906.39,Dormant,0.075,0
A0002428,C000610,P004,B0052,Savings,2026-04-10,32973.94,Active,0.045,0
A0002429,C001577,P003,B0038,Current Account,2024-09-08,9221.88,Active,0.001,0
A0002430,C001866,P011,B0049,Credit Card,2026-03-14,-1572.6,Closed,0.205,5000
A0002431,C001302,P020,B0056,Current Account,2024-06-13,10367.0,Active,0.002,0
A0002432,C000396,P003,B0042,Current Account,2024-07-12,48096.97,Active,0.001,0
A0002433,C000133,P010,B0027,Credit Card,2025-06-06,-1899.4,Active,0.215,5000
A0002434,C000053,P018,B0015,Current Account,2024-06-08,13072.02,Active,0.012,0
A0002435,C000379,P003,B0029,Current Account,2026-06-06,7307.41,Active,0.001,0
A0002436,C000215,P018,B0020,Current Account,2024-07-29,2038.32,Active,0.012,0
A0002437,C001309,P005,B0023,Savings,2025-05-31,6182.43,Active,0.055,0
A0002438,C000183,P001,B0035,Current Account,2025-11-07,12612.62,Active,0.002,1400.0
A0002439,C001016,P018,B0006,Current Account,2026-05-31,6521.2,Closed,0.012,0
A0002440,C000446,P006,B0054,Savings,2026-03-28,16593.11,Active,0.062,0
A0002441,C000757,P001,B0033,Current Account,2023-03-08,56792.83,Active,0.002,0
A0002442,C001292,P004,B0034,Savings,2026-03-06,15656.68,Active,0.045,0
A0002443,C000041,P018,B0040,Current Account,2024-03-25,22367.52,Active,0.012,5200.0
A0002444,C000810,P008,B0019,Fixed Deposit,2025-09-11,23859.39,Active,0.085,0
A0002445,C001261,P006,B0040,Savings,2025-08-13,43557.09,Active,0.062,0
A0002446,C000569,P002,B0053,Current Account,2026-07-27,7494.38,Active,0.001,0
A0002447,C001735,P008,B0049,Fixed Deposit,2025-10-30,21198.89,Active,0.085,0
A0002448,C000087,P006,B0020,Savings,2024-05-05,76770.61,Active,0.062,0
A0002449,C001189,P001,B0059,Current Account,2025-07-14,3563.6,Active,0.002,0
A0002450,C000003,P005,B0008,Savings,2024-04-02,4897.57,Active,0.055,1400.0
A0002451,C001854,P003,B0031,Current Account,2025-06-16,6152.37,Active,0.001,0
A0002452,C000053,P009,B0018,Money Market,2024-05-21,24031.13,Active,0.068,0
A0002453,C000664,P006,B0049,Savings,2023-02-04,45350.17,Active,0.062,0
A0002454,C000098,P018,B0008,Current Account,2025-11-24,7952.21,Active,0.012,0
A0002455,C000975,P018,B0057,Current Account,2023-05-10,5373.98,Active,0.012,0
A0002456,C001006,P010,B0022,Credit Card,2024-09-16,-2175.44,Active,0.215,5000
A0002457,C000857,P002,B0010,Current Account,2026-07-14,12616.78,Active,0.001,0
A0002458,C001850,P005,B0046,Savings,2025-06-30,13823.97,Active,0.055,0
A0002459,C000561,P005,B0002,Savings,2025-10-17,63827.87,Active,0.055,5200.0
A0002460,C000843,P012,B0059,Credit Card,2026-07-10,-1991.78,Closed,0.185,5000
A0002461,C001441,P010,B0036,Credit Card,2026-07-28,-2347.91,Active,0.215,12200.0
A0002462,C001359,P018,B0019,Current Account,2024-09-13,1980.02,Active,0.012,0
A0002463,C000364,P005,B0032,Savings,2024-09-24,15114.06,Closed,0.055,1400.0
A0002464,C000862,P007,B0045,Notice Deposit,2025-02-27,48183.99,Active,0.075,0
A0002465,C001505,P012,B0054,Credit Card,2025-07-20,-1335.38,Active,0.185,5000
A0002466,C000573,P004,B0048,Savings,2026-03-21,73131.13,Active,0.045,0
A0002467,C000098,P007,B0025,Notice Deposit,2026-05-03,21573.33,Active,0.075,0
A0002468,C001256,P002,B0055,Current Account,2025-05-28,48165.62,Active,0.001,0
A0002469,C001042,P007,B0026,Notice Deposit,2026-02-24,52397.13,Active,0.075,0
A0002470,C000836,P010,B0030,Credit Card,2026-07-06,-664.42,Active,0.215,12200.0
A0002471,C000689,P001,B0044,Current Account,2025-08-26,96414.72,Active,0.002,5200.0
A0002472,C001385,P004,B0047,Savings,2025-10-14,16598.32,Active,0.045,1400.0
A0002473,C000165,P009,B0020,Money Market,2026-05-06,12943.02,Active,0.068,0
A0002474,C001975,P001,B0014,Current Account,2023-10-20,6315.61,Active,0.002,0
A0002475,C000951,P005,B0042,Savings,2025-11-12,10507.04,Active,0.055,0
A0002476,C001073,P007,B0019,Notice Deposit,2025-10-14,244660.17,Active,0.075,0
A0002477,C001884,P002,B0018,Current Account,2025-06-03,2632.03,Active,0.001,0
A0002478,C000129,P005,B0007,Savings,2024-03-01,10302.17,Active,0.055,1400.0
A0002479,C001709,P018,B0027,Current Account,2025-10-01,39439.15,Closed,0.012,0
A0002480,C000160,P003,B0033,Current Account,2023-12-19,177776.21,Active,0.001,18000.0
A0002481,C000709,P012,B0015,Credit Card,2024-05-20,-7820.34,Active,0.185,12200.0
A0002482,C001466,P005,B0048,Savings,2024-11-18,24587.96,Active,0.055,0
A0002483,C001624,P001,B0010,Current Account,2024-06-22,43167.12,Active,0.002,0
A0002484,C000507,P012,B0024,Credit Card,2025-12-28,-7114.64,Active,0.185,12200.0
A0002485,C001822,P012,B0054,Credit Card,2025-08-15,-7232.5,Active,0.185,12200.0
A0002486,C000294,P008,B0040,Fixed Deposit,2026-07-11,16520.59,Active,0.085,0
A0002487,C001840,P002,B0031,Current Account,2024-02-10,28798.53,Dormant,0.001,0
A0002488,C000314,P002,B0028,Current Account,2026-07-21,4615.92,Active,0.001,0
A0002489,C000801,P002,B0055,Current Account,2022-06-02,14295.88,Active,0.001,0
A0002490,C000804,P019,B0049,Money Market,2026-07-10,297488.68,Active,0.078,0
A0002491,C000402,P002,B0010,Current Account,2025-11-19,15282.35,Active,0.001,0
A0002492,C001847,P004,B0023,Savings,2026-06-03,4488.5,Active,0.045,1400.0
A0002493,C000904,P003,B0011,Current Account,2025-10-23,11988.08,Active,0.001,0
A0002494,C001044,P004,B0025,Savings,2023-11-04,15360.88,Active,0.045,1400.0
A0002495,C001176,P005,B0051,Savings,2024-08-16,20919.67,Active,0.055,1400.0
A0002496,C000447,P008,B0012,Fixed Deposit,2024-07-16,39911.49,Active,0.085,0
A0002497,C000183,P004,B0054,Savings,2026-04-02,49448.07,Active,0.045,0
A0002498,C001242,P006,B0053,Savings,2026-05-11,34338.64,Active,0.062,5200.0
A0002499,C000870,P006,B0026,Savings,2026-05-05,52648.06,Active,0.062,1400.0
A0002500,C000286,P005,B0049,Savings,2026-05-29,68569.09,Active,0.055,0
A0002501,C001075,P003,B0055,Current Account,2026-05-09,88509.95,Active,0.001,0
A0002502,C001505,P004,B0033,Savings,2024-08-28,14386.98,Active,0.045,0
A0002503,C000783,P001,B0038,Current Account,2025-12-23,5990.2,Active,0.002,0
A0002504,C000251,P006,B0046,Savings,2024-11-25,2489.98,Active,0.062,0
A0002505,C000473,P006,B0025,Savings,2025-02-09,9317.14,Dormant,0.062,0
A0002506,C001959,P012,B0010,Credit Card,2026-05-12,-1028.38,Closed,0.185,5000
A0002507,C000106,P008,B0009,Fixed Deposit,2025-04-25,295419.05,Active,0.085,0
A0002508,C001786,P005,B0037,Savings,2026-07-17,79561.81,Closed,0.055,0
A0002509,C000843,P010,B0016,Credit Card,2024-10-19,-1904.79,Active,0.215,5000
A0002510,C001373,P001,B0025,Current Account,2024-02-23,69898.68,Active,0.002,0
A0002511,C000244,P004,B0048,Savings,2025-05-26,27742.9,Active,0.045,5200.0
A0002512,C000699,P001,B0022,Current Account,2025-09-15,8613.52,Active,0.002,0
A0002513,C000349,P004,B0044,Savings,2025-01-15,24563.56,Active,0.045,5200.0
A0002514,C000977,P011,B0046,Credit Card,2026-01-13,-7180.0,Active,0.205,12200.0
A0002515,C001804,P011,B0043,Credit Card,2024-11-02,-1262.96,Active,0.205,12200.0
A0002516,C000510,P018,B0048,Current Account,2024-10-04,17404.63,Active,0.012,0
A0002517,C001360,P006,B0008,Savings,2026-03-20,20480.91,Active,0.062,0
A0002518,C000901,P001,B0011,Current Account,2026-07-15,23339.82,Closed,0.002,1400.0
A0002519,C000906,P007,B0019,Notice Deposit,2026-05-21,92531.52,Active,0.075,0
A0002520,C000720,P010,B0043,Credit Card,2026-07-01,-1150.0,Active,0.215,5000
A0002521,C001212,P018,B0012,Current Account,2026-07-11,384840.43,Active,0.012,0
A0002522,C001890,P011,B0032,Credit Card,2024-11-05,-897.79,Active,0.205,5000
A0002523,C000298,P003,B0055,Current Account,2026-07-20,32697.99,Active,0.001,5200.0
A0002524,C001305,P001,B0010,Current Account,2026-05-21,105321.7,Active,0.002,5200.0
A0002525,C000965,P008,B0025,Fixed Deposit,2026-07-15,260617.05,Active,0.085,0
A0002526,C001093,P006,B0056,Savings,2025-12-06,543710.34,Active,0.062,0
A0002527,C001234,P007,B0054,Notice Deposit,2025-10-15,57926.08,Active,0.075,0
A0002528,C000430,P005,B0053,Savings,2025-05-31,32857.44,Active,0.055,0
A0002529,C000806,P002,B0049,Current Account,2026-02-03,14727.75,Active,0.001,0
A0002530,C000837,P020,B0026,Current Account,2024-06-25,8612.49,Active,0.002,1400.0
A0002531,C000815,P010,B0060,Credit Card,2025-06-17,-1425.23,Active,0.215,5000
A0002532,C001944,P019,B0001,Money Market,2023-12-28,8757.95,Active,0.078,0
A0002533,C000412,P010,B0033,Credit Card,2024-09-30,-735.57,Active,0.215,5000
A0002534,C000756,P005,B0026,Savings,2024-06-12,11675.06,Active,0.055,0
A0002535,C000846,P020,B0016,Current Account,2023-04-25,9164.95,Active,0.002,1400.0
A0002536,C000231,P001,B0046,Current Account,2025-02-18,15757.03,Active,0.002,5200.0
A0002537,C000619,P004,B0054,Savings,2026-02-27,15146.95,Active,0.045,5200.0
A0002538,C000498,P004,B0020,Savings,2026-06-21,19698.22,Active,0.045,0
A0002539,C000183,P009,B0013,Money Market,2023-09-14,13917.83,Closed,0.068,0
A0002540,C001520,P008,B0017,Fixed Deposit,2025-06-04,21437.85,Active,0.085,0
A0002541,C001337,P020,B0054,Current Account,2026-02-09,30423.54,Active,0.002,0
A0002542,C000122,P003,B0026,Current Account,2026-04-11,62628.08,Active,0.001,0
A0002543,C000359,P007,B0040,Notice Deposit,2026-01-15,6786.01,Active,0.075,0
A0002544,C000174,P018,B0038,Current Account,2026-03-13,6139.58,Active,0.012,1400.0
A0002545,C001958,P018,B0048,Current Account,2026-01-28,187215.95,Active,0.012,0
A0002546,C000316,P010,B0012,Credit Card,2025-11-05,-1226.37,Active,0.215,5000
A0002547,C000162,P009,B0002,Money Market,2026-05-20,19347.54,Active,0.068,0
A0002548,C001384,P005,B0027,Savings,2026-04-08,25919.68,Active,0.055,0
A0002549,C000832,P008,B0027,Fixed Deposit,2026-07-12,9759.14,Active,0.085,0
A0002550,C000823,P004,B0008,Savings,2025-11-10,20543.47,Active,0.045,1400.0
A0002551,C000622,P005,B0037,Savings,2025-10-02,9934.25,Dormant,0.055,1400.0
A0002552,C001707,P005,B0020,Savings,2025-08-17,12013.27,Active,0.055,0
A0002553,C000507,P011,B0008,Credit Card,2024-11-17,-1970.17,Dormant,0.205,12200.0
A0002554,C001004,P004,B0001,Savings,2025-10-03,98147.89,Active,0.045,0
A0002555,C001846,P002,B0017,Current Account,2025-07-13,30485.61,Active,0.001,0
A0002556,C001875,P001,B0053,Current Account,2026-04-06,11822.12,Active,0.002,0
A0002557,C000215,P001,B0027,Current Account,2025-04-16,20841.45,Active,0.002,0
A0002558,C000415,P020,B0057,Current Account,2025-04-03,58598.88,Active,0.002,0
A0002559,C000532,P002,B0047,Current Account,2025-10-21,350357.19,Active,0.001,18000.0
A0002560,C000843,P005,B0016,Savings,2024-03-29,5445.97,Active,0.055,0
A0002561,C001551,P002,B0002,Current Account,2026-06-17,30766.86,Active,0.001,1400.0
A0002562,C001224,P001,B0043,Current Account,2026-06-26,81536.57,Active,0.002,0
A0002563,C000132,P012,B0023,Credit Card,2025-03-22,-809.91,Active,0.185,12200.0
A0002564,C001612,P009,B0050,Money Market,2025-03-02,11203.38,Active,0.068,0
A0002565,C001118,P018,B0055,Current Account,2026-06-22,30972.42,Active,0.012,5200.0
A0002566,C000375,P011,B0054,Credit Card,2025-11-24,-1164.69,Active,0.205,12200.0
A0002567,C001238,P008,B0020,Fixed Deposit,2025-12-20,11200.58,Active,0.085,0
A0002568,C000651,P012,B0019,Credit Card,2025-10-31,-3381.79,Closed,0.185,12200.0
A0002569,C001426,P002,B0027,Current Account,2024-04-08,12802.63,Active,0.001,0
A0002570,C000324,P010,B0032,Credit Card,2025-07-19,-7407.27,Active,0.215,12200.0
A0002571,C001601,P018,B0043,Current Account,2026-05-15,22423.64,Active,0.012,5200.0
A0002572,C000910,P004,B0006,Savings,2024-06-22,6692.15,Active,0.045,0
A0002573,C000625,P001,B0015,Current Account,2026-01-11,15719.13,Closed,0.002,0
A0002574,C000850,P008,B0017,Fixed Deposit,2026-02-19,13459.37,Active,0.085,0
A0002575,C000466,P006,B0017,Savings,2025-12-15,5106.29,Active,0.062,1400.0
A0002576,C000086,P011,B0015,Credit Card,2026-06-09,-951.14,Active,0.205,5000
A0002577,C000081,P020,B0017,Current Account,2025-09-05,48799.9,Active,0.002,0
A0002578,C000988,P007,B0011,Notice Deposit,2026-05-07,34925.49,Active,0.075,0
A0002579,C000200,P003,B0048,Current Account,2025-10-11,14418.25,Active,0.001,0
A0002580,C000791,P003,B0024,Current Account,2026-01-19,11053.28,Active,0.001,5200.0
A0002581,C000341,P007,B0016,Notice Deposit,2026-04-25,8726.04,Active,0.075,0
A0002582,C000807,P020,B0015,Current Account,2025-10-30,135410.2,Dormant,0.002,0
A0002583,C000352,P004,B0047,Savings,2022-11-13,16501.92,Active,0.045,5200.0
A0002584,C000106,P004,B0006,Savings,2022-02-19,15354.79,Active,0.045,0
A0002585,C001343,P010,B0051,Credit Card,2023-09-17,-2071.88,Active,0.215,5000
A0002586,C000737,P004,B0024,Savings,2024-11-25,65095.5,Active,0.045,0
A0002587,C001277,P003,B0007,Current Account,2025-11-15,13266.67,Active,0.001,0
A0002588,C001353,P020,B0038,Current Account,2024-04-24,5861.27,Closed,0.002,0
A0002589,C001847,P009,B0053,Money Market,2025-12-30,15848.54,Active,0.068,0
A0002590,C001509,P003,B0040,Current Account,2024-05-12,34311.41,Active,0.001,0
A0002591,C001329,P020,B0046,Current Account,2025-11-09,8514.81,Active,0.002,0
A0002592,C001204,P012,B0051,Credit Card,2025-11-20,-1484.77,Active,0.185,5000
A0002593,C000451,P001,B0056,Current Account,2025-02-15,29207.83,Active,0.002,0
A0002594,C001669,P008,B0054,Fixed Deposit,2026-04-04,21387.26,Active,0.085,0
A0002595,C001298,P007,B0041,Notice Deposit,2024-01-29,10038.18,Active,0.075,0
A0002596,C001255,P006,B0028,Savings,2026-07-26,10863.27,Dormant,0.062,0
A0002597,C001820,P011,B0025,Credit Card,2022-09-17,-21438.0,Active,0.205,42000.0
A0002598,C001972,P001,B0009,Current Account,2026-06-14,12678.65,Active,0.002,0
A0002599,C001334,P006,B0022,Savings,2026-05-29,43876.48,Active,0.062,0
A0002600,C000136,P002,B0032,Current Account,2025-07-22,264851.77,Active,0.001,0
A0002601,C001554,P003,B0059,Current Account,2026-02-06,4338.58,Active,0.001,1400.0
A0002602,C000464,P008,B0022,Fixed Deposit,2024-08-14,42303.89,Active,0.085,0
A0002603,C000116,P006,B0012,Savings,2025-03-05,35395.32,Active,0.062,0
A0002604,C000816,P012,B0005,Credit Card,2026-04-15,-6654.01,Active,0.185,12200.0
A0002605,C001450,P012,B0008,Credit Card,2026-03-25,-1851.3,Active,0.185,5000
A0002606,C000960,P006,B0020,Savings,2025-11-22,77592.19,Active,0.062,0
A0002607,C001951,P004,B0018,Savings,2025-12-12,64659.57,Active,0.045,0
A0002608,C000036,P009,B0004,Money Market,2023-10-06,15258.58,Active,0.068,0
A0002609,C000282,P001,B0008,Current Account,2025-07-28,21049.4,Active,0.002,1400.0
A0002610,C000744,P003,B0051,Current Account,2023-10-23,78634.47,Active,0.001,0
A0002611,C000524,P020,B0012,Current Account,2026-06-16,22230.21,Active,0.002,1400.0
A0002612,C001651,P011,B0016,Credit Card,2025-04-27,-2012.11,Active,0.205,5000
A0002613,C001892,P009,B0047,Money Market,2023-09-06,60642.12,Active,0.068,0
A0002614,C000585,P004,B0056,Savings,2025-07-16,235930.87,Closed,0.045,0
A0002615,C001676,P005,B0032,Savings,2025-08-16,4391.96,Dormant,0.055,0
A0002616,C001562,P008,B0049,Fixed Deposit,2025-12-04,6774.19,Active,0.085,0
A0002617,C001269,P003,B0025,Current Account,2026-05-14,68713.06,Active,0.001,0
A0002618,C000311,P002,B0012,Current Account,2026-02-28,81274.99,Active,0.001,0
A0002619,C000332,P018,B0005,Current Account,2026-03-28,20837.09,Active,0.012,0
A0002620,C000906,P003,B0019,Current Account,2026-07-22,23027.8,Dormant,0.001,0
A0002621,C000745,P006,B0046,Savings,2025-12-04,12563.39,Active,0.062,0
A0002622,C001000,P020,B0006,Current Account,2026-07-30,6816.65,Active,0.002,0
A0002623,C001223,P020,B0016,Current Account,2024-04-15,12187.03,Active,0.002,0
A0002624,C001942,P006,B0006,Savings,2025-12-16,7947.25,Dormant,0.062,0
A0002625,C000497,P004,B0035,Savings,2024-03-29,14983.91,Active,0.045,0
A0002626,C000061,P020,B0055,Current Account,2026-04-19,25595.03,Dormant,0.002,0
A0002627,C000281,P005,B0023,Savings,2024-11-18,85172.3,Active,0.055,0
A0002628,C000524,P011,B0017,Credit Card,2024-11-25,-906.55,Active,0.205,5000
A0002629,C001464,P005,B0030,Savings,2023-08-21,32117.62,Active,0.055,5200.0
A0002630,C000330,P002,B0009,Current Account,2025-02-15,6603.49,Active,0.001,0
A0002631,C000908,P003,B0023,Current Account,2025-02-18,12040.71,Active,0.001,5200.0
A0002632,C000189,P003,B0024,Current Account,2025-11-18,28049.91,Active,0.001,0
A0002633,C001730,P010,B0031,Credit Card,2023-07-17,-967.52,Active,0.215,5000
A0002634,C001557,P006,B0060,Savings,2022-05-07,11445.38,Active,0.062,0
A0002635,C001982,P004,B0011,Savings,2025-05-10,13694.83,Active,0.045,0
A0002636,C000016,P008,B0012,Fixed Deposit,2026-04-18,81041.2,Active,0.085,0
A0002637,C000745,P007,B0007,Notice Deposit,2025-03-15,85337.11,Active,0.075,0
A0002638,C000535,P002,B0008,Current Account,2024-10-03,4357.25,Active,0.001,0
A0002639,C000097,P005,B0046,Savings,2025-04-02,40788.73,Active,0.055,0
A0002640,C001374,P004,B0045,Savings,2026-02-23,135264.09,Active,0.045,0
A0002641,C001586,P002,B0058,Current Account,2023-07-07,52398.66,Active,0.001,0
A0002642,C000863,P009,B0042,Money Market,2025-11-12,18184.86,Active,0.068,0
A0002643,C000361,P018,B0026,Current Account,2026-01-08,96483.96,Active,0.012,0
A0002644,C001531,P005,B0003,Savings,2025-05-03,4688.8,Active,0.055,1400.0
A0002645,C001680,P006,B0008,Savings,2025-05-25,13932.42,Active,0.062,0
A0002646,C001026,P006,B0044,Savings,2026-02-03,14291.56,Active,0.062,0
A0002647,C001235,P018,B0051,Current Account,2025-08-03,228359.21,Closed,0.012,0
A0002648,C000317,P006,B0043,Savings,2026-03-17,12118.42,Active,0.062,1400.0
A0002649,C001563,P004,B0039,Savings,2025-10-21,12824.25,Active,0.045,5200.0
A0002650,C000808,P008,B0027,Fixed Deposit,2023-01-14,90449.54,Active,0.085,0
A0002651,C000332,P008,B0041,Fixed Deposit,2026-07-06,37987.24,Active,0.085,0
A0002652,C000570,P002,B0012,Current Account,2026-02-17,9545.25,Active,0.001,0
A0002653,C000007,P008,B0024,Fixed Deposit,2024-07-31,62505.04,Active,0.085,0
A0002654,C000929,P001,B0005,Current Account,2026-01-30,18991.05,Active,0.002,0
A0002655,C001363,P003,B0053,Current Account,2026-06-10,39148.4,Active,0.001,0
A0002656,C001589,P004,B0020,Savings,2024-09-29,11642.32,Active,0.045,0
A0002657,C000001,P002,B0026,Current Account,2026-07-24,22363.55,Active,0.001,1400.0
A0002658,C001815,P006,B0045,Savings,2025-11-04,6354.85,Active,0.062,0
A0002659,C001468,P006,B0045,Savings,2026-03-06,73664.7,Active,0.062,0
A0002660,C001976,P002,B0004,Current Account,2025-11-06,221475.75,Active,0.001,0
A0002661,C000672,P006,B0051,Savings,2024-03-24,13411.14,Active,0.062,5200.0
A0002662,C000762,P008,B0036,Fixed Deposit,2026-06-07,11835.08,Active,0.085,0
A0002663,C001292,P007,B0051,Notice Deposit,2026-03-31,46614.31,Active,0.075,0
A0002664,C000001,P004,B0037,Savings,2026-06-29,1507.73,Active,0.045,0
A0002665,C001509,P005,B0046,Savings,2024-05-23,125239.5,Dormant,0.055,0
A0002666,C000683,P008,B0054,Fixed Deposit,2026-01-25,42194.66,Active,0.085,0
A0002667,C000538,P004,B0035,Savings,2022-08-06,8625.57,Active,0.045,0
A0002668,C000750,P003,B0019,Current Account,2026-01-20,12255.92,Active,0.001,0
A0002669,C001309,P003,B0049,Current Account,2025-04-23,70610.45,Closed,0.001,0
A0002670,C001613,P006,B0051,Savings,2025-09-25,282110.73,Active,0.062,0
A0002671,C001142,P018,B0059,Current Account,2025-07-25,29552.44,Active,0.012,0
A0002672,C001911,P011,B0049,Credit Card,2026-02-25,-1554.89,Active,0.205,5000
A0002673,C001627,P001,B0021,Current Account,2025-12-17,55764.49,Active,0.002,0
A0002674,C000392,P005,B0052,Savings,2025-07-07,38420.99,Active,0.055,5200.0
A0002675,C000934,P018,B0046,Current Account,2026-05-27,25308.32,Active,0.012,0
A0002676,C001933,P012,B0015,Credit Card,2026-07-08,-6817.65,Closed,0.185,12200.0
A0002677,C001068,P001,B0050,Current Account,2025-01-05,18281.95,Active,0.002,0
A0002678,C001809,P003,B0020,Current Account,2026-07-17,3140.22,Active,0.001,0
A0002679,C000559,P018,B0016,Current Account,2023-09-21,139714.05,Active,0.012,0
A0002680,C001853,P005,B0019,Savings,2025-01-13,11844.07,Active,0.055,0
A0002681,C000667,P003,B0027,Current Account,2026-02-24,23934.57,Active,0.001,5200.0
A0002682,C000150,P010,B0005,Credit Card,2025-09-24,-1858.76,Active,0.215,5000
A0002683,C000375,P019,B0027,Money Market,2025-11-08,91452.68,Active,0.078,0
A0002684,C001658,P008,B0005,Fixed Deposit,2026-03-15,57768.76,Closed,0.085,0
A0002685,C000105,P004,B0006,Savings,2025-11-06,10447.1,Dormant,0.045,0
A0002686,C000322,P020,B0057,Current Account,2024-07-05,7400.71,Active,0.002,0
A0002687,C001189,P018,B0010,Current Account,2025-04-23,12259.62,Dormant,0.012,0
A0002688,C000794,P009,B0016,Money Market,2024-06-22,77729.97,Active,0.068,0
A0002689,C001096,P007,B0027,Notice Deposit,2024-12-06,23991.69,Active,0.075,0
A0002690,C000549,P018,B0023,Current Account,2026-06-30,10406.82,Active,0.012,5200.0
A0002691,C001863,P003,B0039,Current Account,2026-06-15,6630.94,Active,0.001,0
A0002692,C000097,P005,B0040,Savings,2023-02-03,17478.1,Active,0.055,0
A0002693,C000118,P012,B0002,Credit Card,2026-02-28,-2013.74,Active,0.185,5000
A0002694,C001713,P001,B0007,Current Account,2025-01-07,13101.79,Active,0.002,0
A0002695,C001130,P007,B0029,Notice Deposit,2024-10-26,26257.6,Active,0.075,0
A0002696,C000081,P006,B0017,Savings,2024-12-27,18538.33,Active,0.062,5200.0
A0002697,C000639,P010,B0057,Credit Card,2023-08-22,-8161.04,Active,0.215,12200.0
A0002698,C000540,P018,B0024,Current Account,2025-04-11,39265.69,Active,0.012,0
A0002699,C001306,P003,B0027,Current Account,2026-06-22,15711.06,Dormant,0.001,0
A0002700,C001815,P004,B0050,Savings,2025-05-10,5990.12,Active,0.045,0
A0002701,C000998,P004,B0049,Savings,2025-12-17,21248.2,Active,0.045,0
A0002702,C000957,P019,B0010,Money Market,2026-07-31,6566.59,Active,0.078,0
A0002703,C001421,P001,B0032,Current Account,2025-07-03,68496.83,Active,0.002,0
A0002704,C000894,P018,B0051,Current Account,2026-03-22,30267.88,Active,0.012,5200.0
A0002705,C000275,P005,B0017,Savings,2025-09-22,153895.51,Dormant,0.055,0
A0002706,C001833,P001,B0027,Current Account,2023-12-04,2504.7,Active,0.002,0
A0002707,C001770,P005,B0030,Savings,2025-03-13,20250.78,Active,0.055,0
A0002708,C001051,P012,B0008,Credit Card,2025-12-24,-573.44,Active,0.185,5000
A0002709,C001751,P011,B0037,Credit Card,2025-06-28,-7531.39,Active,0.205,12200.0
A0002710,C000439,P002,B0054,Current Account,2024-03-18,25534.92,Active,0.001,0
A0002711,C001249,P004,B0017,Savings,2024-09-07,31336.54,Dormant,0.045,0
A0002712,C001186,P020,B0045,Current Account,2024-08-13,16967.18,Dormant,0.002,5200.0
A0002713,C000588,P003,B0007,Current Account,2023-07-26,7286.23,Dormant,0.001,0
A0002714,C000055,P006,B0043,Savings,2024-10-13,23170.08,Active,0.062,5200.0
A0002715,C000791,P001,B0008,Current Account,2025-03-14,18647.18,Active,0.002,5200.0
A0002716,C000291,P003,B0056,Current Account,2026-01-17,204348.39,Active,0.001,0
A0002717,C001131,P006,B0021,Savings,2025-05-21,244680.71,Active,0.062,0
A0002718,C000463,P006,B0008,Savings,2024-11-27,38655.76,Active,0.062,1400.0
A0002719,C001393,P010,B0024,Credit Card,2025-04-17,-1028.78,Active,0.215,5000
A0002720,C001366,P002,B0049,Current Account,2026-04-01,39498.56,Active,0.001,0
A0002721,C000242,P004,B0002,Savings,2026-05-12,12567.25,Active,0.045,1400.0
A0002722,C000554,P010,B0027,Credit Card,2025-03-01,-1721.27,Active,0.215,5000
A0002723,C001230,P006,B0033,Savings,2026-04-07,41715.52,Active,0.062,0
A0002724,C001214,P007,B0033,Notice Deposit,2023-08-17,46983.13,Active,0.075,0
A0002725,C001678,P019,B0019,Money Market,2025-12-31,78443.34,Active,0.078,0
A0002726,C001767,P020,B0012,Current Account,2026-03-29,9667.43,Active,0.002,0
A0002727,C000871,P008,B0029,Fixed Deposit,2025-10-13,86329.65,Active,0.085,0
A0002728,C001482,P005,B0026,Savings,2026-04-08,4628.99,Dormant,0.055,0
A0002729,C001539,P006,B0050,Savings,2026-06-09,10732.85,Active,0.062,0
A0002730,C000758,P003,B0033,Current Account,2025-08-25,19175.8,Active,0.001,5200.0
A0002731,C001366,P001,B0044,Current Account,2026-04-03,49082.45,Active,0.002,0
A0002732,C001278,P011,B0004,Credit Card,2023-11-06,-5462.46,Active,0.205,12200.0
A0002733,C001032,P010,B0060,Credit Card,2026-03-04,-965.48,Active,0.215,5000
A0002734,C001497,P007,B0005,Notice Deposit,2026-04-26,73639.3,Dormant,0.075,0
A0002735,C000101,P003,B0054,Current Account,2022-07-27,8856.26,Active,0.001,0
A0002736,C001141,P001,B0029,Current Account,2025-02-25,18296.85,Active,0.002,0
A0002737,C001011,P006,B0012,Savings,2026-07-28,46997.39,Closed,0.062,0
A0002738,C000881,P006,B0037,Savings,2026-07-24,76625.64,Active,0.062,0
A0002739,C000221,P005,B0002,Savings,2026-02-01,319672.64,Active,0.055,0
A0002740,C001330,P003,B0053,Current Account,2024-04-16,250104.48,Active,0.001,0
A0002741,C001004,P020,B0001,Current Account,2023-06-14,20721.14,Active,0.002,0
A0002742,C001927,P008,B0053,Fixed Deposit,2023-10-20,20530.64,Active,0.085,0
A0002743,C001667,P005,B0007,Savings,2026-04-03,64289.19,Active,0.055,0
A0002744,C001371,P004,B0017,Savings,2026-03-09,37999.24,Active,0.045,0
A0002745,C000390,P018,B0016,Current Account,2024-10-28,3299.4,Active,0.012,1400.0
A0002746,C000584,P018,B0038,Current Account,2026-07-13,19197.88,Active,0.012,5200.0
A0002747,C000703,P006,B0011,Savings,2025-11-22,5955.71,Active,0.062,1400.0
A0002748,C000263,P002,B0054,Current Account,2024-10-19,5741.5,Active,0.001,0
A0002749,C000682,P006,B0051,Savings,2026-02-23,18885.85,Active,0.062,5200.0
A0002750,C001585,P008,B0039,Fixed Deposit,2025-04-30,36948.03,Active,0.085,0
A0002751,C001955,P018,B0048,Current Account,2024-09-13,13722.31,Active,0.012,0
A0002752,C001228,P012,B0037,Credit Card,2024-05-25,-674.73,Active,0.185,5000
A0002753,C001448,P020,B0016,Current Account,2026-07-14,7001.83,Active,0.002,0
A0002754,C000456,P018,B0016,Current Account,2025-12-23,10371.29,Dormant,0.012,5200.0
A0002755,C001303,P020,B0020,Current Account,2023-05-17,9388.58,Active,0.002,0
A0002756,C000227,P003,B0001,Current Account,2025-11-26,21709.61,Active,0.001,0
A0002757,C001321,P008,B0008,Fixed Deposit,2024-08-09,76278.59,Active,0.085,0
A0002758,C000170,P006,B0043,Savings,2024-09-03,32798.85,Active,0.062,5200.0
A0002759,C001808,P001,B0009,Current Account,2026-07-17,6858.7,Active,0.002,1400.0
A0002760,C000393,P019,B0044,Money Market,2024-08-03,24138.82,Dormant,0.078,0
A0002761,C000676,P009,B0011,Money Market,2026-02-12,21926.34,Active,0.068,0
A0002762,C000847,P011,B0002,Credit Card,2026-03-13,-1594.72,Active,0.205,5000
A0002763,C000386,P004,B0022,Savings,2026-02-28,14529.93,Active,0.045,0
A0002764,C001327,P001,B0050,Current Account,2025-02-20,6067.84,Active,0.002,0
A0002765,C000740,P011,B0055,Credit Card,2026-02-07,-675.87,Active,0.205,5000
A0002766,C000875,P006,B0033,Savings,2026-07-14,36383.25,Active,0.062,0
A0002767,C000277,P003,B0057,Current Account,2026-05-23,2311.45,Active,0.001,1400.0
A0002768,C001488,P004,B0027,Savings,2024-09-24,25645.22,Active,0.045,5200.0
A0002769,C000583,P009,B0037,Money Market,2024-10-04,49342.93,Active,0.068,0
A0002770,C001151,P010,B0051,Credit Card,2026-07-01,-3439.4,Dormant,0.215,42000.0
A0002771,C000555,P010,B0012,Credit Card,2025-08-18,-1699.06,Active,0.215,5000
A0002772,C001225,P008,B0030,Fixed Deposit,2023-07-17,56079.17,Active,0.085,0
A0002773,C000389,P008,B0022,Fixed Deposit,2026-07-03,15310.09,Active,0.085,0
A0002774,C001231,P010,B0047,Credit Card,2025-11-25,-2454.64,Closed,0.215,12200.0
A0002775,C001345,P018,B0039,Current Account,2024-03-09,105260.85,Active,0.012,0
A0002776,C000414,P018,B0028,Current Account,2026-01-14,74904.46,Active,0.012,0
A0002777,C001650,P018,B0046,Current Account,2026-02-05,779957.46,Active,0.012,0
A0002778,C000652,P018,B0036,Current Account,2026-03-23,6412.76,Dormant,0.012,0
A0002779,C001213,P006,B0033,Savings,2025-02-02,4715.21,Active,0.062,1400.0
A0002780,C000836,P006,B0030,Savings,2026-05-11,30222.26,Active,0.062,5200.0
A0002781,C001760,P020,B0038,Current Account,2022-05-10,4203.58,Active,0.002,0
A0002782,C001600,P010,B0037,Credit Card,2026-05-16,-2046.61,Active,0.215,5000
A0002783,C000728,P008,B0031,Fixed Deposit,2025-07-28,14652.47,Active,0.085,0
A0002784,C000255,P001,B0004,Current Account,2026-04-27,114705.4,Active,0.002,0
A0002785,C001880,P004,B0003,Savings,2026-07-17,16562.26,Active,0.045,5200.0
A0002786,C000819,P005,B0058,Savings,2026-06-11,64478.63,Active,0.055,0
A0002787,C001552,P002,B0002,Current Account,2023-02-11,5381.67,Active,0.001,0
A0002788,C001476,P005,B0006,Savings,2025-06-30,121384.62,Active,0.055,0
A0002789,C000225,P003,B0012,Current Account,2022-07-25,87588.69,Active,0.001,0
A0002790,C001026,P005,B0012,Savings,2026-07-06,18388.01,Active,0.055,0
A0002791,C000853,P006,B0050,Savings,2025-10-19,41856.7,Active,0.062,0
A0002792,C000256,P018,B0003,Current Account,2026-01-31,20379.44,Active,0.012,0
A0002793,C000228,P018,B0040,Current Account,2023-08-15,224313.87,Active,0.012,0
A0002794,C000467,P006,B0023,Savings,2025-05-11,83882.45,Active,0.062,0
A0002795,C000049,P012,B0033,Credit Card,2025-01-10,-2180.99,Active,0.185,5000
A0002796,C001691,P018,B0050,Current Account,2024-11-08,13213.44,Active,0.012,0
A0002797,C000254,P008,B0008,Fixed Deposit,2025-03-03,9211.98,Active,0.085,0
A0002798,C001902,P001,B0015,Current Account,2024-04-03,61371.63,Active,0.002,5200.0
A0002799,C000212,P002,B0012,Current Account,2023-05-01,21102.21,Dormant,0.001,1400.0
A0002800,C000208,P001,B0036,Current Account,2022-10-22,11324.89,Active,0.002,0
A0002801,C001594,P005,B0022,Savings,2026-07-16,6340.94,Active,0.055,0
A0002802,C000618,P006,B0029,Savings,2023-08-11,79152.45,Active,0.062,5200.0
A0002803,C001205,P007,B0053,Notice Deposit,2024-04-16,11446.99,Closed,0.075,0
A0002804,C001242,P003,B0012,Current Account,2025-12-20,40260.45,Active,0.001,0
A0002805,C000323,P006,B0005,Savings,2026-01-14,22559.25,Active,0.062,0
A0002806,C000870,P004,B0020,Savings,2023-11-12,2123.67,Active,0.045,1400.0
A0002807,C000688,P002,B0009,Current Account,2026-01-17,48023.92,Active,0.001,0
A0002808,C000096,P006,B0060,Savings,2022-08-31,5054.78,Dormant,0.062,0
A0002809,C001419,P002,B0018,Current Account,2025-10-06,8830.48,Active,0.001,1400.0
A0002810,C001645,P004,B0008,Savings,2022-04-02,7423.28,Active,0.045,0
A0002811,C000947,P018,B0042,Current Account,2026-04-25,9313.51,Closed,0.012,1400.0
A0002812,C001483,P003,B0057,Current Account,2025-11-10,38890.92,Active,0.001,0
A0002813,C000582,P002,B0006,Current Account,2025-09-20,3275.07,Active,0.001,0
A0002814,C000979,P018,B0022,Current Account,2026-06-01,7635.35,Dormant,0.012,0
A0002815,C000835,P007,B0057,Notice Deposit,2026-03-27,7821.21,Dormant,0.075,0
A0002816,C000267,P003,B0033,Current Account,2025-01-17,280624.66,Active,0.001,0
A0002817,C001145,P002,B0037,Current Account,2026-07-05,11713.03,Active,0.001,1400.0
A0002818,C000600,P002,B0044,Current Account,2024-08-10,42018.38,Active,0.001,0
A0002819,C001180,P020,B0024,Current Account,2023-01-12,48367.11,Active,0.002,0
A0002820,C001534,P006,B0034,Savings,2026-06-30,7569.68,Active,0.062,0
A0002821,C000433,P002,B0028,Current Account,2026-04-01,156201.71,Closed,0.001,0
A0002822,C000159,P006,B0004,Savings,2025-06-24,60770.17,Active,0.062,0
A0002823,C001934,P020,B0037,Current Account,2025-10-12,7133.91,Active,0.002,1400.0
A0002824,C000598,P006,B0028,Savings,2024-01-27,63477.04,Active,0.062,0
A0002825,C001993,P001,B0027,Current Account,2025-07-18,3086.8,Active,0.002,1400.0
A0002826,C001976,P020,B0038,Current Account,2025-09-25,64844.56,Active,0.002,0
A0002827,C000888,P002,B0048,Current Account,2025-08-22,1377.49,Dormant,0.001,0
A0002828,C000489,P003,B0057,Current Account,2022-04-14,18127.91,Active,0.001,0
A0002829,C000998,P011,B0023,Credit Card,2025-12-17,-1801.65,Active,0.205,5000
A0002830,C001393,P020,B0047,Current Account,2026-07-23,41987.95,Active,0.002,0
A0002831,C000395,P002,B0046,Current Account,2026-03-12,12688.37,Active,0.001,0
A0002832,C001695,P018,B0006,Current Account,2023-11-30,4997.73,Dormant,0.012,0
A0002833,C000726,P008,B0012,Fixed Deposit,2026-07-18,24207.93,Active,0.085,0
A0002834,C001248,P007,B0016,Notice Deposit,2026-07-15,72278.1,Active,0.075,0
A0002835,C001647,P001,B0026,Current Account,2023-10-06,13579.67,Dormant,0.002,0
A0002836,C000774,P006,B0038,Savings,2024-08-23,26658.63,Active,0.062,0
A0002837,C000926,P018,B0055,Current Account,2025-01-14,34410.33,Active,0.012,0
A0002838,C001014,P003,B0013,Current Account,2026-01-06,99786.5,Active,0.001,0
A0002839,C001982,P005,B0011,Savings,2023-09-14,7613.98,Active,0.055,1400.0
A0002840,C001651,P002,B0059,Current Account,2025-11-09,10505.07,Active,0.001,0
A0002841,C001285,P011,B0029,Credit Card,2026-05-23,-1616.84,Active,0.205,5000
A0002842,C001315,P006,B0055,Savings,2025-11-12,3928.79,Active,0.062,0
A0002843,C001632,P005,B0020,Savings,2025-02-19,167789.87,Active,0.055,0
A0002844,C001967,P001,B0056,Current Account,2026-04-22,159474.28,Active,0.002,18000.0
A0002845,C000714,P019,B0021,Money Market,2025-04-23,48545.66,Active,0.078,0
A0002846,C000983,P003,B0011,Current Account,2023-12-29,63493.02,Active,0.001,0
A0002847,C001082,P012,B0058,Credit Card,2025-09-22,-963.25,Active,0.185,12200.0
A0002848,C000889,P010,B0026,Credit Card,2024-01-08,-7058.41,Active,0.215,12200.0
A0002849,C000093,P002,B0011,Current Account,2022-07-27,9259.65,Active,0.001,1400.0
A0002850,C000195,P008,B0033,Fixed Deposit,2026-07-07,89691.39,Active,0.085,0
A0002851,C000833,P020,B0019,Current Account,2025-08-19,59259.0,Active,0.002,0
A0002852,C000807,P006,B0015,Savings,2024-06-15,22341.63,Active,0.062,0
A0002853,C000232,P012,B0054,Credit Card,2026-06-20,-7380.74,Active,0.185,12200.0
A0002854,C001316,P006,B0035,Savings,2026-05-16,61164.32,Active,0.062,0
A0002855,C000326,P005,B0042,Savings,2024-03-06,5198.31,Active,0.055,0
A0002856,C001215,P018,B0036,Current Account,2026-03-21,10452.0,Active,0.012,1400.0
A0002857,C001060,P001,B0060,Current Account,2026-06-14,33731.71,Active,0.002,0
A0002858,C000159,P002,B0029,Current Account,2026-05-23,37641.87,Active,0.001,0
A0002859,C000530,P007,B0005,Notice Deposit,2025-09-29,8082.16,Active,0.075,0
A0002860,C001226,P002,B0026,Current Account,2026-02-17,18115.06,Active,0.001,0
A0002861,C001886,P003,B0029,Current Account,2025-11-28,16622.25,Active,0.001,0
A0002862,C000974,P020,B0045,Current Account,2023-05-01,9374.87,Closed,0.002,0
A0002863,C001710,P008,B0053,Fixed Deposit,2023-08-14,13725.54,Active,0.085,0
A0002864,C001081,P010,B0053,Credit Card,2025-06-18,-8186.99,Active,0.215,12200.0
A0002865,C000243,P010,B0026,Credit Card,2025-01-25,-986.21,Active,0.215,5000
A0002866,C000416,P007,B0042,Notice Deposit,2023-06-07,15907.22,Dormant,0.075,0
A0002867,C001696,P006,B0003,Savings,2025-05-20,354362.53,Dormant,0.062,0
A0002868,C000749,P020,B0048,Current Account,2024-05-17,9059.69,Active,0.002,0
A0002869,C000501,P018,B0035,Current Account,2025-01-11,10441.91,Active,0.012,0
A0002870,C001161,P004,B0052,Savings,2026-04-10,18329.07,Active,0.045,0
A0002871,C001632,P004,B0029,Savings,2024-11-15,30160.58,Active,0.045,0
A0002872,C000090,P002,B0029,Current Account,2023-06-04,9557.38,Active,0.001,0
A0002873,C000821,P005,B0017,Savings,2024-10-05,16992.31,Active,0.055,0
A0002874,C001857,P002,B0035,Current Account,2025-05-06,8770.28,Active,0.001,5200.0
A0002875,C000570,P004,B0017,Savings,2023-01-25,20625.93,Active,0.045,1400.0
A0002876,C000834,P004,B0045,Savings,2026-07-25,7414.31,Active,0.045,0
A0002877,C001617,P008,B0052,Fixed Deposit,2024-08-02,18410.17,Active,0.085,0
A0002878,C000247,P004,B0007,Savings,2026-06-15,3930.8,Active,0.045,0
A0002879,C000385,P020,B0024,Current Account,2025-02-25,7537.6,Active,0.002,0
A0002880,C001216,P011,B0038,Credit Card,2024-02-01,-4734.32,Dormant,0.205,12200.0
A0002881,C001829,P012,B0026,Credit Card,2024-08-09,-6570.74,Active,0.185,12200.0
A0002882,C000889,P019,B0005,Money Market,2026-03-24,91124.17,Active,0.078,0
A0002883,C001384,P002,B0006,Current Account,2024-08-10,93265.13,Active,0.001,5200.0
A0002884,C001781,P005,B0043,Savings,2026-01-19,14769.75,Active,0.055,0
A0002885,C001500,P006,B0017,Savings,2025-02-13,8594.74,Active,0.062,0
A0002886,C001793,P018,B0005,Current Account,2025-10-31,24620.38,Dormant,0.012,0
A0002887,C000575,P008,B0022,Fixed Deposit,2023-09-01,37199.07,Active,0.085,0
A0002888,C000283,P004,B0006,Savings,2026-01-21,2871.85,Active,0.045,0
A0002889,C000020,P009,B0036,Money Market,2026-07-11,21838.38,Active,0.068,0
A0002890,C001320,P018,B0014,Current Account,2026-04-01,11911.77,Closed,0.012,0
A0002891,C000308,P020,B0043,Current Account,2026-04-05,35605.06,Active,0.002,0
A0002892,C000233,P003,B0026,Current Account,2025-06-29,12685.09,Active,0.001,0
A0002893,C000139,P001,B0022,Current Account,2024-11-21,18611.17,Closed,0.002,5200.0
A0002894,C001024,P003,B0029,Current Account,2026-01-22,11786.0,Active,0.001,0
A0002895,C000362,P003,B0057,Current Account,2026-01-26,71217.93,Active,0.001,0
A0002896,C000991,P005,B0049,Savings,2026-07-29,50911.9,Active,0.055,0
A0002897,C000217,P020,B0024,Current Account,2025-10-28,17665.89,Active,0.002,0
A0002898,C000114,P001,B0044,Current Account,2026-01-17,2924.14,Active,0.002,0
A0002899,C000553,P007,B0016,Notice Deposit,2025-09-04,68899.46,Active,0.075,0
A0002900,C001931,P020,B0054,Current Account,2026-01-25,6028.16,Active,0.002,0
A0002901,C000184,P006,B0029,Savings,2025-09-15,53338.08,Active,0.062,5200.0
A0002902,C001524,P012,B0051,Credit Card,2026-06-06,-2213.18,Dormant,0.185,5000
A0002903,C000390,P001,B0059,Current Account,2025-02-07,20288.14,Active,0.002,0
A0002904,C000044,P006,B0002,Savings,2025-08-13,26207.71,Active,0.062,0
A0002905,C001356,P009,B0041,Money Market,2025-04-10,10813.77,Active,0.068,0
A0002906,C001232,P006,B0035,Savings,2026-07-17,134375.88,Active,0.062,0
A0002907,C000863,P020,B0042,Current Account,2026-05-18,42538.78,Active,0.002,0
A0002908,C000730,P008,B0011,Fixed Deposit,2025-09-26,33550.02,Active,0.085,0
A0002909,C001293,P004,B0008,Savings,2024-12-27,30206.05,Active,0.045,0
A0002910,C001053,P007,B0013,Notice Deposit,2023-02-09,40313.82,Closed,0.075,0
A0002911,C000692,P009,B0022,Money Market,2025-08-30,20508.21,Active,0.068,0
A0002912,C001760,P005,B0048,Savings,2024-02-21,11392.53,Active,0.055,0
A0002913,C001735,P018,B0044,Current Account,2024-12-27,4744.35,Active,0.012,0
A0002914,C001740,P011,B0035,Credit Card,2025-08-05,-4787.52,Active,0.205,12200.0
A0002915,C000121,P018,B0017,Current Account,2025-05-29,33598.77,Dormant,0.012,5200.0
A0002916,C000509,P011,B0011,Credit Card,2023-09-27,-920.34,Active,0.205,5000
A0002917,C000885,P008,B0014,Fixed Deposit,2024-07-26,224496.72,Closed,0.085,0
A0002918,C000543,P018,B0005,Current Account,2025-10-06,3644.08,Active,0.012,0
A0002919,C000210,P007,B0054,Notice Deposit,2026-06-09,14722.34,Active,0.075,0
A0002920,C000537,P018,B0024,Current Account,2026-06-17,27794.29,Active,0.012,0
A0002921,C000698,P008,B0001,Fixed Deposit,2026-04-27,13298.42,Active,0.085,0
A0002922,C000720,P020,B0060,Current Account,2025-09-07,12930.21,Active,0.002,1400.0
A0002923,C001748,P007,B0040,Notice Deposit,2026-06-19,56028.27,Active,0.075,0
A0002924,C000371,P001,B0039,Current Account,2026-05-17,52216.85,Active,0.002,5200.0
A0002925,C000459,P004,B0050,Savings,2025-10-26,133755.88,Active,0.045,0
A0002926,C000302,P018,B0025,Current Account,2026-07-20,48377.85,Active,0.012,0
A0002927,C000452,P019,B0055,Money Market,2025-07-04,906745.1,Dormant,0.078,0
A0002928,C001233,P018,B0028,Current Account,2025-10-27,41769.45,Active,0.012,5200.0
A0002929,C000618,P008,B0037,Fixed Deposit,2023-07-23,39277.6,Active,0.085,0
A0002930,C000091,P007,B0019,Notice Deposit,2023-11-01,70928.58,Active,0.075,0
A0002931,C000384,P002,B0041,Current Account,2026-02-28,315250.16,Active,0.001,0
A0002932,C000801,P008,B0007,Fixed Deposit,2023-06-10,17614.27,Active,0.085,0
A0002933,C000293,P003,B0019,Current Account,2026-01-20,10288.29,Active,0.001,0
A0002934,C001627,P012,B0051,Credit Card,2024-03-26,-6950.92,Active,0.185,12200.0
A0002935,C001059,P005,B0030,Savings,2023-08-04,9366.97,Active,0.055,0
A0002936,C000115,P012,B0026,Credit Card,2026-02-23,-1380.88,Active,0.185,5000
A0002937,C001831,P003,B0007,Current Account,2025-04-08,3365.16,Active,0.001,0
A0002938,C000030,P003,B0038,Current Account,2026-02-03,60560.39,Active,0.001,18000.0
A0002939,C000941,P007,B0030,Notice Deposit,2024-09-04,230956.54,Active,0.075,0
A0002940,C000526,P005,B0008,Savings,2026-02-09,8922.14,Dormant,0.055,0
A0002941,C001775,P020,B0016,Current Account,2026-04-24,17403.07,Active,0.002,0
A0002942,C001207,P001,B0045,Current Account,2024-03-02,15797.27,Active,0.002,1400.0
A0002943,C001078,P006,B0045,Savings,2026-05-25,6369.17,Dormant,0.062,0
A0002944,C001943,P005,B0005,Savings,2025-12-14,3012.06,Active,0.055,0
A0002945,C000856,P020,B0028,Current Account,2022-05-19,6031.83,Active,0.002,0
A0002946,C001785,P006,B0010,Savings,2024-08-31,22164.66,Active,0.062,1400.0
A0002947,C000010,P018,B0022,Current Account,2026-04-05,133728.44,Active,0.012,0
A0002948,C001944,P020,B0033,Current Account,2024-10-21,8131.97,Active,0.002,0
A0002949,C000868,P012,B0028,Credit Card,2025-11-19,-5541.93,Active,0.185,12200.0
A0002950,C000562,P005,B0027,Savings,2026-07-31,110391.17,Dormant,0.055,0
A0002951,C001208,P008,B0002,Fixed Deposit,2025-07-26,16454.05,Active,0.085,0
A0002952,C001416,P011,B0042,Credit Card,2025-10-19,-1439.63,Active,0.205,5000
A0002953,C001392,P019,B0022,Money Market,2026-07-23,16610.08,Active,0.078,0
A0002954,C000430,P004,B0023,Savings,2025-11-10,22452.9,Dormant,0.045,0
A0002955,C001545,P002,B0005,Current Account,2024-06-11,44926.97,Active,0.001,5200.0
A0002956,C000831,P001,B0004,Current Account,2026-05-02,21411.46,Active,0.002,5200.0
A0002957,C001921,P006,B0033,Savings,2024-11-19,26579.89,Active,0.062,1400.0
A0002958,C001578,P020,B0037,Current Account,2024-11-24,52705.93,Dormant,0.002,0
A0002959,C001463,P002,B0023,Current Account,2023-09-07,178824.4,Closed,0.001,0
A0002960,C001530,P009,B0003,Money Market,2025-07-15,8766.87,Active,0.068,0
A0002961,C001140,P001,B0023,Current Account,2026-07-23,8532.77,Active,0.002,0
A0002962,C001942,P003,B0054,Current Account,2025-05-21,146703.07,Active,0.001,0
A0002963,C001218,P004,B0049,Savings,2026-03-16,68070.48,Active,0.045,5200.0
A0002964,C001943,P001,B0032,Current Account,2025-04-21,10924.22,Active,0.002,0
A0002965,C001107,P005,B0027,Savings,2024-06-18,60160.22,Active,0.055,0
A0002966,C001952,P004,B0025,Savings,2025-06-23,3708.63,Active,0.045,1400.0
A0002967,C000491,P008,B0008,Fixed Deposit,2026-06-24,86344.57,Active,0.085,0
A0002968,C001541,P007,B0024,Notice Deposit,2026-07-17,20290.33,Active,0.075,0
A0002969,C000326,P010,B0042,Credit Card,2026-05-29,-2006.1,Active,0.215,5000
A0002970,C001971,P008,B0016,Fixed Deposit,2023-09-14,10041.76,Active,0.085,0
A0002971,C001012,P008,B0053,Fixed Deposit,2024-07-05,20662.69,Dormant,0.085,0
A0002972,C001563,P007,B0018,Notice Deposit,2025-07-13,59008.17,Active,0.075,0
A0002973,C001408,P004,B0031,Savings,2026-07-30,48431.87,Active,0.045,0
A0002974,C001954,P011,B0003,Credit Card,2026-07-27,-952.97,Active,0.205,5000
A0002975,C001306,P011,B0037,Credit Card,2022-08-23,-1670.94,Active,0.205,12200.0
A0002976,C001626,P018,B0025,Current Account,2024-09-20,12591.9,Active,0.012,0
A0002977,C001903,P018,B0034,Current Account,2026-07-30,278018.27,Active,0.012,0
A0002978,C001287,P010,B0015,Credit Card,2023-06-05,-4500.26,Active,0.215,12200.0
A0002979,C001095,P019,B0023,Money Market,2025-10-24,19741.55,Active,0.078,0
A0002980,C000482,P001,B0036,Current Account,2025-11-02,23092.72,Active,0.002,0
A0002981,C000058,P007,B0035,Notice Deposit,2025-06-21,15446.4,Active,0.075,0
A0002982,C000988,P020,B0013,Current Account,2026-06-01,78219.5,Active,0.002,0
A0002983,C001007,P001,B0028,Current Account,2026-05-17,24163.38,Active,0.002,0
A0002984,C001417,P019,B0056,Money Market,2024-02-15,13300.71,Active,0.078,0
A0002985,C000749,P002,B0005,Current Account,2025-12-06,14869.71,Active,0.001,0
A0002986,C001110,P018,B0047,Current Account,2026-07-23,12082.35,Active,0.012,0
A0002987,C000135,P003,B0024,Current Account,2025-07-29,3688.36,Active,0.001,0
A0002988,C001196,P001,B0008,Current Account,2024-04-05,9092.36,Active,0.002,1400.0
A0002989,C000086,P001,B0018,Current Account,2026-07-12,35953.61,Closed,0.002,0
A0002990,C001220,P005,B0030,Savings,2024-05-31,6301.56,Active,0.055,0
A0002991,C001438,P011,B0034,Credit Card,2026-05-11,-776.85,Active,0.205,5000
A0002992,C000167,P010,B0052,Credit Card,2025-02-19,-92686.71,Active,0.215,147000.0
A0002993,C000830,P001,B0051,Current Account,2024-10-28,21072.92,Closed,0.002,0
A0002994,C001184,P004,B0005,Savings,2023-10-07,606091.2,Active,0.045,0
A0002995,C001693,P018,B0059,Current Account,2024-11-13,4233.45,Active,0.012,0
A0002996,C001634,P003,B0049,Current Account,2025-07-23,6057.79,Active,0.001,0
A0002997,C001452,P020,B0059,Current Account,2024-08-08,12615.99,Active,0.002,0
A0002998,C000429,P002,B0050,Current Account,2025-10-29,9389.05,Dormant,0.001,0
A0002999,C001393,P005,B0024,Savings,2026-03-06,6137.14,Dormant,0.055,0
A0003000,C001075,P007,B0055,Notice Deposit,2026-05-14,314111.48,Active,0.075,0
A0003001,C000974,P020,B0030,Current Account,2024-12-30,9156.7,Active,0.002,0
A0003002,C001176,P005,B0055,Savings,2023-12-19,6029.26,Active,0.055,0
A0003003,C000954,P003,B0049,Current Account,2026-04-25,8722.88,Active,0.001,1400.0
A0003004,C001231,P007,B0024,Notice Deposit,2026-05-07,60131.97,Active,0.075,0
A0003005,C001460,P001,B0045,Current Account,2026-02-19,99938.92,Active,0.002,5200.0
A0003006,C001135,P012,B0012,Credit Card,2025-06-24,-8416.74,Active,0.185,12200.0
A0003007,C000282,P011,B0025,Credit Card,2025-05-31,-620.05,Active,0.205,5000
A0003008,C001210,P003,B0015,Current Account,2024-03-28,48892.65,Active,0.001,0
A0003009,C000674,P008,B0042,Fixed Deposit,2023-10-30,15361.4,Active,0.085,0
A0003010,C001331,P018,B0044,Current Account,2026-06-16,22426.67,Active,0.012,0
A0003011,C000577,P002,B0041,Current Account,2026-03-26,13495.83,Active,0.001,0
A0003012,C001445,P020,B0059,Current Account,2025-01-22,21891.64,Active,0.002,5200.0
A0003013,C000215,P011,B0002,Credit Card,2025-12-16,-755.96,Active,0.205,5000
A0003014,C001179,P018,B0013,Current Account,2026-03-09,22900.3,Active,0.012,5200.0
A0003015,C001336,P002,B0038,Current Account,2026-06-08,7640.38,Active,0.001,0
A0003016,C000784,P001,B0055,Current Account,2024-12-13,9689.32,Active,0.002,5200.0
A0003017,C001270,P018,B0031,Current Account,2024-07-27,5691.52,Active,0.012,0
A0003018,C000873,P012,B0049,Credit Card,2025-09-19,-683.68,Active,0.185,12200.0
A0003019,C001379,P020,B0041,Current Account,2023-04-09,152744.61,Active,0.002,5200.0
A0003020,C001803,P002,B0007,Current Account,2025-08-12,40652.29,Active,0.001,0
A0003021,C001057,P010,B0017,Credit Card,2026-07-26,-14674.57,Active,0.215,42000.0
A0003022,C000145,P018,B0052,Current Account,2026-02-13,51120.76,Active,0.012,0
A0003023,C000326,P011,B0042,Credit Card,2023-09-29,-2193.0,Active,0.205,5000
A0003024,C000234,P001,B0030,Current Account,2025-02-19,9388.93,Active,0.002,0
A0003025,C000707,P005,B0013,Savings,2026-05-26,148274.34,Active,0.055,5200.0
A0003026,C000614,P001,B0009,Current Account,2025-11-08,3225.05,Dormant,0.002,1400.0
A0003027,C001109,P005,B0024,Savings,2025-03-10,2336.97,Active,0.055,1400.0
A0003028,C001899,P004,B0037,Savings,2023-11-29,35383.54,Active,0.045,1400.0
A0003029,C001729,P004,B0022,Savings,2024-05-18,479195.2,Closed,0.045,0
A0003030,C000992,P001,B0051,Current Account,2025-10-21,7179.19,Active,0.002,1400.0
A0003031,C000946,P005,B0047,Savings,2023-08-18,61721.57,Active,0.055,0
A0003032,C000109,P009,B0027,Money Market,2022-12-09,48014.31,Active,0.068,0
A0003033,C000839,P002,B0017,Current Account,2025-01-13,102210.61,Active,0.001,0
A0003034,C000398,P020,B0032,Current Account,2026-03-10,36553.91,Active,0.002,0
A0003035,C000197,P018,B0048,Current Account,2023-07-23,56420.49,Active,0.012,5200.0
A0003036,C001232,P004,B0009,Savings,2026-07-31,546140.77,Active,0.045,0
A0003037,C001025,P007,B0022,Notice Deposit,2022-05-29,19495.52,Active,0.075,0
A0003038,C000398,P020,B0038,Current Account,2026-02-18,293380.11,Dormant,0.002,0
A0003039,C001973,P002,B0011,Current Account,2024-09-21,7945.29,Active,0.001,0
A0003040,C000790,P018,B0010,Current Account,2026-06-05,3547.02,Active,0.012,0
A0003041,C000792,P006,B0035,Savings,2026-06-10,6335.67,Active,0.062,0
A0003042,C000417,P012,B0044,Credit Card,2023-09-16,-948.11,Active,0.185,12200.0
A0003043,C000196,P008,B0037,Fixed Deposit,2024-10-21,22445.81,Active,0.085,0
A0003044,C001650,P020,B0057,Current Account,2025-06-03,1565862.69,Active,0.002,0
A0003045,C000246,P007,B0046,Notice Deposit,2024-09-18,14781.29,Active,0.075,0
A0003046,C001948,P002,B0026,Current Account,2025-04-22,13161.0,Active,0.001,0
A0003047,C000428,P010,B0003,Credit Card,2025-03-16,-1156.15,Active,0.215,12200.0
A0003048,C000719,P008,B0023,Fixed Deposit,2025-05-22,14903.47,Active,0.085,0
A0003049,C001704,P020,B0038,Current Account,2026-01-11,41074.59,Active,0.002,5200.0
A0003050,C001618,P001,B0001,Current Account,2023-05-16,58336.62,Dormant,0.002,0
A0003051,C001146,P020,B0019,Current Account,2026-03-28,37263.49,Active,0.002,0
A0003052,C000387,P020,B0009,Current Account,2024-02-09,4841.89,Active,0.002,0
A0003053,C000764,P018,B0034,Current Account,2026-05-21,136893.83,Active,0.012,0
A0003054,C001360,P019,B0025,Money Market,2024-11-11,59702.34,Active,0.078,0
A0003055,C001312,P007,B0043,Notice Deposit,2023-04-28,48203.28,Active,0.075,0
A0003056,C000642,P012,B0016,Credit Card,2023-11-06,-6219.63,Active,0.185,12200.0
A0003057,C001104,P008,B0055,Fixed Deposit,2025-04-30,18134.93,Active,0.085,0
A0003058,C000141,P001,B0043,Current Account,2025-12-13,31291.92,Active,0.002,0
A0003059,C000407,P001,B0030,Current Account,2026-01-29,28326.08,Active,0.002,0
A0003060,C001413,P020,B0057,Current Account,2024-04-21,6749.13,Active,0.002,0
A0003061,C001581,P008,B0057,Fixed Deposit,2026-04-02,24146.96,Dormant,0.085,0
A0003062,C001530,P020,B0030,Current Account,2025-09-29,6613.45,Active,0.002,0
A0003063,C000605,P007,B0019,Notice Deposit,2026-01-29,75610.22,Active,0.075,0
A0003064,C001643,P008,B0055,Fixed Deposit,2025-03-04,44372.12,Active,0.085,0
A0003065,C001754,P002,B0011,Current Account,2023-09-10,13232.8,Active,0.001,0
A0003066,C001073,P008,B0019,Fixed Deposit,2024-11-10,110395.98,Active,0.085,0
A0003067,C001827,P006,B0032,Savings,2026-07-30,3219.39,Active,0.062,0
A0003068,C001438,P010,B0040,Credit Card,2026-05-17,-1137.16,Active,0.215,5000
A0003069,C001477,P008,B0041,Fixed Deposit,2024-05-09,12511.5,Dormant,0.085,0
A0003070,C000537,P018,B0025,Current Account,2025-04-25,19061.35,Active,0.012,0
A0003071,C001634,P010,B0019,Credit Card,2024-08-12,-2098.13,Active,0.215,5000
A0003072,C001367,P018,B0049,Current Account,2024-08-09,45597.96,Active,0.012,0
A0003073,C001978,P004,B0019,Savings,2026-07-01,11644.62,Active,0.045,1400.0
A0003074,C000187,P008,B0041,Fixed Deposit,2024-12-06,84299.16,Dormant,0.085,0
A0003075,C000161,P001,B0053,Current Account,2026-01-22,43877.55,Active,0.002,0
A0003076,C000254,P006,B0008,Savings,2025-06-21,5912.44,Active,0.062,0
A0003077,C001683,P018,B0054,Current Account,2025-07-16,21890.89,Active,0.012,0
A0003078,C001208,P009,B0001,Money Market,2025-09-22,21150.2,Active,0.068,0
A0003079,C000956,P012,B0001,Credit Card,2026-06-02,-1284.19,Active,0.185,5000
A0003080,C000987,P001,B0035,Current Account,2025-02-25,438374.18,Active,0.002,18000.0
A0003081,C000566,P012,B0011,Credit Card,2026-05-28,-2194.89,Active,0.185,42000.0
A0003082,C000259,P003,B0023,Current Account,2026-07-03,2643.11,Active,0.001,0
A0003083,C001381,P020,B0023,Current Account,2025-06-25,18060.21,Active,0.002,0
A0003084,C001628,P020,B0006,Current Account,2026-07-31,208975.32,Active,0.002,0
A0003085,C001214,P002,B0005,Current Account,2024-09-08,5458.23,Active,0.001,5200.0
A0003086,C000768,P011,B0008,Credit Card,2022-04-29,-1703.62,Active,0.205,5000
A0003087,C000671,P001,B0029,Current Account,2024-12-13,9242.6,Active,0.002,5200.0
A0003088,C001759,P020,B0020,Current Account,2025-04-26,38570.19,Active,0.002,0
A0003089,C000983,P007,B0041,Notice Deposit,2024-02-25,23529.44,Active,0.075,0
A0003090,C001265,P020,B0022,Current Account,2024-05-30,432827.98,Active,0.002,0
A0003091,C000480,P011,B0043,Credit Card,2025-07-28,-1285.02,Active,0.205,5000
A0003092,C000197,P012,B0032,Credit Card,2025-10-04,-8361.39,Active,0.185,12200.0
A0003093,C000508,P001,B0005,Current Account,2026-02-05,19278.9,Active,0.002,0
A0003094,C001461,P004,B0049,Savings,2025-11-04,5252.3,Active,0.045,0
A0003095,C000521,P005,B0027,Savings,2026-05-13,9147.1,Active,0.055,0
A0003096,C001347,P004,B0050,Savings,2026-07-27,13859.02,Active,0.045,0
A0003097,C000853,P020,B0050,Current Account,2025-03-11,162842.11,Active,0.002,0
A0003098,C001379,P020,B0011,Current Account,2025-02-16,77157.11,Active,0.002,0
A0003099,C001171,P002,B0003,Current Account,2024-02-28,18438.64,Active,0.001,1400.0
A0003100,C001818,P004,B0042,Savings,2025-11-30,21435.16,Active,0.045,5200.0
A0003101,C000312,P006,B0035,Savings,2022-05-10,3692.01,Active,0.062,0
A0003102,C001499,P003,B0022,Current Account,2024-04-02,11913.68,Active,0.001,1400.0
A0003103,C001845,P009,B0047,Money Market,2025-02-24,23484.36,Active,0.068,0
A0003104,C001414,P018,B0038,Current Account,2026-06-27,1713.6,Active,0.012,0
A0003105,C000889,P002,B0006,Current Account,2025-01-09,78699.92,Active,0.001,0
A0003106,C001640,P005,B0021,Savings,2026-06-30,83072.13,Active,0.055,0
A0003107,C001651,P003,B0056,Current Account,2026-04-04,2711.09,Active,0.001,1400.0
A0003108,C001324,P004,B0009,Savings,2025-12-01,28344.07,Active,0.045,0
A0003109,C001101,P005,B0029,Savings,2025-10-28,13128.54,Active,0.055,0
A0003110,C001712,P012,B0017,Credit Card,2024-11-21,-1027.54,Active,0.185,5000
A0003111,C000685,P002,B0049,Current Account,2025-10-03,26026.78,Closed,0.001,5200.0
A0003112,C000806,P006,B0023,Savings,2023-10-23,7337.73,Active,0.062,0
A0003113,C001037,P020,B0056,Current Account,2026-04-06,7805.86,Active,0.002,0
A0003114,C001142,P004,B0059,Savings,2026-04-14,25683.21,Active,0.045,5200.0
A0003115,C000666,P018,B0060,Current Account,2026-07-31,26104.64,Active,0.012,0
A0003116,C000453,P005,B0033,Savings,2026-06-06,229671.6,Active,0.055,63000.0
A0003117,C000496,P012,B0042,Credit Card,2026-05-15,-1459.3,Active,0.185,5000
A0003118,C000592,P005,B0004,Savings,2024-02-02,5334.9,Active,0.055,1400.0
A0003119,C001321,P002,B0024,Current Account,2023-07-23,16653.47,Active,0.001,0
A0003120,C000950,P003,B0019,Current Account,2024-02-28,2762.08,Active,0.001,0
A0003121,C001619,P018,B0035,Current Account,2024-11-19,57209.95,Active,0.012,0
A0003122,C001413,P007,B0031,Notice Deposit,2022-06-26,15011.72,Active,0.075,0
A0003123,C001917,P018,B0055,Current Account,2023-11-10,7924.63,Active,0.012,0
A0003124,C001169,P010,B0052,Credit Card,2025-06-02,-11701.6,Active,0.215,42000.0
A0003125,C001128,P018,B0022,Current Account,2026-06-04,70541.85,Active,0.012,0
A0003126,C000242,P004,B0041,Savings,2025-10-22,4165.48,Active,0.045,0
A0003127,C000942,P006,B0032,Savings,2023-09-25,5220.4,Dormant,0.062,1400.0
A0003128,C001749,P010,B0044,Credit Card,2024-10-14,-1772.47,Active,0.215,5000
A0003129,C000763,P018,B0029,Current Account,2025-09-21,36752.43,Active,0.012,0
A0003130,C000687,P002,B0009,Current Account,2025-12-29,54872.53,Active,0.001,0
A0003131,C001433,P008,B0036,Fixed Deposit,2025-04-30,19054.07,Active,0.085,0
A0003132,C000858,P004,B0021,Savings,2025-10-21,33719.68,Active,0.045,5200.0
A0003133,C000796,P009,B0019,Money Market,2025-10-01,34254.85,Active,0.068,0
A0003134,C000146,P010,B0035,Credit Card,2023-07-13,-1364.2,Active,0.215,5000
A0003135,C001442,P001,B0054,Current Account,2023-10-08,20678.59,Active,0.002,0
A0003136,C000824,P011,B0044,Credit Card,2025-10-30,-2772.74,Active,0.205,12200.0
A0003137,C001968,P001,B0024,Current Account,2026-04-09,40205.37,Closed,0.002,0
A0003138,C000349,P008,B0017,Fixed Deposit,2026-04-23,89026.42,Active,0.085,0
A0003139,C001671,P004,B0019,Savings,2026-06-09,81315.61,Active,0.045,0
A0003140,C000754,P002,B0054,Current Account,2026-07-07,5195.19,Active,0.001,1400.0
A0003141,C000021,P008,B0005,Fixed Deposit,2026-07-20,14974.47,Active,0.085,0
A0003142,C000710,P009,B0022,Money Market,2023-10-10,81678.65,Active,0.068,0
A0003143,C000608,P006,B0022,Savings,2026-05-22,75158.26,Active,0.062,0
A0003144,C000697,P004,B0009,Savings,2026-05-21,14142.97,Active,0.045,5200.0
A0003145,C000595,P001,B0051,Current Account,2025-09-12,55299.92,Active,0.002,0
A0003146,C001154,P018,B0020,Current Account,2025-04-10,9033.71,Active,0.012,1400.0
A0003147,C001574,P006,B0004,Savings,2024-10-06,46373.49,Active,0.062,5200.0
A0003148,C000377,P009,B0005,Money Market,2025-06-14,49938.1,Active,0.068,0
A0003149,C001219,P006,B0023,Savings,2026-07-08,10712.52,Active,0.062,5200.0
A0003150,C000929,P007,B0032,Notice Deposit,2026-06-10,44199.37,Active,0.075,0
A0003151,C001740,P004,B0013,Savings,2026-07-29,5205.88,Active,0.045,0
A0003152,C000212,P002,B0019,Current Account,2025-10-24,17208.99,Active,0.001,0
A0003153,C000586,P001,B0024,Current Account,2026-05-17,51499.43,Dormant,0.002,0
A0003154,C001014,P008,B0041,Fixed Deposit,2023-05-25,300122.19,Closed,0.085,0
A0003155,C001500,P001,B0023,Current Account,2023-06-21,43670.91,Active,0.002,0
A0003156,C000041,P005,B0040,Savings,2025-05-03,22377.47,Closed,0.055,5200.0
A0003157,C000258,P012,B0026,Credit Card,2026-06-07,-6969.27,Active,0.185,12200.0
A0003158,C001263,P006,B0042,Savings,2025-05-21,3945.76,Active,0.062,0
A0003159,C001487,P008,B0044,Fixed Deposit,2025-08-25,11416.5,Active,0.085,0
A0003160,C000280,P004,B0048,Savings,2025-12-01,44105.08,Active,0.045,0
A0003161,C001848,P003,B0019,Current Account,2024-01-31,5223.79,Active,0.001,0
A0003162,C000052,P002,B0042,Current Account,2025-05-30,11923.09,Active,0.001,0
A0003163,C001623,P020,B0031,Current Account,2025-01-15,3533.77,Active,0.002,1400.0
A0003164,C000034,P006,B0040,Savings,2026-02-09,33398.33,Active,0.062,5200.0
A0003165,C000002,P005,B0033,Savings,2026-05-19,16368.14,Active,0.055,0
A0003166,C000556,P004,B0024,Savings,2024-12-31,3267.36,Active,0.045,0
A0003167,C001492,P001,B0055,Current Account,2025-02-28,8245.97,Active,0.002,0
A0003168,C001185,P020,B0044,Current Account,2026-05-17,41550.02,Dormant,0.002,0
A0003169,C001925,P019,B0044,Money Market,2026-07-30,23556.1,Closed,0.078,0
A0003170,C000392,P008,B0036,Fixed Deposit,2025-07-11,64377.34,Active,0.085,0
A0003171,C001264,P008,B0007,Fixed Deposit,2026-02-27,11120.24,Active,0.085,0
A0003172,C000137,P006,B0029,Savings,2026-05-27,14359.75,Dormant,0.062,1400.0
A0003173,C000017,P002,B0057,Current Account,2022-06-15,12512.93,Active,0.001,0
A0003174,C000789,P010,B0013,Credit Card,2026-03-28,-3257.03,Active,0.215,12200.0
A0003175,C001831,P018,B0057,Current Account,2026-06-13,12466.19,Active,0.012,0
A0003176,C001834,P001,B0041,Current Account,2025-08-27,4238.03,Active,0.002,0
A0003177,C000466,P001,B0017,Current Account,2026-02-01,10871.99,Active,0.002,0
A0003178,C000178,P008,B0012,Fixed Deposit,2025-08-16,19658.38,Active,0.085,0
A0003179,C001609,P011,B0027,Credit Card,2022-05-25,-8193.78,Active,0.205,12200.0
A0003180,C001837,P019,B0006,Money Market,2025-04-20,8067.5,Active,0.078,0
A0003181,C000957,P003,B0056,Current Account,2026-07-17,21391.24,Active,0.001,0
A0003182,C001200,P006,B0013,Savings,2025-08-09,10185.4,Active,0.062,0
A0003183,C001312,P002,B0051,Current Account,2025-06-24,25943.09,Active,0.001,0
A0003184,C000886,P003,B0043,Current Account,2026-05-18,40335.1,Active,0.001,5200.0
A0003185,C000936,P003,B0026,Current Account,2025-07-30,76392.68,Active,0.001,0
A0003186,C001678,P003,B0017,Current Account,2025-10-03,25260.93,Active,0.001,5200.0
A0003187,C000465,P003,B0019,Current Account,2026-01-28,2822.31,Active,0.001,0
A0003188,C001739,P004,B0031,Savings,2026-06-19,3180.77,Active,0.045,0
A0003189,C000565,P004,B0060,Savings,2026-07-04,23419.15,Active,0.045,0
A0003190,C001876,P006,B0013,Savings,2024-04-28,129176.2,Active,0.062,0
A0003191,C001654,P018,B0023,Current Account,2026-07-19,11956.6,Active,0.012,1400.0
A0003192,C000812,P002,B0042,Current Account,2024-02-17,49138.28,Active,0.001,5200.0
A0003193,C000493,P004,B0012,Savings,2024-07-30,26573.34,Active,0.045,0
A0003194,C001103,P004,B0056,Savings,2022-12-22,149917.2,Active,0.045,0
A0003195,C001332,P006,B0059,Savings,2026-05-16,26265.22,Active,0.062,0
A0003196,C001658,P001,B0038,Current Account,2026-02-09,37496.89,Active,0.002,0
A0003197,C001693,P020,B0056,Current Account,2025-06-03,1260.78,Active,0.002,1400.0
A0003198,C000842,P003,B0001,Current Account,2022-10-23,5017.36,Closed,0.001,1400.0
A0003199,C000909,P009,B0001,Money Market,2025-03-02,20807.18,Dormant,0.068,0
A0003200,C000130,P008,B0049,Fixed Deposit,2024-04-02,41006.59,Active,0.085,0
