CustomerID,FirstName,LastName,DateOfBirth,Gender,Province,City,CustomerSegment,JoinDate,RiskRating,EmploymentStatus,AnnualIncome,IsActive
C000001,Kagiso,Cele,1986-03-02,Female,Gauteng,Johannesburg,Mass Market,2026-06-26,Medium,Employed,136298,True
C000002,Priya,Smith,1960-12-10,Male,Gauteng,Sandton,Mass Market,2026-04-05,Low,Employed,215688,True
C000003,Muhammad,Jacobs,1965-09-23,Male,Eastern Cape,East London,Mass Market,2024-01-02,Low,Self-Employed,163638,True
C000004,Naledi,Cele,1965-12-13,Male,Gauteng,Johannesburg,Emerging Affluent,2023-06-25,Medium,Employed,564308,True
C000005,Mpho,Brown,2003-06-09,Female,Gauteng,Pretoria,Emerging Affluent,2025-08-16,Low,Employed,448991,True
C000006,Ayesha,Meyer,1997-04-19,Female,Gauteng,Sandton,Mass Market,2023-04-01,Low,Employed,257014,True
C000007,Nomsa,Nkosi,1962-09-29,Male,Eastern Cape,Gqeberha,Emerging Affluent,2023-08-14,Low,Employed,466284,True
C000008,Kagiso,Radebe,1976-02-23,Male,Gauteng,Midrand,Affluent,2022-06-22,Low,Employed,656762,True
C000009,Lerato,Gumede,1960-01-12,Female,Gauteng,Sandton,Mass Market,2024-01-20,Medium,Employed,232371,True
C000010,Priya,Naidoo,1970-02-15,Female,North West,Rustenburg,Emerging Affluent,2023-06-16,Low,Employed,305252,True
C000011,Ruan,Radebe,1954-08-29,Male,Western Cape,Cape Town,Mass Market,2024-04-09,Low,Unemployed,72375,True
C000012,Megan,Cele,2004-08-03,Female,Gauteng,Soweto,Emerging Affluent,2026-07-17,Medium,Employed,457419,True
C000013,Muhammad,Khan,1996-05-26,Female,Gauteng,Johannesburg,Mass Market,2023-01-14,Medium,Student,5296,True
C000014,Priya,Ndlovu,1985-10-02,Female,Gauteng,Pretoria,Mass Market,2023-08-10,High,Employed,108794,True
C000015,Fatima,Khan,1978-01-18,Male,Mpumalanga,eMalahleni,Emerging Affluent,2024-09-02,Low,Employed,446207,True
C000016,Ethan,Jacobs,1965-02-17,Female,KwaZulu-Natal,Umhlanga,Emerging Affluent,2024-07-05,Low,Retired,416986,True
C000017,Mpho,Nkosi,1979-11-25,Male,Western Cape,Paarl,Emerging Affluent,2022-02-15,Medium,Employed,336845,True
C000018,Kayla,Botha,1991-07-14,Female,Northern Cape,Upington,Mass Market,2022-04-28,Low,Employed,247867,True
C000019,Fatima,Patel,1961-11-30,Female,Gauteng,Johannesburg,Mass Market,2026-06-23,Low,Self-Employed,263618,True
C000020,Naledi,Cele,1987-04-30,Male,Mpumalanga,eMalahleni,Mass Market,2025-05-22,Medium,Retired,242276,True
C000021,Ayesha,Naidoo,1980-02-04,Female,Gauteng,Sandton,Mass Market,2026-03-02,High,Unemployed,92959,True
C000022,Karabo,Radebe,1953-07-20,Male,Eastern Cape,Gqeberha,Mass Market,2022-09-13,Low,Student,85250,True
C000023,Fatima,Williams,1992-02-16,Male,Western Cape,Paarl,Mass Market,2025-02-06,Medium,Employed,164020,True
C000024,Kagiso,Pillay,1973-06-19,Male,Eastern Cape,Gqeberha,Emerging Affluent,2023-03-30,Low,Employed,374192,False
C000025,Ayanda,Gumede,2002-02-18,Male,Northern Cape,Kimberley,Emerging Affluent,2023-03-04,Low,Employed,389601,True
C000026,Sibusiso,Botha,1989-10-06,Female,Gauteng,Soweto,Mass Market,2026-02-06,Medium,Employed,91462,True
C000027,Kayla,Botha,1971-12-11,Male,North West,Rustenburg,Affluent,2022-07-19,Medium,Self-Employed,866559,True
C000028,Muhammad,Naidoo,1977-10-26,Male,KwaZulu-Natal,Pietermaritzburg,Mass Market,2024-08-01,Low,Student,32249,True
C000029,Megan,Patel,1990-03-11,Male,KwaZulu-Natal,Umhlanga,Emerging Affluent,2025-01-03,Low,Self-Employed,548067,True
C000030,Fatima,Radebe,1961-12-02,Male,Gauteng,Midrand,Affluent,2025-08-21,Low,Self-Employed,1111131,True
C000031,Naledi,Gumede,1986-07-04,Male,Free State,Bloemfontein,Emerging Affluent,2022-12-31,Medium,Self-Employed,406099,True
C000032,Fatima,Jacobs,1970-04-03,Female,Gauteng,Midrand,Mass Market,2025-04-20,Low,Employed,100780,True
C000033,Naledi,Botha,1955-09-20,Male,North West,Rustenburg,Mass Market,2025-07-29,Medium,Student,26330,True
C000034,Priya,Mokoena,1968-10-14,Male,Western Cape,Cape Town,Emerging Affluent,2025-07-02,Low,Employed,405226,True
C000035,Anika,Naidoo,1991-07-27,Female,Western Cape,George,Emerging Affluent,2023-01-25,Low,Employed,321113,True
C000036,Thabo,Adams,1955-01-09,Female,Gauteng,Centurion,Mass Market,2022-06-14,High,Employed,239213,True
C000037,Ayesha,Gumede,1958-08-08,Female,Free State,Bloemfontein,Mass Market,2022-09-01,Low,Employed,136866,True
C000038,Mpho,Meyer,1987-06-28,Male,North West,Rustenburg,Emerging Affluent,2024-11-08,Low,Employed,455624,True
C000039,Zanele,Ndlovu,1978-08-22,Female,Gauteng,Centurion,Emerging Affluent,2024-03-08,Medium,Self-Employed,413936,True
C000040,Lerato,Naidoo,1982-05-16,Female,Gauteng,Pretoria,Mass Market,2024-08-18,Low,Employed,260543,True
C000041,Sipho,Daniels,1985-09-13,Male,Western Cape,Bellville,Emerging Affluent,2024-03-02,Low,Self-Employed,600334,True
C000042,Neo,Botha,1951-12-05,Male,Limpopo,Tzaneen,Emerging Affluent,2025-08-23,Low,Employed,496645,True
C000043,Zanele,Daniels,1968-03-26,Male,Gauteng,Centurion,Mass Market,2024-05-04,Medium,Employed,271896,True
C000044,Priya,Botha,1950-05-12,Female,Gauteng,Centurion,Mass Market,2024-09-05,Low,Employed,150513,True
C000045,Ayesha,Adams,1962-12-24,Male,Gauteng,Johannesburg,Emerging Affluent,2025-12-22,Low,Employed,612994,True
C000046,Ayanda,Meyer,1997-10-12,Male,KwaZulu-Natal,Umhlanga,Emerging Affluent,2025-09-07,Low,Self-Employed,481809,True
C000047,Priya,Gumede,1953-04-11,Female,KwaZulu-Natal,Pietermaritzburg,Mass Market,2024-07-06,Low,Employed,162615,True
C000048,Muhammad,Naidoo,1962-07-04,Male,Western Cape,Paarl,Mass Market,2026-05-04,Medium,Employed,212854,True
C000049,Nomsa,Botha,1958-12-29,Female,Gauteng,Midrand,Mass Market,2023-09-07,Medium,Retired,166235,True
C000050,Thabo,Nkosi,1999-10-02,Female,Eastern Cape,Gqeberha,Mass Market,2024-03-19,Low,Employed,253024,False
C000051,Ayanda,Pillay,1985-03-12,Female,KwaZulu-Natal,Durban,Mass Market,2025-11-03,Medium,Unemployed,15115,True
C000052,Sipho,Khumalo,1990-03-29,Male,Northern Cape,Kimberley,Mass Market,2024-03-18,High,Employed,174142,True
C000053,Ayesha,Naidoo,2002-02-28,Female,Mpumalanga,Mbombela,Mass Market,2022-11-09,Low,Self-Employed,215551,True
C000054,Zanele,Brown,1984-03-05,Female,North West,Rustenburg,Affluent,2024-10-18,Medium,Self-Employed,908166,False
C000055,Leah,Khumalo,1993-01-15,Female,Western Cape,Bellville,Emerging Affluent,2022-10-15,Medium,Employed,388860,True
C000056,Sibusiso,Nkosi,1957-08-23,Male,KwaZulu-Natal,Richards Bay,Affluent,2022-10-09,Medium,Employed,790353,True
C000057,Neo,Smith,1980-12-30,Male,Gauteng,Centurion,Emerging Affluent,2024-11-11,Low,Employed,443577,True
C000058,Neo,Williams,1957-08-29,Female,Gauteng,Midrand,Mass Market,2022-10-05,Medium,Unemployed,25944,True
C000059,Ethan,Dlamini,2003-02-22,Male,Western Cape,Bellville,Mass Market,2024-02-27,High,Unemployed,42111,True
C000060,Ethan,Naidoo,1968-07-14,Male,Free State,Bloemfontein,Mass Market,2026-03-04,Medium,Unemployed,68139,True
C000061,Zanele,Williams,1996-09-28,Female,Western Cape,Cape Town,Emerging Affluent,2025-10-11,Low,Employed,357885,True
C000062,Nomsa,Daniels,1956-04-14,Female,North West,Mahikeng,Emerging Affluent,2026-05-28,Low,Employed,496924,False
C000063,Karabo,Gumede,1951-04-23,Male,Gauteng,Pretoria,Mass Market,2025-09-21,Medium,Retired,206997,True
C000064,Megan,Gumede,1999-02-07,Female,Gauteng,Centurion,Affluent,2025-10-29,Low,Employed,693163,False
C000065,Ayesha,Dlamini,1961-05-15,Female,KwaZulu-Natal,Pietermaritzburg,Emerging Affluent,2023-07-06,Low,Employed,512963,True
C000066,Thabo,Khan,1971-04-09,Male,Eastern Cape,Mthatha,Private Banking,2026-03-03,High,Self-Employed,2047662,True
C000067,Imran,Brown,1950-05-02,Female,KwaZulu-Natal,Pietermaritzburg,Emerging Affluent,2024-01-16,Low,Employed,304609,True
C000068,Ethan,Radebe,1985-11-28,Female,KwaZulu-Natal,Richards Bay,Emerging Affluent,2023-08-18,Medium,Self-Employed,416034,True
C000069,Sibusiso,Cele,1950-09-05,Female,Gauteng,Sandton,Emerging Affluent,2026-06-24,Low,Employed,391814,True
C000070,Muhammad,Pillay,1985-05-03,Male,Mpumalanga,Mbombela,Mass Market,2025-01-03,Low,Employed,229210,True
C000071,Priya,Molefe,1970-06-29,Female,Gauteng,Johannesburg,Emerging Affluent,2023-07-02,Low,Retired,374416,True
C000072,Ayesha,Botha,1961-05-31,Male,KwaZulu-Natal,Umhlanga,Emerging Affluent,2025-06-23,Low,Self-Employed,396907,True
C000073,Karabo,Ndlovu,1995-07-19,Male,Western Cape,Paarl,Affluent,2022-04-16,Low,Employed,946530,True
C000074,Ayesha,Brown,1959-11-13,Male,KwaZulu-Natal,Pietermaritzburg,Emerging Affluent,2026-01-07,Low,Retired,535629,True
C000075,Kayla,Pillay,1951-03-20,Male,Gauteng,Johannesburg,Mass Market,2026-05-13,High,Unemployed,81814,False
C000076,Sipho,Molefe,1987-05-06,Male,KwaZulu-Natal,Durban,Mass Market,2022-03-04,Low,Unemployed,11626,False
C000077,Nomsa,Molefe,1975-07-01,Female,Western Cape,Cape Town,Emerging Affluent,2022-10-03,Medium,Employed,427279,True
C000078,Sibusiso,Khan,2004-08-01,Female,Gauteng,Centurion,Mass Market,2024-11-20,Medium,Retired,236354,True
C000079,Imran,Adams,2003-06-21,Female,Western Cape,Cape Town,Emerging Affluent,2025-04-30,Low,Employed,341228,True
C000080,Neo,Khan,1997-01-12,Female,Gauteng,Centurion,Mass Market,2024-03-18,Medium,Unemployed,41991,True
C000081,Thabo,Meyer,1971-01-05,Female,KwaZulu-Natal,Pietermaritzburg,Emerging Affluent,2024-05-13,Low,Employed,372661,True
C000082,Megan,Khumalo,1954-06-24,Female,Gauteng,Soweto,Emerging Affluent,2026-04-16,Low,Employed,463534,True
C000083,Fatima,Ndlovu,1960-02-04,Female,Western Cape,Stellenbosch,Mass Market,2023-11-11,Low,Unemployed,13294,True
C000084,Ayanda,Pillay,1970-02-28,Female,KwaZulu-Natal,Richards Bay,Emerging Affluent,2023-07-01,Low,Retired,448708,True
C000085,Leah,Smith,1980-04-07,Male,Mpumalanga,eMalahleni,Mass Market,2024-12-30,Low,Unemployed,36942,False
C000086,Leah,Cele,1950-06-01,Female,Mpumalanga,Mbombela,Mass Market,2025-10-30,Low,Self-Employed,263781,True
C000087,Thabo,Brown,2002-05-23,Male,Gauteng,Centurion,Emerging Affluent,2022-02-21,Medium,Employed,300175,True
C000088,Fatima,Gumede,1972-12-05,Male,Gauteng,Sandton,Small Business,2024-09-01,Low,Self-Employed,713977,True
C000089,Kagiso,Khumalo,1963-11-05,Male,Free State,Bloemfontein,Emerging Affluent,2024-10-08,Low,Employed,540369,True
C000090,Thabo,Patel,2000-07-27,Female,Gauteng,Pretoria,Emerging Affluent,2023-04-29,Low,Employed,356342,True
C000091,Kagiso,Smith,1958-07-28,Female,KwaZulu-Natal,Pietermaritzburg,Emerging Affluent,2023-07-26,Low,Employed,582623,True
C000092,Kayla,Adams,2001-03-30,Female,Limpopo,Tzaneen,Mass Market,2023-06-18,Low,Employed,241543,True
C000093,Leah,Gumede,1990-02-24,Male,Gauteng,Soweto,Mass Market,2022-01-09,Low,Employed,256974,True
C000094,Mpho,Botha,1993-08-21,Male,KwaZulu-Natal,Richards Bay,Mass Market,2024-01-20,Medium,Employed,183994,False
C000095,Priya,Govender,1992-07-02,Male,KwaZulu-Natal,Durban,Affluent,2023-09-25,Low,Employed,682584,True
C000096,Mpho,Brown,1958-02-26,Female,Western Cape,Bellville,Mass Market,2022-03-15,Medium,Employed,167255,True
C000097,Megan,Patel,1979-07-21,Male,Western Cape,Cape Town,Emerging Affluent,2022-03-21,Low,Retired,302617,True
C000098,Ethan,Daniels,1961-07-29,Female,Eastern Cape,East London,Mass Market,2025-05-07,Low,Employed,275103,True
C000099,Daniel,Mokoena,1963-02-20,Male,KwaZulu-Natal,Umhlanga,Mass Market,2022-10-02,Low,Employed,259480,True
C000100,Karabo,Williams,1968-05-30,Female,KwaZulu-Natal,Umhlanga,Emerging Affluent,2024-07-10,Low,Employed,497469,True
C000101,Kagiso,Williams,1973-12-15,Female,Gauteng,Soweto,Mass Market,2022-07-06,Medium,Employed,234056,True
C000102,Sipho,Nkosi,1984-04-13,Male,Free State,Bloemfontein,Emerging Affluent,2023-10-21,Medium,Employed,340264,True
C000103,Ayanda,Adams,1950-05-22,Male,Western Cape,Cape Town,Emerging Affluent,2023-06-03,Low,Employed,401433,True
C000104,Thabo,Nkosi,1986-05-17,Male,KwaZulu-Natal,Pietermaritzburg,Mass Market,2023-05-17,High,Employed,163051,True
C000105,Anika,Botha,1993-07-09,Male,Gauteng,Soweto,Mass Market,2023-06-15,Medium,Employed,215831,True
C000106,Thabo,Molefe,1985-06-03,Female,Gauteng,Centurion,Affluent,2022-01-16,Medium,Employed,933732,True
C000107,Neo,Botha,1964-09-17,Female,Western Cape,Paarl,Mass Market,2022-01-20,High,Unemployed,49801,True
C000108,Lerato,Khan,1951-08-24,Male,Western Cape,Cape Town,Emerging Affluent,2025-08-02,Medium,Retired,495028,True
C000109,Lerato,Khumalo,1978-11-27,Female,Gauteng,Centurion,Emerging Affluent,2022-02-08,Medium,Employed,288743,True
C000110,Sipho,Ndlovu,2005-08-21,Female,KwaZulu-Natal,Durban,Mass Market,2023-09-30,Medium,Employed,125925,True
C000111,Kagiso,Cele,1968-02-18,Female,Gauteng,Centurion,Affluent,2022-06-03,Medium,Employed,844175,True
C000112,Mpho,Khan,1964-09-12,Male,KwaZulu-Natal,Richards Bay,Mass Market,2022-10-13,High,Employed,179911,True
C000113,Ayanda,Govender,1998-08-22,Male,Eastern Cape,Mthatha,Emerging Affluent,2025-09-15,High,Self-Employed,536274,True
C000114,Lerato,Daniels,2002-01-26,Male,KwaZulu-Natal,Pietermaritzburg,Mass Market,2022-05-04,Low,Employed,222915,True
C000115,Ayesha,Ndlovu,2001-02-24,Male,Gauteng,Johannesburg,Mass Market,2024-12-17,Medium,Employed,189543,True
C000116,Kagiso,Cele,1997-10-06,Female,KwaZulu-Natal,Durban,Emerging Affluent,2024-02-09,Medium,Employed,645224,True
C000117,Jason,Khumalo,2000-04-26,Male,Gauteng,Pretoria,Mass Market,2024-06-27,Low,Employed,202207,True
C000118,Zanele,Khan,1969-10-31,Male,Gauteng,Johannesburg,Mass Market,2026-02-11,Medium,Employed,110356,True
C000119,Lerato,Dlamini,1962-05-25,Male,Gauteng,Johannesburg,Emerging Affluent,2024-09-06,Low,Employed,283695,True
C000120,Ruan,Pillay,1996-01-19,Male,KwaZulu-Natal,Durban,Emerging Affluent,2023-10-17,Low,Self-Employed,635553,True
C000121,Nomsa,Cele,1961-01-25,Female,KwaZulu-Natal,Durban,Emerging Affluent,2025-03-28,Low,Retired,519916,True
C000122,Daniel,Meyer,1971-08-23,Female,Gauteng,Centurion,Emerging Affluent,2025-12-04,Medium,Employed,640206,True
C000123,Fatima,Jacobs,1982-03-09,Female,Gauteng,Midrand,Affluent,2024-09-10,Low,Employed,769291,True
C000124,Muhammad,Cele,1962-05-12,Male,Gauteng,Johannesburg,Emerging Affluent,2024-02-14,Medium,Retired,456534,True
C000125,Daniel,Khumalo,1951-11-24,Female,KwaZulu-Natal,Durban,Emerging Affluent,2022-09-01,High,Self-Employed,347504,True
C000126,Zanele,Brown,1967-07-18,Male,Free State,Welkom,Mass Market,2025-08-24,Low,Employed,229332,True
C000127,Naledi,Pillay,2002-07-23,Male,Western Cape,Paarl,Mass Market,2025-11-15,Medium,Retired,174139,True
C000128,Nomsa,Dlamini,1954-10-07,Male,Mpumalanga,Mbombela,Mass Market,2022-05-06,Low,Employed,253821,True
C000129,Sipho,Meyer,1979-06-09,Female,Western Cape,Bellville,Mass Market,2022-03-12,Low,Student,26550,True
C000130,Ethan,Khan,1993-02-16,Female,KwaZulu-Natal,Durban,Emerging Affluent,2022-02-27,Low,Self-Employed,369847,True
C000131,Sibusiso,Dlamini,2002-07-07,Female,Gauteng,Midrand,Mass Market,2023-12-24,Medium,Self-Employed,222983,True
C000132,Ethan,Radebe,1950-09-05,Male,KwaZulu-Natal,Umhlanga,Emerging Affluent,2025-01-03,Medium,Retired,592885,True
C000133,Neo,Nkosi,1997-05-08,Female,Gauteng,Johannesburg,Mass Market,2025-01-25,Low,Unemployed,28802,True
C000134,Muhammad,Radebe,2004-03-19,Male,Western Cape,Paarl,Mass Market,2023-09-20,Medium,Student,55161,True
C000135,Zanele,Khumalo,1974-03-19,Male,Eastern Cape,Mthatha,Mass Market,2025-04-09,Low,Employed,219430,True
C000136,Imran,Jacobs,1950-02-08,Male,Gauteng,Pretoria,Affluent,2022-07-25,Medium,Self-Employed,972458,True
C000137,Karabo,Ndlovu,2000-06-15,Female,Gauteng,Pretoria,Mass Market,2024-10-01,Low,Employed,130537,True
C000138,Tshepo,Naidoo,1984-01-05,Male,Eastern Cape,East London,Mass Market,2025-08-03,Low,Unemployed,78264,True
C000139,Nomsa,Nkosi,1993-01-09,Male,North West,Rustenburg,Emerging Affluent,2023-10-24,Low,Employed,375062,True
C000140,Lerato,Jacobs,1987-04-02,Female,Limpopo,Polokwane,Emerging Affluent,2025-01-04,Low,Employed,310928,True
C000141,Mpho,Daniels,1967-07-01,Male,Western Cape,Paarl,Emerging Affluent,2025-07-22,Low,Employed,441220,True
C000142,Ayesha,Nkosi,1954-08-13,Female,Gauteng,Sandton,Mass Market,2023-06-10,High,Employed,207390,True
C000143,Sipho,Mokoena,2003-05-22,Male,Gauteng,Pretoria,Mass Market,2024-07-21,Low,Employed,199471,True
C000144,Mpho,Meyer,2002-04-28,Female,Gauteng,Soweto,Emerging Affluent,2025-01-23,Low,Employed,406968,True
C000145,Ayanda,Brown,1956-04-21,Female,Mpumalanga,Mbombela,Emerging Affluent,2025-04-29,Medium,Employed,522225,True
C000146,Ayanda,Nkosi,1979-07-31,Female,Gauteng,Centurion,Mass Market,2022-03-19,Medium,Self-Employed,71513,True
C000147,Ayanda,Patel,1955-10-30,Female,Gauteng,Sandton,Emerging Affluent,2024-12-28,Low,Retired,426105,True
C000148,Karabo,Molefe,1962-05-23,Female,KwaZulu-Natal,Durban,Emerging Affluent,2024-10-12,Low,Self-Employed,612781,True
C000149,Karabo,Govender,2006-06-08,Female,Western Cape,Paarl,Emerging Affluent,2023-03-30,Low,Self-Employed,401236,True
C000150,Ayesha,Adams,2004-05-09,Male,Gauteng,Centurion,Mass Market,2022-02-13,High,Employed,249814,True
C000151,Ethan,Smith,1968-09-12,Female,Gauteng,Pretoria,Mass Market,2022-05-11,High,Student,80993,False
C000152,Naledi,Naidoo,1965-12-26,Female,Northern Cape,Upington,Emerging Affluent,2025-09-15,Low,Employed,436323,True
C000153,Ethan,Nkosi,1992-12-12,Male,Gauteng,Midrand,Affluent,2025-07-03,Medium,Employed,829383,True
C000154,Ethan,Mokoena,1964-10-02,Female,KwaZulu-Natal,Durban,Affluent,2024-02-11,Low,Self-Employed,715526,True
C000155,Tshepo,Dlamini,1963-09-26,Male,Mpumalanga,Mbombela,Mass Market,2024-11-15,Medium,Employed,207579,True
C000156,Neo,Dlamini,1958-12-14,Male,Eastern Cape,East London,Mass Market,2025-08-12,Medium,Student,9005,True
C000157,Ethan,Molefe,2002-11-08,Female,Western Cape,Stellenbosch,Emerging Affluent,2025-08-28,Low,Self-Employed,303008,True
C000158,Ethan,Naidoo,2005-11-01,Male,North West,Rustenburg,Affluent,2024-11-06,Medium,Employed,688105,True
C000159,Priya,Ndlovu,1962-10-15,Female,Gauteng,Sandton,Emerging Affluent,2025-06-16,Low,Employed,604536,True
C000160,Daniel,Smith,1984-03-07,Male,Gauteng,Johannesburg,Affluent,2023-08-08,Low,Self-Employed,742613,True
C000161,Thabo,Botha,1953-05-16,Female,KwaZulu-Natal,Durban,Emerging Affluent,2025-08-19,Low,Employed,303877,True
C000162,Ethan,Nkosi,1959-03-14,Female,Gauteng,Pretoria,Mass Market,2025-11-27,Low,Employed,195955,True
C000163,Neo,Ndlovu,1978-05-21,Male,KwaZulu-Natal,Umhlanga,Emerging Affluent,2026-07-26,Low,Self-Employed,464293,True
C000164,Fatima,Naidoo,2003-01-31,Female,North West,Mahikeng,Mass Market,2022-02-17,High,Employed,132359,True
C000165,Kayla,Jacobs,2002-07-08,Male,Gauteng,Soweto,Mass Market,2022-06-06,Low,Employed,53387,True
C000166,Daniel,Adams,1957-09-29,Female,Western Cape,Bellville,Mass Market,2025-04-13,Medium,Employed,106589,True
C000167,Ayanda,Mokoena,1998-04-09,Female,Mpumalanga,eMalahleni,Private Banking,2022-07-27,Low,Self-Employed,1317348,True
C000168,Karabo,Jacobs,1973-11-24,Male,Western Cape,Paarl,Emerging Affluent,2023-12-03,Low,Employed,295599,True
C000169,Ruan,Daniels,2004-10-05,Female,Western Cape,Paarl,Mass Market,2023-09-15,Low,Employed,278282,True
C000170,Daniel,Pillay,1998-06-24,Male,Western Cape,Cape Town,Emerging Affluent,2022-03-10,Low,Self-Employed,348404,True
C000171,Mpho,Ndlovu,1951-12-02,Female,Gauteng,Centurion,Small Business,2022-11-09,Low,Self-Employed,1043307,True
C000172,Ethan,Williams,1981-01-26,Male,Western Cape,Stellenbosch,Mass Market,2024-10-31,Low,Employed,161417,True
C000173,Fatima,Daniels,1977-06-01,Female,Gauteng,Sandton,Mass Market,2025-06-23,Medium,Employed,199053,True
C000174,Nomsa,Botha,1952-10-24,Female,Gauteng,Johannesburg,Mass Market,2025-09-13,High,Employed,70654,True
C000175,Jason,Molefe,1960-08-18,Female,Western Cape,Bellville,Mass Market,2026-07-17,Low,Employed,228089,True
C000176,Ruan,Molefe,1997-01-02,Male,Eastern Cape,Gqeberha,Mass Market,2022-03-06,Medium,Employed,113620,True
C000177,Thabo,Govender,2005-02-23,Male,Eastern Cape,East London,Mass Market,2026-01-28,High,Unemployed,8115,True
C000178,Anika,Khumalo,1976-03-17,Female,KwaZulu-Natal,Umhlanga,Mass Market,2022-07-25,Medium,Student,17807,True
C000179,Megan,Khumalo,1995-12-16,Female,KwaZulu-Natal,Richards Bay,Mass Market,2025-12-22,Medium,Self-Employed,198764,True
C000180,Kagiso,Smith,1952-07-12,Female,KwaZulu-Natal,Richards Bay,Emerging Affluent,2024-10-06,Low,Retired,578989,True
C000181,Sibusiso,Botha,1965-08-25,Male,Northern Cape,Upington,Affluent,2023-06-21,Low,Employed,1146279,True
C000182,Daniel,Khumalo,1953-12-06,Female,Western Cape,Stellenbosch,Mass Market,2026-05-27,Low,Employed,145062,True
C000183,Zanele,Adams,1997-11-19,Female,Gauteng,Midrand,Mass Market,2022-10-31,Low,Employed,265965,True
C000184,Sibusiso,Patel,1984-01-04,Male,Gauteng,Centurion,Emerging Affluent,2024-09-27,Medium,Employed,517160,True
C000185,Anika,Patel,1973-01-17,Male,Gauteng,Centurion,Emerging Affluent,2025-09-05,Low,Employed,384439,True
C000186,Neo,Molefe,1977-07-06,Male,Gauteng,Centurion,Mass Market,2022-02-16,Medium,Student,49750,False
C000187,Zanele,Ndlovu,1992-08-14,Female,Gauteng,Soweto,Emerging Affluent,2024-11-02,Low,Employed,340119,True
C000188,Zanele,Botha,1976-07-08,Female,Gauteng,Centurion,Mass Market,2026-04-14,High,Unemployed,47714,True
C000189,Ruan,Williams,1973-01-19,Female,Eastern Cape,Gqeberha,Mass Market,2023-12-19,Medium,Employed,173330,True
C000190,Muhammad,Meyer,1972-06-04,Male,Limpopo,Polokwane,Emerging Affluent,2026-06-25,Low,Retired,398750,True
C000191,Karabo,Brown,1979-12-31,Female,Gauteng,Sandton,Emerging Affluent,2025-01-09,Low,Employed,395738,True
C000192,Anika,Smith,1973-10-03,Female,Free State,Bloemfontein,Emerging Affluent,2023-02-18,Low,Employed,459380,True
C000193,Neo,Patel,1979-11-25,Female,Free State,Welkom,Mass Market,2023-08-17,Low,Employed,208340,True
C000194,Kagiso,Mokoena,1967-10-21,Female,North West,Rustenburg,Emerging Affluent,2025-04-03,Medium,Employed,429983,False
C000195,Kagiso,Adams,1953-01-07,Female,Gauteng,Johannesburg,Emerging Affluent,2024-12-14,Low,Self-Employed,562728,True
C000196,Naledi,Gumede,1966-01-01,Male,Gauteng,Johannesburg,Mass Market,2024-01-23,Medium,Employed,238082,True
C000197,Ruan,Ndlovu,1976-04-07,Male,Gauteng,Pretoria,Emerging Affluent,2022-09-24,Low,Employed,364406,True
C000198,Ayesha,Govender,2000-08-20,Female,Mpumalanga,Mbombela,Mass Market,2025-01-01,Medium,Student,13702,True
C000199,Kayla,Molefe,1971-02-11,Male,Gauteng,Soweto,Emerging Affluent,2024-12-05,Low,Retired,512259,True
C000200,Naledi,Khumalo,1962-11-23,Female,Gauteng,Centurion,Mass Market,2022-12-19,High,Employed,182274,True
C000201,Ayanda,Jacobs,1974-11-07,Female,Eastern Cape,Gqeberha,Mass Market,2023-04-13,Medium,Employed,191234,True
C000202,Ruan,Mokoena,2003-06-28,Female,Gauteng,Johannesburg,Mass Market,2026-07-20,Low,Student,81437,True
C000203,Thabo,Naidoo,1957-02-18,Male,Gauteng,Midrand,Emerging Affluent,2026-03-02,Low,Employed,432186,True
C000204,Ayesha,Williams,1995-06-05,Male,Eastern Cape,Gqeberha,Mass Market,2023-08-04,Low,Student,49391,True
C000205,Tshepo,Radebe,1962-02-11,Female,Limpopo,Tzaneen,Mass Market,2024-12-12,Low,Unemployed,69578,True
C000206,Karabo,Smith,1991-07-14,Female,Gauteng,Soweto,Mass Market,2022-01-11,High,Employed,116147,True
C000207,Neo,Radebe,1966-11-24,Female,KwaZulu-Natal,Richards Bay,Mass Market,2026-05-28,Medium,Employed,274961,False
C000208,Fatima,Dlamini,1978-06-14,Female,Mpumalanga,Mbombela,Mass Market,2022-01-15,High,Self-Employed,158694,True
C000209,Imran,Radebe,1954-12-20,Male,KwaZulu-Natal,Umhlanga,Mass Market,2023-05-25,Medium,Unemployed,36407,True
C000210,Neo,Nkosi,1966-10-19,Female,Gauteng,Centurion,Mass Market,2026-05-17,Medium,Employed,136982,True
C000211,Sibusiso,Patel,1959-06-25,Female,KwaZulu-Natal,Umhlanga,Mass Market,2025-12-15,Low,Student,67130,True
C000212,Zanele,Govender,1960-08-24,Male,KwaZulu-Natal,Durban,Mass Market,2023-02-11,Medium,Employed,160268,True
C000213,Sipho,Naidoo,1952-02-19,Female,KwaZulu-Natal,Umhlanga,Emerging Affluent,2025-06-14,Medium,Self-Employed,544582,True
C000214,Jason,Botha,1965-01-07,Female,Gauteng,Sandton,Mass Market,2025-03-05,Low,Employed,150542,True
C000215,Sipho,Dlamini,1990-07-13,Female,Gauteng,Johannesburg,Mass Market,2023-02-06,Low,Student,13965,True
C000216,Nomsa,Jacobs,1993-09-22,Male,Western Cape,Paarl,Emerging Affluent,2025-09-20,Medium,Employed,298879,True
C000217,Ethan,Jacobs,1990-03-25,Female,Eastern Cape,Mthatha,Emerging Affluent,2025-07-25,Medium,Employed,335716,True
C000218,Mpho,Dlamini,1998-02-28,Male,Gauteng,Centurion,Mass Market,2022-09-03,Low,Student,1560,True
C000219,Fatima,Williams,1954-08-22,Female,Gauteng,Sandton,Mass Market,2022-02-04,Medium,Student,71494,False
C000220,Karabo,Radebe,1998-06-16,Male,Western Cape,Cape Town,Emerging Affluent,2026-03-28,Low,Employed,326067,True
C000221,Ethan,Khumalo,1955-12-11,Male,Gauteng,Centurion,Affluent,2026-01-18,Medium,Employed,782198,True
C000222,Muhammad,Govender,1988-02-23,Male,KwaZulu-Natal,Richards Bay,Emerging Affluent,2022-03-09,Low,Self-Employed,516869,True
C000223,Sibusiso,Khumalo,1980-01-26,Female,Gauteng,Soweto,Mass Market,2024-06-17,Medium,Employed,249324,True
C000224,Daniel,Ndlovu,1994-05-07,Male,Gauteng,Soweto,Affluent,2024-10-11,Low,Employed,1014718,True
C000225,Lerato,Jacobs,1976-04-05,Male,KwaZulu-Natal,Pietermaritzburg,Emerging Affluent,2022-05-28,Low,Employed,496814,True
C000226,Zanele,Adams,1973-05-21,Female,Eastern Cape,East London,Emerging Affluent,2025-03-01,Low,Employed,280941,True
C000227,Tshepo,Nkosi,1955-08-02,Male,Gauteng,Soweto,Emerging Affluent,2025-03-02,Medium,Employed,609390,True
C000228,Lerato,Govender,2000-03-23,Male,Western Cape,Bellville,Affluent,2022-02-04,Medium,Employed,690183,True
C000229,Karabo,Mokoena,1983-08-28,Female,KwaZulu-Natal,Pietermaritzburg,Emerging Affluent,2023-01-04,High,Retired,315276,True
C000230,Karabo,Nkosi,1991-02-19,Female,Gauteng,Soweto,Mass Market,2026-06-13,Medium,Unemployed,59959,True
C000231,Karabo,Naidoo,1982-04-21,Male,Western Cape,Cape Town,Emerging Affluent,2022-08-11,Low,Employed,379515,True
C000232,Priya,Dlamini,1964-07-14,Male,Gauteng,Johannesburg,Emerging Affluent,2025-07-01,Medium,Retired,421326,True
C000233,Sipho,Molefe,1977-05-28,Female,Gauteng,Midrand,Mass Market,2025-05-19,Low,Unemployed,68766,True
C000234,Imran,Cele,1999-01-02,Male,Free State,Welkom,Emerging Affluent,2023-05-05,Medium,Employed,316229,True
C000235,Sipho,Williams,1972-05-25,Female,Gauteng,Midrand,Emerging Affluent,2026-01-10,Low,Employed,352277,True
C000236,Kayla,Ndlovu,1996-06-05,Female,Free State,Bloemfontein,Emerging Affluent,2022-09-10,Low,Employed,539606,True
C000237,Ayesha,Radebe,1985-06-28,Female,KwaZulu-Natal,Pietermaritzburg,Emerging Affluent,2023-04-12,Low,Employed,307623,True
C000238,Jason,Jacobs,1980-07-12,Male,Western Cape,Paarl,Private Banking,2024-09-24,Low,Employed,1576571,True
C000239,Zanele,Cele,1975-02-16,Male,Free State,Bloemfontein,Emerging Affluent,2025-01-21,Low,Employed,416737,True
C000240,Anika,Gumede,1990-12-26,Male,Gauteng,Sandton,Affluent,2023-09-28,Low,Employed,741853,True
C000241,Sibusiso,Mokoena,1973-05-31,Female,Western Cape,Paarl,Affluent,2023-08-21,Low,Employed,700463,True
C000242,Imran,Radebe,1961-11-03,Female,Gauteng,Soweto,Mass Market,2024-12-23,Medium,Retired,234602,True
C000243,Neo,Botha,1964-09-12,Female,Gauteng,Midrand,Mass Market,2024-08-26,Low,Employed,196725,True
C000244,Fatima,Govender,1983-07-24,Male,Gauteng,Soweto,Emerging Affluent,2022-11-07,Low,Employed,284072,True
C000245,Leah,Patel,1982-04-10,Male,KwaZulu-Natal,Durban,Mass Market,2025-07-08,Low,Employed,215400,True
C000246,Sipho,Govender,1984-12-16,Female,Western Cape,Paarl,Mass Market,2022-08-12,High,Unemployed,57447,True
C000247,Muhammad,Ndlovu,1965-12-20,Female,Western Cape,Cape Town,Mass Market,2025-01-26,Medium,Employed,248719,True
C000248,Kayla,Khan,1958-07-10,Male,Gauteng,Centurion,Emerging Affluent,2023-07-12,High,Retired,436752,True
C000249,Sibusiso,Naidoo,1996-08-04,Male,KwaZulu-Natal,Umhlanga,Emerging Affluent,2023-12-10,Medium,Self-Employed,534198,True
C000250,Anika,Smith,1988-07-23,Male,Western Cape,Paarl,Emerging Affluent,2023-01-01,Low,Employed,461989,False
C000251,Ruan,Ndlovu,1980-11-10,Male,Western Cape,Paarl,Mass Market,2022-05-12,Low,Unemployed,66431,True
C000252,Kayla,Jacobs,1977-02-24,Female,Gauteng,Centurion,Emerging Affluent,2026-04-01,Low,Self-Employed,406866,True
C000253,Ruan,Meyer,1978-07-04,Female,Western Cape,Paarl,Emerging Affluent,2022-07-12,Low,Retired,305658,False
C000254,Naledi,Khumalo,1954-03-02,Female,Eastern Cape,Gqeberha,Mass Market,2025-01-30,High,Unemployed,3587,True
C000255,Lerato,Botha,1951-02-17,Female,Gauteng,Pretoria,Emerging Affluent,2025-10-29,Low,Employed,434811,True
C000256,Zanele,Khumalo,2006-02-01,Female,Free State,Welkom,Emerging Affluent,2023-01-30,Low,Employed,290781,True
C000257,Kagiso,Khumalo,1972-06-27,Female,Northern Cape,Kimberley,Emerging Affluent,2023-06-14,Low,Retired,466869,True
C000258,Tshepo,Govender,1967-11-14,Male,Gauteng,Sandton,Emerging Affluent,2025-12-05,Medium,Employed,518832,True
C000259,Priya,Gumede,1959-07-18,Male,KwaZulu-Natal,Richards Bay,Mass Market,2025-08-16,Low,Employed,222196,True
C000260,Muhammad,Gumede,1989-12-16,Female,Western Cape,George,Emerging Affluent,2022-04-02,Low,Employed,448221,False
C000261,Priya,Meyer,1964-05-12,Male,Western Cape,Paarl,Emerging Affluent,2023-04-30,Low,Retired,526155,True
C000262,Sipho,Pillay,1986-08-20,Male,Gauteng,Sandton,Emerging Affluent,2026-01-29,Low,Retired,523935,True
C000263,Ruan,Khan,1990-04-27,Female,Gauteng,Centurion,Mass Market,2022-05-23,Low,Retired,221611,True
C000264,Ethan,Molefe,1963-02-09,Male,KwaZulu-Natal,Umhlanga,Mass Market,2026-03-06,Medium,Unemployed,22080,True
C000265,Megan,Smith,1951-10-20,Female,Mpumalanga,eMalahleni,Emerging Affluent,2024-05-20,Low,Employed,496938,True
C000266,Jason,Botha,1979-06-12,Male,Eastern Cape,East London,Mass Market,2022-02-11,Low,Unemployed,7815,True
C000267,Nomsa,Daniels,1960-02-17,Female,Gauteng,Sandton,Small Business,2024-11-17,Low,Self-Employed,722370,True
C000268,Karabo,Mokoena,1964-12-15,Female,Gauteng,Sandton,Mass Market,2023-03-04,Medium,Employed,181074,True
C000269,Ethan,Pillay,1979-04-22,Female,KwaZulu-Natal,Richards Bay,Emerging Affluent,2025-03-03,Low,Employed,351015,True
C000270,Lerato,Botha,1991-05-26,Male,Gauteng,Johannesburg,Emerging Affluent,2024-05-11,Low,Employed,320008,False
C000271,Fatima,Nkosi,2000-04-10,Male,Gauteng,Midrand,Mass Market,2024-06-15,Low,Employed,208827,True
C000272,Muhammad,Meyer,1978-01-20,Male,Gauteng,Johannesburg,Emerging Affluent,2023-04-29,Low,Retired,429196,True
C000273,Ethan,Radebe,1976-01-24,Male,Western Cape,Paarl,Small Business,2023-08-17,Low,Self-Employed,1335419,True
C000274,Zanele,Smith,1965-06-26,Female,Western Cape,Paarl,Emerging Affluent,2023-09-04,Low,Employed,532895,True
C000275,Lerato,Gumede,1965-08-03,Male,KwaZulu-Natal,Pietermaritzburg,Affluent,2024-08-15,Low,Employed,778138,True
C000276,Nomsa,Molefe,2002-09-24,Male,KwaZulu-Natal,Pietermaritzburg,Mass Market,2026-02-11,Low,Student,31308,True
C000277,Jason,Botha,1990-09-29,Female,Western Cape,George,Mass Market,2026-02-04,Low,Employed,256091,True
C000278,Fatima,Khan,1969-09-10,Female,Western Cape,George,Mass Market,2023-03-28,Medium,Employed,236007,True
C000279,Nomsa,Ndlovu,2004-05-07,Female,Limpopo,Polokwane,Emerging Affluent,2025-03-02,Low,Employed,519749,False
C000280,Kagiso,Smith,1968-05-12,Male,Gauteng,Sandton,Affluent,2025-04-25,Low,Employed,795952,True
C000281,Neo,Adams,1980-01-09,Female,KwaZulu-Natal,Pietermaritzburg,Emerging Affluent,2023-10-06,Low,Employed,620617,True
C000282,Karabo,Williams,1953-09-18,Female,Eastern Cape,East London,Mass Market,2023-12-17,Low,Student,64679,True
C000283,Daniel,Mokoena,2006-04-13,Male,Gauteng,Pretoria,Mass Market,2025-03-23,Medium,Employed,237672,True
C000284,Daniel,Molefe,1967-12-14,Male,Free State,Welkom,Affluent,2023-01-02,Low,Employed,945928,True
C000285,Neo,Jacobs,1989-04-19,Male,Mpumalanga,eMalahleni,Emerging Affluent,2023-05-29,Medium,Employed,315954,True
C000286,Neo,Brown,1976-08-26,Female,KwaZulu-Natal,Richards Bay,Emerging Affluent,2022-05-14,Medium,Self-Employed,385934,True
C000287,Imran,Botha,2002-10-26,Male,Western Cape,Paarl,Affluent,2024-06-16,Low,Employed,805203,True
C000288,Mpho,Govender,1962-07-08,Male,Western Cape,Cape Town,Emerging Affluent,2022-09-19,Medium,Employed,426166,True
C000289,Kayla,Smith,1964-02-20,Male,Gauteng,Johannesburg,Affluent,2022-03-16,High,Employed,843387,True
C000290,Imran,Meyer,1992-09-16,Male,Mpumalanga,Mbombela,Mass Market,2023-08-02,Low,Student,81579,True
C000291,Zanele,Meyer,1969-04-06,Male,Limpopo,Tzaneen,Emerging Affluent,2026-01-05,Medium,Employed,308649,True
C000292,Jason,Daniels,1998-11-01,Female,Mpumalanga,eMalahleni,Emerging Affluent,2023-12-18,Medium,Employed,375805,True
C000293,Leah,Ndlovu,2003-12-14,Female,KwaZulu-Natal,Durban,Emerging Affluent,2022-04-10,Low,Employed,420781,True
C000294,Sibusiso,Khan,1969-01-06,Male,Western Cape,Stellenbosch,Mass Market,2026-06-28,Medium,Self-Employed,215118,True
C000295,Ayesha,Adams,1986-02-08,Female,Gauteng,Midrand,Emerging Affluent,2023-10-26,Medium,Employed,552983,True
C000296,Kayla,Gumede,1985-01-10,Male,Gauteng,Soweto,Emerging Affluent,2024-10-29,Low,Retired,385370,True
C000297,Ethan,Jacobs,1988-06-29,Male,KwaZulu-Natal,Richards Bay,Mass Market,2025-01-10,High,Retired,130228,True
C000298,Ayanda,Khan,1985-05-12,Female,Western Cape,Bellville,Emerging Affluent,2023-12-30,Low,Employed,351059,True
C000299,Zanele,Smith,1977-02-17,Female,Mpumalanga,Mbombela,Emerging Affluent,2024-12-30,Medium,Retired,323892,True
C000300,Imran,Naidoo,1981-10-28,Male,Free State,Welkom,Mass Market,2023-12-30,Low,Unemployed,59714,True
C000301,Zanele,Cele,1985-06-19,Male,Gauteng,Centurion,Mass Market,2022-02-12,Medium,Employed,191421,True
C000302,Anika,Dlamini,2005-05-24,Female,Eastern Cape,East London,Mass Market,2026-03-17,Low,Employed,254989,True
C000303,Nomsa,Dlamini,1995-01-25,Male,Mpumalanga,eMalahleni,Emerging Affluent,2023-04-19,Low,Employed,335330,True
C000304,Anika,Dlamini,1997-07-23,Female,Gauteng,Johannesburg,Mass Market,2025-12-17,Medium,Self-Employed,170046,True
C000305,Mpho,Mokoena,2001-04-03,Male,KwaZulu-Natal,Umhlanga,Mass Market,2025-12-06,Low,Employed,168881,True
C000306,Muhammad,Williams,1950-04-02,Male,Gauteng,Sandton,Mass Market,2024-12-30,Low,Employed,261121,True
C000307,Thabo,Nkosi,1977-08-21,Male,Gauteng,Pretoria,Mass Market,2023-06-11,Medium,Employed,172425,True
C000308,Karabo,Botha,1984-05-25,Male,Western Cape,George,Emerging Affluent,2026-04-01,Low,Employed,306974,True
C000309,Tshepo,Khan,2003-07-02,Male,Gauteng,Midrand,Mass Market,2026-03-15,Low,Employed,91919,True
C000310,Tshepo,Pillay,1982-12-20,Female,Free State,Welkom,Small Business,2026-03-17,Medium,Self-Employed,879883,True
C000311,Sibusiso,Cele,1966-05-07,Female,KwaZulu-Natal,Pietermaritzburg,Emerging Affluent,2026-02-20,Low,Employed,418992,True
C000312,Priya,Radebe,1950-01-20,Male,Gauteng,Pretoria,Mass Market,2022-02-26,Medium,Employed,127381,True
C000313,Anika,Cele,1978-09-21,Male,KwaZulu-Natal,Richards Bay,Emerging Affluent,2023-10-27,Low,Employed,379354,True
C000314,Ethan,Daniels,1970-03-26,Female,Western Cape,Stellenbosch,Mass Market,2025-04-03,High,Unemployed,72005,True
C000315,Zanele,Molefe,2000-09-05,Female,Gauteng,Johannesburg,Emerging Affluent,2024-10-18,Low,Self-Employed,458871,True
C000316,Priya,Patel,1965-08-31,Female,KwaZulu-Natal,Pietermaritzburg,Mass Market,2025-03-13,Medium,Student,28392,True
C000317,Ruan,Molefe,1971-09-16,Female,Western Cape,Paarl,Mass Market,2025-08-12,Low,Unemployed,4709,True
C000318,Naledi,Pillay,2000-12-29,Female,KwaZulu-Natal,Umhlanga,Mass Market,2026-04-12,High,Unemployed,70266,True
C000319,Daniel,Mokoena,1975-06-02,Female,Gauteng,Sandton,Emerging Affluent,2023-04-29,Medium,Employed,461664,True
C000320,Sibusiso,Botha,1985-03-29,Female,KwaZulu-Natal,Richards Bay,Mass Market,2024-06-27,Medium,Student,36477,True
C000321,Kayla,Mokoena,1992-05-08,Female,Gauteng,Johannesburg,Emerging Affluent,2025-08-14,Low,Employed,367619,True
C000322,Sibusiso,Botha,1966-06-03,Male,Western Cape,Bellville,Mass Market,2022-10-29,Medium,Unemployed,24722,True
C000323,Kayla,Ndlovu,2004-10-23,Male,Gauteng,Midrand,Emerging Affluent,2025-07-31,Medium,Employed,460815,True
C000324,Muhammad,Williams,2000-06-16,Female,Gauteng,Johannesburg,Emerging Affluent,2022-10-25,Low,Employed,381017,True
C000325,Priya,Dlamini,1970-12-18,Male,Western Cape,Cape Town,Emerging Affluent,2025-06-03,Low,Employed,422859,True
C000326,Lerato,Williams,1968-12-16,Female,Northern Cape,Upington,Mass Market,2023-07-31,Medium,Self-Employed,207750,True
C000327,Tshepo,Brown,1985-12-17,Male,Western Cape,Stellenbosch,Emerging Affluent,2025-05-27,Medium,Employed,401541,True
C000328,Fatima,Jacobs,2000-10-21,Female,Gauteng,Sandton,Mass Market,2025-02-10,Medium,Employed,244036,True
C000329,Neo,Naidoo,1973-11-21,Female,Western Cape,Bellville,Mass Market,2022-09-10,Medium,Self-Employed,138494,True
C000330,Kayla,Gumede,1960-07-01,Female,Gauteng,Centurion,Mass Market,2023-09-24,Medium,Employed,148304,True
C000331,Imran,Mokoena,1953-03-21,Male,KwaZulu-Natal,Durban,Mass Market,2026-06-10,Medium,Student,76487,True
C000332,Leah,Molefe,1969-07-24,Male,Gauteng,Johannesburg,Emerging Affluent,2026-01-29,Low,Employed,380137,True
C000333,Nomsa,Khan,1998-01-11,Female,Western Cape,Paarl,Mass Market,2024-01-08,Low,Employed,251880,True
C000334,Ayesha,Nkosi,1985-05-17,Female,KwaZulu-Natal,Pietermaritzburg,Emerging Affluent,2022-02-24,Low,Retired,354750,True
C000335,Megan,Meyer,1998-02-27,Male,Gauteng,Pretoria,Mass Market,2024-06-05,Low,Retired,93973,True
C000336,Nomsa,Mokoena,2006-05-23,Female,KwaZulu-Natal,Durban,Mass Market,2023-09-11,Low,Employed,272317,True
C000337,Kayla,Pillay,1976-06-13,Male,Gauteng,Midrand,Mass Market,2026-05-18,Medium,Student,2102,True
C000338,Karabo,Khumalo,1989-07-03,Female,Western Cape,George,Emerging Affluent,2025-01-27,Low,Retired,383289,True
C000339,Kayla,Cele,1960-01-20,Male,KwaZulu-Natal,Durban,Emerging Affluent,2024-10-31,Low,Employed,416470,False
C000340,Mpho,Dlamini,1972-05-04,Female,North West,Mahikeng,Mass Market,2025-12-03,Medium,Employed,222610,True
C000341,Daniel,Mokoena,2000-10-31,Female,Limpopo,Tzaneen,Mass Market,2025-08-10,Low,Employed,211713,True
C000342,Zanele,Mokoena,2000-03-14,Female,Gauteng,Pretoria,Mass Market,2024-06-24,High,Self-Employed,217278,True
C000343,Ayanda,Brown,1979-05-06,Male,Gauteng,Centurion,Mass Market,2025-11-28,Low,Employed,276228,True
C000344,Jason,Adams,1952-01-18,Female,Gauteng,Pretoria,Mass Market,2025-09-25,Low,Employed,249085,False
C000345,Muhammad,Daniels,1992-08-03,Female,Gauteng,Soweto,Mass Market,2022-04-05,Low,Student,70874,True
C000346,Ayesha,Gumede,1985-11-14,Male,Gauteng,Pretoria,Affluent,2025-03-14,Low,Self-Employed,1168821,True
C000347,Karabo,Williams,1964-07-04,Male,Western Cape,George,Emerging Affluent,2025-11-26,Medium,Employed,489096,True
C000348,Sibusiso,Mokoena,1969-03-15,Female,Mpumalanga,eMalahleni,Mass Market,2022-12-31,Medium,Student,231,True
C000349,Jason,Smith,1980-01-24,Male,KwaZulu-Natal,Durban,Emerging Affluent,2023-01-01,Low,Employed,416389,True
C000350,Ethan,Naidoo,1991-08-03,Female,Gauteng,Johannesburg,Emerging Affluent,2025-07-12,Low,Employed,301833,True
C000351,Ayanda,Patel,1959-04-08,Male,Gauteng,Centurion,Emerging Affluent,2022-12-03,Medium,Employed,649317,True
C000352,Zanele,Naidoo,1960-08-10,Male,Eastern Cape,Mthatha,Emerging Affluent,2022-08-17,Low,Employed,286465,True
C000353,Anika,Adams,1998-08-21,Male,Gauteng,Sandton,Mass Market,2023-07-29,Low,Employed,264008,True
C000354,Ayanda,Smith,1970-10-18,Male,Western Cape,Bellville,Mass Market,2026-02-10,Low,Employed,271709,True
C000355,Leah,Govender,1968-10-05,Female,Gauteng,Midrand,Mass Market,2025-05-15,Medium,Student,9212,True
C000356,Lerato,Ndlovu,1974-01-03,Male,Free State,Welkom,Mass Market,2023-07-01,High,Self-Employed,233332,True
C000357,Jason,Cele,1952-01-25,Male,KwaZulu-Natal,Richards Bay,Mass Market,2024-06-19,Medium,Employed,273808,True
C000358,Ruan,Meyer,1974-08-11,Male,Western Cape,Paarl,Affluent,2023-04-23,Low,Employed,657643,True
C000359,Sipho,Naidoo,1986-07-13,Male,Western Cape,George,Mass Market,2024-02-15,High,Unemployed,8051,True
C000360,Daniel,Ndlovu,1956-03-11,Female,Free State,Welkom,Emerging Affluent,2025-07-27,Low,Retired,554735,True
C000361,Imran,Patel,1988-12-29,Male,Gauteng,Sandton,Emerging Affluent,2025-07-08,Low,Employed,399843,True
C000362,Megan,Pillay,1998-06-13,Male,Western Cape,Paarl,Emerging Affluent,2023-12-13,Low,Employed,515979,True
C000363,Kayla,Botha,1991-09-22,Female,Free State,Bloemfontein,Affluent,2026-02-23,Low,Employed,1177075,True
C000364,Lerato,Govender,1992-08-23,Female,Gauteng,Johannesburg,Mass Market,2022-09-09,Medium,Student,89004,True
C000365,Leah,Govender,1976-08-09,Female,Free State,Welkom,Emerging Affluent,2022-11-09,Low,Self-Employed,449762,True
C000366,Sibusiso,Jacobs,2000-05-18,Female,Gauteng,Centurion,Mass Market,2022-12-27,High,Self-Employed,263820,True
C000367,Ethan,Mokoena,1999-12-23,Male,Gauteng,Soweto,Mass Market,2023-09-21,High,Retired,118186,True
C000368,Sipho,Govender,1993-10-08,Male,Western Cape,Stellenbosch,Mass Market,2022-07-01,High,Retired,95650,True
C000369,Lerato,Khan,1981-04-27,Female,KwaZulu-Natal,Pietermaritzburg,Emerging Affluent,2023-01-27,Low,Employed,328092,True
C000370,Anika,Govender,1967-04-21,Female,Western Cape,Paarl,Emerging Affluent,2025-12-18,Low,Employed,566141,True
C000371,Zanele,Dlamini,1995-08-16,Male,Mpumalanga,eMalahleni,Emerging Affluent,2026-03-05,Low,Employed,324537,True
C000372,Tshepo,Brown,1957-12-25,Female,Mpumalanga,eMalahleni,Emerging Affluent,2025-07-16,Low,Employed,510955,True
C000373,Mpho,Brown,1993-09-15,Male,Gauteng,Soweto,Emerging Affluent,2023-09-12,Low,Employed,359141,True
C000374,Lerato,Naidoo,1962-01-01,Male,Western Cape,George,Mass Market,2025-11-23,High,Employed,204861,True
C000375,Lerato,Meyer,1963-04-12,Female,Gauteng,Sandton,Emerging Affluent,2024-09-21,Low,Employed,528051,True
C000376,Ayanda,Khan,1980-06-16,Female,KwaZulu-Natal,Pietermaritzburg,Mass Market,2025-11-20,High,Student,8781,True
C000377,Jason,Cele,2005-12-10,Male,Gauteng,Sandton,Emerging Affluent,2022-01-11,High,Employed,370552,True
C000378,Kagiso,Gumede,1980-09-01,Female,KwaZulu-Natal,Pietermaritzburg,Mass Market,2024-01-31,Low,Employed,213532,True
C000379,Muhammad,Williams,1982-07-31,Male,Gauteng,Johannesburg,Mass Market,2026-04-02,Medium,Employed,221579,True
C000380,Lerato,Dlamini,1998-12-26,Male,Gauteng,Centurion,Mass Market,2024-11-22,High,Employed,198885,False
C000381,Anika,Patel,1971-05-25,Female,Gauteng,Soweto,Emerging Affluent,2023-11-04,Low,Retired,428735,True
C000382,Ruan,Dlamini,1963-10-23,Male,Eastern Cape,East London,Affluent,2024-06-27,High,Employed,668536,True
C000383,Anika,Khan,1953-08-01,Female,Northern Cape,Kimberley,Mass Market,2023-06-01,Medium,Student,2187,True
C000384,Daniel,Govender,1996-03-05,Male,Gauteng,Centurion,Small Business,2025-08-27,Low,Self-Employed,790160,True
C000385,Leah,Brown,1969-08-19,Male,Eastern Cape,Gqeberha,Mass Market,2024-11-16,Low,Student,86343,True
C000386,Jason,Meyer,1995-01-22,Male,North West,Mahikeng,Emerging Affluent,2026-01-02,Low,Employed,310498,True
C000387,Ruan,Meyer,2003-03-08,Male,Gauteng,Sandton,Mass Market,2023-09-06,Medium,Student,18688,True
C000388,Ayesha,Dlamini,1957-07-09,Male,KwaZulu-Natal,Durban,Mass Market,2023-05-30,Medium,Student,46264,True
C000389,Thabo,Molefe,1974-10-29,Female,North West,Mahikeng,Mass Market,2023-04-17,Medium,Employed,152026,True
C000390,Ayesha,Patel,1965-08-17,Male,Limpopo,Tzaneen,Mass Market,2023-06-24,High,Employed,108461,True
C000391,Thabo,Pillay,1993-09-18,Male,Limpopo,Tzaneen,Emerging Affluent,2024-05-14,Medium,Employed,448564,True
C000392,Ayanda,Ndlovu,2005-03-03,Male,Mpumalanga,eMalahleni,Emerging Affluent,2023-05-31,Medium,Employed,633936,True
C000393,Lerato,Patel,1988-12-28,Female,KwaZulu-Natal,Pietermaritzburg,Mass Market,2022-08-11,Medium,Unemployed,41511,True
C000394,Sibusiso,Nkosi,1975-01-17,Male,North West,Rustenburg,Emerging Affluent,2023-05-07,Low,Retired,566720,True
C000395,Ayanda,Nkosi,1996-04-11,Male,Western Cape,Bellville,Emerging Affluent,2022-11-22,Low,Employed,403346,True
C000396,Leah,Ndlovu,1959-01-14,Female,Northern Cape,Upington,Emerging Affluent,2023-08-27,Medium,Employed,387603,True
C000397,Fatima,Williams,1979-10-27,Female,Western Cape,Cape Town,Emerging Affluent,2025-03-16,Low,Employed,381837,True
C000398,Thabo,Ndlovu,1994-11-15,Male,Gauteng,Sandton,Affluent,2025-12-30,Low,Employed,856173,True
C000399,Ayanda,Nkosi,1993-05-07,Female,Free State,Bloemfontein,Mass Market,2022-05-02,Medium,Unemployed,85316,True
C000400,Karabo,Govender,1953-05-26,Female,Gauteng,Centurion,Mass Market,2023-07-02,Medium,Employed,123922,False
C000401,Ayanda,Cele,1971-06-18,Male,Mpumalanga,eMalahleni,Mass Market,2024-02-19,Medium,Unemployed,30855,True
C000402,Megan,Khumalo,1997-01-27,Male,Limpopo,Polokwane,Emerging Affluent,2024-06-24,High,Employed,286024,True
C000403,Megan,Gumede,2002-05-28,Female,Gauteng,Sandton,Affluent,2023-10-16,Low,Employed,869262,True
C000404,Sipho,Meyer,1988-12-27,Female,Limpopo,Polokwane,Mass Market,2026-07-13,Medium,Student,70052,False
C000405,Zanele,Jacobs,1958-02-26,Female,Gauteng,Pretoria,Mass Market,2024-11-17,High,Unemployed,79410,True
C000406,Ethan,Govender,1960-12-23,Male,Eastern Cape,Mthatha,Emerging Affluent,2023-12-03,Medium,Employed,603495,True
C000407,Nomsa,Gumede,1972-09-25,Female,Free State,Welkom,Emerging Affluent,2025-10-20,Low,Self-Employed,397654,True
C000408,Ayanda,Mokoena,1970-03-16,Female,Gauteng,Johannesburg,Mass Market,2022-11-26,Low,Self-Employed,265830,True
C000409,Ayanda,Khumalo,1991-02-26,Female,Gauteng,Sandton,Affluent,2022-06-12,Low,Employed,1093704,True
C000410,Thabo,Adams,1969-05-13,Female,Mpumalanga,eMalahleni,Affluent,2024-01-02,Low,Employed,656101,True
C000411,Neo,Ndlovu,1995-10-18,Female,Gauteng,Centurion,Emerging Affluent,2025-09-22,Low,Employed,359590,True
C000412,Sipho,Jacobs,2004-03-14,Female,Gauteng,Soweto,Mass Market,2023-03-18,Medium,Employed,204866,True
C000413,Sipho,Daniels,2004-07-06,Female,Western Cape,George,Mass Market,2025-07-08,Medium,Employed,230306,True
C000414,Naledi,Khumalo,1959-04-06,Female,Western Cape,Paarl,Affluent,2025-04-11,Low,Employed,682758,True
C000415,Tshepo,Jacobs,1986-07-07,Female,Western Cape,Cape Town,Small Business,2022-06-27,Medium,Self-Employed,967731,True
C000416,Tshepo,Mokoena,1977-07-30,Female,Northern Cape,Kimberley,Mass Market,2022-10-28,Low,Employed,254611,True
C000417,Muhammad,Cele,1985-12-14,Male,KwaZulu-Natal,Durban,Emerging Affluent,2023-04-07,Medium,Employed,326149,True
C000418,Lerato,Meyer,1965-08-23,Male,Western Cape,George,Affluent,2024-12-23,Low,Employed,826885,True
C000419,Mpho,Naidoo,1997-02-12,Male,North West,Rustenburg,Emerging Affluent,2023-01-26,Low,Employed,644351,True
C000420,Ruan,Patel,1960-09-22,Female,Eastern Cape,East London,Emerging Affluent,2022-08-30,Low,Retired,361609,True
C000421,Sipho,Govender,1980-08-08,Female,KwaZulu-Natal,Durban,Affluent,2023-11-30,Low,Employed,726156,True
C000422,Daniel,Jacobs,1969-09-28,Female,Western Cape,George,Affluent,2022-02-10,Medium,Employed,802115,True
C000423,Ruan,Molefe,1999-06-20,Female,Mpumalanga,Mbombela,Mass Market,2026-03-22,Medium,Employed,210831,True
C000424,Lerato,Gumede,1982-09-24,Female,KwaZulu-Natal,Durban,Mass Market,2024-05-08,Medium,Unemployed,42230,True
C000425,Fatima,Khan,1955-09-03,Male,Gauteng,Soweto,Mass Market,2022-05-31,Low,Employed,229331,True
C000426,Ruan,Patel,1963-10-16,Female,Limpopo,Tzaneen,Mass Market,2023-09-28,Medium,Unemployed,42656,True
C000427,Leah,Khan,1993-10-07,Female,Western Cape,Bellville,Mass Market,2022-04-04,High,Employed,267375,True
C000428,Ayanda,Meyer,1965-08-27,Male,Free State,Welkom,Emerging Affluent,2023-05-27,High,Employed,320049,True
C000429,Leah,Botha,1977-05-07,Male,Free State,Bloemfontein,Mass Market,2025-07-08,Low,Student,82216,True
C000430,Neo,Adams,1994-04-14,Female,KwaZulu-Natal,Durban,Emerging Affluent,2024-12-27,High,Employed,580626,True
C000431,Kayla,Meyer,1979-08-09,Female,Eastern Cape,Gqeberha,Mass Market,2026-04-21,Low,Employed,211346,True
C000432,Ruan,Brown,1976-08-08,Male,Northern Cape,Kimberley,Mass Market,2024-09-19,Medium,Employed,229541,True
C000433,Fatima,Khan,1956-10-27,Male,Western Cape,Stellenbosch,Small Business,2025-01-11,High,Self-Employed,1686606,True
C000434,Karabo,Meyer,1984-09-04,Female,Western Cape,Bellville,Mass Market,2025-03-29,Medium,Unemployed,13117,True
C000435,Karabo,Nkosi,1973-12-14,Male,Eastern Cape,Mthatha,Affluent,2024-08-29,Low,Self-Employed,967278,True
C000436,Tshepo,Brown,2000-07-28,Male,KwaZulu-Natal,Durban,Mass Market,2022-12-28,Medium,Self-Employed,100094,True
C000437,Sipho,Patel,1988-09-20,Male,Northern Cape,Kimberley,Affluent,2026-04-04,Low,Employed,1001837,True
C000438,Mpho,Mokoena,1969-10-14,Male,Western Cape,Cape Town,Mass Market,2025-04-15,Medium,Employed,247371,False
C000439,Megan,Patel,1966-10-15,Female,Gauteng,Johannesburg,Emerging Affluent,2023-11-11,Low,Employed,378843,True
C000440,Neo,Govender,1973-06-03,Female,Western Cape,Paarl,Affluent,2022-02-08,Low,Employed,775552,True
C000441,Kayla,Khan,1980-11-28,Male,Gauteng,Soweto,Emerging Affluent,2023-02-25,Low,Employed,383100,True
C000442,Ethan,Smith,1981-10-25,Male,North West,Rustenburg,Mass Market,2022-07-10,Low,Employed,173893,True
C000443,Jason,Govender,1984-07-10,Male,Western Cape,Stellenbosch,Mass Market,2024-05-30,Low,Employed,167589,True
C000444,Tshepo,Gumede,1951-07-19,Male,Western Cape,Stellenbosch,Emerging Affluent,2025-09-18,Medium,Retired,552013,True
C000445,Ayanda,Adams,1954-11-13,Male,KwaZulu-Natal,Umhlanga,Affluent,2025-08-02,Low,Employed,821848,False
C000446,Kagiso,Cele,1950-05-20,Female,Gauteng,Centurion,Mass Market,2026-03-24,Low,Student,7993,True
C000447,Daniel,Williams,1997-06-11,Female,KwaZulu-Natal,Richards Bay,Emerging Affluent,2022-12-02,Low,Employed,307917,True
C000448,Ayanda,Gumede,1996-06-05,Male,Gauteng,Sandton,Mass Market,2023-01-09,High,Retired,179949,True
C000449,Kayla,Patel,1969-08-13,Male,Free State,Bloemfontein,Emerging Affluent,2026-03-17,Medium,Retired,498453,True
C000450,Sipho,Dlamini,1963-04-25,Male,Northern Cape,Kimberley,Emerging Affluent,2022-10-24,Low,Employed,309661,True
C000451,Fatima,Cele,1970-04-29,Male,Limpopo,Polokwane,Emerging Affluent,2025-02-04,Low,Employed,407699,True
C000452,Priya,Gumede,1951-04-28,Female,Western Cape,Bellville,Private Banking,2024-03-21,Low,Employed,1935282,True
C000453,Sibusiso,Nkosi,1998-10-26,Male,Gauteng,Sandton,Private Banking,2022-05-22,Low,Self-Employed,1346765,True
C000454,Mpho,Radebe,1966-08-07,Female,Northern Cape,Upington,Mass Market,2023-12-23,High,Self-Employed,150130,True
C000455,Ayanda,Daniels,1986-02-23,Female,Gauteng,Sandton,Mass Market,2022-02-25,Low,Employed,106231,True
C000456,Muhammad,Nkosi,1981-07-14,Male,Limpopo,Tzaneen,Emerging Affluent,2024-05-02,Low,Employed,337678,True
C000457,Mpho,Daniels,1989-09-13,Male,Free State,Bloemfontein,Emerging Affluent,2025-05-28,Low,Retired,548575,False
C000458,Daniel,Gumede,1958-07-30,Female,Gauteng,Soweto,Emerging Affluent,2023-10-26,Medium,Employed,522024,True
C000459,Imran,Khan,1982-03-10,Female,Free State,Welkom,Affluent,2025-08-05,Low,Self-Employed,663139,True
C000460,Ayesha,Mokoena,1974-05-27,Female,Gauteng,Johannesburg,Emerging Affluent,2023-12-18,Low,Self-Employed,325856,True
C000461,Anika,Molefe,1992-06-28,Male,Eastern Cape,Mthatha,Mass Market,2024-04-06,Medium,Employed,30506,True
C000462,Kagiso,Pillay,2005-05-06,Male,Gauteng,Soweto,Mass Market,2023-02-19,Low,Employed,226598,True
C000463,Ayanda,Patel,1980-10-06,Female,Eastern Cape,Mthatha,Mass Market,2024-10-15,Medium,Student,65831,True
C000464,Sipho,Daniels,1958-08-15,Female,North West,Rustenburg,Emerging Affluent,2023-12-14,Low,Employed,387124,True
C000465,Ayanda,Daniels,1995-03-29,Female,KwaZulu-Natal,Pietermaritzburg,Mass Market,2022-05-17,Low,Employed,202818,True
C000466,Daniel,Cele,1982-01-23,Male,KwaZulu-Natal,Richards Bay,Mass Market,2025-09-22,High,Employed,147627,True
C000467,Anika,Gumede,1950-07-30,Male,KwaZulu-Natal,Umhlanga,Emerging Affluent,2025-04-17,Medium,Retired,524092,True
C000468,Fatima,Ndlovu,1969-07-12,Male,North West,Rustenburg,Emerging Affluent,2026-06-01,Low,Employed,321788,True
C000469,Lerato,Adams,1957-11-01,Female,Gauteng,Sandton,Mass Market,2026-04-03,High,Student,67799,True
C000470,Daniel,Khan,1979-07-29,Female,Gauteng,Johannesburg,Mass Market,2023-08-02,High,Unemployed,71846,True
C000471,Nomsa,Williams,1976-06-15,Male,Gauteng,Johannesburg,Mass Market,2023-09-05,Medium,Employed,256474,True
C000472,Ruan,Pillay,1950-08-12,Female,KwaZulu-Natal,Pietermaritzburg,Emerging Affluent,2023-04-24,Medium,Employed,366826,True
C000473,Sipho,Nkosi,1982-04-19,Female,Eastern Cape,East London,Mass Market,2024-10-14,Medium,Unemployed,38880,True
C000474,Megan,Adams,2004-02-11,Female,Western Cape,Stellenbosch,Emerging Affluent,2023-09-23,Low,Retired,417977,True
C000475,Ayanda,Jacobs,1967-03-07,Female,Gauteng,Johannesburg,Mass Market,2023-12-11,Low,Unemployed,47998,True
C000476,Thabo,Daniels,1962-06-29,Female,Mpumalanga,Mbombela,Mass Market,2024-06-01,Medium,Employed,239283,True
C000477,Leah,Dlamini,1950-01-22,Male,KwaZulu-Natal,Pietermaritzburg,Private Banking,2022-05-24,Low,Employed,1323350,True
C000478,Kayla,Dlamini,1952-10-12,Male,Eastern Cape,Gqeberha,Emerging Affluent,2025-10-18,Medium,Retired,598569,True
C000479,Muhammad,Daniels,1977-09-01,Male,Gauteng,Soweto,Emerging Affluent,2022-01-14,Low,Employed,458724,True
C000480,Karabo,Mokoena,1986-11-29,Female,Western Cape,Bellville,Mass Market,2023-08-16,Medium,Employed,110018,True
C000481,Anika,Botha,1976-11-07,Female,Gauteng,Sandton,Emerging Affluent,2023-02-05,Low,Self-Employed,374766,True
C000482,Sipho,Radebe,1957-08-16,Female,Mpumalanga,eMalahleni,Emerging Affluent,2024-06-26,Low,Employed,490553,True
C000483,Ruan,Patel,1981-06-17,Female,Gauteng,Pretoria,Emerging Affluent,2024-05-17,Low,Self-Employed,571896,True
C000484,Sibusiso,Cele,1968-05-11,Female,Free State,Welkom,Emerging Affluent,2024-08-24,Medium,Employed,585306,True
C000485,Kagiso,Naidoo,1984-02-07,Female,KwaZulu-Natal,Pietermaritzburg,Mass Market,2025-11-30,Medium,Student,4181,True
C000486,Mpho,Nkosi,1970-05-01,Male,North West,Mahikeng,Mass Market,2024-03-17,Medium,Student,21201,False
C000487,Karabo,Molefe,1996-06-16,Female,Gauteng,Centurion,Mass Market,2023-04-26,Low,Employed,225377,True
C000488,Nomsa,Govender,1980-11-04,Female,Gauteng,Pretoria,Emerging Affluent,2026-07-26,Low,Retired,529545,True
C000489,Tshepo,Patel,1997-09-09,Female,Western Cape,Paarl,Mass Market,2022-03-04,High,Student,33577,True
C000490,Sibusiso,Smith,1977-03-01,Male,Gauteng,Pretoria,Mass Market,2025-04-17,Medium,Employed,204302,True
C000491,Ethan,Ndlovu,1991-11-10,Female,Eastern Cape,East London,Emerging Affluent,2026-05-09,Medium,Employed,360106,True
C000492,Mpho,Dlamini,1987-05-06,Female,Western Cape,George,Affluent,2022-01-02,Low,Employed,738164,True
C000493,Megan,Dlamini,1960-01-31,Male,KwaZulu-Natal,Umhlanga,Mass Market,2024-01-08,Low,Retired,256757,True
C000494,Neo,Meyer,1961-09-11,Male,Eastern Cape,East London,Mass Market,2026-03-23,High,Unemployed,17719,True
C000495,Fatima,Cele,1955-10-06,Female,Gauteng,Pretoria,Affluent,2023-02-18,Low,Self-Employed,834998,True
C000496,Nomsa,Govender,1987-08-01,Male,Northern Cape,Upington,Mass Market,2024-11-07,High,Unemployed,35373,True
C000497,Zanele,Patel,1994-12-17,Female,Gauteng,Centurion,Emerging Affluent,2022-02-12,Low,Self-Employed,284872,True
C000498,Kagiso,Naidoo,2000-11-28,Male,Gauteng,Johannesburg,Mass Market,2022-01-10,Medium,Employed,74855,True
C000499,Leah,Daniels,1989-04-29,Male,KwaZulu-Natal,Umhlanga,Mass Market,2026-07-25,Low,Student,13504,False
C000500,Kayla,Govender,1990-02-21,Female,KwaZulu-Natal,Durban,Mass Market,2025-03-30,Medium,Student,73772,True
C000501,Anika,Molefe,1956-06-20,Female,Gauteng,Pretoria,Mass Market,2023-09-23,Medium,Unemployed,41367,True
C000502,Leah,Radebe,1976-04-11,Female,Gauteng,Pretoria,Mass Market,2023-10-13,Medium,Employed,197855,False
C000503,Sibusiso,Gumede,1985-01-16,Female,Gauteng,Pretoria,Mass Market,2026-06-02,Low,Student,18404,True
C000504,Daniel,Govender,1998-01-22,Male,Gauteng,Midrand,Emerging Affluent,2022-08-21,High,Employed,342125,True
C000505,Thabo,Botha,1982-03-11,Male,North West,Rustenburg,Emerging Affluent,2026-06-14,Medium,Self-Employed,537067,False
C000506,Daniel,Nkosi,1991-01-10,Male,Eastern Cape,Gqeberha,Mass Market,2023-07-15,Low,Employed,126044,True
C000507,Mpho,Cele,1967-05-13,Female,Eastern Cape,Gqeberha,Emerging Affluent,2024-11-03,Low,Employed,458703,True
C000508,Kagiso,Patel,1993-06-01,Female,Gauteng,Pretoria,Mass Market,2024-02-13,Medium,Employed,220712,True
C000509,Nomsa,Gumede,2004-10-08,Male,Gauteng,Centurion,Mass Market,2022-12-29,Medium,Unemployed,13700,True
C000510,Fatima,Khan,1978-05-19,Male,Gauteng,Midrand,Emerging Affluent,2023-03-17,Low,Employed,308780,True
C000511,Fatima,Jacobs,1998-09-09,Male,Limpopo,Polokwane,Emerging Affluent,2022-06-10,Medium,Employed,300252,True
C000512,Neo,Adams,1956-08-17,Female,Mpumalanga,Mbombela,Affluent,2023-03-30,Low,Employed,785266,True
C000513,Kagiso,Govender,1998-10-04,Male,Eastern Cape,East London,Mass Market,2022-12-27,Medium,Employed,206910,True
C000514,Kagiso,Smith,1987-03-17,Female,Gauteng,Centurion,Emerging Affluent,2025-03-02,Low,Employed,508712,True
C000515,Sipho,Daniels,1997-11-17,Female,Gauteng,Centurion,Emerging Affluent,2026-05-26,High,Employed,515770,True
C000516,Jason,Khan,1994-09-29,Male,Western Cape,Bellville,Emerging Affluent,2022-01-01,Low,Employed,291883,True
C000517,Karabo,Williams,1975-12-27,Male,KwaZulu-Natal,Richards Bay,Mass Market,2024-02-02,Medium,Employed,225773,True
C000518,Ethan,Dlamini,1950-04-19,Female,Gauteng,Midrand,Emerging Affluent,2024-08-20,Low,Employed,452103,True
C000519,Mpho,Smith,1994-08-01,Male,KwaZulu-Natal,Umhlanga,Affluent,2023-02-23,Medium,Employed,1114454,True
C000520,Mpho,Jacobs,1984-01-26,Male,KwaZulu-Natal,Durban,Mass Market,2024-06-10,Medium,Student,40801,True
C000521,Tshepo,Adams,1988-03-30,Female,Gauteng,Johannesburg,Mass Market,2023-05-23,Medium,Employed,161891,True
C000522,Nomsa,Botha,1990-05-03,Female,KwaZulu-Natal,Durban,Mass Market,2024-11-03,Low,Unemployed,32894,True
C000523,Ruan,Molefe,1972-10-04,Male,Western Cape,Stellenbosch,Mass Market,2026-02-23,Medium,Employed,135700,True
C000524,Daniel,Naidoo,1991-10-26,Female,KwaZulu-Natal,Umhlanga,Mass Market,2023-10-24,Medium,Employed,191364,True
C000525,Mpho,Molefe,2002-10-05,Male,KwaZulu-Natal,Pietermaritzburg,Mass Market,2023-08-13,Low,Retired,253329,True
C000526,Lerato,Khumalo,1961-07-13,Female,Eastern Cape,Gqeberha,Emerging Affluent,2023-05-29,Medium,Employed,286975,True
C000527,Megan,Molefe,1964-06-19,Male,Gauteng,Johannesburg,Mass Market,2022-07-01,Medium,Employed,79950,True
C000528,Naledi,Molefe,1990-11-04,Female,Eastern Cape,East London,Affluent,2026-01-10,Low,Self-Employed,695103,False
C000529,Zanele,Molefe,1978-05-06,Female,KwaZulu-Natal,Pietermaritzburg,Mass Market,2022-10-15,Medium,Employed,207160,True
C000530,Megan,Naidoo,1989-05-31,Male,Gauteng,Midrand,Mass Market,2024-06-21,Medium,Unemployed,94653,True
C000531,Nomsa,Khumalo,1972-10-26,Female,Mpumalanga,eMalahleni,Emerging Affluent,2024-11-11,Low,Employed,611648,True
C000532,Ethan,Williams,2001-03-02,Male,Eastern Cape,Mthatha,Affluent,2024-02-11,Low,Employed,832651,True
C000533,Sibusiso,Meyer,2000-04-19,Female,Western Cape,George,Emerging Affluent,2024-06-30,Low,Self-Employed,345529,True
C000534,Naledi,Botha,1962-02-16,Male,KwaZulu-Natal,Pietermaritzburg,Emerging Affluent,2022-02-07,Low,Self-Employed,338042,True
C000535,Megan,Ndlovu,1991-07-19,Female,Eastern Cape,Gqeberha,Mass Market,2024-06-05,Low,Retired,216483,True
C000536,Tshepo,Williams,1971-07-17,Female,KwaZulu-Natal,Richards Bay,Emerging Affluent,2026-03-10,Medium,Self-Employed,381109,False
C000537,Ayesha,Radebe,1967-07-11,Male,Eastern Cape,Gqeberha,Emerging Affluent,2022-12-22,Low,Employed,389485,True
C000538,Naledi,Pillay,1982-01-21,Male,Gauteng,Midrand,Mass Market,2022-04-18,Medium,Unemployed,97413,True
C000539,Ruan,Williams,1969-12-01,Female,KwaZulu-Natal,Richards Bay,Mass Market,2024-10-30,Low,Self-Employed,251701,True
C000540,Karabo,Meyer,1952-02-10,Female,Eastern Cape,Gqeberha,Emerging Affluent,2022-07-01,Low,Employed,337763,True
C000541,Zanele,Govender,1968-04-13,Male,Limpopo,Tzaneen,Emerging Affluent,2025-04-07,Low,Employed,416140,True
C000542,Imran,Ndlovu,1970-05-23,Male,KwaZulu-Natal,Durban,Emerging Affluent,2023-03-05,High,Employed,295310,True
C000543,Tshepo,Radebe,1998-10-17,Female,Gauteng,Soweto,Mass Market,2025-06-13,Medium,Student,31517,True
C000544,Kagiso,Molefe,1957-02-09,Male,Western Cape,Bellville,Mass Market,2022-07-14,Medium,Unemployed,55897,True
C000545,Daniel,Govender,1952-04-05,Male,KwaZulu-Natal,Richards Bay,Mass Market,2023-12-28,Low,Employed,264136,True
C000546,Sipho,Smith,1989-09-04,Male,Gauteng,Midrand,Mass Market,2026-03-06,Medium,Employed,151573,True
C000547,Mpho,Molefe,1968-06-10,Male,Limpopo,Polokwane,Emerging Affluent,2023-07-17,Low,Employed,409279,True
C000548,Sibusiso,Molefe,1950-01-28,Female,Gauteng,Soweto,Mass Market,2022-11-18,Medium,Employed,211757,True
C000549,Megan,Govender,1961-08-04,Female,KwaZulu-Natal,Richards Bay,Emerging Affluent,2023-03-15,Low,Retired,553040,True
C000550,Zanele,Meyer,1952-05-16,Female,Western Cape,Cape Town,Mass Market,2022-08-15,Low,Employed,265772,True
C000551,Lerato,Gumede,2002-08-26,Female,North West,Mahikeng,Mass Market,2023-04-04,Medium,Employed,205084,True
C000552,Lerato,Smith,1981-03-16,Female,Gauteng,Johannesburg,Mass Market,2025-10-07,Medium,Employed,147425,True
C000553,Sibusiso,Cele,1991-10-22,Male,Limpopo,Tzaneen,Emerging Affluent,2025-09-02,Medium,Employed,355541,True
C000554,Ruan,Govender,1994-05-03,Female,Gauteng,Johannesburg,Mass Market,2023-03-13,High,Unemployed,564,True
C000555,Fatima,Meyer,1982-12-10,Female,KwaZulu-Natal,Durban,Mass Market,2023-05-31,Medium,Employed,180033,True
C000556,Karabo,Daniels,1951-10-01,Male,Eastern Cape,Mthatha,Mass Market,2023-10-18,Medium,Employed,74860,True
C000557,Megan,Daniels,1953-12-06,Female,Mpumalanga,eMalahleni,Mass Market,2025-05-11,Medium,Unemployed,17802,True
C000558,Ayanda,Pillay,1961-10-12,Male,North West,Mahikeng,Emerging Affluent,2023-12-15,Low,Employed,372822,True
C000559,Kagiso,Radebe,1959-01-18,Female,Limpopo,Tzaneen,Emerging Affluent,2023-09-01,Medium,Employed,322654,True
C000560,Lerato,Jacobs,1956-06-30,Male,KwaZulu-Natal,Umhlanga,Emerging Affluent,2025-01-11,Low,Employed,644054,True
C000561,Karabo,Molefe,1974-09-09,Male,Gauteng,Midrand,Emerging Affluent,2024-03-12,Low,Employed,332029,True
C000562,Naledi,Nkosi,1956-03-21,Male,Gauteng,Pretoria,Emerging Affluent,2026-05-20,Low,Retired,431271,True
C000563,Daniel,Botha,1988-07-30,Male,Eastern Cape,Gqeberha,Mass Market,2022-03-09,High,Employed,102933,False
C000564,Ruan,Dlamini,1985-02-28,Female,Western Cape,Cape Town,Private Banking,2023-06-03,Low,Self-Employed,1220063,True
C000565,Leah,Molefe,1967-03-06,Male,Western Cape,Bellville,Mass Market,2024-04-01,Low,Employed,242742,True
C000566,Lerato,Radebe,1965-12-13,Male,Gauteng,Johannesburg,Affluent,2022-03-15,Low,Employed,681968,True
C000567,Imran,Daniels,1957-07-20,Female,Gauteng,Sandton,Affluent,2026-04-09,Medium,Employed,861185,True
C000568,Jason,Nkosi,1965-11-03,Female,Western Cape,George,Emerging Affluent,2025-05-07,Low,Employed,491746,True
C000569,Priya,Mokoena,1994-05-13,Male,KwaZulu-Natal,Durban,Mass Market,2026-07-14,Medium,Self-Employed,237783,True
C000570,Ayesha,Gumede,1956-04-07,Female,KwaZulu-Natal,Pietermaritzburg,Mass Market,2022-07-16,Medium,Student,49143,True
C000571,Lerato,Smith,1999-04-30,Male,Gauteng,Pretoria,Affluent,2023-08-25,Medium,Employed,797645,False
C000572,Ruan,Radebe,1964-01-03,Male,Mpumalanga,eMalahleni,Emerging Affluent,2025-12-06,Low,Employed,421143,True
C000573,Zanele,Cele,2006-01-24,Male,Gauteng,Soweto,Mass Market,2025-07-07,Medium,Unemployed,31208,True
C000574,Imran,Molefe,2000-11-27,Male,Western Cape,George,Mass Market,2025-11-11,Medium,Retired,203686,True
C000575,Muhammad,Ndlovu,2002-10-01,Female,North West,Rustenburg,Emerging Affluent,2023-04-07,Low,Retired,372934,True
C000576,Ayanda,Molefe,1973-03-27,Male,Western Cape,George,Emerging Affluent,2024-08-04,High,Employed,362861,True
C000577,Karabo,Adams,1967-10-21,Female,Gauteng,Midrand,Mass Market,2024-12-30,Medium,Employed,106859,True
C000578,Ayesha,Govender,1958-02-19,Female,North West,Mahikeng,Affluent,2025-04-06,Low,Employed,930135,True
C000579,Muhammad,Jacobs,1987-04-16,Female,Western Cape,Bellville,Emerging Affluent,2024-02-20,Low,Retired,550946,True
C000580,Leah,Williams,1984-06-20,Female,North West,Mahikeng,Emerging Affluent,2022-07-25,Medium,Employed,411613,False
C000581,Naledi,Daniels,1981-01-18,Female,Western Cape,George,Emerging Affluent,2025-05-09,Low,Self-Employed,357376,True
C000582,Zanele,Williams,2003-12-27,Male,Gauteng,Soweto,Mass Market,2024-10-18,Medium,Employed,128799,True
C000583,Priya,Smith,1974-04-05,Male,Gauteng,Johannesburg,Emerging Affluent,2024-07-17,Medium,Employed,281713,True
C000584,Imran,Radebe,1961-05-08,Male,Gauteng,Midrand,Emerging Affluent,2026-06-25,Low,Employed,283951,True
C000585,Imran,Naidoo,1950-04-02,Female,Limpopo,Polokwane,Affluent,2022-01-18,Low,Employed,914640,True
C000586,Ethan,Botha,1972-11-02,Female,Eastern Cape,Mthatha,Emerging Affluent,2026-04-18,Low,Retired,533280,True
C000587,Thabo,Molefe,1978-04-24,Male,Mpumalanga,eMalahleni,Emerging Affluent,2025-07-28,Low,Retired,339777,True
C000588,Ayesha,Williams,1968-10-13,Female,Western Cape,Cape Town,Emerging Affluent,2023-06-28,Medium,Employed,367816,True
C000589,Ayesha,Brown,1999-07-07,Female,Gauteng,Centurion,Mass Market,2026-04-11,High,Student,50319,True
C000590,Mpho,Dlamini,1956-07-29,Female,North West,Mahikeng,Emerging Affluent,2023-05-04,Medium,Self-Employed,357704,True
C000591,Mpho,Adams,1959-11-13,Female,Gauteng,Pretoria,Mass Market,2022-06-26,Medium,Student,15522,True
C000592,Neo,Jacobs,1951-10-07,Male,Gauteng,Johannesburg,Mass Market,2023-05-25,High,Self-Employed,226496,True
C000593,Ruan,Gumede,1999-12-30,Male,Gauteng,Midrand,Mass Market,2025-11-03,Low,Employed,242639,True
C000594,Naledi,Nkosi,1953-11-25,Male,Gauteng,Johannesburg,Mass Market,2024-03-13,High,Unemployed,12021,True
C000595,Tshepo,Nkosi,2000-07-31,Female,Western Cape,Paarl,Emerging Affluent,2023-10-11,Medium,Self-Employed,328355,True
C000596,Jason,Ndlovu,1961-02-05,Male,Western Cape,Bellville,Mass Market,2023-12-05,Medium,Employed,246282,True
C000597,Ayesha,Jacobs,2002-06-13,Male,Limpopo,Polokwane,Emerging Affluent,2026-02-23,Medium,Employed,327006,True
C000598,Priya,Meyer,1990-01-14,Male,Western Cape,Bellville,Emerging Affluent,2022-12-07,Low,Employed,419249,True
C000599,Thabo,Molefe,1951-09-06,Female,KwaZulu-Natal,Pietermaritzburg,Emerging Affluent,2025-12-19,Low,Self-Employed,407429,True
C000600,Nomsa,Williams,2003-01-28,Male,KwaZulu-Natal,Umhlanga,Emerging Affluent,2023-08-19,Low,Employed,288361,True
C000601,Ayesha,Patel,1979-02-02,Male,Gauteng,Soweto,Mass Market,2023-01-27,Medium,Employed,86983,True
C000602,Karabo,Ndlovu,1992-08-26,Female,Western Cape,Stellenbosch,Affluent,2025-10-26,Medium,Self-Employed,715524,True
C000603,Kagiso,Smith,1990-05-06,Female,KwaZulu-Natal,Richards Bay,Mass Market,2025-11-03,Medium,Unemployed,64912,True
C000604,Priya,Smith,1971-05-05,Female,Western Cape,Stellenbosch,Mass Market,2022-06-25,Medium,Self-Employed,231749,False
C000605,Ayesha,Meyer,1985-10-07,Male,KwaZulu-Natal,Umhlanga,Emerging Affluent,2025-02-28,Low,Self-Employed,581859,True
C000606,Daniel,Meyer,1999-09-24,Female,Eastern Cape,Gqeberha,Affluent,2022-05-11,Low,Employed,947525,True
C000607,Priya,Adams,1959-04-19,Female,Gauteng,Sandton,Mass Market,2025-03-11,High,Student,57337,True
C000608,Leah,Naidoo,1953-06-13,Female,North West,Rustenburg,Emerging Affluent,2023-11-02,Low,Employed,535858,True
C000609,Ayanda,Meyer,1975-07-05,Female,Western Cape,Cape Town,Emerging Affluent,2022-01-12,Medium,Employed,406051,True
C000610,Tshepo,Jacobs,1995-11-01,Female,Mpumalanga,Mbombela,Emerging Affluent,2026-03-14,Low,Retired,462110,True
C000611,Tshepo,Adams,2000-12-12,Female,Western Cape,Cape Town,Mass Market,2024-05-30,High,Student,83863,True
C000612,Karabo,Gumede,1982-04-20,Female,North West,Mahikeng,Emerging Affluent,2023-04-16,Low,Self-Employed,584893,False
C000613,Muhammad,Jacobs,1955-10-10,Male,KwaZulu-Natal,Durban,Mass Market,2022-11-04,Medium,Employed,188189,True
C000614,Karabo,Govender,1998-10-12,Female,Gauteng,Midrand,Mass Market,2025-05-20,Medium,Student,86615,True
C000615,Ayanda,Dlamini,1997-08-18,Male,Gauteng,Johannesburg,Emerging Affluent,2026-02-26,Medium,Employed,285719,True
C000616,Neo,Dlamini,1980-01-15,Male,KwaZulu-Natal,Richards Bay,Emerging Affluent,2022-08-08,Low,Employed,301249,True
C000617,Priya,Daniels,1974-01-06,Male,Western Cape,Paarl,Emerging Affluent,2022-02-19,Low,Self-Employed,591212,True
C000618,Sibusiso,Smith,1988-05-24,Female,Gauteng,Pretoria,Emerging Affluent,2023-01-31,Medium,Employed,472536,True
C000619,Kayla,Meyer,1985-08-22,Male,Gauteng,Midrand,Emerging Affluent,2026-01-20,Low,Retired,493083,True
C000620,Leah,Radebe,2001-10-20,Female,Gauteng,Johannesburg,Mass Market,2024-04-23,Low,Employed,256838,True
C000621,Megan,Khumalo,1964-02-09,Female,Western Cape,Paarl,Mass Market,2023-10-18,Low,Employed,222255,True
C000622,Kagiso,Williams,1993-06-16,Male,Gauteng,Johannesburg,Mass Market,2025-03-08,High,Employed,220176,True
C000623,Tshepo,Meyer,1984-10-06,Female,KwaZulu-Natal,Umhlanga,Emerging Affluent,2022-11-21,Medium,Employed,284863,True
C000624,Karabo,Govender,1951-03-19,Male,Western Cape,George,Mass Market,2024-06-02,Low,Unemployed,19403,True
C000625,Naledi,Adams,1992-08-24,Female,Mpumalanga,Mbombela,Emerging Affluent,2025-02-06,Low,Self-Employed,553069,True
C000626,Karabo,Williams,1970-10-24,Male,Western Cape,Stellenbosch,Mass Market,2023-09-22,Medium,Unemployed,72588,True
C000627,Jason,Adams,1975-10-24,Female,Western Cape,Stellenbosch,Mass Market,2024-09-11,Medium,Student,10609,False
C000628,Neo,Adams,1978-06-07,Female,Gauteng,Midrand,Emerging Affluent,2022-05-30,Medium,Self-Employed,416737,True
C000629,Sibusiso,Cele,1992-10-18,Female,Free State,Welkom,Mass Market,2024-12-13,Low,Employed,236003,True
C000630,Neo,Botha,2005-07-04,Male,North West,Mahikeng,Mass Market,2022-11-26,Low,Employed,201863,True
C000631,Neo,Patel,1998-02-20,Male,Western Cape,Stellenbosch,Emerging Affluent,2022-01-26,Low,Self-Employed,548926,True
C000632,Jason,Botha,1962-05-05,Male,Gauteng,Sandton,Mass Market,2022-01-13,Low,Student,58965,True
C000633,Fatima,Gumede,2002-04-05,Female,Western Cape,George,Emerging Affluent,2023-07-13,Low,Employed,525357,True
C000634,Tshepo,Meyer,1996-02-13,Female,Limpopo,Tzaneen,Emerging Affluent,2023-11-23,Low,Employed,323994,True
C000635,Naledi,Govender,1981-04-05,Female,Gauteng,Pretoria,Emerging Affluent,2025-10-02,Low,Employed,392010,True
C000636,Kayla,Khumalo,1999-08-03,Male,KwaZulu-Natal,Umhlanga,Emerging Affluent,2022-04-29,Low,Employed,393920,True
C000637,Jason,Jacobs,1988-07-18,Male,Eastern Cape,Gqeberha,Emerging Affluent,2025-10-08,Low,Retired,393030,False
C000638,Ruan,Botha,1994-06-16,Female,Gauteng,Sandton,Mass Market,2025-09-23,Low,Student,29446,True
C000639,Ayesha,Naidoo,1999-03-22,Male,Western Cape,Bellville,Emerging Affluent,2023-02-09,Low,Self-Employed,523316,True
C000640,Ethan,Khumalo,1982-10-17,Male,Gauteng,Soweto,Mass Market,2025-02-06,Medium,Unemployed,83176,False
C000641,Naledi,Nkosi,1988-03-08,Male,Gauteng,Sandton,Emerging Affluent,2026-01-20,Low,Employed,487444,True
C000642,Sipho,Botha,1991-05-27,Male,Limpopo,Tzaneen,Emerging Affluent,2022-12-30,Low,Employed,370508,True
C000643,Kayla,Naidoo,1959-07-21,Male,Gauteng,Johannesburg,Mass Market,2024-11-10,Medium,Unemployed,8992,True
C000644,Ayanda,Botha,1985-12-11,Male,Gauteng,Pretoria,Mass Market,2022-07-22,High,Retired,146139,True
C000645,Jason,Williams,1958-03-30,Female,KwaZulu-Natal,Durban,Mass Market,2022-09-20,Medium,Self-Employed,246717,True
C000646,Kayla,Patel,1983-03-16,Female,Limpopo,Polokwane,Affluent,2026-06-08,Low,Employed,711560,True
C000647,Naledi,Williams,1990-05-08,Female,Eastern Cape,Gqeberha,Mass Market,2022-08-17,Medium,Employed,204442,True
C000648,Tshepo,Brown,1994-10-11,Male,Western Cape,George,Emerging Affluent,2026-07-08,Low,Self-Employed,417653,True
C000649,Tshepo,Khumalo,1977-06-02,Female,Gauteng,Sandton,Mass Market,2024-10-22,High,Employed,161943,True
C000650,Karabo,Cele,1961-05-24,Male,KwaZulu-Natal,Umhlanga,Mass Market,2023-09-08,Medium,Student,2370,True
C000651,Ethan,Jacobs,1978-11-10,Male,KwaZulu-Natal,Durban,Emerging Affluent,2023-11-28,Medium,Employed,392255,True
C000652,Tshepo,Nkosi,2002-03-11,Male,Mpumalanga,Mbombela,Mass Market,2025-04-02,Medium,Unemployed,76868,True
C000653,Muhammad,Patel,1955-09-14,Female,KwaZulu-Natal,Pietermaritzburg,Emerging Affluent,2025-09-03,Low,Employed,642382,True
C000654,Megan,Khumalo,1969-11-12,Male,Mpumalanga,eMalahleni,Mass Market,2024-02-25,Medium,Unemployed,95103,True
C000655,Tshepo,Khumalo,1991-09-26,Male,KwaZulu-Natal,Pietermaritzburg,Emerging Affluent,2024-08-26,Low,Self-Employed,399628,True
C000656,Kayla,Brown,1953-06-01,Female,Western Cape,George,Emerging Affluent,2025-11-19,Low,Employed,343639,True
C000657,Naledi,Radebe,1967-08-10,Male,KwaZulu-Natal,Pietermaritzburg,Mass Market,2024-07-28,Medium,Employed,64160,True
C000658,Ruan,Williams,1950-02-16,Female,Western Cape,George,Emerging Affluent,2025-06-02,Low,Employed,312131,True
C000659,Tshepo,Dlamini,2000-10-12,Female,Western Cape,Cape Town,Mass Market,2024-05-14,Medium,Employed,171317,True
C000660,Nomsa,Radebe,1983-08-26,Female,KwaZulu-Natal,Umhlanga,Emerging Affluent,2022-02-25,Low,Employed,518582,True
C000661,Mpho,Mokoena,1987-12-24,Female,Western Cape,Stellenbosch,Mass Market,2025-12-09,Medium,Employed,102016,True
C000662,Ethan,Khan,1974-11-16,Male,KwaZulu-Natal,Umhlanga,Mass Market,2022-06-06,Medium,Employed,209498,True
C000663,Jason,Botha,1993-07-27,Male,Mpumalanga,eMalahleni,Mass Market,2024-05-17,High,Self-Employed,270850,True
C000664,Priya,Patel,1984-07-28,Female,KwaZulu-Natal,Durban,Small Business,2022-03-26,Low,Self-Employed,854040,True
C000665,Kayla,Gumede,1991-10-26,Male,Eastern Cape,Mthatha,Emerging Affluent,2024-04-15,Low,Retired,322763,True
C000666,Ayesha,Meyer,1993-03-13,Female,Western Cape,Bellville,Emerging Affluent,2024-12-14,Medium,Self-Employed,312103,True
C000667,Karabo,Khan,2000-04-10,Female,Gauteng,Johannesburg,Emerging Affluent,2023-10-31,Low,Employed,518890,True
C000668,Mpho,Adams,2006-04-30,Female,Western Cape,Stellenbosch,Mass Market,2025-08-24,Medium,Employed,277912,True
C000669,Imran,Patel,1977-09-08,Female,KwaZulu-Natal,Umhlanga,Emerging Affluent,2023-05-26,Low,Self-Employed,362607,True
C000670,Jason,Jacobs,2005-10-28,Male,Western Cape,Stellenbosch,Emerging Affluent,2022-11-22,Low,Employed,481182,True
C000671,Ruan,Daniels,1952-06-30,Female,Gauteng,Midrand,Emerging Affluent,2023-07-06,Low,Employed,325724,True
C000672,Priya,Smith,1986-09-08,Female,Western Cape,George,Emerging Affluent,2024-01-31,Low,Employed,477343,True
C000673,Neo,Mokoena,1962-08-08,Female,Western Cape,Cape Town,Mass Market,2023-09-15,Medium,Employed,216350,True
C000674,Naledi,Daniels,1968-05-29,Male,Northern Cape,Kimberley,Mass Market,2022-10-08,Medium,Employed,259680,True
C000675,Imran,Radebe,1987-11-01,Female,Eastern Cape,East London,Emerging Affluent,2022-03-27,Medium,Self-Employed,293661,True
C000676,Ethan,Meyer,1982-04-29,Male,Gauteng,Centurion,Mass Market,2026-02-02,Medium,Employed,264695,True
C000677,Sipho,Khan,1969-09-28,Female,Western Cape,Stellenbosch,Affluent,2022-10-21,Medium,Employed,1190777,True
C000678,Leah,Govender,1964-10-06,Male,Western Cape,Bellville,Mass Market,2025-07-01,Medium,Unemployed,56952,True
C000679,Muhammad,Khan,1987-07-19,Female,Gauteng,Midrand,Emerging Affluent,2024-10-29,Low,Employed,469378,True
C000680,Leah,Mokoena,1955-07-10,Male,Gauteng,Sandton,Emerging Affluent,2023-06-04,Medium,Employed,383683,True
C000681,Mpho,Govender,1964-11-29,Female,Mpumalanga,eMalahleni,Mass Market,2022-05-09,High,Employed,112668,True
C000682,Zanele,Radebe,1956-02-27,Female,Western Cape,Cape Town,Emerging Affluent,2025-06-26,Low,Employed,513824,True
C000683,Fatima,Ndlovu,1983-04-20,Male,Gauteng,Midrand,Emerging Affluent,2025-06-19,Low,Employed,363572,True
C000684,Tshepo,Adams,1978-08-15,Male,Gauteng,Johannesburg,Emerging Affluent,2023-01-12,Low,Employed,346762,True
C000685,Neo,Adams,1996-11-02,Male,KwaZulu-Natal,Umhlanga,Emerging Affluent,2025-05-27,Low,Employed,312513,True
C000686,Fatima,Brown,1976-04-18,Female,Western Cape,Cape Town,Mass Market,2022-01-24,Medium,Self-Employed,265264,True
C000687,Nomsa,Radebe,1980-04-11,Male,Gauteng,Soweto,Emerging Affluent,2023-07-31,Low,Employed,405959,True
C000688,Ayesha,Khumalo,1960-06-29,Female,Gauteng,Pretoria,Emerging Affluent,2025-11-26,Low,Employed,436746,True
C000689,Nomsa,Patel,2005-10-08,Female,KwaZulu-Natal,Richards Bay,Emerging Affluent,2024-12-23,Medium,Employed,340962,True
C000690,Karabo,Botha,1974-05-03,Male,Gauteng,Pretoria,Mass Market,2026-01-12,Low,Employed,169366,True
C000691,Megan,Adams,2006-11-14,Male,North West,Rustenburg,Emerging Affluent,2026-03-05,Low,Self-Employed,461160,True
C000692,Mpho,Adams,1963-07-30,Female,North West,Rustenburg,Mass Market,2022-01-04,Medium,Employed,165269,True
C000693,Megan,Daniels,2003-03-14,Male,North West,Rustenburg,Mass Market,2022-02-06,Low,Unemployed,53153,True
C000694,Megan,Nkosi,1977-06-03,Male,Gauteng,Centurion,Emerging Affluent,2025-06-15,Low,Self-Employed,622615,True
C000695,Ethan,Pillay,1993-04-19,Male,KwaZulu-Natal,Pietermaritzburg,Mass Market,2025-03-20,Low,Self-Employed,250162,True
C000696,Mpho,Brown,2000-03-14,Male,Northern Cape,Upington,Emerging Affluent,2024-11-29,Medium,Self-Employed,492899,True
C000697,Ruan,Williams,2005-08-05,Male,Gauteng,Johannesburg,Emerging Affluent,2023-07-06,Medium,Retired,410197,True
C000698,Karabo,Govender,1996-02-17,Female,Gauteng,Centurion,Mass Market,2026-04-19,Low,Employed,99363,True
C000699,Muhammad,Smith,1966-10-27,Female,North West,Rustenburg,Emerging Affluent,2025-07-07,Low,Employed,328408,True
C000700,Anika,Khan,1953-03-08,Male,Eastern Cape,Mthatha,Mass Market,2026-05-11,Medium,Unemployed,56916,True
C000701,Leah,Adams,1970-01-21,Female,Gauteng,Centurion,Mass Market,2023-04-21,Medium,Student,87897,True
C000702,Fatima,Govender,2002-09-23,Male,North West,Mahikeng,Emerging Affluent,2024-08-06,Low,Retired,391167,True
C000703,Tshepo,Radebe,1997-11-02,Male,Gauteng,Centurion,Mass Market,2024-02-02,Medium,Student,53296,True
C000704,Nomsa,Khumalo,1971-03-06,Male,Gauteng,Sandton,Mass Market,2023-12-11,Low,Self-Employed,185633,True
C000705,Megan,Botha,1986-12-07,Male,KwaZulu-Natal,Richards Bay,Emerging Affluent,2024-09-29,Low,Employed,459387,True
C000706,Priya,Khan,1965-08-07,Male,Gauteng,Pretoria,Mass Market,2024-08-02,Low,Employed,202464,False
C000707,Fatima,Gumede,1956-06-18,Female,Gauteng,Centurion,Emerging Affluent,2025-08-15,Low,Employed,296117,True
C000708,Mpho,Radebe,1962-11-15,Male,Gauteng,Centurion,Mass Market,2023-11-18,High,Student,77776,True
C000709,Sibusiso,Cele,2006-07-17,Male,Mpumalanga,eMalahleni,Emerging Affluent,2022-02-18,Low,Employed,467072,True
C000710,Sibusiso,Radebe,1986-08-18,Female,North West,Rustenburg,Emerging Affluent,2023-04-28,Low,Self-Employed,315755,True
C000711,Ayanda,Dlamini,1955-09-24,Female,Limpopo,Polokwane,Emerging Affluent,2025-05-13,Low,Employed,316782,True
C000712,Karabo,Daniels,1950-01-07,Male,Western Cape,Bellville,Emerging Affluent,2022-09-24,Low,Employed,622656,True
C000713,Sipho,Khan,1969-04-25,Female,KwaZulu-Natal,Richards Bay,Affluent,2025-11-10,Low,Employed,682828,True
C000714,Priya,Mokoena,2002-01-18,Female,Western Cape,George,Emerging Affluent,2023-03-26,Medium,Retired,525218,True
C000715,Leah,Patel,1981-08-12,Female,Gauteng,Soweto,Emerging Affluent,2025-05-25,Medium,Employed,364110,True
C000716,Ethan,Williams,1962-03-14,Female,Limpopo,Polokwane,Emerging Affluent,2023-06-05,Medium,Self-Employed,518913,True
C000717,Anika,Nkosi,1967-02-03,Male,KwaZulu-Natal,Umhlanga,Mass Market,2023-07-30,Low,Employed,126296,True
C000718,Leah,Adams,2006-11-27,Male,Free State,Bloemfontein,Emerging Affluent,2023-07-11,Medium,Employed,580741,True
C000719,Imran,Williams,1998-09-12,Female,KwaZulu-Natal,Richards Bay,Mass Market,2023-11-04,Low,Employed,241243,True
C000720,Ayanda,Gumede,1951-01-22,Female,Western Cape,Cape Town,Mass Market,2025-03-04,Low,Employed,160697,True
C000721,Fatima,Williams,1980-12-29,Female,KwaZulu-Natal,Umhlanga,Mass Market,2024-05-31,High,Student,52794,True
C000722,Ayesha,Khan,1958-02-08,Male,Western Cape,Stellenbosch,Mass Market,2026-02-27,Low,Unemployed,30460,True
C000723,Ayanda,Ndlovu,1958-03-05,Female,Gauteng,Pretoria,Emerging Affluent,2024-09-27,Low,Self-Employed,647199,True
C000724,Ruan,Dlamini,1988-09-21,Female,Western Cape,Cape Town,Mass Market,2025-12-05,Low,Student,9970,True
C000725,Priya,Molefe,1975-03-26,Female,KwaZulu-Natal,Umhlanga,Emerging Affluent,2026-07-16,Low,Employed,551067,True
C000726,Jason,Dlamini,1962-10-25,Female,KwaZulu-Natal,Durban,Mass Market,2026-05-25,Medium,Employed,242014,True
C000727,Sipho,Daniels,1969-05-24,Male,Mpumalanga,eMalahleni,Emerging Affluent,2025-05-15,High,Self-Employed,587914,True
C000728,Anika,Daniels,1957-09-11,Female,Western Cape,George,Mass Market,2023-05-05,Medium,Student,74125,True
C000729,Neo,Molefe,1983-09-20,Male,Western Cape,Bellville,Emerging Affluent,2026-04-17,Low,Self-Employed,285030,False
C000730,Nomsa,Botha,1983-01-31,Male,Gauteng,Pretoria,Emerging Affluent,2024-06-16,Low,Self-Employed,375677,True
C000731,Thabo,Meyer,1961-05-01,Female,Eastern Cape,Gqeberha,Mass Market,2026-02-13,Low,Unemployed,73178,True
C000732,Ruan,Ndlovu,1976-04-17,Male,Limpopo,Tzaneen,Emerging Affluent,2023-10-13,Low,Employed,364287,True
C000733,Megan,Nkosi,1986-05-13,Male,Western Cape,Paarl,Mass Market,2025-02-22,Medium,Employed,198940,True
C000734,Neo,Nkosi,1980-02-22,Female,Western Cape,George,Mass Market,2025-08-25,Low,Unemployed,61162,True
C000735,Mpho,Jacobs,1987-03-31,Female,KwaZulu-Natal,Richards Bay,Emerging Affluent,2023-12-16,Low,Employed,437154,True
C000736,Imran,Govender,1962-09-02,Male,Limpopo,Polokwane,Mass Market,2022-12-06,Low,Unemployed,24001,True
C000737,Nomsa,Botha,1969-03-29,Male,Eastern Cape,East London,Emerging Affluent,2023-02-12,Low,Retired,363343,True
C000738,Ethan,Smith,2004-08-02,Male,Western Cape,Bellville,Mass Market,2024-08-01,High,Self-Employed,194993,True
C000739,Muhammad,Smith,1982-10-08,Male,Mpumalanga,Mbombela,Mass Market,2024-03-08,Medium,Employed,163667,True
C000740,Kagiso,Adams,1973-08-17,Male,Western Cape,Stellenbosch,Mass Market,2023-09-14,Medium,Unemployed,97638,True
C000741,Ruan,Daniels,1987-11-07,Female,Eastern Cape,Gqeberha,Emerging Affluent,2022-09-13,High,Employed,288290,True
C000742,Kagiso,Botha,1985-10-09,Female,Gauteng,Pretoria,Mass Market,2022-06-28,Medium,Unemployed,54966,True
C000743,Ayanda,Cele,1975-12-05,Female,Gauteng,Sandton,Affluent,2023-07-21,Low,Employed,832563,True
C000744,Zanele,Williams,1993-08-12,Male,Western Cape,Paarl,Affluent,2022-09-20,Low,Self-Employed,874550,True
C000745,Jason,Ndlovu,1963-11-21,Female,Western Cape,Stellenbosch,Emerging Affluent,2024-09-17,Low,Employed,335797,True
C000746,Lerato,Jacobs,1976-08-11,Male,Gauteng,Soweto,Emerging Affluent,2023-12-05,Medium,Employed,645667,False
C000747,Zanele,Molefe,1963-04-24,Male,Gauteng,Sandton,Emerging Affluent,2023-05-02,Low,Self-Employed,431321,True
C000748,Nomsa,Nkosi,1988-12-10,Male,Gauteng,Johannesburg,Mass Market,2023-07-23,Medium,Retired,234177,True
C000749,Anika,Daniels,2000-04-08,Female,Gauteng,Centurion,Mass Market,2023-08-18,High,Unemployed,14344,True
C000750,Nomsa,Naidoo,1957-11-10,Female,KwaZulu-Natal,Pietermaritzburg,Mass Market,2025-03-16,Medium,Employed,141682,True
C000751,Sipho,Govender,1993-05-14,Male,Limpopo,Polokwane,Mass Market,2024-12-05,Medium,Unemployed,51489,True
C000752,Ethan,Govender,2004-05-06,Female,Eastern Cape,East London,Mass Market,2023-06-15,Low,Student,44177,True
C000753,Imran,Radebe,1993-11-05,Male,Gauteng,Centurion,Emerging Affluent,2023-02-17,Medium,Self-Employed,315909,True
C000754,Kayla,Mokoena,1995-11-11,Female,Gauteng,Centurion,Mass Market,2022-07-05,Low,Employed,247385,True
C000755,Lerato,Patel,1959-09-20,Male,Gauteng,Midrand,Affluent,2022-01-13,Low,Employed,682983,False
C000756,Priya,Naidoo,1996-06-08,Male,Gauteng,Midrand,Mass Market,2024-03-22,Low,Unemployed,59315,True
C000757,Muhammad,Daniels,1977-08-23,Male,Gauteng,Centurion,Emerging Affluent,2023-02-10,Medium,Self-Employed,396858,True
C000758,Ruan,Pillay,1976-09-03,Male,Gauteng,Pretoria,Emerging Affluent,2022-03-07,Low,Employed,642249,True
C000759,Ethan,Jacobs,1973-08-17,Female,Western Cape,Bellville,Emerging Affluent,2025-10-09,Low,Employed,449574,True
C000760,Mpho,Meyer,2005-04-15,Female,Gauteng,Centurion,Mass Market,2026-01-22,Medium,Student,28531,False
C000761,Naledi,Ndlovu,1955-06-03,Female,Western Cape,Paarl,Mass Market,2023-05-07,Medium,Unemployed,55965,True
C000762,Karabo,Brown,1990-03-25,Female,Mpumalanga,Mbombela,Mass Market,2026-01-07,Medium,Unemployed,54001,True
C000763,Ruan,Ndlovu,1959-03-30,Male,Gauteng,Johannesburg,Emerging Affluent,2025-07-10,Medium,Employed,595159,True
C000764,Imran,Radebe,1963-01-12,Female,Western Cape,Bellville,Emerging Affluent,2024-09-08,Low,Employed,404088,True
C000765,Naledi,Williams,1995-03-08,Male,Gauteng,Johannesburg,Emerging Affluent,2024-05-24,Medium,Employed,304738,True
C000766,Nomsa,Adams,1972-11-09,Male,North West,Mahikeng,Emerging Affluent,2024-02-26,Low,Self-Employed,430270,True
C000767,Muhammad,Jacobs,1987-07-02,Female,Gauteng,Johannesburg,Affluent,2024-03-05,Low,Employed,818166,True
C000768,Naledi,Williams,1997-03-06,Male,Eastern Cape,East London,Mass Market,2022-04-20,Low,Employed,125343,True
C000769,Imran,Meyer,1979-08-11,Male,Gauteng,Centurion,Affluent,2024-02-11,Low,Employed,947401,True
C000770,Nomsa,Cele,1962-03-22,Female,Eastern Cape,Mthatha,Emerging Affluent,2026-04-30,Medium,Self-Employed,536982,True
C000771,Ruan,Daniels,1964-10-08,Male,Western Cape,Cape Town,Affluent,2023-08-09,High,Self-Employed,753511,False
C000772,Muhammad,Gumede,1990-09-25,Female,Eastern Cape,Mthatha,Emerging Affluent,2022-03-28,Low,Employed,371002,True
C000773,Sibusiso,Williams,1994-05-27,Female,North West,Rustenburg,Emerging Affluent,2022-01-12,Low,Employed,482704,True
C000774,Daniel,Williams,2003-11-03,Male,Gauteng,Johannesburg,Mass Market,2023-09-20,Medium,Employed,101477,True
C000775,Imran,Meyer,1991-01-18,Female,Gauteng,Johannesburg,Emerging Affluent,2024-01-14,Low,Self-Employed,529625,True
C000776,Mpho,Smith,2000-04-11,Female,Western Cape,Cape Town,Mass Market,2023-07-13,Medium,Employed,214312,True
C000777,Lerato,Gumede,1976-03-24,Female,KwaZulu-Natal,Richards Bay,Mass Market,2023-09-19,Low,Unemployed,2201,True
C000778,Kayla,Gumede,1980-05-01,Male,Gauteng,Centurion,Mass Market,2025-03-23,Low,Employed,128759,True
C000779,Sibusiso,Khumalo,1984-03-19,Female,Free State,Welkom,Emerging Affluent,2023-10-12,Low,Employed,304335,True
C000780,Ethan,Gumede,1985-04-02,Male,Gauteng,Soweto,Emerging Affluent,2022-02-03,Low,Employed,635162,True
C000781,Leah,Khan,1965-12-01,Male,Gauteng,Soweto,Emerging Affluent,2024-02-13,Low,Employed,292696,True
C000782,Leah,Patel,1995-08-19,Male,Gauteng,Johannesburg,Mass Market,2023-05-01,Low,Unemployed,53359,True
C000783,Megan,Ndlovu,1961-08-16,Male,Gauteng,Pretoria,Mass Market,2022-05-24,Low,Employed,181781,True
C000784,Muhammad,Jacobs,1991-02-06,Male,Western Cape,Paarl,Emerging Affluent,2022-04-05,Low,Employed,354948,True
C000785,Fatima,Gumede,2004-04-10,Female,Mpumalanga,Mbombela,Affluent,2024-11-17,Low,Employed,938036,True
C000786,Karabo,Botha,1966-10-31,Female,Gauteng,Midrand,Emerging Affluent,2026-06-07,Medium,Employed,530207,True
C000787,Leah,Khan,1988-04-19,Male,Gauteng,Centurion,Mass Market,2026-01-12,Low,Student,64271,True
C000788,Sibusiso,Naidoo,1971-11-01,Male,KwaZulu-Natal,Richards Bay,Private Banking,2023-09-04,Low,Employed,1245338,True
C000789,Ayesha,Patel,1980-04-23,Female,Gauteng,Pretoria,Emerging Affluent,2022-10-07,Low,Employed,461100,True
C000790,Thabo,Cele,2000-06-13,Female,Limpopo,Polokwane,Mass Market,2023-11-13,Low,Student,56620,True
C000791,Sipho,Pillay,1954-07-05,Female,Eastern Cape,East London,Emerging Affluent,2023-10-26,Medium,Employed,619760,True
C000792,Jason,Ndlovu,1972-09-03,Female,Gauteng,Midrand,Mass Market,2026-05-14,Low,Student,45823,True
C000793,Anika,Mokoena,1969-12-20,Female,Gauteng,Midrand,Mass Market,2024-08-30,Low,Employed,250838,True
C000794,Leah,Adams,2006-10-21,Male,Limpopo,Polokwane,Emerging Affluent,2023-05-24,Low,Employed,332034,True
C000795,Daniel,Adams,1986-07-12,Female,Northern Cape,Upington,Emerging Affluent,2024-10-16,Low,Employed,352987,True
C000796,Priya,Radebe,1980-03-04,Female,KwaZulu-Natal,Durban,Emerging Affluent,2023-02-14,High,Employed,410553,True
C000797,Ruan,Williams,1987-09-27,Male,Gauteng,Johannesburg,Mass Market,2024-01-28,Low,Employed,144327,True
C000798,Kayla,Botha,1986-05-23,Female,Free State,Welkom,Mass Market,2022-04-19,High,Unemployed,91381,True
C000799,Zanele,Khumalo,1973-06-01,Female,Gauteng,Midrand,Emerging Affluent,2022-10-26,Medium,Employed,462075,True
C000800,Ayanda,Gumede,1963-01-23,Male,Gauteng,Soweto,Emerging Affluent,2024-07-10,Low,Employed,297941,True
C000801,Tshepo,Govender,1970-05-18,Male,Western Cape,George,Mass Market,2022-03-05,Medium,Employed,186931,True
C000802,Kagiso,Nkosi,1992-10-24,Male,Gauteng,Soweto,Emerging Affluent,2024-06-15,Medium,Employed,524406,False
C000803,Anika,Govender,1990-10-22,Male,Eastern Cape,Mthatha,Emerging Affluent,2025-11-21,Low,Employed,322356,True
C000804,Sipho,Khumalo,1972-12-24,Male,KwaZulu-Natal,Durban,Affluent,2025-12-14,Medium,Self-Employed,855756,True
C000805,Nomsa,Khan,1969-08-08,Female,Gauteng,Johannesburg,Mass Market,2022-06-29,Medium,Employed,249364,True
C000806,Sibusiso,Meyer,1958-08-12,Female,KwaZulu-Natal,Pietermaritzburg,Mass Market,2023-09-14,Medium,Employed,132819,True
C000807,Nomsa,Smith,1996-08-25,Male,Mpumalanga,Mbombela,Emerging Affluent,2024-04-06,High,Employed,303140,True
C000808,Naledi,Govender,1988-08-17,Female,Gauteng,Soweto,Emerging Affluent,2022-11-28,Low,Employed,342496,True
C000809,Kagiso,Mokoena,1989-09-21,Male,Western Cape,Stellenbosch,Private Banking,2022-11-03,Low,Self-Employed,1481728,True
C000810,Sipho,Naidoo,1984-05-17,Female,KwaZulu-Natal,Durban,Mass Market,2023-12-10,Medium,Employed,153224,True
C000811,Leah,Khan,1993-07-24,Male,Free State,Bloemfontein,Emerging Affluent,2023-07-29,Low,Employed,383878,True
C000812,Jason,Pillay,1975-07-15,Male,Northern Cape,Upington,Emerging Affluent,2023-01-05,High,Employed,498413,True
C000813,Sipho,Williams,1980-03-18,Female,Gauteng,Soweto,Emerging Affluent,2025-01-29,Medium,Employed,409711,True
C000814,Priya,Mokoena,1983-01-15,Male,Western Cape,Bellville,Mass Market,2023-09-26,Medium,Unemployed,80650,True
C000815,Zanele,Khan,1968-01-05,Male,Western Cape,Cape Town,Mass Market,2025-03-26,Medium,Employed,153045,True
C000816,Priya,Brown,1964-06-26,Male,Gauteng,Sandton,Emerging Affluent,2025-12-31,Medium,Self-Employed,346497,True
C000817,Zanele,Ndlovu,2001-11-29,Male,Gauteng,Midrand,Mass Market,2026-01-13,Medium,Unemployed,52336,True
C000818,Sibusiso,Pillay,1964-10-10,Male,KwaZulu-Natal,Pietermaritzburg,Mass Market,2026-02-02,Low,Retired,275434,True
C000819,Lerato,Nkosi,1997-11-27,Male,Mpumalanga,eMalahleni,Emerging Affluent,2024-06-14,Low,Retired,589931,True
C000820,Imran,Jacobs,1973-02-24,Male,KwaZulu-Natal,Pietermaritzburg,Mass Market,2022-06-29,Low,Employed,93529,True
C000821,Nomsa,Ndlovu,1969-10-08,Male,KwaZulu-Natal,Pietermaritzburg,Mass Market,2023-01-24,High,Employed,131845,True
C000822,Zanele,Khumalo,1980-07-01,Male,KwaZulu-Natal,Umhlanga,Affluent,2022-12-20,Medium,Self-Employed,1047819,True
C000823,Tshepo,Cele,2003-06-20,Male,Eastern Cape,East London,Mass Market,2025-09-28,Medium,Employed,142981,True
C000824,Ruan,Khan,1977-09-24,Female,KwaZulu-Natal,Umhlanga,Emerging Affluent,2024-03-23,Low,Employed,469198,True
C000825,Sipho,Meyer,1968-05-06,Male,Eastern Cape,Mthatha,Mass Market,2022-11-09,Medium,Retired,178476,True
C000826,Kayla,Adams,1999-02-06,Female,Eastern Cape,Gqeberha,Emerging Affluent,2022-03-26,Medium,Retired,525728,True
C000827,Daniel,Adams,1974-08-18,Male,Gauteng,Johannesburg,Emerging Affluent,2024-10-10,Medium,Employed,304424,True
C000828,Anika,Nkosi,2006-01-25,Female,Limpopo,Tzaneen,Emerging Affluent,2025-09-12,Low,Employed,350684,False
C000829,Zanele,Khumalo,1963-11-11,Male,Gauteng,Pretoria,Mass Market,2023-04-27,Medium,Self-Employed,192544,True
C000830,Ayesha,Gumede,2001-01-26,Male,Western Cape,Bellville,Emerging Affluent,2022-11-22,Low,Employed,322399,True
C000831,Ethan,Pillay,1967-05-19,Male,Gauteng,Sandton,Emerging Affluent,2023-07-17,Medium,Employed,549748,True
C000832,Naledi,Mokoena,1975-10-23,Male,Gauteng,Johannesburg,Mass Market,2026-06-30,Medium,Employed,241105,True
C000833,Priya,Meyer,1997-08-14,Male,KwaZulu-Natal,Durban,Affluent,2024-06-05,High,Employed,826465,True
C000834,Karabo,Khan,1987-03-12,Male,Free State,Welkom,Mass Market,2026-05-16,Low,Employed,236765,True
C000835,Zanele,Naidoo,1959-04-02,Female,Western Cape,Paarl,Mass Market,2024-01-10,High,Employed,235780,True
C000836,Kagiso,Cele,1998-10-01,Male,Free State,Welkom,Emerging Affluent,2026-04-15,Low,Employed,524862,True
C000837,Sibusiso,Naidoo,2005-08-06,Female,Gauteng,Midrand,Mass Market,2023-09-05,Low,Employed,123788,True
C000838,Kagiso,Nkosi,1985-07-24,Female,Gauteng,Midrand,Affluent,2025-11-02,Low,Self-Employed,752794,True
C000839,Tshepo,Dlamini,1955-07-04,Male,KwaZulu-Natal,Durban,Emerging Affluent,2023-11-08,Low,Employed,508195,True
C000840,Ayanda,Cele,1957-09-21,Female,Eastern Cape,East London,Affluent,2025-11-21,Low,Employed,794409,True
C000841,Ayesha,Brown,1958-10-08,Male,Gauteng,Centurion,Mass Market,2024-11-23,Low,Retired,106940,True
C000842,Jason,Govender,1976-06-06,Female,Gauteng,Sandton,Mass Market,2022-05-27,Medium,Retired,105761,True
C000843,Tshepo,Dlamini,1951-01-28,Female,Limpopo,Tzaneen,Mass Market,2023-10-11,Medium,Employed,234312,True
C000844,Kagiso,Radebe,1959-09-01,Female,Western Cape,Bellville,Mass Market,2023-12-16,Low,Retired,148541,True
C000845,Anika,Brown,1993-04-13,Male,Western Cape,Bellville,Affluent,2024-10-07,Low,Employed,676034,True
C000846,Ruan,Williams,1974-05-09,Male,Limpopo,Tzaneen,Mass Market,2022-07-13,High,Employed,80298,True
C000847,Kagiso,Patel,1989-04-04,Male,Gauteng,Pretoria,Mass Market,2024-09-03,Medium,Unemployed,75806,True
C000848,Jason,Patel,2006-12-21,Male,Gauteng,Midrand,Emerging Affluent,2023-10-06,Low,Retired,314853,True
C000849,Anika,Nkosi,1998-01-01,Male,Western Cape,Bellville,Affluent,2024-02-03,Low,Employed,861219,True
C000850,Kagiso,Botha,1990-07-09,Female,KwaZulu-Natal,Durban,Mass Market,2025-11-13,Medium,Employed,194331,True
C000851,Tshepo,Govender,1993-10-06,Female,Gauteng,Sandton,Emerging Affluent,2023-02-19,Low,Employed,326943,True
C000852,Sibusiso,Radebe,1992-03-20,Female,Gauteng,Soweto,Mass Market,2026-02-12,High,Student,19430,False
C000853,Lerato,Khan,2002-03-29,Female,Free State,Bloemfontein,Emerging Affluent,2022-12-19,Low,Employed,301376,True
C000854,Thabo,Brown,1990-10-09,Female,Limpopo,Polokwane,Mass Market,2025-08-12,Low,Student,47467,True
C000855,Lerato,Naidoo,1974-04-27,Female,Free State,Bloemfontein,Emerging Affluent,2025-10-13,High,Self-Employed,412936,True
C000856,Lerato,Meyer,1989-11-26,Female,Western Cape,Stellenbosch,Mass Market,2022-03-29,Low,Retired,138972,True
C000857,Sibusiso,Cele,2002-02-28,Male,Limpopo,Polokwane,Mass Market,2022-07-01,Medium,Self-Employed,233726,True
C000858,Priya,Meyer,1975-10-16,Female,Western Cape,Paarl,Emerging Affluent,2025-09-14,Low,Self-Employed,355121,True
C000859,Jason,Brown,2006-12-14,Male,Eastern Cape,Gqeberha,Emerging Affluent,2022-04-17,Medium,Self-Employed,469821,True
C000860,Megan,Botha,1969-10-25,Male,Western Cape,George,Emerging Affluent,2023-07-25,Low,Employed,441489,True
C000861,Mpho,Mokoena,1968-11-24,Male,North West,Mahikeng,Mass Market,2026-07-09,Low,Employed,274049,True
C000862,Imran,Jacobs,2006-12-07,Male,Free State,Welkom,Emerging Affluent,2024-05-02,Low,Employed,521186,True
C000863,Karabo,Gumede,2003-02-17,Male,Northern Cape,Kimberley,Mass Market,2025-02-06,Low,Employed,260985,True
C000864,Daniel,Patel,1978-06-06,Male,Eastern Cape,East London,Mass Market,2024-04-26,High,Employed,124893,True
C000865,Kagiso,Nkosi,1961-07-02,Male,Mpumalanga,eMalahleni,Mass Market,2022-08-01,Medium,Employed,232760,True
C000866,Nomsa,Radebe,1989-05-27,Male,KwaZulu-Natal,Richards Bay,Mass Market,2024-08-15,Low,Student,37428,True
C000867,Anika,Patel,1963-06-04,Female,Free State,Bloemfontein,Private Banking,2026-02-03,Medium,Employed,1672140,True
C000868,Nomsa,Smith,1955-11-09,Male,Western Cape,Bellville,Emerging Affluent,2025-08-02,Low,Employed,486838,True
C000869,Sipho,Ndlovu,1956-12-13,Male,Gauteng,Sandton,Mass Market,2026-07-08,Low,Retired,171381,True
C000870,Ayesha,Khumalo,1975-05-12,Male,Gauteng,Midrand,Mass Market,2022-12-07,Low,Employed,219764,True
C000871,Anika,Radebe,1978-05-17,Male,Gauteng,Sandton,Emerging Affluent,2023-02-06,Low,Employed,542500,True
C000872,Naledi,Dlamini,1958-09-10,Female,Western Cape,Stellenbosch,Emerging Affluent,2024-09-24,Low,Employed,293702,True
C000873,Leah,Radebe,1982-10-14,Female,KwaZulu-Natal,Pietermaritzburg,Emerging Affluent,2024-09-18,Low,Retired,385606,True
C000874,Imran,Williams,1980-06-24,Female,KwaZulu-Natal,Umhlanga,Mass Market,2023-01-15,Low,Unemployed,66293,True
C000875,Priya,Mokoena,1978-02-20,Female,Gauteng,Centurion,Emerging Affluent,2026-04-05,Medium,Employed,345362,True
C000876,Jason,Naidoo,1954-08-21,Female,KwaZulu-Natal,Richards Bay,Mass Market,2026-02-20,Medium,Student,54225,True
C000877,Muhammad,Radebe,1953-04-15,Female,KwaZulu-Natal,Richards Bay,Mass Market,2026-01-13,Medium,Employed,174861,False
C000878,Tshepo,Naidoo,1987-01-19,Male,Western Cape,Bellville,Mass Market,2025-04-02,Medium,Employed,84697,True
C000879,Imran,Khumalo,1969-01-21,Male,Gauteng,Johannesburg,Mass Market,2024-03-31,Medium,Employed,234289,True
C000880,Tshepo,Naidoo,1967-09-05,Female,North West,Rustenburg,Emerging Affluent,2022-05-05,Low,Retired,399184,True
C000881,Anika,Khan,1983-08-31,Male,Gauteng,Pretoria,Small Business,2023-09-22,Medium,Self-Employed,1526224,True
C000882,Lerato,Patel,1982-09-27,Female,Gauteng,Soweto,Mass Market,2025-02-20,Low,Employed,143242,True
C000883,Jason,Molefe,1959-02-05,Female,Eastern Cape,Mthatha,Emerging Affluent,2025-06-29,High,Employed,523307,True
C000884,Karabo,Govender,1975-06-08,Male,Mpumalanga,eMalahleni,Emerging Affluent,2023-07-28,Medium,Retired,390248,True
C000885,Kagiso,Cele,1959-12-02,Male,Mpumalanga,eMalahleni,Affluent,2022-07-12,Low,Employed,707001,True
C000886,Muhammad,Williams,1982-01-25,Male,Western Cape,Stellenbosch,Emerging Affluent,2023-10-27,Low,Retired,492421,True
C000887,Kayla,Jacobs,1994-10-18,Male,Western Cape,George,Affluent,2025-10-28,Low,Employed,871056,True
C000888,Megan,Williams,2004-08-14,Male,Gauteng,Sandton,Mass Market,2022-10-13,High,Employed,75805,True
C000889,Ayanda,Meyer,1970-06-24,Male,Gauteng,Centurion,Emerging Affluent,2023-06-13,Low,Employed,369415,True
C000890,Tshepo,Adams,1953-06-08,Male,Western Cape,Paarl,Mass Market,2023-09-21,Low,Self-Employed,181425,False
C000891,Naledi,Daniels,1966-11-26,Male,Western Cape,Bellville,Mass Market,2022-02-26,Low,Unemployed,98334,True
C000892,Karabo,Khumalo,1990-03-25,Female,Gauteng,Johannesburg,Emerging Affluent,2022-07-07,Low,Employed,441087,True
C000893,Fatima,Patel,1994-09-01,Male,Western Cape,George,Mass Market,2022-06-15,Medium,Unemployed,82136,True
C000894,Leah,Adams,1963-04-02,Female,Western Cape,George,Emerging Affluent,2025-08-26,Low,Self-Employed,482140,True
C000895,Sipho,Nkosi,1966-10-23,Female,Western Cape,Paarl,Mass Market,2022-06-19,Medium,Employed,124071,True
C000896,Ethan,Cele,1995-11-25,Female,Gauteng,Soweto,Affluent,2024-03-21,Medium,Employed,676815,True
C000897,Tshepo,Gumede,1978-08-06,Male,KwaZulu-Natal,Umhlanga,Emerging Affluent,2025-02-17,Low,Self-Employed,297250,True
C000898,Ayanda,Ndlovu,1959-11-17,Male,Mpumalanga,Mbombela,Affluent,2025-02-13,High,Self-Employed,843837,True
C000899,Nomsa,Williams,1998-03-16,Female,Free State,Welkom,Mass Market,2024-11-05,Low,Employed,73803,False
C000900,Priya,Adams,1964-02-03,Male,Gauteng,Centurion,Emerging Affluent,2024-05-14,Low,Employed,404603,False
C000901,Imran,Govender,2005-02-14,Female,Gauteng,Sandton,Mass Market,2026-06-12,Low,Employed,247996,True
C000902,Ethan,Pillay,1992-03-24,Male,Limpopo,Polokwane,Mass Market,2026-03-22,Medium,Unemployed,88437,True
C000903,Thabo,Nkosi,1975-02-15,Female,Eastern Cape,Mthatha,Mass Market,2023-03-03,Low,Student,56012,True
C000904,Kagiso,Jacobs,1959-06-03,Male,Gauteng,Midrand,Emerging Affluent,2025-06-25,Low,Employed,402057,True
C000905,Sibusiso,Nkosi,1989-11-19,Male,KwaZulu-Natal,Umhlanga,Emerging Affluent,2023-07-25,High,Employed,611914,True
C000906,Sibusiso,Mokoena,1960-10-21,Female,KwaZulu-Natal,Durban,Emerging Affluent,2026-05-11,Low,Employed,401938,True
C000907,Naledi,Daniels,2005-01-21,Female,Free State,Welkom,Mass Market,2023-08-30,Low,Student,87696,True
C000908,Sipho,Dlamini,1985-03-08,Male,KwaZulu-Natal,Durban,Emerging Affluent,2024-09-04,Medium,Employed,294354,True
C000909,Kayla,Cele,1980-10-03,Female,Gauteng,Pretoria,Mass Market,2023-09-29,Medium,Student,73740,True
C000910,Ayesha,Nkosi,1977-10-28,Male,Gauteng,Midrand,Mass Market,2024-01-11,Medium,Employed,92847,True
C000911,Fatima,Brown,1993-02-24,Male,Gauteng,Sandton,Emerging Affluent,2024-01-30,Low,Self-Employed,632960,True
C000912,Muhammad,Meyer,1987-12-20,Male,Gauteng,Pretoria,Affluent,2024-05-10,Low,Employed,703672,True
C000913,Karabo,Ndlovu,2004-01-14,Female,Gauteng,Midrand,Emerging Affluent,2023-09-18,Low,Employed,355051,False
C000914,Imran,Botha,1998-01-30,Male,KwaZulu-Natal,Umhlanga,Mass Market,2024-10-14,Medium,Employed,192740,True
C000915,Sibusiso,Nkosi,1995-05-21,Male,Eastern Cape,Gqeberha,Mass Market,2022-03-16,Low,Retired,197984,True
C000916,Jason,Khumalo,1978-04-29,Female,Gauteng,Soweto,Mass Market,2024-12-09,Medium,Employed,252556,True
C000917,Imran,Smith,2004-06-13,Female,Gauteng,Pretoria,Emerging Affluent,2026-05-25,Low,Employed,351078,False
C000918,Megan,Adams,1994-02-20,Male,KwaZulu-Natal,Pietermaritzburg,Mass Market,2025-07-02,Low,Employed,262107,True
C000919,Lerato,Nkosi,1976-09-29,Male,KwaZulu-Natal,Richards Bay,Mass Market,2024-02-03,Low,Unemployed,53471,True
C000920,Megan,Dlamini,1984-03-02,Female,Limpopo,Tzaneen,Emerging Affluent,2022-03-21,Low,Employed,445302,True
C000921,Lerato,Ndlovu,1976-04-28,Female,Gauteng,Soweto,Emerging Affluent,2025-09-26,Medium,Employed,461943,True
C000922,Naledi,Pillay,1998-01-20,Male,Gauteng,Midrand,Affluent,2024-10-12,High,Employed,731299,True
C000923,Lerato,Jacobs,1985-04-02,Female,Gauteng,Soweto,Emerging Affluent,2026-04-06,Low,Employed,602912,True
C000924,Kayla,Gumede,1958-03-21,Male,Western Cape,Bellville,Affluent,2025-04-28,Medium,Employed,808390,True
C000925,Daniel,Williams,1957-11-30,Female,Northern Cape,Kimberley,Emerging Affluent,2026-04-30,Low,Employed,594578,True
C000926,Sipho,Khumalo,1985-02-05,Female,Western Cape,Bellville,Emerging Affluent,2024-07-09,Low,Employed,288606,True
C000927,Lerato,Khan,1961-06-20,Female,Western Cape,Paarl,Mass Market,2024-01-22,Low,Unemployed,9169,False
C000928,Jason,Jacobs,1961-01-07,Male,Gauteng,Sandton,Mass Market,2025-11-15,Low,Self-Employed,244569,True
C000929,Muhammad,Ndlovu,1996-04-19,Female,Gauteng,Midrand,Emerging Affluent,2025-09-04,Low,Self-Employed,634135,True
C000930,Sibusiso,Cele,2000-01-21,Male,Gauteng,Sandton,Emerging Affluent,2026-01-30,High,Employed,624300,True
C000931,Priya,Daniels,2000-11-07,Male,Gauteng,Soweto,Mass Market,2025-03-30,Low,Student,84995,False
C000932,Fatima,Cele,1997-06-09,Female,Western Cape,Bellville,Mass Market,2024-11-30,High,Retired,227440,True
C000933,Neo,Botha,2005-05-04,Female,Eastern Cape,Gqeberha,Emerging Affluent,2022-08-26,Medium,Employed,364637,False
C000934,Ayesha,Jacobs,2005-12-01,Female,Western Cape,Bellville,Emerging Affluent,2023-09-06,Medium,Retired,474332,True
C000935,Daniel,Dlamini,1999-06-05,Female,Mpumalanga,Mbombela,Emerging Affluent,2022-12-04,Medium,Employed,534239,False
C000936,Ayesha,Patel,1989-05-12,Female,Gauteng,Midrand,Small Business,2023-08-01,Low,Self-Employed,1519038,True
C000937,Thabo,Brown,1956-10-04,Female,Western Cape,George,Affluent,2022-02-10,Low,Employed,832032,True
C000938,Zanele,Ndlovu,2004-09-08,Male,Limpopo,Tzaneen,Emerging Affluent,2024-07-16,Low,Employed,491287,True
C000939,Imran,Dlamini,1968-02-18,Female,Gauteng,Soweto,Mass Market,2024-08-28,Medium,Unemployed,35195,True
C000940,Nomsa,Nkosi,1984-11-18,Male,Mpumalanga,Mbombela,Emerging Affluent,2024-08-30,Low,Employed,459135,True
C000941,Mpho,Daniels,1999-06-28,Male,Free State,Bloemfontein,Affluent,2024-05-13,Low,Self-Employed,924940,True
C000942,Leah,Daniels,1985-12-06,Female,Gauteng,Centurion,Mass Market,2022-07-25,Low,Employed,116605,True
C000943,Lerato,Brown,2001-10-08,Male,KwaZulu-Natal,Durban,Mass Market,2025-05-03,Medium,Unemployed,46341,True
C000944,Daniel,Jacobs,1977-10-07,Female,Free State,Bloemfontein,Private Banking,2024-06-30,Low,Self-Employed,2387608,True
C000945,Sibusiso,Daniels,1967-06-30,Male,Western Cape,Bellville,Emerging Affluent,2022-12-08,Low,Employed,397095,True
C000946,Thabo,Khumalo,1963-10-26,Male,Eastern Cape,Mthatha,Emerging Affluent,2022-07-22,Low,Employed,281792,True
C000947,Thabo,Brown,2003-06-06,Female,Northern Cape,Kimberley,Mass Market,2025-02-22,Low,Employed,235888,True
C000948,Anika,Radebe,1981-09-01,Female,Gauteng,Centurion,Emerging Affluent,2024-10-29,Medium,Employed,460384,True
C000949,Lerato,Patel,1988-05-18,Male,Eastern Cape,Mthatha,Affluent,2024-06-20,Medium,Employed,746690,True
C000950,Jason,Naidoo,1999-04-17,Female,KwaZulu-Natal,Richards Bay,Mass Market,2023-08-14,Medium,Employed,246011,True
C000951,Tshepo,Patel,1963-11-06,Male,Northern Cape,Upington,Mass Market,2025-05-08,Low,Employed,183280,True
C000952,Neo,Radebe,1996-03-20,Male,Limpopo,Polokwane,Affluent,2024-05-02,High,Employed,853256,True
C000953,Leah,Daniels,1975-09-23,Female,Gauteng,Midrand,Emerging Affluent,2025-03-22,Low,Employed,322513,True
C000954,Kayla,Gumede,1959-11-11,Male,KwaZulu-Natal,Durban,Mass Market,2025-07-04,Low,Employed,257129,True
C000955,Ruan,Mokoena,2004-01-17,Female,Western Cape,Stellenbosch,Emerging Affluent,2026-05-30,Medium,Employed,404457,True
C000956,Sibusiso,Botha,1981-12-25,Male,Gauteng,Pretoria,Mass Market,2025-05-25,Low,Employed,207318,True
C000957,Karabo,Adams,1962-09-23,Male,Limpopo,Polokwane,Mass Market,2026-07-16,Medium,Student,89399,True
C000958,Jason,Nkosi,1964-05-25,Male,Limpopo,Tzaneen,Emerging Affluent,2026-05-04,Low,Employed,608446,True
C000959,Mpho,Williams,1962-04-16,Female,KwaZulu-Natal,Durban,Mass Market,2022-10-26,Medium,Employed,188788,True
C000960,Sibusiso,Smith,1989-03-11,Male,Gauteng,Sandton,Emerging Affluent,2025-06-02,Medium,Employed,604253,True
C000961,Naledi,Cele,2004-06-12,Male,KwaZulu-Natal,Umhlanga,Mass Market,2025-03-11,Low,Unemployed,43762,True
C000962,Kayla,Radebe,2005-09-08,Male,North West,Mahikeng,Affluent,2022-11-19,Low,Employed,1175913,True
C000963,Sipho,Patel,1978-01-23,Female,KwaZulu-Natal,Pietermaritzburg,Mass Market,2023-05-12,Low,Self-Employed,265684,True
C000964,Ayanda,Gumede,2001-11-12,Female,Eastern Cape,Mthatha,Emerging Affluent,2025-05-07,Low,Employed,332019,True
C000965,Ethan,Pillay,1983-02-24,Male,Eastern Cape,Gqeberha,Affluent,2026-07-04,Low,Employed,704021,True
C000966,Ruan,Cele,2006-07-01,Male,Western Cape,Stellenbosch,Mass Market,2026-01-10,High,Employed,127359,True
C000967,Muhammad,Williams,1994-04-15,Male,Limpopo,Tzaneen,Emerging Affluent,2024-07-28,Low,Self-Employed,453403,True
C000968,Kagiso,Nkosi,1967-12-12,Female,KwaZulu-Natal,Pietermaritzburg,Mass Market,2025-09-18,Low,Employed,251203,True
C000969,Daniel,Adams,1982-01-08,Female,Limpopo,Tzaneen,Emerging Affluent,2023-07-13,Low,Employed,388901,True
C000970,Megan,Cele,1959-01-29,Male,KwaZulu-Natal,Umhlanga,Mass Market,2022-12-06,High,Employed,175513,True
C000971,Nomsa,Radebe,1989-11-26,Female,Gauteng,Soweto,Mass Market,2024-03-29,High,Employed,201493,True
C000972,Priya,Khumalo,1979-12-20,Male,Mpumalanga,eMalahleni,Emerging Affluent,2022-06-13,Low,Employed,383977,False
C000973,Anika,Mokoena,1978-02-23,Male,Gauteng,Johannesburg,Mass Market,2025-08-21,High,Student,5950,True
C000974,Jason,Adams,1962-06-28,Female,Free State,Bloemfontein,Mass Market,2023-04-17,Medium,Employed,174669,True
C000975,Ayesha,Molefe,2000-01-18,Female,Western Cape,George,Mass Market,2023-05-03,Medium,Employed,227518,True
C000976,Muhammad,Naidoo,1999-11-16,Male,KwaZulu-Natal,Umhlanga,Mass Market,2022-06-29,High,Employed,119439,True
C000977,Neo,Williams,1960-07-18,Female,Western Cape,Stellenbosch,Emerging Affluent,2025-06-05,Low,Self-Employed,610283,True
C000978,Zanele,Botha,1969-07-21,Female,Gauteng,Centurion,Mass Market,2022-12-19,Low,Employed,230060,True
C000979,Nomsa,Ndlovu,1971-05-31,Male,North West,Rustenburg,Mass Market,2023-10-25,Medium,Employed,102137,True
C000980,Neo,Jacobs,1971-01-26,Female,Western Cape,Bellville,Affluent,2024-01-29,Low,Employed,865979,True
C000981,Ethan,Brown,1994-12-30,Female,Gauteng,Johannesburg,Emerging Affluent,2026-04-11,High,Self-Employed,471119,False
C000982,Megan,Mokoena,2001-09-01,Male,Gauteng,Soweto,Mass Market,2024-08-19,Low,Unemployed,99125,True
C000983,Imran,Naidoo,1965-07-08,Male,Gauteng,Sandton,Mass Market,2023-01-27,Medium,Student,64508,True
C000984,Tshepo,Cele,1962-05-01,Female,Free State,Welkom,Mass Market,2022-01-19,High,Student,26866,True
C000985,Anika,Gumede,1960-01-02,Female,Western Cape,Paarl,Emerging Affluent,2025-07-13,Low,Self-Employed,411671,False
C000986,Naledi,Cele,1983-09-19,Female,KwaZulu-Natal,Umhlanga,Mass Market,2023-01-20,Medium,Employed,252801,True
C000987,Fatima,Dlamini,1990-06-24,Female,Gauteng,Pretoria,Affluent,2024-09-10,Low,Employed,738948,True
C000988,Nomsa,Patel,1995-12-17,Male,Gauteng,Centurion,Emerging Affluent,2026-04-11,Low,Employed,637779,True
C000989,Ayesha,Adams,1959-07-19,Female,Gauteng,Sandton,Emerging Affluent,2023-08-29,Low,Self-Employed,405154,True
C000990,Megan,Khumalo,1997-10-20,Male,Gauteng,Centurion,Mass Market,2024-02-27,Low,Self-Employed,189786,True
C000991,Anika,Naidoo,1953-03-02,Female,KwaZulu-Natal,Richards Bay,Mass Market,2024-11-16,Medium,Employed,239619,True
C000992,Imran,Botha,2002-07-24,Female,Western Cape,Cape Town,Mass Market,2024-06-23,Low,Employed,187153,True
C000993,Fatima,Williams,1956-03-13,Female,Gauteng,Soweto,Emerging Affluent,2026-06-30,Low,Self-Employed,368501,True
C000994,Lerato,Naidoo,1993-04-23,Female,Limpopo,Tzaneen,Emerging Affluent,2025-06-03,Low,Employed,308944,True
C000995,Megan,Ndlovu,1997-08-16,Male,Western Cape,Paarl,Emerging Affluent,2024-06-14,Medium,Retired,340458,True
C000996,Thabo,Ndlovu,1992-06-13,Male,Gauteng,Johannesburg,Emerging Affluent,2023-08-31,Low,Employed,303392,False
C000997,Daniel,Gumede,1962-10-25,Female,Eastern Cape,East London,Mass Market,2023-10-17,Medium,Student,61639,True
C000998,Fatima,Molefe,2001-07-25,Female,KwaZulu-Natal,Durban,Mass Market,2025-01-21,Low,Unemployed,95039,True
C000999,Megan,Smith,1994-04-23,Male,Gauteng,Pretoria,Mass Market,2025-01-09,High,Unemployed,40092,True
C001000,Ayesha,Dlamini,1956-09-27,Male,Gauteng,Soweto,Mass Market,2026-07-19,Low,Employed,184136,True
C001001,Ayanda,Daniels,1968-04-26,Female,Gauteng,Midrand,Mass Market,2022-07-12,Low,Employed,161010,True
C001002,Ruan,Pillay,2004-07-29,Female,KwaZulu-Natal,Umhlanga,Mass Market,2025-11-16,High,Student,71878,True
C001003,Lerato,Brown,1964-11-17,Female,Gauteng,Centurion,Emerging Affluent,2026-04-12,Medium,Retired,433349,True
C001004,Leah,Khumalo,1983-04-19,Female,Gauteng,Soweto,Emerging Affluent,2022-03-03,Low,Self-Employed,434378,True
C001005,Tshepo,Khumalo,1975-08-16,Female,Western Cape,Paarl,Emerging Affluent,2026-06-03,Medium,Employed,404717,True
C001006,Tshepo,Ndlovu,2006-03-30,Male,North West,Mahikeng,Mass Market,2022-08-02,Medium,Student,52060,True
C001007,Imran,Dlamini,1967-01-01,Male,Western Cape,Bellville,Emerging Affluent,2026-05-06,Low,Employed,299579,True
C001008,Fatima,Govender,1990-02-23,Female,KwaZulu-Natal,Umhlanga,Affluent,2022-12-06,Low,Employed,870346,True
C001009,Daniel,Williams,1957-08-21,Female,Limpopo,Polokwane,Emerging Affluent,2025-09-15,Medium,Employed,335507,True
C001010,Kayla,Botha,1959-05-23,Male,Gauteng,Johannesburg,Mass Market,2022-10-26,Medium,Employed,228425,False
C001011,Sipho,Jacobs,1967-12-08,Male,KwaZulu-Natal,Pietermaritzburg,Emerging Affluent,2025-12-06,Low,Retired,573467,True
C001012,Anika,Ndlovu,1980-09-28,Female,KwaZulu-Natal,Richards Bay,Mass Market,2023-02-25,Medium,Unemployed,62705,True
C001013,Karabo,Meyer,1979-11-24,Female,Western Cape,Bellville,Emerging Affluent,2024-03-15,Low,Employed,423975,True
C001014,Lerato,Williams,1952-08-22,Male,Gauteng,Soweto,Affluent,2022-11-08,Low,Self-Employed,1166994,True
C001015,Tshepo,Naidoo,1968-11-03,Female,Western Cape,Cape Town,Emerging Affluent,2022-08-24,Low,Employed,319058,True
C001016,Imran,Radebe,1989-04-24,Female,Gauteng,Pretoria,Mass Market,2025-07-09,Low,Employed,148160,True
C001017,Muhammad,Nkosi,2001-03-21,Male,Gauteng,Sandton,Emerging Affluent,2024-02-05,Low,Employed,505091,True
C001018,Ayanda,Khan,1986-03-02,Male,KwaZulu-Natal,Durban,Emerging Affluent,2022-01-20,Low,Self-Employed,407346,True
C001019,Kagiso,Botha,1999-09-06,Female,Gauteng,Johannesburg,Mass Market,2022-01-06,Medium,Employed,162223,True
C001020,Ruan,Smith,1968-07-14,Female,Free State,Bloemfontein,Mass Market,2025-01-17,Medium,Employed,171978,True
C001021,Jason,Khumalo,1954-07-11,Female,Gauteng,Soweto,Mass Market,2025-11-27,Low,Student,45288,True
C001022,Naledi,Nkosi,1988-09-15,Female,Northern Cape,Kimberley,Mass Market,2024-10-12,Medium,Employed,150361,True
C001023,Imran,Williams,2003-11-13,Female,Gauteng,Soweto,Mass Market,2024-07-25,Medium,Employed,135101,True
C001024,Lerato,Brown,1970-03-30,Male,Gauteng,Sandton,Mass Market,2025-06-05,Low,Unemployed,21095,True
C001025,Kayla,Brown,1975-04-02,Female,North West,Mahikeng,Mass Market,2022-01-03,Low,Student,73194,True
C001026,Ethan,Pillay,1960-01-14,Female,KwaZulu-Natal,Umhlanga,Mass Market,2025-11-17,Low,Unemployed,98626,True
C001027,Tshepo,Smith,1988-09-27,Female,KwaZulu-Natal,Umhlanga,Mass Market,2022-11-22,Medium,Unemployed,40360,True
C001028,Karabo,Williams,2001-01-19,Male,Limpopo,Tzaneen,Mass Market,2026-01-31,Low,Self-Employed,186803,True
C001029,Ethan,Dlamini,1967-10-15,Female,Gauteng,Sandton,Mass Market,2026-05-15,High,Self-Employed,155910,True
C001030,Karabo,Brown,1960-05-04,Male,KwaZulu-Natal,Umhlanga,Mass Market,2024-06-19,Low,Student,43809,True
C001031,Lerato,Williams,2003-02-02,Female,Gauteng,Sandton,Emerging Affluent,2025-11-15,Medium,Employed,380078,True
C001032,Leah,Cele,1977-10-20,Male,Western Cape,George,Mass Market,2026-02-24,Medium,Unemployed,31356,True
C001033,Sipho,Smith,2006-07-11,Female,Limpopo,Tzaneen,Emerging Affluent,2026-05-24,Low,Self-Employed,366810,True
C001034,Zanele,Molefe,1998-04-12,Male,Free State,Welkom,Affluent,2026-01-06,Medium,Employed,678820,True
C001035,Sipho,Cele,2003-11-12,Male,Western Cape,Cape Town,Mass Market,2023-11-22,Low,Employed,108445,True
C001036,Lerato,Mokoena,1953-10-25,Male,Gauteng,Pretoria,Mass Market,2023-01-07,Medium,Self-Employed,124821,True
C001037,Ethan,Naidoo,1959-07-21,Male,Limpopo,Polokwane,Mass Market,2024-03-10,Low,Employed,273220,True
C001038,Karabo,Botha,1974-04-10,Female,KwaZulu-Natal,Richards Bay,Mass Market,2022-04-21,High,Retired,124131,True
C001039,Leah,Govender,1963-06-23,Female,Eastern Cape,Gqeberha,Emerging Affluent,2026-01-23,Low,Employed,463940,False
C001040,Lerato,Jacobs,1965-01-01,Male,Limpopo,Tzaneen,Emerging Affluent,2026-06-25,High,Employed,543853,True
C001041,Kagiso,Ndlovu,1996-05-30,Male,Gauteng,Soweto,Emerging Affluent,2025-10-25,Low,Employed,601282,False
C001042,Ethan,Meyer,1969-04-17,Female,Gauteng,Sandton,Emerging Affluent,2026-02-19,Low,Employed,303119,True
C001043,Jason,Govender,1998-10-24,Female,Western Cape,George,Emerging Affluent,2024-11-16,Low,Employed,642683,True
C001044,Priya,Cele,1978-01-22,Male,Eastern Cape,Gqeberha,Mass Market,2023-06-18,Medium,Retired,242863,True
C001045,Thabo,Cele,1988-06-10,Male,Limpopo,Polokwane,Mass Market,2022-10-28,Medium,Student,1527,True
C001046,Priya,Molefe,1974-04-20,Male,Gauteng,Centurion,Emerging Affluent,2024-06-25,Low,Employed,375462,True
C001047,Mpho,Cele,1978-09-13,Male,Northern Cape,Kimberley,Emerging Affluent,2022-11-18,High,Employed,306089,True
C001048,Thabo,Naidoo,2000-04-09,Male,Gauteng,Centurion,Mass Market,2022-11-27,Medium,Student,45489,True
C001049,Karabo,Naidoo,1967-03-13,Male,Gauteng,Centurion,Emerging Affluent,2024-07-13,Medium,Employed,355449,True
C001050,Jason,Adams,1964-10-02,Female,Western Cape,George,Emerging Affluent,2023-05-29,Low,Employed,315708,True
C001051,Priya,Khan,1995-09-25,Female,Eastern Cape,Mthatha,Mass Market,2023-09-06,Low,Retired,148649,True
C001052,Neo,Nkosi,1984-04-29,Female,Western Cape,Cape Town,Mass Market,2026-04-22,Low,Employed,187750,True
C001053,Lerato,Pillay,1998-01-11,Male,Gauteng,Midrand,Emerging Affluent,2022-08-30,Low,Employed,306783,True
C001054,Mpho,Khumalo,1990-02-05,Male,Limpopo,Polokwane,Mass Market,2022-10-01,Low,Employed,153309,True
C001055,Anika,Khumalo,1981-02-18,Female,Northern Cape,Kimberley,Emerging Affluent,2022-08-02,High,Employed,284991,True
C001056,Jason,Khumalo,2002-10-02,Male,Free State,Welkom,Mass Market,2023-08-16,Low,Employed,202184,True
C001057,Naledi,Molefe,2004-02-04,Female,KwaZulu-Natal,Pietermaritzburg,Affluent,2026-06-10,Low,Employed,1030890,True
C001058,Jason,Molefe,1952-02-26,Female,Western Cape,Bellville,Mass Market,2024-01-24,Low,Self-Employed,256032,True
C001059,Fatima,Daniels,1967-12-29,Male,Free State,Bloemfontein,Mass Market,2022-03-14,Medium,Employed,163771,True
C001060,Kagiso,Khan,2006-03-25,Female,Western Cape,Paarl,Emerging Affluent,2026-02-03,Low,Self-Employed,294849,True
C001061,Mpho,Jacobs,1958-01-18,Male,Western Cape,Bellville,Mass Market,2024-04-30,Low,Employed,249675,True
C001062,Karabo,Daniels,2000-06-01,Male,Limpopo,Tzaneen,Mass Market,2025-05-04,High,Employed,153602,True
C001063,Leah,Nkosi,1972-10-01,Female,Eastern Cape,Gqeberha,Mass Market,2023-06-05,High,Unemployed,34660,False
C001064,Naledi,Adams,2001-03-31,Female,KwaZulu-Natal,Pietermaritzburg,Emerging Affluent,2025-08-07,Medium,Employed,572118,False
C001065,Muhammad,Dlamini,1985-09-21,Male,Limpopo,Polokwane,Mass Market,2023-12-01,Medium,Self-Employed,175044,False
C001066,Nomsa,Naidoo,1956-12-09,Male,Western Cape,George,Mass Market,2023-10-06,Medium,Employed,76324,True
C001067,Zanele,Govender,1994-05-25,Female,Gauteng,Midrand,Mass Market,2022-07-26,Medium,Unemployed,87687,True
C001068,Naledi,Khan,1967-06-01,Male,Free State,Bloemfontein,Emerging Affluent,2024-12-10,Low,Employed,556660,True
C001069,Priya,Patel,1998-04-05,Female,Northern Cape,Upington,Emerging Affluent,2026-03-14,Medium,Employed,304247,True
C001070,Fatima,Daniels,1954-01-22,Female,Gauteng,Midrand,Emerging Affluent,2023-11-10,Medium,Employed,372501,True
C001071,Ethan,Adams,1967-06-08,Male,Gauteng,Pretoria,Mass Market,2025-02-23,Medium,Self-Employed,204762,True
C001072,Megan,Botha,1988-12-02,Female,KwaZulu-Natal,Pietermaritzburg,Mass Market,2024-10-27,High,Employed,151662,True
C001073,Fatima,Naidoo,1953-08-02,Male,KwaZulu-Natal,Pietermaritzburg,Affluent,2024-10-12,Medium,Employed,950366,True
C001074,Neo,Patel,1970-08-20,Female,KwaZulu-Natal,Durban,Mass Market,2024-04-07,High,Student,2090,False
C001075,Fatima,Meyer,1970-10-01,Male,Western Cape,Cape Town,Affluent,2026-02-25,Low,Employed,1041813,True
C001076,Kayla,Brown,1978-09-03,Male,Free State,Bloemfontein,Mass Market,2022-04-07,Medium,Retired,274159,True
C001077,Kayla,Khan,1961-05-17,Male,North West,Rustenburg,Emerging Affluent,2025-05-06,Low,Employed,444149,True
C001078,Mpho,Gumede,2004-05-08,Female,Free State,Welkom,Mass Market,2026-03-03,High,Self-Employed,190225,True
C001079,Priya,Mokoena,2000-10-20,Female,Gauteng,Pretoria,Emerging Affluent,2024-03-09,Medium,Self-Employed,392426,False
C001080,Kagiso,Daniels,1950-02-15,Female,Western Cape,Stellenbosch,Mass Market,2023-03-19,Low,Employed,127643,True
C001081,Karabo,Pillay,1998-08-03,Female,KwaZulu-Natal,Richards Bay,Emerging Affluent,2023-04-10,Medium,Self-Employed,429584,True
C001082,Daniel,Gumede,1987-03-24,Female,Mpumalanga,Mbombela,Emerging Affluent,2024-12-06,Medium,Employed,551146,True
C001083,Thabo,Ndlovu,1976-09-17,Female,Free State,Welkom,Emerging Affluent,2025-06-12,Low,Retired,418603,True
C001084,Tshepo,Mokoena,1989-05-16,Male,KwaZulu-Natal,Durban,Emerging Affluent,2025-11-11,Medium,Employed,386975,True
C001085,Neo,Smith,1951-07-17,Male,North West,Mahikeng,Mass Market,2025-10-05,Low,Employed,177715,True
C001086,Daniel,Botha,1957-11-11,Male,Gauteng,Midrand,Affluent,2022-04-26,Low,Employed,864110,True
C001087,Muhammad,Smith,1961-10-19,Male,Gauteng,Pretoria,Mass Market,2022-01-03,Medium,Student,53437,True
C001088,Ruan,Brown,1975-05-06,Female,Free State,Welkom,Mass Market,2023-03-02,High,Employed,263693,True
C001089,Kagiso,Mokoena,1977-01-09,Male,KwaZulu-Natal,Umhlanga,Mass Market,2022-03-31,Low,Retired,253043,True
C001090,Tshepo,Dlamini,1957-09-02,Female,Gauteng,Johannesburg,Affluent,2023-03-07,Low,Self-Employed,1167773,True
C001091,Tshepo,Botha,1989-03-23,Female,Western Cape,Paarl,Mass Market,2024-06-06,High,Employed,229096,True
C001092,Fatima,Meyer,1982-05-26,Female,Eastern Cape,East London,Mass Market,2025-04-05,High,Employed,82693,True
C001093,Jason,Cele,1964-02-03,Female,Limpopo,Tzaneen,Affluent,2025-09-05,Low,Employed,880543,True
C001094,Imran,Botha,2005-08-12,Male,Free State,Bloemfontein,Mass Market,2022-07-02,Medium,Student,65883,True
C001095,Thabo,Brown,1997-06-16,Female,KwaZulu-Natal,Richards Bay,Mass Market,2023-08-30,Medium,Unemployed,1543,True
C001096,Zanele,Daniels,1953-03-21,Female,Gauteng,Johannesburg,Mass Market,2024-10-06,Low,Unemployed,10967,True
C001097,Tshepo,Mokoena,1997-05-07,Female,Western Cape,Paarl,Emerging Affluent,2025-01-03,Low,Self-Employed,327436,True
C001098,Muhammad,Brown,1972-10-29,Male,Gauteng,Centurion,Mass Market,2024-01-15,Low,Student,29597,False
C001099,Imran,Brown,1986-03-01,Female,KwaZulu-Natal,Durban,Mass Market,2023-05-29,Medium,Employed,91112,True
C001100,Anika,Radebe,1981-02-16,Male,Limpopo,Polokwane,Mass Market,2023-09-15,Medium,Student,16525,True
C001101,Imran,Adams,1986-09-16,Male,Gauteng,Soweto,Mass Market,2024-01-09,Medium,Employed,129326,True
C001102,Neo,Meyer,1961-11-17,Male,Gauteng,Johannesburg,Mass Market,2023-10-28,Medium,Retired,128889,True
C001103,Ayesha,Naidoo,1962-04-26,Female,Limpopo,Polokwane,Emerging Affluent,2022-04-08,Low,Employed,350232,True
C001104,Kayla,Meyer,1965-01-17,Female,Western Cape,Cape Town,Mass Market,2024-11-05,Medium,Unemployed,80081,True
C001105,Ayesha,Jacobs,2006-02-27,Female,Mpumalanga,Mbombela,Emerging Affluent,2022-04-17,Low,Employed,360562,True
C001106,Nomsa,Khan,1999-04-20,Female,Western Cape,Paarl,Emerging Affluent,2025-11-30,Low,Retired,385607,True
C001107,Leah,Khumalo,1974-05-16,Male,Gauteng,Soweto,Emerging Affluent,2022-01-27,Low,Employed,453818,True
C001108,Tshepo,Smith,1989-03-13,Female,KwaZulu-Natal,Pietermaritzburg,Mass Market,2025-07-14,Low,Student,78651,True
C001109,Naledi,Adams,1975-11-01,Male,Eastern Cape,Mthatha,Mass Market,2024-11-06,Medium,Employed,192325,True
C001110,Priya,Nkosi,1967-03-28,Male,Eastern Cape,East London,Mass Market,2026-07-13,Medium,Unemployed,22293,True
C001111,Zanele,Pillay,1975-11-11,Female,Western Cape,Cape Town,Mass Market,2025-01-18,Low,Employed,127033,True
C001112,Anika,Naidoo,1980-12-07,Female,North West,Mahikeng,Mass Market,2023-10-28,Medium,Employed,273960,True
C001113,Jason,Williams,1998-09-07,Male,Mpumalanga,eMalahleni,Mass Market,2026-07-30,Low,Employed,171195,True
C001114,Ayesha,Cele,1974-08-17,Female,Western Cape,Bellville,Private Banking,2024-10-12,Low,Self-Employed,1308500,True
C001115,Imran,Govender,1955-09-30,Male,Mpumalanga,eMalahleni,Mass Market,2025-06-02,High,Employed,204845,True
C001116,Fatima,Cele,1961-02-13,Female,Eastern Cape,Gqeberha,Emerging Affluent,2023-03-11,Low,Employed,503611,True
C001117,Lerato,Khumalo,1960-04-11,Female,Limpopo,Polokwane,Emerging Affluent,2024-10-07,Low,Employed,452219,True
C001118,Ayesha,Meyer,1979-01-11,Male,Western Cape,Stellenbosch,Emerging Affluent,2026-06-01,Low,Employed,603229,True
C001119,Neo,Radebe,1979-11-20,Male,KwaZulu-Natal,Pietermaritzburg,Mass Market,2022-09-18,Low,Employed,221297,True
C001120,Sibusiso,Ndlovu,1972-05-01,Female,Western Cape,George,Affluent,2022-09-13,Low,Employed,1000391,True
C001121,Ruan,Adams,1992-03-30,Male,Western Cape,Stellenbosch,Emerging Affluent,2024-03-26,Low,Self-Employed,450488,True
C001122,Lerato,Ndlovu,1986-12-09,Male,Western Cape,Paarl,Mass Market,2024-11-14,Low,Employed,260424,True
C001123,Fatima,Botha,1968-05-25,Male,Western Cape,Stellenbosch,Mass Market,2025-11-20,Medium,Student,58919,True
C001124,Sibusiso,Radebe,1985-02-10,Male,Limpopo,Tzaneen,Mass Market,2022-08-24,High,Self-Employed,160575,True
C001125,Thabo,Daniels,2005-06-03,Male,Gauteng,Pretoria,Affluent,2024-10-02,Low,Self-Employed,875654,True
C001126,Fatima,Smith,1965-04-15,Female,KwaZulu-Natal,Durban,Emerging Affluent,2024-07-27,Low,Employed,589146,True
C001127,Ayesha,Jacobs,1963-03-17,Female,Gauteng,Johannesburg,Private Banking,2022-10-17,High,Employed,1234692,True
C001128,Kayla,Radebe,1980-06-18,Male,North West,Rustenburg,Emerging Affluent,2025-05-07,Low,Employed,301952,True
C001129,Anika,Mokoena,1966-11-04,Female,Gauteng,Midrand,Mass Market,2023-01-21,Low,Employed,158032,False
C001130,Nomsa,Khumalo,1967-11-07,Female,Gauteng,Soweto,Emerging Affluent,2022-06-24,Low,Employed,451179,True
C001131,Kagiso,Ndlovu,1996-01-28,Female,Western Cape,George,Small Business,2024-01-10,Low,Self-Employed,749245,True
C001132,Tshepo,Brown,1976-10-14,Female,Gauteng,Soweto,Mass Market,2024-08-15,Medium,Employed,212168,True
C001133,Ayanda,Patel,1969-02-13,Male,Mpumalanga,eMalahleni,Emerging Affluent,2026-02-11,Low,Self-Employed,349087,True
C001134,Ethan,Mokoena,1991-06-21,Male,Gauteng,Centurion,Affluent,2023-09-25,Low,Employed,821017,True
C001135,Sipho,Govender,1985-12-12,Female,KwaZulu-Natal,Pietermaritzburg,Emerging Affluent,2022-06-14,Medium,Employed,617790,True
C001136,Zanele,Nkosi,1950-02-04,Female,Gauteng,Soweto,Mass Market,2025-08-05,High,Student,34822,True
C001137,Lerato,Nkosi,1960-10-12,Male,KwaZulu-Natal,Richards Bay,Emerging Affluent,2023-03-30,Low,Employed,332090,True
C001138,Mpho,Adams,2003-10-17,Male,Western Cape,Paarl,Emerging Affluent,2024-06-05,Low,Employed,370387,True
C001139,Tshepo,Williams,1981-10-01,Male,Northern Cape,Kimberley,Mass Market,2025-02-16,Low,Employed,236924,True
C001140,Thabo,Pillay,2003-11-16,Male,KwaZulu-Natal,Durban,Mass Market,2026-02-16,Low,Unemployed,34293,True
C001141,Megan,Khan,1953-08-01,Male,Gauteng,Midrand,Emerging Affluent,2024-11-26,Medium,Employed,450699,True
C001142,Ethan,Cele,1976-04-05,Male,Limpopo,Polokwane,Emerging Affluent,2025-04-13,Low,Employed,351017,True
C001143,Imran,Govender,1957-09-24,Male,Eastern Cape,East London,Mass Market,2024-06-10,Medium,Retired,173194,True
C001144,Zanele,Cele,1985-07-15,Female,Western Cape,Cape Town,Mass Market,2022-08-04,Low,Self-Employed,179519,True
C001145,Megan,Radebe,1978-01-27,Male,Gauteng,Centurion,Mass Market,2026-05-11,Low,Employed,76933,True
C001146,Thabo,Botha,1970-06-25,Female,KwaZulu-Natal,Pietermaritzburg,Emerging Affluent,2025-01-05,Low,Employed,305613,True
C001147,Ethan,Pillay,1957-01-03,Female,Gauteng,Pretoria,Emerging Affluent,2025-08-28,Low,Employed,330002,True
C001148,Sipho,Daniels,1971-08-21,Male,Limpopo,Tzaneen,Mass Market,2023-01-29,Low,Employed,263088,True
C001149,Zanele,Williams,1997-04-23,Female,Free State,Welkom,Small Business,2022-07-30,Medium,Self-Employed,873073,True
C001150,Megan,Gumede,1990-02-09,Male,Western Cape,Bellville,Emerging Affluent,2024-08-05,High,Employed,511076,True
C001151,Muhammad,Patel,1953-10-10,Female,Western Cape,George,Affluent,2025-01-26,Low,Employed,950701,True
C001152,Neo,Adams,1974-09-29,Male,Western Cape,Stellenbosch,Emerging Affluent,2023-04-23,Medium,Self-Employed,378025,True
C001153,Karabo,Smith,1990-04-09,Female,Western Cape,Stellenbosch,Emerging Affluent,2022-08-22,Low,Employed,299774,True
C001154,Tshepo,Smith,1990-05-11,Male,Gauteng,Pretoria,Mass Market,2023-10-31,Medium,Employed,232218,True
C001155,Imran,Gumede,1975-05-08,Female,Gauteng,Sandton,Emerging Affluent,2025-08-23,Low,Employed,325091,False
C001156,Ruan,Brown,2006-01-16,Male,Gauteng,Midrand,Emerging Affluent,2025-01-13,Low,Self-Employed,302784,True
C001157,Kayla,Molefe,1992-11-18,Male,Gauteng,Midrand,Mass Market,2022-11-30,High,Unemployed,48824,True
C001158,Lerato,Botha,1956-09-01,Female,Eastern Cape,Mthatha,Mass Market,2023-02-21,Low,Employed,162584,True
C001159,Sipho,Cele,1970-10-04,Male,Western Cape,Paarl,Mass Market,2025-08-15,Medium,Employed,255121,True
C001160,Tshepo,Pillay,1951-05-12,Male,Eastern Cape,Gqeberha,Emerging Affluent,2022-03-23,High,Self-Employed,418919,True
C001161,Jason,Mokoena,1989-06-29,Female,Mpumalanga,eMalahleni,Emerging Affluent,2026-04-09,Low,Employed,294247,True
C001162,Neo,Ndlovu,1955-11-29,Male,Gauteng,Johannesburg,Mass Market,2024-02-03,Medium,Student,9203,True
C001163,Sipho,Dlamini,1968-05-05,Female,Mpumalanga,eMalahleni,Mass Market,2023-04-15,Medium,Employed,160165,True
C001164,Daniel,Nkosi,1986-09-05,Male,Gauteng,Centurion,Affluent,2026-05-11,Low,Employed,682874,False
C001165,Nomsa,Botha,1983-11-28,Male,KwaZulu-Natal,Pietermaritzburg,Emerging Affluent,2026-03-02,Low,Employed,352835,True
C001166,Ethan,Daniels,1972-06-02,Female,North West,Rustenburg,Mass Market,2022-10-29,Medium,Employed,194122,False
C001167,Kayla,Cele,1983-04-02,Female,KwaZulu-Natal,Umhlanga,Mass Market,2025-10-15,Medium,Employed,271798,True
C001168,Ruan,Molefe,1997-07-03,Female,Western Cape,George,Affluent,2024-11-16,Low,Employed,692568,True
C001169,Ayanda,Brown,2001-04-21,Female,Mpumalanga,eMalahleni,Affluent,2023-11-28,Low,Employed,688980,True
C001170,Imran,Williams,2003-02-23,Male,Western Cape,George,Mass Market,2022-05-27,Low,Employed,161793,True
C001171,Sipho,Patel,1995-10-01,Male,Free State,Bloemfontein,Mass Market,2022-04-22,High,Employed,134264,True
C001172,Sibusiso,Daniels,1981-01-07,Female,Gauteng,Johannesburg,Emerging Affluent,2024-07-21,Medium,Self-Employed,313946,True
C001173,Ethan,Jacobs,1950-10-25,Female,Western Cape,Paarl,Emerging Affluent,2025-08-01,Low,Employed,596819,True
C001174,Lerato,Adams,2004-04-30,Male,Gauteng,Soweto,Mass Market,2026-06-01,Low,Employed,201740,True
C001175,Naledi,Brown,1976-09-28,Female,Limpopo,Tzaneen,Affluent,2026-01-25,Low,Employed,662282,True
C001176,Ruan,Dlamini,1953-05-03,Female,Western Cape,Stellenbosch,Mass Market,2022-09-11,Medium,Employed,240124,True
C001177,Mpho,Mokoena,2005-01-15,Female,Western Cape,George,Emerging Affluent,2023-05-15,Low,Employed,300429,True
C001178,Nomsa,Govender,1970-06-08,Female,North West,Mahikeng,Emerging Affluent,2026-01-04,Low,Employed,301327,True
C001179,Naledi,Jacobs,1978-12-04,Male,Gauteng,Midrand,Emerging Affluent,2026-02-02,Low,Employed,509601,True
C001180,Nomsa,Botha,1952-12-25,Male,Eastern Cape,East London,Emerging Affluent,2022-02-12,Low,Retired,585221,True
C001181,Neo,Patel,1989-09-07,Male,Mpumalanga,eMalahleni,Emerging Affluent,2022-05-24,High,Employed,304764,True
C001182,Kagiso,Radebe,1956-07-10,Female,Western Cape,Cape Town,Emerging Affluent,2025-07-28,Medium,Self-Employed,334893,True
C001183,Nomsa,Khumalo,1981-10-30,Female,Gauteng,Sandton,Emerging Affluent,2025-02-17,Low,Employed,357495,True
C001184,Karabo,Khumalo,1962-06-28,Male,Gauteng,Soweto,Private Banking,2023-05-29,Low,Employed,1208519,True
C001185,Daniel,Cele,1971-04-24,Male,KwaZulu-Natal,Richards Bay,Emerging Affluent,2025-04-25,Low,Employed,418594,True
C001186,Thabo,Daniels,1975-09-03,Male,Free State,Bloemfontein,Emerging Affluent,2023-05-12,Medium,Retired,381661,True
C001187,Kayla,Patel,2003-04-14,Female,Western Cape,Bellville,Emerging Affluent,2022-04-15,Medium,Employed,482653,True
C001188,Thabo,Smith,2002-03-08,Female,Eastern Cape,Gqeberha,Emerging Affluent,2024-11-23,Medium,Employed,549191,False
C001189,Sibusiso,Molefe,1978-02-16,Female,Limpopo,Polokwane,Mass Market,2025-01-09,Low,Employed,204472,True
C001190,Kayla,Khumalo,1990-04-22,Male,Gauteng,Sandton,Mass Market,2022-06-13,Medium,Employed,236564,True
C001191,Leah,Cele,1981-05-24,Female,Gauteng,Johannesburg,Mass Market,2024-04-10,Low,Student,27088,True
C001192,Neo,Dlamini,1993-03-07,Male,Gauteng,Pretoria,Mass Market,2022-11-04,Medium,Self-Employed,170541,True
C001193,Muhammad,Molefe,1974-11-21,Female,Gauteng,Soweto,Emerging Affluent,2024-04-18,Medium,Employed,411273,True
C001194,Sibusiso,Meyer,1978-04-15,Female,Gauteng,Midrand,Mass Market,2024-12-15,Medium,Employed,214528,True
C001195,Neo,Botha,1983-03-03,Female,KwaZulu-Natal,Umhlanga,Emerging Affluent,2025-09-09,Medium,Employed,494255,True
C001196,Kagiso,Pillay,1972-03-26,Female,Eastern Cape,East London,Mass Market,2023-06-12,Low,Employed,232860,True
C001197,Naledi,Ndlovu,1995-07-05,Female,Eastern Cape,Mthatha,Mass Market,2026-06-19,Medium,Employed,126574,True
C001198,Lerato,Patel,1996-06-12,Female,Gauteng,Soweto,Emerging Affluent,2025-03-02,Medium,Retired,368609,True
C001199,Sibusiso,Khumalo,1953-07-29,Female,Eastern Cape,Mthatha,Mass Market,2023-07-26,Medium,Employed,208651,True
C001200,Leah,Gumede,1950-12-10,Male,Gauteng,Sandton,Mass Market,2024-11-12,Medium,Employed,238647,True
C001201,Ethan,Khumalo,1982-10-03,Male,Limpopo,Tzaneen,Emerging Affluent,2025-03-01,Medium,Self-Employed,386834,True
C001202,Muhammad,Cele,1973-07-20,Male,Eastern Cape,East London,Mass Market,2024-01-27,Low,Unemployed,15601,True
C001203,Mpho,Botha,1987-11-17,Female,Eastern Cape,East London,Affluent,2022-09-15,Low,Self-Employed,913144,True
C001204,Kagiso,Nkosi,1987-08-17,Male,Western Cape,Bellville,Mass Market,2022-12-01,Medium,Employed,116746,True
C001205,Jason,Radebe,1961-03-28,Male,KwaZulu-Natal,Pietermaritzburg,Mass Market,2023-06-15,Medium,Unemployed,62755,True
C001206,Jason,Jacobs,1977-08-01,Male,Mpumalanga,eMalahleni,Mass Market,2022-07-27,Low,Employed,217707,True
C001207,Karabo,Daniels,1988-02-11,Female,Free State,Welkom,Mass Market,2023-12-13,Medium,Retired,153477,True
C001208,Leah,Naidoo,1962-09-13,Female,Gauteng,Pretoria,Mass Market,2025-03-07,Low,Unemployed,93436,True
C001209,Megan,Smith,1962-01-27,Female,Mpumalanga,Mbombela,Mass Market,2024-01-20,Medium,Retired,145858,True
C001210,Ayanda,Smith,1990-12-03,Female,Mpumalanga,Mbombela,Emerging Affluent,2023-05-27,Low,Employed,483598,True
C001211,Nomsa,Brown,1958-01-06,Female,Western Cape,Bellville,Emerging Affluent,2026-04-30,Low,Self-Employed,576208,True
C001212,Ruan,Molefe,1972-06-22,Male,KwaZulu-Natal,Umhlanga,Affluent,2026-01-28,Low,Employed,792788,True
C001213,Sibusiso,Khan,1952-02-17,Female,Gauteng,Sandton,Mass Market,2024-01-06,Low,Retired,177346,True
C001214,Leah,Khumalo,2003-01-30,Female,Gauteng,Midrand,Emerging Affluent,2022-02-05,Low,Self-Employed,396693,True
C001215,Daniel,Pillay,1996-07-07,Male,Mpumalanga,Mbombela,Mass Market,2026-03-10,High,Student,26036,True
C001216,Mpho,Khan,1961-09-25,Male,Gauteng,Sandton,Emerging Affluent,2023-05-23,Low,Employed,287856,True
C001217,Nomsa,Cele,1980-01-30,Male,Limpopo,Polokwane,Emerging Affluent,2026-03-28,Low,Employed,535487,True
C001218,Ethan,Govender,1953-02-26,Male,KwaZulu-Natal,Durban,Emerging Affluent,2026-01-08,High,Employed,427308,True
C001219,Anika,Khan,1957-11-16,Male,KwaZulu-Natal,Richards Bay,Emerging Affluent,2024-01-15,Low,Employed,329319,True
C001220,Kayla,Ndlovu,1959-11-24,Male,Free State,Bloemfontein,Mass Market,2024-02-16,Low,Unemployed,15748,True
C001221,Ethan,Gumede,1993-04-30,Female,Western Cape,Cape Town,Emerging Affluent,2024-10-25,Low,Employed,312834,False
C001222,Neo,Khumalo,2002-06-27,Male,Western Cape,Stellenbosch,Mass Market,2022-05-29,Low,Unemployed,78475,True
C001223,Daniel,Molefe,1977-05-24,Male,Limpopo,Tzaneen,Mass Market,2022-04-17,Medium,Employed,249317,True
C001224,Jason,Molefe,1960-07-06,Female,Western Cape,Stellenbosch,Affluent,2026-05-24,Medium,Employed,807322,True
C001225,Neo,Botha,1975-03-15,Male,Free State,Bloemfontein,Emerging Affluent,2022-11-06,Low,Self-Employed,385508,True
C001226,Sibusiso,Cele,1957-04-10,Male,Gauteng,Midrand,Emerging Affluent,2025-09-09,Low,Self-Employed,328649,True
C001227,Tshepo,Molefe,2005-11-28,Male,North West,Rustenburg,Emerging Affluent,2023-03-31,Low,Self-Employed,362012,True
C001228,Ayesha,Adams,1984-07-18,Male,Gauteng,Pretoria,Mass Market,2024-04-15,Low,Employed,271282,True
C001229,Sibusiso,Dlamini,1991-02-23,Female,Gauteng,Soweto,Emerging Affluent,2023-05-03,Low,Employed,502091,True
C001230,Lerato,Williams,1975-02-27,Female,Gauteng,Pretoria,Emerging Affluent,2024-03-01,Low,Employed,402024,True
C001231,Priya,Gumede,2004-12-07,Male,Eastern Cape,Mthatha,Emerging Affluent,2025-06-04,Low,Employed,313438,True
C001232,Lerato,Botha,1991-01-04,Female,Gauteng,Centurion,Affluent,2026-07-16,Low,Self-Employed,656578,True
C001233,Tshepo,Jacobs,1988-08-25,Female,Western Cape,George,Emerging Affluent,2023-08-02,Low,Employed,287496,True
C001234,Muhammad,Naidoo,1987-04-14,Female,Gauteng,Centurion,Emerging Affluent,2025-08-02,Low,Employed,467168,True
C001235,Zanele,Williams,1994-06-25,Male,Western Cape,Cape Town,Private Banking,2024-05-07,Low,Employed,1631057,True
C001236,Nomsa,Ndlovu,1973-08-28,Male,Gauteng,Johannesburg,Emerging Affluent,2024-12-21,Low,Self-Employed,303183,True
C001237,Tshepo,Brown,1956-11-01,Female,Limpopo,Polokwane,Mass Market,2024-01-03,Low,Employed,197564,True
C001238,Sibusiso,Smith,1981-11-03,Female,Gauteng,Pretoria,Mass Market,2023-07-13,Medium,Employed,180007,True
C001239,Mpho,Adams,1967-05-17,Female,Eastern Cape,Gqeberha,Mass Market,2026-03-26,Medium,Employed,215601,True
C001240,Ruan,Nkosi,1996-03-03,Female,Western Cape,Paarl,Mass Market,2024-02-03,Medium,Unemployed,70975,True
C001241,Sipho,Adams,1973-08-08,Female,Western Cape,George,Mass Market,2023-03-05,High,Unemployed,62366,True
C001242,Sipho,Cele,2000-01-24,Male,KwaZulu-Natal,Umhlanga,Emerging Affluent,2024-10-21,Medium,Employed,341322,True
C001243,Muhammad,Cele,1967-03-01,Female,Limpopo,Tzaneen,Mass Market,2026-03-10,Low,Unemployed,95391,True
C001244,Karabo,Molefe,1989-08-04,Female,Gauteng,Midrand,Mass Market,2024-10-17,Medium,Employed,271441,False
C001245,Ruan,Cele,1995-11-30,Female,Eastern Cape,Gqeberha,Mass Market,2022-10-27,Medium,Employed,247905,True
C001246,Naledi,Daniels,1978-04-27,Female,KwaZulu-Natal,Richards Bay,Mass Market,2023-03-11,High,Employed,149924,True
C001247,Ayesha,Meyer,1981-01-27,Male,Eastern Cape,Mthatha,Mass Market,2022-10-13,Low,Student,4464,True
C001248,Ayesha,Williams,1951-09-07,Male,Limpopo,Polokwane,Emerging Affluent,2024-12-12,Low,Employed,294911,True
C001249,Zanele,Cele,1989-12-08,Male,KwaZulu-Natal,Richards Bay,Mass Market,2024-02-26,Medium,Employed,241236,True
C001250,Kagiso,Pillay,1963-11-10,Female,KwaZulu-Natal,Umhlanga,Emerging Affluent,2024-01-23,Low,Employed,382057,True
C001251,Megan,Daniels,2001-01-13,Male,Western Cape,Cape Town,Mass Market,2022-12-14,Medium,Student,21111,True
C001252,Kayla,Gumede,1989-10-29,Male,Eastern Cape,Gqeberha,Emerging Affluent,2025-06-11,Medium,Employed,452351,True
C001253,Lerato,Botha,1952-11-07,Female,Gauteng,Soweto,Emerging Affluent,2026-05-21,Low,Employed,627951,True
C001254,Anika,Brown,1995-02-24,Female,North West,Rustenburg,Mass Market,2024-02-08,Medium,Employed,198449,True
C001255,Mpho,Khan,1978-08-30,Female,Western Cape,Bellville,Emerging Affluent,2025-10-12,Low,Employed,545028,True
C001256,Kagiso,Khan,1974-07-31,Female,Western Cape,Bellville,Emerging Affluent,2025-02-02,Low,Employed,371816,True
C001257,Thabo,Botha,1970-09-26,Male,KwaZulu-Natal,Umhlanga,Mass Market,2022-12-31,High,Employed,179047,True
C001258,Anika,Dlamini,1977-09-11,Female,Gauteng,Pretoria,Mass Market,2024-12-09,Low,Employed,276809,True
C001259,Imran,Molefe,1964-07-06,Female,Western Cape,Stellenbosch,Affluent,2024-08-13,Low,Employed,765435,True
C001260,Kayla,Pillay,1975-10-05,Female,Gauteng,Midrand,Mass Market,2025-06-27,Low,Unemployed,10637,True
C001261,Ethan,Ndlovu,1967-04-02,Female,Western Cape,Cape Town,Affluent,2022-03-31,Low,Employed,671953,True
C001262,Zanele,Ndlovu,1960-08-30,Female,Free State,Bloemfontein,Emerging Affluent,2026-06-21,Low,Employed,405234,False
C001263,Tshepo,Williams,1983-06-09,Female,Northern Cape,Kimberley,Emerging Affluent,2024-12-28,Low,Retired,364938,True
C001264,Kayla,Molefe,1950-03-23,Male,Western Cape,Paarl,Mass Market,2022-02-27,Medium,Retired,100245,True
C001265,Mpho,Pillay,1982-12-06,Female,North West,Rustenburg,Affluent,2023-04-03,Medium,Self-Employed,717941,True
C001266,Naledi,Nkosi,1972-06-05,Female,Western Cape,Paarl,Affluent,2025-03-26,Low,Employed,652803,True
C001267,Kayla,Pillay,1967-06-21,Male,North West,Rustenburg,Mass Market,2023-08-30,Medium,Employed,207609,True
C001268,Karabo,Nkosi,2006-02-07,Male,Eastern Cape,Mthatha,Mass Market,2024-08-19,Low,Employed,168609,False
C001269,Tshepo,Ndlovu,1989-03-10,Male,Eastern Cape,East London,Affluent,2025-11-22,Low,Employed,667048,True
C001270,Kagiso,Naidoo,1974-03-30,Male,Western Cape,George,Mass Market,2022-10-11,High,Unemployed,27680,True
C001271,Karabo,Meyer,1991-09-29,Female,Gauteng,Soweto,Affluent,2023-11-22,Low,Employed,1003107,True
C001272,Ruan,Brown,1960-04-10,Male,Gauteng,Johannesburg,Emerging Affluent,2026-04-29,Low,Employed,317112,True
C001273,Karabo,Botha,1959-12-16,Female,Western Cape,Cape Town,Emerging Affluent,2025-08-08,Low,Employed,447192,True
C001274,Naledi,Ndlovu,1990-11-10,Male,Limpopo,Tzaneen,Emerging Affluent,2025-08-25,Low,Employed,451397,True
C001275,Muhammad,Williams,1972-12-05,Female,Limpopo,Tzaneen,Mass Market,2025-07-02,High,Employed,181282,True
C001276,Jason,Radebe,1967-07-21,Female,Eastern Cape,East London,Affluent,2024-07-13,Low,Employed,744618,True
C001277,Ethan,Khan,1994-03-31,Female,Western Cape,Bellville,Emerging Affluent,2025-10-26,Low,Employed,585079,True
C001278,Zanele,Dlamini,1974-09-08,Male,Gauteng,Midrand,Emerging Affluent,2023-02-12,Low,Employed,402066,True
C001279,Ayanda,Pillay,1961-01-10,Male,Eastern Cape,Gqeberha,Emerging Affluent,2025-01-08,Low,Employed,320768,True
C001280,Karabo,Khumalo,1951-05-09,Female,Limpopo,Tzaneen,Mass Market,2024-01-14,High,Student,53171,True
C001281,Thabo,Ndlovu,1955-08-16,Female,KwaZulu-Natal,Richards Bay,Mass Market,2023-05-12,Medium,Retired,217713,True
C001282,Ruan,Molefe,1961-08-22,Female,Eastern Cape,East London,Affluent,2022-01-09,Low,Employed,1117503,True
C001283,Ayesha,Botha,1969-04-01,Male,Free State,Welkom,Emerging Affluent,2025-11-15,Low,Self-Employed,377329,True
C001284,Kagiso,Khan,1994-12-03,Female,Western Cape,Cape Town,Mass Market,2022-11-14,High,Retired,178052,True
C001285,Ayesha,Govender,1957-09-24,Female,Gauteng,Midrand,Mass Market,2023-11-17,Medium,Employed,176086,True
C001286,Ruan,Meyer,1996-02-03,Female,Western Cape,Stellenbosch,Mass Market,2023-12-08,Medium,Retired,156036,True
C001287,Ethan,Botha,1974-11-03,Female,Mpumalanga,eMalahleni,Emerging Affluent,2022-06-19,Low,Employed,306036,True
C001288,Leah,Pillay,2004-11-15,Female,Gauteng,Sandton,Emerging Affluent,2025-12-17,Low,Employed,376193,True
C001289,Naledi,Dlamini,1982-10-19,Female,Gauteng,Sandton,Mass Market,2024-12-09,Low,Student,39794,True
C001290,Sipho,Pillay,1960-05-07,Female,Gauteng,Soweto,Mass Market,2023-05-31,Low,Student,74322,True
C001291,Mpho,Brown,1957-07-24,Male,Western Cape,Stellenbosch,Emerging Affluent,2026-07-11,Low,Employed,293969,True
C001292,Zanele,Khumalo,1960-05-11,Male,Western Cape,Bellville,Emerging Affluent,2026-02-01,Low,Employed,432475,True
C001293,Sipho,Botha,1952-02-02,Female,Eastern Cape,Mthatha,Emerging Affluent,2024-06-05,Low,Employed,580862,True
C001294,Sibusiso,Smith,1987-11-24,Female,Gauteng,Sandton,Mass Market,2022-02-25,Medium,Employed,235149,True
C001295,Nomsa,Govender,1967-05-16,Female,Western Cape,George,Mass Market,2022-12-10,Low,Retired,275553,True
C001296,Sibusiso,Molefe,1955-11-13,Male,Western Cape,Stellenbosch,Mass Market,2025-03-23,High,Employed,198575,True
C001297,Imran,Jacobs,1957-05-13,Male,Limpopo,Tzaneen,Emerging Affluent,2024-11-11,High,Employed,463844,True
C001298,Zanele,Brown,2005-05-03,Female,Gauteng,Soweto,Mass Market,2023-06-08,Medium,Employed,194096,True
C001299,Ayesha,Smith,1977-02-14,Female,Western Cape,Paarl,Mass Market,2026-01-17,Medium,Unemployed,83660,False
C001300,Neo,Gumede,1977-08-23,Male,Western Cape,Paarl,Mass Market,2022-03-06,Medium,Employed,203292,True
C001301,Fatima,Botha,1998-08-21,Female,KwaZulu-Natal,Durban,Emerging Affluent,2024-04-22,Low,Employed,309677,True
C001302,Zanele,Daniels,1960-11-01,Female,Limpopo,Polokwane,Mass Market,2023-12-29,Medium,Retired,181973,True
C001303,Imran,Dlamini,1986-08-31,Female,Gauteng,Johannesburg,Mass Market,2022-03-20,Medium,Employed,240749,True
C001304,Leah,Molefe,1989-05-16,Male,KwaZulu-Natal,Pietermaritzburg,Emerging Affluent,2023-08-25,Medium,Retired,389607,False
C001305,Megan,Pillay,1991-01-18,Female,Limpopo,Polokwane,Emerging Affluent,2025-03-27,Low,Employed,333496,True
C001306,Zanele,Khan,1998-01-19,Female,Gauteng,Soweto,Emerging Affluent,2022-06-05,Low,Self-Employed,499108,True
C001307,Megan,Smith,1967-05-18,Female,KwaZulu-Natal,Durban,Affluent,2026-03-24,Low,Employed,730496,False
C001308,Daniel,Pillay,1982-03-21,Male,Limpopo,Tzaneen,Emerging Affluent,2025-10-15,Low,Employed,311925,True
C001309,Thabo,Nkosi,1995-05-12,Female,KwaZulu-Natal,Richards Bay,Emerging Affluent,2024-03-17,Low,Employed,326948,True
C001310,Tshepo,Gumede,1950-07-10,Female,KwaZulu-Natal,Richards Bay,Emerging Affluent,2025-04-17,Low,Employed,294064,True
C001311,Leah,Molefe,1977-10-22,Female,Gauteng,Centurion,Emerging Affluent,2024-06-19,Low,Self-Employed,379765,True
C001312,Ayanda,Brown,1994-04-02,Female,Western Cape,Stellenbosch,Emerging Affluent,2023-02-14,Low,Employed,324250,True
C001313,Lerato,Naidoo,1966-09-02,Male,Mpumalanga,eMalahleni,Emerging Affluent,2025-04-28,Low,Employed,474041,False
C001314,Ayanda,Patel,1965-01-31,Female,Gauteng,Pretoria,Emerging Affluent,2023-02-26,Medium,Employed,300809,False
C001315,Ruan,Adams,1966-05-17,Female,Western Cape,George,Mass Market,2025-09-07,Medium,Student,13889,True
C001316,Sipho,Khan,2004-03-04,Female,Gauteng,Sandton,Emerging Affluent,2026-05-09,Low,Employed,339394,True
C001317,Naledi,Mokoena,1979-08-15,Female,Eastern Cape,East London,Emerging Affluent,2026-07-03,Low,Employed,307343,True
C001318,Neo,Govender,1989-08-27,Male,Gauteng,Sandton,Mass Market,2023-05-20,High,Self-Employed,178325,True
C001319,Daniel,Khumalo,1967-05-09,Male,Mpumalanga,eMalahleni,Emerging Affluent,2025-08-05,Low,Employed,408035,True
C001320,Kagiso,Gumede,1963-05-29,Female,Mpumalanga,Mbombela,Mass Market,2026-03-12,Low,Employed,179670,True
C001321,Muhammad,Cele,1983-11-30,Male,Eastern Cape,Mthatha,Emerging Affluent,2022-06-21,Low,Employed,418668,True
C001322,Ethan,Botha,1955-02-19,Male,Western Cape,George,Emerging Affluent,2025-11-23,Medium,Employed,405333,True
C001323,Muhammad,Naidoo,1984-01-10,Female,Gauteng,Johannesburg,Emerging Affluent,2022-03-19,Low,Employed,577831,False
C001324,Sipho,Botha,1981-01-21,Female,Gauteng,Pretoria,Emerging Affluent,2024-12-13,Low,Employed,290210,True
C001325,Mpho,Jacobs,1959-10-31,Male,Mpumalanga,eMalahleni,Emerging Affluent,2022-05-10,Low,Employed,492641,True
C001326,Fatima,Jacobs,1999-08-27,Male,Free State,Bloemfontein,Mass Market,2023-10-06,Medium,Employed,118255,False
C001327,Mpho,Botha,1959-04-19,Female,Free State,Bloemfontein,Mass Market,2022-05-16,Low,Employed,139012,True
C001328,Mpho,Khan,1981-09-05,Female,Western Cape,Stellenbosch,Emerging Affluent,2025-11-04,Medium,Employed,345452,False
C001329,Lerato,Meyer,1974-11-20,Female,Western Cape,Paarl,Mass Market,2025-06-24,Medium,Unemployed,91477,True
C001330,Mpho,Adams,1971-04-27,Male,KwaZulu-Natal,Pietermaritzburg,Affluent,2024-03-20,Low,Employed,1005757,True
C001331,Muhammad,Dlamini,1960-09-01,Female,KwaZulu-Natal,Richards Bay,Emerging Affluent,2026-03-13,Low,Employed,285233,True
C001332,Thabo,Meyer,1957-07-31,Male,Limpopo,Polokwane,Emerging Affluent,2024-10-10,Low,Employed,620157,True
C001333,Zanele,Gumede,1994-10-28,Male,Gauteng,Centurion,Emerging Affluent,2025-08-25,Low,Employed,425308,True
C001334,Fatima,Gumede,1968-01-29,Female,North West,Rustenburg,Mass Market,2023-07-08,High,Employed,152761,True
C001335,Thabo,Govender,1980-12-23,Male,Gauteng,Centurion,Mass Market,2025-02-27,High,Employed,200774,True
C001336,Sipho,Jacobs,1952-10-15,Female,Gauteng,Pretoria,Mass Market,2026-03-09,High,Self-Employed,180309,True
C001337,Ayesha,Daniels,1950-12-28,Male,Gauteng,Midrand,Emerging Affluent,2023-02-07,Low,Employed,302675,True
C001338,Sibusiso,Cele,1973-12-31,Female,Mpumalanga,Mbombela,Mass Market,2024-12-19,Low,Employed,252141,True
C001339,Jason,Govender,1988-05-28,Male,Gauteng,Sandton,Emerging Affluent,2024-07-30,High,Employed,344885,True
C001340,Kayla,Meyer,2002-10-30,Male,Mpumalanga,eMalahleni,Emerging Affluent,2024-11-21,Medium,Employed,344905,True
C001341,Ruan,Govender,2005-11-30,Male,Gauteng,Midrand,Mass Market,2024-07-31,Low,Employed,204143,True
C001342,Daniel,Adams,1977-11-18,Female,KwaZulu-Natal,Richards Bay,Mass Market,2022-01-12,Low,Student,81365,True
C001343,Tshepo,Pillay,1960-10-03,Male,Western Cape,Paarl,Mass Market,2022-11-02,Low,Employed,255695,True
C001344,Mpho,Naidoo,1956-07-10,Female,Limpopo,Tzaneen,Emerging Affluent,2026-01-12,Low,Employed,367723,True
C001345,Fatima,Cele,1952-04-15,Female,Mpumalanga,Mbombela,Affluent,2022-06-21,Medium,Employed,925885,True
C001346,Thabo,Khumalo,1965-05-05,Female,KwaZulu-Natal,Pietermaritzburg,Private Banking,2026-04-06,Medium,Employed,1389719,True
C001347,Priya,Meyer,1992-05-29,Female,Free State,Bloemfontein,Emerging Affluent,2025-05-15,Low,Employed,560186,True
C001348,Ayesha,Khumalo,1958-09-21,Male,KwaZulu-Natal,Richards Bay,Affluent,2026-02-09,High,Employed,676638,True
C001349,Ayesha,Dlamini,1993-03-06,Male,Western Cape,Bellville,Mass Market,2024-08-19,Low,Unemployed,69757,True
C001350,Megan,Khan,1977-03-23,Male,Western Cape,Bellville,Emerging Affluent,2022-09-08,Low,Employed,311410,True
C001351,Mpho,Jacobs,2005-06-18,Female,North West,Mahikeng,Emerging Affluent,2025-05-03,High,Employed,397245,True
C001352,Ayesha,Nkosi,1973-03-15,Male,KwaZulu-Natal,Pietermaritzburg,Mass Market,2024-11-21,Low,Employed,260863,False
C001353,Sipho,Khumalo,1993-12-21,Female,Gauteng,Sandton,Mass Market,2024-01-25,Medium,Unemployed,24057,True
C001354,Lerato,Adams,1997-05-10,Female,KwaZulu-Natal,Umhlanga,Emerging Affluent,2024-07-30,Low,Employed,465662,True
C001355,Priya,Ndlovu,1963-10-10,Male,Gauteng,Midrand,Emerging Affluent,2024-08-10,Low,Self-Employed,362780,True
C001356,Sibusiso,Dlamini,2005-08-04,Male,Gauteng,Johannesburg,Mass Market,2024-02-29,High,Employed,177257,True
C001357,Kayla,Ndlovu,2001-06-17,Male,Western Cape,Stellenbosch,Mass Market,2026-02-17,Medium,Employed,206389,True
C001358,Mpho,Khumalo,1968-04-24,Male,Western Cape,Stellenbosch,Mass Market,2022-12-01,Medium,Student,60420,True
C001359,Anika,Smith,1977-10-13,Female,KwaZulu-Natal,Richards Bay,Mass Market,2024-01-28,Medium,Employed,242807,True
C001360,Nomsa,Adams,1972-10-16,Female,Eastern Cape,Gqeberha,Emerging Affluent,2022-03-15,Low,Employed,284218,True
C001361,Muhammad,Williams,1992-06-18,Male,Western Cape,Stellenbosch,Mass Market,2024-08-23,Low,Student,40617,True
C001362,Sibusiso,Meyer,1965-05-30,Male,KwaZulu-Natal,Durban,Emerging Affluent,2026-01-27,Low,Self-Employed,617029,False
C001363,Imran,Naidoo,2006-08-28,Female,KwaZulu-Natal,Umhlanga,Emerging Affluent,2026-03-04,Low,Employed,343098,True
C001364,Lerato,Meyer,1963-03-04,Female,Gauteng,Midrand,Emerging Affluent,2023-07-30,Low,Employed,442149,False
C001365,Mpho,Khumalo,1966-04-28,Male,KwaZulu-Natal,Umhlanga,Mass Market,2023-04-08,Medium,Unemployed,30396,False
C001366,Ayanda,Naidoo,1974-08-21,Male,KwaZulu-Natal,Umhlanga,Emerging Affluent,2024-01-26,Low,Employed,467859,True
C001367,Leah,Pillay,1992-08-23,Female,KwaZulu-Natal,Umhlanga,Emerging Affluent,2022-12-16,Medium,Employed,418842,True
C001368,Sibusiso,Radebe,2002-11-08,Female,Western Cape,Stellenbosch,Mass Market,2023-06-13,Medium,Self-Employed,235160,False
C001369,Ayesha,Jacobs,1978-05-27,Female,Western Cape,Stellenbosch,Emerging Affluent,2023-07-02,Low,Employed,425595,True
C001370,Ruan,Daniels,1953-06-16,Female,Western Cape,Cape Town,Mass Market,2022-08-28,Medium,Unemployed,20455,True
C001371,Thabo,Smith,1965-12-09,Male,KwaZulu-Natal,Umhlanga,Emerging Affluent,2026-01-22,Low,Employed,290240,True
C001372,Lerato,Gumede,1988-06-09,Male,Eastern Cape,Mthatha,Mass Market,2024-05-13,Medium,Unemployed,17705,True
C001373,Priya,Brown,1950-06-06,Female,Eastern Cape,East London,Emerging Affluent,2023-07-12,Medium,Retired,480054,True
C001374,Nomsa,Mokoena,1957-03-15,Female,Free State,Bloemfontein,Affluent,2025-06-19,Medium,Employed,893923,True
C001375,Thabo,Brown,2005-08-29,Male,Limpopo,Polokwane,Emerging Affluent,2022-01-21,High,Retired,421387,False
C001376,Lerato,Brown,1982-10-16,Male,Eastern Cape,Mthatha,Emerging Affluent,2025-09-05,Low,Self-Employed,562408,True
C001377,Anika,Naidoo,1987-02-07,Female,KwaZulu-Natal,Durban,Mass Market,2023-12-16,High,Student,69217,False
C001378,Thabo,Williams,1968-01-24,Female,Gauteng,Johannesburg,Emerging Affluent,2023-01-12,Medium,Employed,389562,True
C001379,Mpho,Khan,1970-06-13,Male,Gauteng,Sandton,Emerging Affluent,2022-06-02,Low,Employed,324875,True
C001380,Ayesha,Khumalo,1958-03-25,Female,Western Cape,Bellville,Emerging Affluent,2024-12-06,Low,Self-Employed,429147,False
C001381,Megan,Radebe,2006-06-27,Female,KwaZulu-Natal,Umhlanga,Emerging Affluent,2023-06-11,High,Retired,411332,True
C001382,Kayla,Brown,1983-08-14,Female,Gauteng,Soweto,Emerging Affluent,2023-01-21,Low,Employed,472885,True
C001383,Kagiso,Patel,1970-05-11,Male,KwaZulu-Natal,Richards Bay,Emerging Affluent,2026-07-31,Medium,Employed,287330,True
C001384,Naledi,Ndlovu,1954-05-02,Female,Gauteng,Sandton,Emerging Affluent,2023-11-30,Low,Employed,320757,True
C001385,Kagiso,Dlamini,1981-01-02,Female,Eastern Cape,Gqeberha,Mass Market,2024-07-05,High,Unemployed,73424,True
C001386,Zanele,Botha,1995-07-31,Female,Limpopo,Polokwane,Mass Market,2022-11-18,Low,Unemployed,11077,True
C001387,Naledi,Nkosi,1990-09-18,Female,Eastern Cape,Mthatha,Mass Market,2025-12-28,Low,Retired,144939,True
C001388,Lerato,Cele,1992-04-05,Female,KwaZulu-Natal,Richards Bay,Mass Market,2025-04-14,High,Employed,132494,False
C001389,Mpho,Meyer,1993-12-24,Female,Limpopo,Tzaneen,Emerging Affluent,2024-08-23,Low,Employed,571684,True
C001390,Muhammad,Govender,1995-09-28,Female,Gauteng,Midrand,Emerging Affluent,2025-05-02,Low,Employed,480995,True
C001391,Naledi,Daniels,1987-12-03,Female,Limpopo,Tzaneen,Mass Market,2023-08-05,Medium,Employed,194862,True
C001392,Zanele,Radebe,1998-06-17,Male,North West,Rustenburg,Mass Market,2022-07-15,Low,Student,38945,True
C001393,Nomsa,Pillay,2000-07-30,Female,Eastern Cape,Mthatha,Mass Market,2023-02-23,Low,Unemployed,44927,True
C001394,Megan,Govender,1972-06-19,Female,Mpumalanga,Mbombela,Emerging Affluent,2022-03-16,Low,Employed,454432,True
C001395,Naledi,Molefe,1990-10-12,Male,Mpumalanga,eMalahleni,Mass Market,2025-03-05,Medium,Employed,203065,True
C001396,Sipho,Pillay,1950-07-11,Female,KwaZulu-Natal,Umhlanga,Mass Market,2024-03-09,Medium,Student,50088,True
C001397,Ethan,Nkosi,1959-02-15,Female,KwaZulu-Natal,Durban,Mass Market,2022-01-30,Medium,Self-Employed,203531,True
C001398,Ruan,Mokoena,1970-11-09,Male,Western Cape,Bellville,Emerging Affluent,2024-11-23,Medium,Employed,535445,True
C001399,Ayesha,Govender,1953-02-04,Female,Mpumalanga,Mbombela,Affluent,2022-10-11,Low,Employed,653779,True
C001400,Mpho,Daniels,1979-02-02,Female,Gauteng,Midrand,Emerging Affluent,2025-01-08,Low,Employed,369734,True
C001401,Kagiso,Naidoo,1976-09-26,Female,Free State,Welkom,Mass Market,2023-03-23,Medium,Student,72475,True
C001402,Kayla,Khumalo,1970-07-24,Female,Free State,Welkom,Emerging Affluent,2025-08-26,Low,Employed,500989,True
C001403,Ayanda,Govender,1955-10-22,Male,Western Cape,Stellenbosch,Mass Market,2022-08-06,Medium,Unemployed,6335,True
C001404,Muhammad,Molefe,1989-03-09,Male,KwaZulu-Natal,Richards Bay,Emerging Affluent,2024-11-07,Medium,Employed,582336,True
C001405,Sipho,Cele,1993-11-09,Male,Gauteng,Sandton,Mass Market,2025-10-12,Medium,Employed,171911,True
C001406,Sibusiso,Jacobs,1961-05-01,Female,Gauteng,Pretoria,Emerging Affluent,2022-12-11,Low,Employed,371448,True
C001407,Daniel,Radebe,1992-11-20,Male,Gauteng,Centurion,Private Banking,2023-07-23,Low,Employed,1300647,True
C001408,Ayanda,Nkosi,1984-10-27,Female,Western Cape,Stellenbosch,Emerging Affluent,2022-02-17,Medium,Employed,478194,True
C001409,Ayanda,Molefe,1970-01-23,Male,Northern Cape,Kimberley,Emerging Affluent,2022-05-27,Low,Employed,323047,True
C001410,Mpho,Adams,1988-05-16,Female,Gauteng,Midrand,Affluent,2024-12-13,Low,Employed,709182,False
C001411,Jason,Cele,1992-09-05,Male,Gauteng,Johannesburg,Emerging Affluent,2026-07-11,Low,Self-Employed,438411,True
C001412,Kagiso,Naidoo,1972-07-24,Female,Western Cape,Cape Town,Emerging Affluent,2022-10-18,Medium,Retired,458519,True
C001413,Nomsa,Mokoena,1991-11-28,Female,Western Cape,Cape Town,Mass Market,2022-03-06,Low,Student,37604,True
C001414,Leah,Mokoena,1996-08-29,Female,Gauteng,Sandton,Mass Market,2026-04-24,Low,Employed,68603,True
C001415,Kayla,Molefe,1979-08-25,Female,KwaZulu-Natal,Pietermaritzburg,Mass Market,2024-11-25,High,Employed,268689,True
C001416,Kayla,Khan,1994-06-20,Male,Northern Cape,Kimberley,Mass Market,2023-03-17,Medium,Unemployed,49688,True
C001417,Fatima,Khumalo,1990-01-15,Female,Limpopo,Polokwane,Mass Market,2022-08-09,Low,Employed,133389,True
C001418,Jason,Dlamini,2003-12-24,Female,Eastern Cape,Mthatha,Mass Market,2025-03-15,Low,Employed,198971,True
C001419,Jason,Dlamini,1970-03-01,Female,Mpumalanga,Mbombela,Mass Market,2025-08-26,High,Employed,120319,True
C001420,Tshepo,Mokoena,2001-05-14,Female,Gauteng,Johannesburg,Mass Market,2025-08-27,High,Self-Employed,236813,True
C001421,Jason,Cele,1950-03-25,Female,Gauteng,Soweto,Affluent,2024-05-01,Low,Employed,752095,True
C001422,Megan,Mokoena,1967-06-26,Male,Gauteng,Midrand,Mass Market,2023-07-17,High,Unemployed,6742,True
C001423,Leah,Ndlovu,1992-05-29,Female,Mpumalanga,Mbombela,Mass Market,2023-11-11,Low,Unemployed,45259,False
C001424,Thabo,Patel,1983-06-11,Female,Eastern Cape,Gqeberha,Mass Market,2023-04-21,High,Unemployed,72209,True
C001425,Muhammad,Nkosi,1998-12-10,Female,Eastern Cape,Gqeberha,Mass Market,2023-08-19,Low,Student,4781,True
C001426,Anika,Ndlovu,2000-11-02,Female,Gauteng,Midrand,Mass Market,2024-01-30,Low,Employed,138310,True
C001427,Sibusiso,Adams,2005-03-06,Female,Limpopo,Polokwane,Mass Market,2022-09-21,Low,Employed,173215,True
C001428,Ruan,Ndlovu,1982-01-09,Female,Eastern Cape,Mthatha,Emerging Affluent,2026-02-10,Low,Employed,502112,True
C001429,Ayanda,Adams,1998-08-10,Female,Gauteng,Midrand,Emerging Affluent,2024-07-01,Low,Employed,304883,True
C001430,Sibusiso,Khumalo,1989-12-30,Male,Eastern Cape,East London,Mass Market,2022-01-11,High,Unemployed,80388,True
C001431,Zanele,Adams,1962-06-09,Female,Western Cape,Cape Town,Emerging Affluent,2026-01-09,Low,Employed,394391,True
C001432,Priya,Mokoena,1997-03-18,Male,Gauteng,Pretoria,Mass Market,2022-12-29,Medium,Employed,141503,True
C001433,Priya,Radebe,2005-08-23,Male,Mpumalanga,Mbombela,Mass Market,2025-01-17,Medium,Student,33732,True
C001434,Anika,Pillay,1961-10-24,Female,Limpopo,Tzaneen,Private Banking,2025-02-12,Low,Self-Employed,1609473,True
C001435,Nomsa,Radebe,1961-05-06,Female,Gauteng,Johannesburg,Emerging Affluent,2024-12-21,Low,Employed,390514,True
C001436,Jason,Pillay,1960-07-25,Male,KwaZulu-Natal,Durban,Mass Market,2025-04-01,Low,Unemployed,46488,True
C001437,Kagiso,Nkosi,1979-06-02,Female,Free State,Bloemfontein,Affluent,2022-05-08,Low,Employed,1116283,True
C001438,Nomsa,Khumalo,1986-02-03,Female,Western Cape,Paarl,Mass Market,2026-02-04,Medium,Student,13931,True
C001439,Ruan,Botha,1960-01-18,Male,Gauteng,Sandton,Emerging Affluent,2024-07-13,Low,Employed,648890,True
C001440,Kagiso,Pillay,1993-12-11,Female,KwaZulu-Natal,Umhlanga,Mass Market,2024-10-02,Low,Employed,258694,True
C001441,Lerato,Dlamini,1979-09-09,Female,Mpumalanga,eMalahleni,Emerging Affluent,2024-09-28,Low,Employed,567179,True
C001442,Thabo,Molefe,2001-08-04,Female,Gauteng,Midrand,Mass Market,2023-07-22,Medium,Unemployed,1742,True
C001443,Fatima,Mokoena,1959-09-09,Female,Western Cape,Bellville,Emerging Affluent,2026-01-18,Medium,Employed,465853,True
C001444,Nomsa,Cele,1963-05-23,Female,Mpumalanga,eMalahleni,Mass Market,2022-10-30,Low,Employed,271816,True
C001445,Anika,Radebe,1970-08-27,Female,Limpopo,Polokwane,Emerging Affluent,2024-06-08,Low,Self-Employed,343090,True
C001446,Lerato,Khumalo,2005-08-22,Female,Gauteng,Centurion,Affluent,2025-04-05,Low,Employed,1052855,True
C001447,Jason,Dlamini,1966-11-16,Female,Western Cape,Paarl,Mass Market,2024-02-11,Low,Student,34242,False
C001448,Megan,Smith,1978-12-02,Male,Limpopo,Polokwane,Mass Market,2024-11-29,Low,Employed,198064,True
C001449,Thabo,Gumede,1967-03-08,Female,Gauteng,Pretoria,Emerging Affluent,2022-03-03,Low,Self-Employed,351815,True
C001450,Ethan,Adams,1999-01-30,Male,Eastern Cape,Gqeberha,Mass Market,2025-11-27,Low,Employed,106238,True
C001451,Fatima,Meyer,1973-10-10,Male,Eastern Cape,East London,Emerging Affluent,2023-11-09,Low,Employed,415909,False
C001452,Mpho,Cele,1994-07-24,Female,Limpopo,Polokwane,Emerging Affluent,2024-05-18,Medium,Retired,304282,True
C001453,Ayesha,Brown,2003-10-01,Male,Western Cape,George,Mass Market,2025-05-17,Medium,Employed,180537,True
C001454,Daniel,Cele,1997-09-01,Female,Gauteng,Midrand,Mass Market,2025-12-12,Low,Employed,261971,True
C001455,Ethan,Cele,2005-02-05,Male,Limpopo,Tzaneen,Emerging Affluent,2025-05-10,Low,Employed,436523,True
C001456,Tshepo,Jacobs,1988-05-22,Male,Gauteng,Pretoria,Mass Market,2024-12-05,High,Employed,242207,True
C001457,Thabo,Khan,1978-08-27,Female,Gauteng,Soweto,Mass Market,2025-05-30,Low,Employed,110064,True
C001458,Leah,Patel,1961-09-10,Female,Gauteng,Pretoria,Affluent,2024-03-02,Low,Self-Employed,691990,True
C001459,Neo,Botha,2006-09-06,Male,Gauteng,Centurion,Emerging Affluent,2023-10-01,High,Employed,308873,True
C001460,Daniel,Khan,1993-09-20,Female,Free State,Welkom,Emerging Affluent,2026-02-07,Low,Employed,378182,True
C001461,Mpho,Molefe,1995-02-25,Female,KwaZulu-Natal,Richards Bay,Mass Market,2025-03-23,Medium,Employed,249126,True
C001462,Anika,Ndlovu,1997-03-19,Male,Limpopo,Tzaneen,Private Banking,2024-04-03,Medium,Employed,1613509,True
C001463,Leah,Cele,2005-03-28,Male,KwaZulu-Natal,Umhlanga,Affluent,2023-04-13,Low,Employed,940463,True
C001464,Anika,Khumalo,1978-09-30,Male,Free State,Welkom,Emerging Affluent,2023-08-11,Low,Retired,441741,True
C001465,Megan,Smith,1985-05-01,Female,Gauteng,Johannesburg,Affluent,2023-03-16,Low,Employed,897212,True
C001466,Ethan,Radebe,1968-09-23,Male,Gauteng,Sandton,Emerging Affluent,2023-12-10,Low,Employed,409008,True
C001467,Lerato,Brown,1974-11-12,Male,Gauteng,Soweto,Mass Market,2026-05-21,High,Employed,234762,False
C001468,Nomsa,Khumalo,1970-12-04,Male,Free State,Welkom,Emerging Affluent,2023-10-06,Low,Employed,403899,True
C001469,Muhammad,Mokoena,1972-03-19,Female,Gauteng,Johannesburg,Emerging Affluent,2022-02-05,Low,Self-Employed,358872,True
C001470,Tshepo,Govender,2005-07-29,Female,Gauteng,Midrand,Affluent,2024-07-25,Low,Employed,710840,True
C001471,Ethan,Meyer,1971-06-04,Male,KwaZulu-Natal,Pietermaritzburg,Emerging Affluent,2023-09-30,Medium,Employed,280314,True
C001472,Kagiso,Dlamini,1988-04-24,Female,Gauteng,Pretoria,Emerging Affluent,2024-05-04,Medium,Employed,298474,True
C001473,Anika,Brown,1980-06-04,Female,Mpumalanga,Mbombela,Emerging Affluent,2022-07-09,Low,Employed,282874,True
C001474,Ruan,Khumalo,1987-06-26,Female,Western Cape,Bellville,Mass Market,2022-11-25,Medium,Employed,258650,True
C001475,Sipho,Pillay,1983-10-20,Male,North West,Rustenburg,Mass Market,2025-02-21,Low,Employed,161968,True
C001476,Sipho,Smith,1965-10-11,Female,Gauteng,Soweto,Affluent,2025-05-21,Low,Employed,942739,True
C001477,Muhammad,Brown,1968-01-19,Female,Gauteng,Midrand,Mass Market,2023-09-20,Low,Employed,231584,True
C001478,Muhammad,Meyer,1995-06-05,Male,Gauteng,Centurion,Mass Market,2026-01-07,Medium,Student,6142,True
C001479,Thabo,Cele,1976-06-01,Male,Free State,Bloemfontein,Emerging Affluent,2024-11-16,Low,Self-Employed,596202,True
C001480,Naledi,Meyer,1959-03-04,Male,Western Cape,Cape Town,Mass Market,2022-03-20,Medium,Employed,232974,True
C001481,Ayesha,Ndlovu,1997-07-08,Male,KwaZulu-Natal,Umhlanga,Mass Market,2023-07-21,Low,Employed,260859,True
C001482,Zanele,Govender,2005-07-15,Female,Gauteng,Centurion,Mass Market,2023-09-08,Medium,Retired,208397,True
C001483,Neo,Cele,1988-01-16,Male,Western Cape,Cape Town,Emerging Affluent,2025-09-19,Low,Employed,590500,True
C001484,Tshepo,Nkosi,1998-09-11,Female,Eastern Cape,East London,Mass Market,2023-02-03,Low,Employed,57791,True
C001485,Neo,Williams,1954-11-05,Female,Limpopo,Tzaneen,Emerging Affluent,2024-11-27,Low,Employed,301174,False
C001486,Neo,Govender,2000-04-24,Female,North West,Mahikeng,Affluent,2026-04-02,High,Employed,946149,False
C001487,Nomsa,Gumede,1979-08-22,Male,KwaZulu-Natal,Umhlanga,Mass Market,2024-06-24,Medium,Employed,255715,True
C001488,Anika,Smith,1990-06-11,Female,Gauteng,Johannesburg,Emerging Affluent,2024-09-04,Low,Employed,466129,True
C001489,Jason,Khan,1953-03-11,Female,Eastern Cape,East London,Mass Market,2022-04-10,Medium,Employed,226119,True
C001490,Thabo,Jacobs,1958-11-11,Female,KwaZulu-Natal,Umhlanga,Emerging Affluent,2023-10-18,Medium,Employed,345838,True
C001491,Anika,Williams,1964-05-09,Female,KwaZulu-Natal,Durban,Mass Market,2023-11-09,Medium,Self-Employed,228600,True
C001492,Lerato,Gumede,1987-03-01,Male,Western Cape,Cape Town,Mass Market,2023-09-10,Medium,Employed,220212,True
C001493,Kayla,Patel,1959-11-22,Male,Gauteng,Midrand,Emerging Affluent,2024-10-13,Low,Employed,625909,True
C001494,Anika,Patel,1995-05-26,Female,Western Cape,Bellville,Emerging Affluent,2024-08-28,Low,Employed,539263,False
C001495,Ayanda,Botha,1979-06-11,Male,Gauteng,Sandton,Mass Market,2023-08-18,Low,Unemployed,15493,True
C001496,Anika,Meyer,1968-02-23,Male,Western Cape,Stellenbosch,Emerging Affluent,2026-04-03,Low,Employed,476548,True
C001497,Tshepo,Williams,1978-12-18,Male,Gauteng,Johannesburg,Emerging Affluent,2025-11-01,Medium,Employed,340985,True
C001498,Nomsa,Molefe,2006-06-20,Male,KwaZulu-Natal,Richards Bay,Mass Market,2023-01-09,Medium,Employed,190383,False
C001499,Karabo,Williams,1961-06-12,Male,North West,Mahikeng,Mass Market,2023-09-19,Low,Unemployed,56034,True
C001500,Ruan,Mokoena,1986-11-19,Female,KwaZulu-Natal,Richards Bay,Emerging Affluent,2022-03-09,Medium,Employed,436443,True
C001501,Anika,Nkosi,1996-05-08,Female,KwaZulu-Natal,Richards Bay,Emerging Affluent,2024-05-19,Low,Employed,419162,True
C001502,Muhammad,Mokoena,1968-11-23,Male,KwaZulu-Natal,Durban,Mass Market,2025-08-30,Low,Unemployed,67912,False
C001503,Muhammad,Botha,1973-08-31,Female,Western Cape,Stellenbosch,Emerging Affluent,2022-04-11,Medium,Employed,560089,True
C001504,Muhammad,Jacobs,1957-09-05,Female,Gauteng,Centurion,Emerging Affluent,2023-12-15,Low,Employed,309945,False
C001505,Tshepo,Botha,1975-01-01,Female,Gauteng,Centurion,Mass Market,2022-03-23,Low,Self-Employed,176869,True
C001506,Muhammad,Naidoo,1966-10-28,Female,Mpumalanga,Mbombela,Emerging Affluent,2026-04-26,Low,Self-Employed,467118,True
C001507,Anika,Govender,1997-01-06,Male,Western Cape,Bellville,Emerging Affluent,2024-06-28,Low,Retired,282530,True
C001508,Daniel,Patel,1984-08-18,Female,Gauteng,Johannesburg,Emerging Affluent,2024-07-18,Low,Employed,453405,False
C001509,Karabo,Radebe,1963-03-10,Male,Western Cape,Paarl,Emerging Affluent,2022-08-26,Low,Retired,356396,True
C001510,Kagiso,Williams,1961-10-19,Female,Western Cape,George,Emerging Affluent,2025-10-17,Medium,Employed,590446,True
C001511,Neo,Patel,1954-05-26,Male,KwaZulu-Natal,Pietermaritzburg,Emerging Affluent,2022-12-15,Medium,Employed,291136,True
C001512,Ayanda,Cele,1951-05-31,Female,Gauteng,Sandton,Emerging Affluent,2024-06-03,Medium,Employed,312298,True
C001513,Nomsa,Molefe,1971-06-14,Female,Eastern Cape,Gqeberha,Emerging Affluent,2023-02-22,Medium,Employed,323502,True
C001514,Kayla,Khan,2004-02-06,Female,Western Cape,Bellville,Emerging Affluent,2026-04-18,Low,Self-Employed,608314,True
C001515,Priya,Patel,1960-08-11,Female,Gauteng,Johannesburg,Emerging Affluent,2024-03-12,Low,Employed,441116,True
C001516,Megan,Brown,1980-04-28,Female,Gauteng,Sandton,Emerging Affluent,2023-09-22,Low,Employed,419114,True
C001517,Ayanda,Radebe,1962-07-05,Male,Northern Cape,Kimberley,Emerging Affluent,2022-11-13,Low,Self-Employed,640823,True
C001518,Jason,Jacobs,1998-11-19,Female,Western Cape,Cape Town,Mass Market,2024-11-19,Medium,Employed,107494,True
C001519,Priya,Dlamini,1987-12-19,Female,KwaZulu-Natal,Durban,Affluent,2022-08-17,Low,Employed,814023,True
C001520,Thabo,Nkosi,1953-11-06,Male,KwaZulu-Natal,Durban,Mass Market,2023-03-06,High,Retired,158742,True
C001521,Naledi,Mokoena,2002-11-20,Female,Gauteng,Midrand,Emerging Affluent,2026-06-26,Low,Employed,386640,True
C001522,Leah,Adams,1961-04-13,Male,Gauteng,Pretoria,Emerging Affluent,2025-09-14,Medium,Retired,467341,True
C001523,Fatima,Williams,1971-07-18,Male,Gauteng,Centurion,Mass Market,2022-12-07,Low,Employed,124966,True
C001524,Anika,Radebe,1992-09-02,Male,Western Cape,Stellenbosch,Mass Market,2025-05-29,Medium,Student,58203,True
C001525,Zanele,Pillay,1990-08-27,Female,Gauteng,Sandton,Emerging Affluent,2026-06-08,Low,Employed,446088,True
C001526,Muhammad,Radebe,1979-04-17,Male,Gauteng,Johannesburg,Mass Market,2025-11-12,Medium,Student,73568,True
C001527,Ethan,Dlamini,2005-06-27,Female,Gauteng,Pretoria,Affluent,2024-12-23,Low,Employed,670544,True
C001528,Kayla,Ndlovu,1973-08-06,Male,Mpumalanga,eMalahleni,Emerging Affluent,2022-01-12,Medium,Employed,583533,True
C001529,Sipho,Dlamini,1985-08-17,Female,Limpopo,Tzaneen,Mass Market,2025-03-22,Low,Employed,217556,True
C001530,Tshepo,Molefe,1974-02-05,Male,Free State,Bloemfontein,Mass Market,2024-04-24,Medium,Employed,88546,True
C001531,Sipho,Jacobs,1992-10-09,Male,Free State,Welkom,Mass Market,2025-02-24,High,Unemployed,66911,True
C001532,Megan,Gumede,1985-04-01,Male,Gauteng,Midrand,Emerging Affluent,2022-04-03,Low,Self-Employed,298769,True
C001533,Jason,Smith,1983-12-09,Male,Gauteng,Soweto,Mass Market,2026-05-22,Low,Employed,138246,True
C001534,Kagiso,Naidoo,1965-08-29,Male,Western Cape,Paarl,Mass Market,2026-06-10,Medium,Employed,276111,True
C001535,Nomsa,Adams,1977-08-16,Female,Western Cape,George,Emerging Affluent,2022-09-09,Low,Self-Employed,478946,False
C001536,Sibusiso,Meyer,1951-01-18,Female,Gauteng,Johannesburg,Mass Market,2022-07-15,Medium,Unemployed,35910,True
C001537,Sibusiso,Botha,1978-09-15,Male,KwaZulu-Natal,Umhlanga,Mass Market,2022-06-25,Medium,Student,30297,True
C001538,Priya,Smith,1977-09-07,Female,KwaZulu-Natal,Umhlanga,Emerging Affluent,2026-02-24,Low,Self-Employed,605444,True
C001539,Jason,Ndlovu,1996-06-28,Female,Free State,Welkom,Emerging Affluent,2024-01-16,Low,Employed,346223,True
C001540,Muhammad,Cele,2001-07-27,Male,Gauteng,Sandton,Mass Market,2025-02-25,Low,Employed,222345,True
C001541,Kagiso,Nkosi,1979-11-28,Male,Eastern Cape,East London,Mass Market,2025-10-10,High,Student,9274,True
C001542,Leah,Brown,1973-04-14,Female,KwaZulu-Natal,Umhlanga,Emerging Affluent,2024-05-17,Medium,Employed,327355,True
C001543,Karabo,Radebe,1983-01-17,Female,Mpumalanga,eMalahleni,Emerging Affluent,2022-03-17,Medium,Self-Employed,341726,False
C001544,Imran,Smith,1954-04-15,Male,Gauteng,Johannesburg,Mass Market,2024-05-26,Low,Employed,265589,False
C001545,Karabo,Mokoena,1982-11-29,Female,Gauteng,Sandton,Emerging Affluent,2023-12-28,Medium,Employed,412211,True
C001546,Naledi,Molefe,2001-03-09,Male,KwaZulu-Natal,Pietermaritzburg,Mass Market,2024-01-30,Medium,Unemployed,20065,False
C001547,Mpho,Khan,1982-12-06,Male,Western Cape,Bellville,Mass Market,2024-02-06,High,Student,72184,True
C001548,Sipho,Khumalo,1984-12-07,Male,Mpumalanga,eMalahleni,Mass Market,2022-06-29,Medium,Employed,213761,True
C001549,Nomsa,Naidoo,1963-04-29,Female,Gauteng,Sandton,Mass Market,2023-04-27,High,Employed,225717,False
C001550,Kayla,Molefe,1962-09-13,Male,Gauteng,Soweto,Mass Market,2025-11-06,Low,Student,9607,True
C001551,Neo,Williams,2001-03-31,Female,Gauteng,Centurion,Mass Market,2025-12-10,Medium,Unemployed,1935,True
C001552,Priya,Cele,1979-03-24,Female,Gauteng,Soweto,Emerging Affluent,2022-05-05,Low,Employed,354645,True
C001553,Naledi,Gumede,1999-04-28,Male,Western Cape,Bellville,Emerging Affluent,2026-05-31,Low,Employed,285683,True
C001554,Ayesha,Gumede,1954-01-09,Female,Limpopo,Tzaneen,Mass Market,2025-03-08,Medium,Self-Employed,93797,True
C001555,Zanele,Meyer,1969-05-21,Male,Gauteng,Johannesburg,Emerging Affluent,2022-06-23,Low,Employed,302192,True
C001556,Kayla,Jacobs,1975-11-02,Female,KwaZulu-Natal,Durban,Emerging Affluent,2023-02-19,Low,Retired,425607,True
C001557,Leah,Khan,2003-02-09,Male,Western Cape,Bellville,Mass Market,2022-05-07,Medium,Employed,72057,True
C001558,Zanele,Brown,1991-06-19,Male,Limpopo,Polokwane,Affluent,2026-01-01,Low,Employed,700978,True
C001559,Naledi,Mokoena,1953-09-18,Male,Mpumalanga,eMalahleni,Private Banking,2023-06-16,Low,Employed,1984550,True
C001560,Imran,Gumede,1986-02-02,Male,Gauteng,Soweto,Mass Market,2022-10-29,Medium,Employed,133194,True
C001561,Daniel,Cele,1988-10-24,Female,Gauteng,Johannesburg,Emerging Affluent,2022-10-09,Low,Employed,390572,True
C001562,Muhammad,Brown,1998-08-25,Female,KwaZulu-Natal,Richards Bay,Mass Market,2024-11-01,High,Employed,148250,True
C001563,Zanele,Naidoo,1987-07-06,Female,Mpumalanga,eMalahleni,Emerging Affluent,2024-04-02,Low,Self-Employed,625907,True
C001564,Imran,Williams,1994-01-14,Male,Northern Cape,Kimberley,Mass Market,2023-08-06,Low,Student,51274,True
C001565,Megan,Dlamini,1970-09-24,Male,Gauteng,Pretoria,Emerging Affluent,2025-05-27,Low,Self-Employed,486551,True
C001566,Anika,Williams,1956-01-21,Female,KwaZulu-Natal,Richards Bay,Mass Market,2025-05-09,Medium,Employed,272522,True
C001567,Sipho,Naidoo,1959-05-20,Male,Mpumalanga,Mbombela,Mass Market,2025-09-10,Low,Employed,126634,True
C001568,Sibusiso,Molefe,1990-09-17,Female,KwaZulu-Natal,Umhlanga,Mass Market,2022-10-22,Medium,Student,39149,True
C001569,Ayesha,Khumalo,2001-08-14,Female,Free State,Bloemfontein,Mass Market,2024-11-06,Medium,Unemployed,52417,True
C001570,Ayanda,Pillay,1976-04-22,Male,Western Cape,George,Affluent,2023-10-22,Low,Employed,755684,True
C001571,Neo,Smith,1995-08-18,Male,Western Cape,Bellville,Mass Market,2025-05-17,High,Employed,192173,True
C001572,Nomsa,Cele,1956-03-03,Male,Eastern Cape,East London,Emerging Affluent,2022-04-13,Medium,Employed,318420,True
C001573,Muhammad,Adams,1957-07-15,Male,Western Cape,George,Mass Market,2025-11-21,Low,Unemployed,12866,True
C001574,Tshepo,Daniels,2002-04-11,Female,Gauteng,Johannesburg,Emerging Affluent,2023-07-30,Low,Employed,469363,True
C001575,Naledi,Botha,1958-05-16,Male,Northern Cape,Kimberley,Emerging Affluent,2022-12-17,Low,Employed,457824,True
C001576,Mpho,Dlamini,1995-07-22,Male,Gauteng,Midrand,Emerging Affluent,2022-03-20,Medium,Retired,398306,True
C001577,Priya,Meyer,1986-03-30,Male,Gauteng,Johannesburg,Mass Market,2024-05-18,Medium,Unemployed,92123,True
C001578,Ruan,Adams,1995-07-10,Female,Gauteng,Johannesburg,Affluent,2023-11-09,Medium,Employed,768558,True
C001579,Megan,Meyer,1983-03-16,Female,Free State,Welkom,Emerging Affluent,2024-06-27,Low,Self-Employed,508945,False
C001580,Thabo,Daniels,1978-03-05,Female,Mpumalanga,Mbombela,Emerging Affluent,2025-01-04,Low,Self-Employed,431993,True
C001581,Imran,Nkosi,1979-01-26,Male,Western Cape,Paarl,Mass Market,2026-01-29,Low,Employed,149427,True
C001582,Naledi,Jacobs,1956-03-03,Male,Western Cape,George,Emerging Affluent,2022-02-16,Medium,Retired,458595,True
C001583,Daniel,Adams,1998-09-18,Female,Free State,Bloemfontein,Mass Market,2024-09-22,High,Student,41693,True
C001584,Jason,Mokoena,2001-09-13,Male,Western Cape,Bellville,Mass Market,2024-03-24,Medium,Student,83079,True
C001585,Ethan,Brown,2000-12-22,Female,Mpumalanga,eMalahleni,Emerging Affluent,2024-11-22,Low,Employed,501149,True
C001586,Kagiso,Khumalo,1999-09-22,Male,Mpumalanga,Mbombela,Emerging Affluent,2022-11-30,Low,Employed,285336,True
C001587,Zanele,Dlamini,1971-08-24,Female,Free State,Welkom,Mass Market,2025-02-09,Medium,Unemployed,97427,True
C001588,Lerato,Daniels,1989-03-29,Male,Western Cape,Cape Town,Affluent,2025-09-25,Medium,Employed,785533,True
C001589,Sipho,Jacobs,1961-08-19,Female,Gauteng,Sandton,Mass Market,2023-12-03,High,Unemployed,17592,True
C001590,Sipho,Radebe,1989-08-20,Male,KwaZulu-Natal,Pietermaritzburg,Mass Market,2023-09-02,Medium,Unemployed,19652,True
C001591,Zanele,Nkosi,2000-08-18,Female,Western Cape,Cape Town,Mass Market,2022-03-01,Medium,Unemployed,42169,True
C001592,Anika,Naidoo,2006-10-11,Male,KwaZulu-Natal,Umhlanga,Mass Market,2025-12-03,Medium,Employed,172296,True
C001593,Ethan,Adams,1999-08-01,Male,Gauteng,Johannesburg,Mass Market,2023-10-12,Medium,Student,11304,True
C001594,Tshepo,Khan,1999-11-07,Female,North West,Mahikeng,Mass Market,2025-12-07,Low,Student,7014,True
C001595,Megan,Botha,1977-06-28,Female,Western Cape,Bellville,Mass Market,2023-02-24,Medium,Self-Employed,101139,True
C001596,Kagiso,Khumalo,1995-08-18,Female,KwaZulu-Natal,Umhlanga,Emerging Affluent,2026-05-01,Low,Retired,547580,True
C001597,Neo,Naidoo,1988-03-06,Female,Western Cape,Stellenbosch,Private Banking,2023-10-02,Low,Employed,1370405,True
C001598,Zanele,Nkosi,1952-12-28,Female,KwaZulu-Natal,Durban,Emerging Affluent,2022-06-19,Low,Retired,375920,True
C001599,Nomsa,Naidoo,1976-07-12,Female,Gauteng,Sandton,Mass Market,2022-10-14,Low,Student,35221,True
C001600,Anika,Naidoo,2001-08-04,Male,Gauteng,Soweto,Mass Market,2026-05-03,High,Retired,174218,True
C001601,Leah,Adams,1976-03-16,Female,Western Cape,George,Emerging Affluent,2024-01-17,Low,Employed,378500,True
C001602,Kagiso,Ndlovu,1956-11-25,Male,Gauteng,Johannesburg,Emerging Affluent,2023-09-28,Low,Employed,573408,True
C001603,Muhammad,Dlamini,1975-03-10,Female,Limpopo,Polokwane,Mass Market,2024-06-07,Low,Unemployed,6014,True
C001604,Kayla,Botha,1957-09-19,Female,Eastern Cape,East London,Mass Market,2022-06-25,High,Self-Employed,179530,True
C001605,Anika,Mokoena,1979-05-12,Female,Mpumalanga,eMalahleni,Affluent,2023-02-16,Low,Self-Employed,699963,True
C001606,Anika,Dlamini,1961-10-10,Female,Gauteng,Soweto,Mass Market,2024-01-18,High,Retired,163403,True
C001607,Ethan,Molefe,1972-06-22,Female,Western Cape,Paarl,Mass Market,2023-12-20,Medium,Student,51879,True
C001608,Jason,Patel,1971-11-21,Male,Mpumalanga,Mbombela,Mass Market,2024-12-24,Medium,Retired,112982,True
C001609,Jason,Botha,1969-07-31,Female,Gauteng,Midrand,Emerging Affluent,2022-01-17,Medium,Employed,469244,True
C001610,Leah,Daniels,1981-10-15,Male,Gauteng,Midrand,Affluent,2022-06-02,Low,Employed,1018199,True
C001611,Leah,Cele,1962-03-14,Female,Gauteng,Centurion,Emerging Affluent,2023-12-10,Medium,Employed,388136,True
C001612,Megan,Williams,1963-01-12,Male,Free State,Welkom,Mass Market,2022-11-28,Medium,Employed,83073,True
C001613,Karabo,Meyer,1954-11-21,Female,Western Cape,Paarl,Affluent,2025-04-11,Low,Employed,658553,True
C001614,Neo,Daniels,1979-12-17,Female,Western Cape,Paarl,Mass Market,2025-05-20,Medium,Unemployed,66157,True
C001615,Imran,Patel,1982-10-06,Male,KwaZulu-Natal,Durban,Mass Market,2022-09-14,Low,Unemployed,35967,True
C001616,Nomsa,Govender,1952-10-27,Female,Western Cape,George,Mass Market,2025-02-02,Low,Employed,242553,True
C001617,Ayesha,Molefe,1968-10-30,Female,Mpumalanga,eMalahleni,Mass Market,2024-04-23,Low,Employed,185901,True
C001618,Muhammad,Williams,1981-08-21,Male,Gauteng,Centurion,Emerging Affluent,2022-04-20,Low,Retired,524248,True
C001619,Zanele,Patel,1978-11-21,Male,Gauteng,Centurion,Emerging Affluent,2022-05-31,Low,Employed,509635,True
C001620,Ayanda,Molefe,2003-05-27,Female,Mpumalanga,Mbombela,Emerging Affluent,2026-02-13,Medium,Employed,544182,True
C001621,Zanele,Govender,1958-08-05,Female,Gauteng,Johannesburg,Mass Market,2026-03-05,Low,Student,75025,True
C001622,Jason,Meyer,1987-10-11,Female,Gauteng,Midrand,Mass Market,2025-11-09,Medium,Unemployed,72637,True
C001623,Anika,Adams,1991-10-30,Male,Western Cape,Bellville,Mass Market,2023-03-22,Low,Employed,128677,True
C001624,Nomsa,Gumede,1979-05-18,Male,Limpopo,Tzaneen,Emerging Affluent,2023-05-03,Low,Employed,581014,True
C001625,Jason,Molefe,1974-11-01,Male,Northern Cape,Upington,Mass Market,2024-10-31,High,Employed,182075,False
C001626,Naledi,Govender,1968-02-01,Female,Eastern Cape,Mthatha,Mass Market,2024-08-07,Medium,Employed,207381,True
C001627,Priya,Jacobs,1981-07-16,Male,Western Cape,Paarl,Emerging Affluent,2024-02-21,Low,Employed,306125,True
C001628,Kagiso,Smith,2003-10-31,Female,Gauteng,Centurion,Affluent,2026-07-02,Low,Employed,670478,True
C001629,Imran,Smith,1969-04-09,Female,KwaZulu-Natal,Pietermaritzburg,Emerging Affluent,2026-07-24,Low,Employed,464546,True
C001630,Priya,Botha,1985-06-07,Male,Western Cape,George,Emerging Affluent,2026-07-30,Low,Self-Employed,467259,True
C001631,Karabo,Brown,1980-08-22,Female,Free State,Bloemfontein,Affluent,2024-11-09,Low,Employed,813788,True
C001632,Anika,Botha,2000-11-28,Female,Gauteng,Pretoria,Emerging Affluent,2022-04-26,Low,Employed,644452,True
C001633,Kayla,Gumede,1954-05-28,Female,Eastern Cape,Mthatha,Affluent,2023-06-18,Low,Employed,664524,True
C001634,Fatima,Ndlovu,1971-11-10,Male,KwaZulu-Natal,Durban,Mass Market,2023-05-03,High,Employed,231971,True
C001635,Ruan,Molefe,1979-11-21,Male,Gauteng,Pretoria,Mass Market,2023-08-23,High,Unemployed,80200,True
C001636,Ayesha,Ndlovu,1951-12-20,Male,Gauteng,Soweto,Emerging Affluent,2025-02-20,Low,Employed,288396,True
C001637,Thabo,Khumalo,2004-01-04,Female,Mpumalanga,Mbombela,Emerging Affluent,2022-12-18,High,Self-Employed,285002,True
C001638,Jason,Molefe,1978-12-07,Female,Mpumalanga,Mbombela,Emerging Affluent,2023-12-21,Low,Employed,454617,True
C001639,Megan,Molefe,1959-09-30,Female,Gauteng,Midrand,Mass Market,2024-01-31,Medium,Employed,195915,True
C001640,Mpho,Meyer,1963-04-21,Male,Western Cape,George,Affluent,2026-05-19,Low,Employed,768350,True
C001641,Neo,Radebe,1997-02-14,Male,Western Cape,Bellville,Private Banking,2023-09-15,Low,Self-Employed,1651778,True
C001642,Anika,Williams,1952-10-26,Male,Gauteng,Johannesburg,Mass Market,2022-07-18,Medium,Employed,257726,True
C001643,Ruan,Mokoena,1956-08-24,Male,Western Cape,Stellenbosch,Emerging Affluent,2025-01-22,Low,Self-Employed,445859,True
C001644,Kagiso,Brown,1999-02-10,Male,Western Cape,Cape Town,Affluent,2024-12-12,Low,Self-Employed,675229,True
C001645,Kagiso,Jacobs,2004-10-16,Male,Eastern Cape,Gqeberha,Emerging Affluent,2022-01-07,Medium,Employed,392912,True
C001646,Anika,Daniels,1978-10-25,Female,Eastern Cape,Gqeberha,Emerging Affluent,2023-01-30,Low,Retired,361098,False
C001647,Daniel,Botha,2001-06-04,Female,Gauteng,Centurion,Mass Market,2023-05-11,Medium,Employed,221095,True
C001648,Tshepo,Radebe,1962-06-17,Male,KwaZulu-Natal,Durban,Mass Market,2026-02-20,Low,Retired,122910,True
C001649,Sipho,Ndlovu,1978-10-19,Female,Mpumalanga,eMalahleni,Mass Market,2022-12-05,Medium,Employed,174240,True
C001650,Mpho,Nkosi,2000-06-12,Male,Western Cape,Stellenbosch,Private Banking,2022-05-05,Low,Employed,2073193,True
C001651,Leah,Meyer,1971-05-16,Male,Limpopo,Tzaneen,Mass Market,2025-04-24,Low,Retired,131818,True
C001652,Ayanda,Pillay,1950-04-16,Male,Gauteng,Midrand,Affluent,2022-02-07,Low,Employed,813479,True
C001653,Sipho,Dlamini,1989-09-27,Female,Gauteng,Midrand,Mass Market,2023-10-15,Medium,Employed,211587,True
C001654,Tshepo,Meyer,1965-06-21,Female,KwaZulu-Natal,Durban,Mass Market,2026-03-01,Low,Employed,236965,True
C001655,Thabo,Jacobs,1967-11-18,Male,Western Cape,Bellville,Emerging Affluent,2022-08-08,Low,Employed,449976,True
C001656,Ayanda,Brown,1975-04-20,Female,Gauteng,Midrand,Emerging Affluent,2024-11-06,Low,Employed,306472,True
C001657,Ayesha,Daniels,1978-12-11,Female,Gauteng,Pretoria,Mass Market,2023-02-24,Low,Student,1308,True
C001658,Anika,Jacobs,1984-08-03,Female,Gauteng,Midrand,Emerging Affluent,2025-12-20,Low,Retired,540723,True
C001659,Imran,Khumalo,1973-08-21,Female,KwaZulu-Natal,Umhlanga,Affluent,2026-05-01,Low,Employed,965119,True
C001660,Nomsa,Adams,1975-11-07,Female,Gauteng,Pretoria,Mass Market,2024-10-05,High,Self-Employed,245764,False
C001661,Naledi,Botha,2002-11-30,Male,Gauteng,Pretoria,Mass Market,2023-08-22,Low,Unemployed,68484,False
C001662,Priya,Govender,1985-07-06,Male,KwaZulu-Natal,Richards Bay,Mass Market,2022-03-08,Medium,Employed,216629,True
C001663,Neo,Adams,2000-10-02,Female,Western Cape,George,Emerging Affluent,2022-11-17,Low,Employed,365502,False
C001664,Zanele,Williams,1988-12-08,Male,Gauteng,Pretoria,Mass Market,2023-11-15,Medium,Employed,272180,False
C001665,Muhammad,Gumede,2005-04-18,Male,Western Cape,Stellenbosch,Mass Market,2026-02-11,Medium,Self-Employed,254194,True
C001666,Muhammad,Brown,1984-09-12,Female,Eastern Cape,Gqeberha,Mass Market,2025-02-12,High,Employed,236740,True
C001667,Jason,Ndlovu,1987-08-17,Male,Western Cape,Cape Town,Affluent,2024-11-07,Low,Employed,854250,True
C001668,Imran,Gumede,1967-04-20,Female,Gauteng,Pretoria,Mass Market,2023-04-13,Medium,Employed,135980,True
C001669,Ruan,Meyer,1985-05-22,Male,Gauteng,Midrand,Mass Market,2022-01-06,Medium,Unemployed,21926,True
C001670,Sibusiso,Govender,1981-02-23,Female,KwaZulu-Natal,Richards Bay,Mass Market,2024-12-24,Medium,Employed,197210,True
C001671,Ethan,Khumalo,1962-04-23,Female,KwaZulu-Natal,Pietermaritzburg,Emerging Affluent,2026-03-14,High,Employed,358228,True
C001672,Ayanda,Meyer,1993-11-02,Male,Gauteng,Pretoria,Mass Market,2026-05-02,Low,Employed,273413,True
C001673,Kagiso,Adams,2001-02-17,Male,Western Cape,Cape Town,Mass Market,2022-10-27,High,Unemployed,17023,True
C001674,Tshepo,Khan,1992-04-15,Male,Gauteng,Johannesburg,Emerging Affluent,2025-06-11,Low,Self-Employed,461658,True
C001675,Muhammad,Adams,1995-04-30,Female,KwaZulu-Natal,Umhlanga,Emerging Affluent,2025-01-24,Medium,Employed,345344,True
C001676,Fatima,Govender,1969-07-01,Female,Gauteng,Pretoria,Mass Market,2023-11-14,Low,Unemployed,95919,True
C001677,Imran,Botha,1968-10-22,Male,KwaZulu-Natal,Umhlanga,Emerging Affluent,2023-01-25,Low,Employed,573002,True
C001678,Zanele,Dlamini,1965-08-23,Male,KwaZulu-Natal,Durban,Emerging Affluent,2023-07-20,Medium,Retired,351258,True
C001679,Karabo,Daniels,1980-04-30,Male,Free State,Welkom,Mass Market,2025-07-13,Low,Employed,259899,False
C001680,Mpho,Pillay,2002-01-07,Male,Eastern Cape,Gqeberha,Emerging Affluent,2024-02-02,Low,Employed,401126,True
C001681,Priya,Pillay,2000-09-09,Female,Western Cape,Bellville,Emerging Affluent,2025-11-06,Medium,Self-Employed,570170,True
C001682,Lerato,Brown,1959-05-17,Female,Gauteng,Midrand,Affluent,2022-12-16,Low,Employed,773114,True
C001683,Daniel,Cele,1952-07-17,Female,Gauteng,Sandton,Mass Market,2022-11-17,Low,Unemployed,81215,True
C001684,Daniel,Khumalo,1951-06-21,Male,Gauteng,Soweto,Emerging Affluent,2023-07-06,Low,Employed,409779,True
C001685,Leah,Govender,1954-05-10,Male,Gauteng,Midrand,Emerging Affluent,2026-05-26,Low,Employed,394841,False
C001686,Jason,Daniels,1952-09-12,Male,Limpopo,Tzaneen,Affluent,2023-01-22,Low,Employed,725659,True
C001687,Kagiso,Jacobs,1978-10-29,Female,Western Cape,Paarl,Mass Market,2026-05-26,Low,Student,73457,True
C001688,Megan,Gumede,1958-05-10,Male,Gauteng,Centurion,Mass Market,2026-07-31,High,Retired,155316,True
C001689,Ayanda,Jacobs,1976-09-04,Male,KwaZulu-Natal,Richards Bay,Emerging Affluent,2023-03-17,Medium,Employed,457863,True
C001690,Thabo,Patel,2000-04-29,Male,Gauteng,Centurion,Emerging Affluent,2022-08-06,Medium,Self-Employed,404152,True
C001691,Daniel,Jacobs,1964-08-19,Male,Free State,Bloemfontein,Mass Market,2023-08-14,Medium,Employed,203377,True
C001692,Ethan,Pillay,1988-05-20,Male,KwaZulu-Natal,Umhlanga,Emerging Affluent,2025-10-20,Medium,Self-Employed,305602,True
C001693,Ruan,Pillay,1992-10-03,Female,Limpopo,Tzaneen,Mass Market,2023-02-05,Low,Employed,220370,True
C001694,Anika,Cele,1951-08-22,Male,Gauteng,Soweto,Emerging Affluent,2026-07-23,Low,Employed,529929,True
C001695,Jason,Khan,1963-09-27,Female,Gauteng,Midrand,Mass Market,2022-11-03,Medium,Employed,151992,True
C001696,Neo,Naidoo,1987-06-26,Male,Free State,Bloemfontein,Affluent,2024-03-03,Low,Self-Employed,1004212,True
C001697,Priya,Botha,1965-01-18,Female,Gauteng,Midrand,Emerging Affluent,2024-09-25,Low,Employed,553588,True
C001698,Sibusiso,Govender,1974-07-02,Female,Limpopo,Polokwane,Mass Market,2025-08-11,Low,Employed,146986,True
C001699,Mpho,Govender,1980-06-19,Male,Gauteng,Soweto,Mass Market,2022-05-10,Low,Student,89720,True
C001700,Kagiso,Smith,2002-02-24,Male,KwaZulu-Natal,Richards Bay,Mass Market,2023-09-06,Medium,Employed,227312,True
C001701,Lerato,Patel,1977-01-31,Male,Gauteng,Pretoria,Emerging Affluent,2022-06-03,Low,Retired,280853,True
C001702,Megan,Khumalo,1967-03-26,Female,KwaZulu-Natal,Umhlanga,Mass Market,2023-09-24,Medium,Student,55787,True
C001703,Sibusiso,Jacobs,1980-11-12,Female,Western Cape,Cape Town,Mass Market,2026-03-16,High,Self-Employed,223423,False
C001704,Tshepo,Botha,1998-08-02,Female,Gauteng,Centurion,Emerging Affluent,2025-03-30,High,Employed,469878,True
C001705,Neo,Khan,1996-12-08,Male,Western Cape,George,Mass Market,2024-12-14,Medium,Student,40107,True
C001706,Naledi,Ndlovu,1959-07-02,Female,Free State,Bloemfontein,Mass Market,2023-12-06,Medium,Student,75009,True
C001707,Mpho,Khumalo,1967-12-02,Male,Gauteng,Midrand,Emerging Affluent,2023-03-10,Low,Employed,287400,True
C001708,Imran,Govender,1997-08-03,Male,KwaZulu-Natal,Durban,Mass Market,2023-10-10,Low,Retired,195030,True
C001709,Nomsa,Jacobs,1972-06-28,Female,Gauteng,Centurion,Emerging Affluent,2022-11-26,Low,Employed,361670,True
C001710,Thabo,Naidoo,1977-04-24,Male,KwaZulu-Natal,Richards Bay,Mass Market,2023-04-04,Low,Student,63694,True
C001711,Ethan,Smith,1961-03-26,Male,Gauteng,Soweto,Mass Market,2023-09-30,Low,Student,71749,True
C001712,Fatima,Govender,1974-05-18,Male,KwaZulu-Natal,Umhlanga,Mass Market,2024-06-14,Medium,Unemployed,96292,True
C001713,Tshepo,Cele,1954-10-30,Female,Western Cape,Cape Town,Mass Market,2022-07-05,Low,Employed,228123,True
C001714,Thabo,Cele,1960-07-23,Male,KwaZulu-Natal,Pietermaritzburg,Mass Market,2025-08-24,Medium,Student,74102,True
C001715,Megan,Smith,1990-06-28,Female,Western Cape,George,Private Banking,2024-09-27,Low,Employed,1644212,True
C001716,Imran,Nkosi,1978-11-18,Female,Gauteng,Pretoria,Emerging Affluent,2026-01-02,Low,Self-Employed,400079,True
C001717,Mpho,Mokoena,1973-07-28,Male,Gauteng,Pretoria,Emerging Affluent,2024-03-01,Low,Employed,618587,True
C001718,Thabo,Khan,2001-07-15,Female,Gauteng,Soweto,Emerging Affluent,2026-05-03,Low,Self-Employed,454144,True
C001719,Kayla,Khumalo,1966-07-30,Male,Gauteng,Soweto,Mass Market,2024-03-26,Low,Unemployed,2294,True
C001720,Priya,Naidoo,1999-09-10,Female,KwaZulu-Natal,Richards Bay,Mass Market,2023-04-04,Low,Student,29240,False
C001721,Ayanda,Nkosi,1986-11-14,Female,Gauteng,Johannesburg,Emerging Affluent,2025-07-02,Low,Retired,327478,True
C001722,Anika,Ndlovu,1973-01-10,Female,Gauteng,Midrand,Mass Market,2025-02-11,Medium,Employed,118523,True
C001723,Megan,Nkosi,1951-01-22,Female,Gauteng,Pretoria,Mass Market,2022-01-21,High,Employed,155980,True
C001724,Zanele,Mokoena,1953-08-12,Female,Gauteng,Soweto,Emerging Affluent,2025-10-08,Low,Self-Employed,596339,True
C001725,Sibusiso,Pillay,1990-07-09,Female,Limpopo,Polokwane,Mass Market,2024-02-29,Low,Employed,206879,True
C001726,Ayanda,Pillay,1963-09-12,Male,Gauteng,Midrand,Mass Market,2025-02-03,Medium,Employed,197006,True
C001727,Karabo,Cele,1971-04-05,Female,Limpopo,Polokwane,Emerging Affluent,2022-06-18,Low,Employed,444921,True
C001728,Mpho,Khan,1969-08-04,Female,Gauteng,Midrand,Mass Market,2023-07-31,Low,Self-Employed,269983,True
C001729,Mpho,Meyer,1977-02-14,Male,North West,Mahikeng,Private Banking,2024-04-14,Low,Self-Employed,2200101,True
C001730,Lerato,Ndlovu,1983-06-11,Male,Western Cape,Paarl,Mass Market,2022-07-21,Low,Employed,170688,True
C001731,Ruan,Dlamini,1983-07-30,Female,KwaZulu-Natal,Durban,Mass Market,2024-05-26,Low,Employed,161485,True
C001732,Anika,Adams,1997-06-24,Female,Gauteng,Midrand,Mass Market,2025-10-17,High,Employed,205821,False
C001733,Ruan,Govender,1979-06-03,Female,Gauteng,Pretoria,Mass Market,2022-10-08,Low,Student,71071,True
C001734,Anika,Cele,1974-04-13,Female,Eastern Cape,East London,Emerging Affluent,2025-01-23,Low,Employed,591530,True
C001735,Priya,Cele,2001-10-02,Male,KwaZulu-Natal,Richards Bay,Mass Market,2024-04-03,Low,Employed,193918,True
C001736,Kagiso,Radebe,1996-02-28,Male,Mpumalanga,Mbombela,Emerging Affluent,2022-01-19,Low,Self-Employed,413145,True
C001737,Kayla,Jacobs,2004-02-17,Female,Western Cape,Stellenbosch,Emerging Affluent,2025-12-01,Low,Employed,449705,True
C001738,Nomsa,Patel,1977-06-24,Female,Western Cape,Bellville,Affluent,2022-11-19,Low,Employed,651827,True
C001739,Zanele,Nkosi,1974-02-06,Female,Western Cape,Bellville,Mass Market,2025-10-04,Low,Employed,170434,True
C001740,Nomsa,Meyer,1993-09-02,Male,Gauteng,Soweto,Emerging Affluent,2022-09-09,Medium,Employed,300982,True
C001741,Jason,Dlamini,1999-03-27,Female,Gauteng,Midrand,Emerging Affluent,2024-01-03,Low,Employed,287635,True
C001742,Ethan,Radebe,1992-12-28,Male,Limpopo,Polokwane,Private Banking,2022-11-14,Low,Employed,1203977,True
C001743,Anika,Brown,1997-07-12,Male,Western Cape,Stellenbosch,Mass Market,2022-01-30,Medium,Student,31644,True
C001744,Jason,Ndlovu,1995-09-09,Male,KwaZulu-Natal,Umhlanga,Mass Market,2026-02-22,Medium,Employed,100138,True
C001745,Neo,Naidoo,1954-03-11,Male,Northern Cape,Upington,Emerging Affluent,2025-10-15,Low,Employed,541827,True
C001746,Leah,Cele,1960-06-20,Male,Gauteng,Johannesburg,Emerging Affluent,2024-08-08,Low,Retired,407599,True
C001747,Fatima,Gumede,1959-05-21,Male,Gauteng,Soweto,Mass Market,2025-04-08,Low,Employed,210545,True
C001748,Daniel,Williams,1986-01-02,Male,Western Cape,Paarl,Emerging Affluent,2024-02-05,Low,Employed,403713,True
C001749,Ethan,Nkosi,1994-04-30,Female,KwaZulu-Natal,Pietermaritzburg,Mass Market,2024-05-29,Low,Employed,218443,True
C001750,Leah,Daniels,1980-05-03,Male,Western Cape,Bellville,Mass Market,2025-01-24,High,Employed,182480,True
C001751,Leah,Mokoena,2002-02-02,Male,Gauteng,Centurion,Emerging Affluent,2023-08-12,Low,Retired,599836,True
C001752,Zanele,Radebe,1978-12-26,Male,Mpumalanga,eMalahleni,Private Banking,2025-02-21,Low,Employed,1682195,True
C001753,Ayanda,Williams,1962-06-13,Male,Gauteng,Soweto,Emerging Affluent,2023-07-05,Medium,Self-Employed,410834,True
C001754,Megan,Molefe,1978-10-18,Male,Gauteng,Pretoria,Mass Market,2023-04-17,Medium,Unemployed,76518,True
C001755,Anika,Khumalo,1975-06-17,Male,KwaZulu-Natal,Pietermaritzburg,Affluent,2023-03-02,Low,Employed,671942,True
C001756,Ethan,Radebe,1964-07-01,Female,Gauteng,Midrand,Mass Market,2022-08-10,Low,Student,43222,True
C001757,Sipho,Patel,1982-08-10,Male,Gauteng,Johannesburg,Mass Market,2022-08-11,High,Retired,155080,False
C001758,Priya,Govender,1985-09-13,Male,Eastern Cape,Gqeberha,Emerging Affluent,2022-06-18,Low,Employed,459512,False
C001759,Sipho,Williams,2003-08-22,Female,Gauteng,Midrand,Affluent,2024-09-07,High,Self-Employed,733198,True
C001760,Ayesha,Williams,1964-01-19,Female,Gauteng,Midrand,Mass Market,2022-05-02,Low,Employed,204337,True
C001761,Ayesha,Gumede,1953-11-26,Male,Limpopo,Tzaneen,Emerging Affluent,2025-11-03,Low,Employed,379257,True
C001762,Fatima,Adams,1995-04-10,Female,Mpumalanga,Mbombela,Emerging Affluent,2024-05-02,Low,Retired,479888,True
C001763,Daniel,Smith,1973-02-08,Male,Western Cape,Bellville,Mass Market,2026-07-01,Medium,Employed,176727,True
C001764,Ayesha,Adams,2004-01-03,Female,Gauteng,Sandton,Emerging Affluent,2024-03-05,Low,Employed,612626,True
C001765,Thabo,Jacobs,1989-01-07,Female,Western Cape,Bellville,Mass Market,2022-08-14,Low,Retired,264524,True
C001766,Anika,Botha,1991-03-19,Female,Mpumalanga,eMalahleni,Emerging Affluent,2022-06-10,Low,Employed,464496,True
C001767,Zanele,Gumede,1972-04-26,Male,KwaZulu-Natal,Durban,Mass Market,2026-03-21,Medium,Self-Employed,224550,True
C001768,Mpho,Radebe,1956-03-20,Female,Eastern Cape,Mthatha,Emerging Affluent,2025-04-29,Low,Retired,591924,True
C001769,Ethan,Adams,2006-05-09,Male,Eastern Cape,Gqeberha,Affluent,2023-09-20,Low,Employed,1033217,True
C001770,Ruan,Williams,1978-04-12,Male,Free State,Bloemfontein,Mass Market,2024-12-05,Low,Employed,271893,True
C001771,Nomsa,Mokoena,2000-01-04,Male,Gauteng,Centurion,Mass Market,2022-01-13,Low,Employed,165109,False
C001772,Nomsa,Khan,1960-09-05,Female,KwaZulu-Natal,Richards Bay,Emerging Affluent,2023-11-26,Low,Employed,380066,False
C001773,Muhammad,Smith,2002-12-19,Male,KwaZulu-Natal,Umhlanga,Mass Market,2024-02-27,Medium,Unemployed,27747,True
C001774,Mpho,Radebe,1979-03-24,Female,North West,Rustenburg,Mass Market,2023-01-16,Medium,Employed,191015,True
C001775,Sibusiso,Naidoo,1992-09-26,Male,Limpopo,Polokwane,Emerging Affluent,2025-05-20,Low,Retired,342263,True
C001776,Ethan,Khumalo,1959-12-24,Male,Western Cape,Paarl,Emerging Affluent,2025-12-12,Low,Retired,405502,True
C001777,Zanele,Brown,1961-03-26,Female,Gauteng,Pretoria,Mass Market,2024-09-19,Low,Unemployed,14334,True
C001778,Sipho,Brown,1964-07-22,Female,Western Cape,Cape Town,Emerging Affluent,2022-10-21,Low,Employed,416665,True
C001779,Kayla,Botha,1969-03-08,Female,Gauteng,Soweto,Emerging Affluent,2023-08-22,Low,Employed,526951,True
C001780,Ethan,Meyer,1997-08-20,Female,Mpumalanga,Mbombela,Emerging Affluent,2023-02-03,Low,Employed,394978,True
C001781,Naledi,Dlamini,1962-07-16,Female,Western Cape,George,Mass Market,2023-11-02,Medium,Student,29562,True
C001782,Sipho,Dlamini,1973-01-19,Female,Eastern Cape,East London,Mass Market,2023-04-15,High,Employed,184803,True
C001783,Daniel,Brown,1959-07-02,Male,KwaZulu-Natal,Richards Bay,Mass Market,2025-12-01,Medium,Unemployed,78007,True
C001784,Tshepo,Jacobs,1959-07-13,Female,Gauteng,Midrand,Emerging Affluent,2024-03-06,Low,Self-Employed,305770,True
C001785,Neo,Pillay,1979-09-24,Female,Limpopo,Polokwane,Mass Market,2023-11-04,Low,Employed,117362,True
C001786,Jason,Khan,1959-11-11,Male,Gauteng,Soweto,Affluent,2024-03-29,High,Employed,987431,True
C001787,Jason,Nkosi,1998-10-18,Male,Northern Cape,Upington,Affluent,2025-01-06,Low,Self-Employed,691295,True
C001788,Kayla,Ndlovu,1992-02-09,Female,Eastern Cape,Mthatha,Emerging Affluent,2026-01-21,Low,Employed,448942,True
C001789,Neo,Brown,2001-10-03,Female,KwaZulu-Natal,Richards Bay,Mass Market,2023-07-15,Medium,Student,31838,True
C001790,Ayesha,Khumalo,1974-02-14,Female,Gauteng,Soweto,Emerging Affluent,2024-07-11,Low,Employed,357185,True
C001791,Kayla,Adams,2001-06-25,Female,Eastern Cape,Mthatha,Mass Market,2026-01-29,High,Student,44166,True
C001792,Anika,Nkosi,1979-12-14,Male,KwaZulu-Natal,Umhlanga,Mass Market,2022-12-26,Medium,Employed,219152,True
C001793,Naledi,Gumede,1997-01-27,Male,Gauteng,Centurion,Mass Market,2025-04-18,Low,Employed,142081,True
C001794,Ayanda,Radebe,2005-09-15,Female,KwaZulu-Natal,Durban,Affluent,2022-09-09,Low,Self-Employed,664205,True
C001795,Tshepo,Ndlovu,1981-11-20,Female,Gauteng,Sandton,Affluent,2023-06-28,Low,Self-Employed,884780,True
C001796,Jason,Daniels,1950-04-02,Male,KwaZulu-Natal,Durban,Mass Market,2025-07-13,Low,Student,68531,True
C001797,Anika,Radebe,1996-04-03,Female,Gauteng,Soweto,Mass Market,2026-02-26,Low,Student,87970,True
C001798,Kagiso,Gumede,1966-03-19,Female,Gauteng,Pretoria,Emerging Affluent,2024-11-09,Low,Self-Employed,647819,True
C001799,Sibusiso,Radebe,2002-05-21,Male,Mpumalanga,eMalahleni,Mass Market,2024-09-26,Low,Employed,205848,True
C001800,Priya,Nkosi,2005-11-13,Male,Western Cape,Cape Town,Small Business,2026-01-18,Low,Self-Employed,1426013,True
C001801,Fatima,Cele,2006-06-25,Male,Mpumalanga,eMalahleni,Emerging Affluent,2025-01-20,Medium,Employed,320605,True
C001802,Jason,Patel,1986-02-01,Male,Gauteng,Pretoria,Affluent,2022-12-05,Medium,Self-Employed,683673,True
C001803,Sipho,Khumalo,2003-02-26,Female,Western Cape,George,Mass Market,2023-03-25,Medium,Employed,220546,True
C001804,Anika,Jacobs,1998-10-05,Female,Western Cape,Paarl,Emerging Affluent,2023-07-06,Low,Self-Employed,555949,True
C001805,Karabo,Radebe,1963-08-23,Male,Limpopo,Tzaneen,Emerging Affluent,2026-04-09,Medium,Self-Employed,377826,True
C001806,Neo,Khan,1998-12-21,Female,Eastern Cape,East London,Mass Market,2024-12-15,Low,Student,38461,True
C001807,Sibusiso,Jacobs,2005-03-19,Male,Western Cape,Bellville,Affluent,2026-07-14,Low,Employed,949824,True
C001808,Kagiso,Molefe,1964-05-11,Male,Gauteng,Midrand,Mass Market,2024-04-02,Low,Unemployed,10984,True
C001809,Sipho,Mokoena,1975-01-02,Female,Gauteng,Pretoria,Mass Market,2026-07-11,Medium,Unemployed,98397,True
C001810,Neo,Daniels,1977-09-16,Female,North West,Mahikeng,Emerging Affluent,2026-01-28,Low,Employed,538658,True
C001811,Karabo,Khumalo,1966-03-02,Female,Western Cape,George,Mass Market,2022-12-07,Medium,Student,44411,True
C001812,Ayesha,Gumede,1978-06-12,Male,Gauteng,Sandton,Mass Market,2025-04-17,Medium,Employed,237289,True
C001813,Ethan,Molefe,1986-08-05,Male,Eastern Cape,Mthatha,Affluent,2026-03-28,Low,Employed,718193,True
C001814,Imran,Mokoena,2005-07-16,Male,Western Cape,Bellville,Mass Market,2023-02-25,High,Retired,221097,False
C001815,Naledi,Govender,1953-08-28,Male,Free State,Bloemfontein,Mass Market,2025-03-27,Low,Unemployed,86692,True
C001816,Daniel,Molefe,1972-09-30,Female,KwaZulu-Natal,Umhlanga,Emerging Affluent,2024-01-20,Medium,Self-Employed,453661,False
C001817,Nomsa,Williams,1962-03-25,Male,Western Cape,Bellville,Emerging Affluent,2024-07-20,High,Employed,396401,True
C001818,Muhammad,Brown,1963-03-18,Female,Northern Cape,Kimberley,Emerging Affluent,2024-03-20,Low,Employed,304668,True
C001819,Ayanda,Meyer,1957-07-04,Male,Limpopo,Tzaneen,Mass Market,2022-10-10,Medium,Self-Employed,168799,True
C001820,Anika,Jacobs,1975-05-16,Female,Eastern Cape,East London,Affluent,2022-04-18,Low,Employed,666064,True
C001821,Imran,Cele,1966-08-15,Female,Western Cape,George,Mass Market,2024-05-08,Low,Employed,171073,True
C001822,Sipho,Gumede,1969-06-10,Female,Gauteng,Pretoria,Emerging Affluent,2024-04-01,Low,Employed,529540,True
C001823,Sipho,Williams,1963-02-19,Male,Mpumalanga,Mbombela,Mass Market,2022-12-09,Medium,Retired,142346,True
C001824,Megan,Khan,1998-12-24,Female,Gauteng,Pretoria,Emerging Affluent,2023-03-16,Low,Employed,352584,True
C001825,Kayla,Botha,1975-12-22,Female,Gauteng,Pretoria,Emerging Affluent,2024-07-05,Low,Self-Employed,329591,True
C001826,Fatima,Khumalo,1963-04-29,Female,Western Cape,Bellville,Mass Market,2024-03-01,Low,Employed,264664,True
C001827,Sibusiso,Nkosi,1994-03-11,Female,Gauteng,Johannesburg,Mass Market,2026-05-21,Low,Retired,142082,True
C001828,Lerato,Jacobs,1967-03-03,Male,Gauteng,Soweto,Mass Market,2026-06-07,Medium,Unemployed,46164,True
C001829,Priya,Mokoena,1995-09-03,Female,Gauteng,Pretoria,Emerging Affluent,2024-04-27,Low,Employed,402520,True
C001830,Kagiso,Mokoena,1982-02-09,Female,Gauteng,Midrand,Emerging Affluent,2024-12-27,Medium,Employed,374296,True
C001831,Ruan,Meyer,1964-06-30,Male,Western Cape,Paarl,Mass Market,2024-07-01,High,Retired,103987,True
C001832,Ethan,Radebe,2004-04-09,Female,Eastern Cape,Gqeberha,Emerging Affluent,2023-05-13,Low,Employed,444784,True
C001833,Priya,Radebe,1985-06-28,Male,Gauteng,Centurion,Mass Market,2023-03-06,High,Employed,199770,True
C001834,Mpho,Khumalo,1958-09-27,Female,Gauteng,Sandton,Mass Market,2025-03-08,Low,Employed,182201,True
C001835,Mpho,Patel,2003-04-20,Female,Gauteng,Pretoria,Emerging Affluent,2025-02-05,Low,Employed,428724,False
C001836,Fatima,Ndlovu,1983-05-16,Male,Gauteng,Sandton,Affluent,2025-02-18,Medium,Employed,817179,True
C001837,Zanele,Williams,2002-07-24,Male,Gauteng,Centurion,Mass Market,2023-01-26,Low,Retired,100705,True
C001838,Tshepo,Daniels,2005-02-28,Female,Limpopo,Polokwane,Emerging Affluent,2022-07-25,Low,Employed,502769,True
C001839,Imran,Smith,2000-04-07,Female,Gauteng,Midrand,Mass Market,2023-11-06,Medium,Self-Employed,111660,True
C001840,Ayesha,Ndlovu,1958-12-10,Female,Western Cape,Bellville,Emerging Affluent,2023-05-17,Low,Employed,516033,True
C001841,Tshepo,Botha,1959-09-20,Male,Gauteng,Midrand,Emerging Affluent,2023-01-05,Low,Employed,486066,True
C001842,Kagiso,Gumede,1979-08-11,Female,Western Cape,Cape Town,Mass Market,2023-05-24,Medium,Employed,157552,True
C001843,Sipho,Brown,1967-07-26,Female,Gauteng,Johannesburg,Mass Market,2024-05-31,Low,Student,10708,True
C001844,Muhammad,Patel,1967-04-17,Male,Gauteng,Johannesburg,Mass Market,2022-03-23,Medium,Student,14,True
C001845,Kayla,Mokoena,1986-11-11,Male,Eastern Cape,Mthatha,Mass Market,2024-12-15,Medium,Unemployed,35170,True
C001846,Zanele,Nkosi,1978-04-09,Male,KwaZulu-Natal,Pietermaritzburg,Emerging Affluent,2023-08-09,Low,Employed,472417,True
C001847,Naledi,Daniels,1970-05-11,Male,KwaZulu-Natal,Durban,Mass Market,2025-10-03,Medium,Employed,232729,True
C001848,Tshepo,Brown,1992-11-02,Male,KwaZulu-Natal,Durban,Mass Market,2023-07-30,Low,Self-Employed,159865,True
C001849,Ethan,Khan,1962-05-31,Male,Limpopo,Polokwane,Emerging Affluent,2025-11-04,Medium,Employed,331648,False
C001850,Mpho,Smith,1950-08-14,Male,Western Cape,Bellville,Mass Market,2025-06-05,High,Employed,146836,True
C001851,Anika,Govender,1979-03-20,Male,Western Cape,Cape Town,Mass Market,2026-07-03,Medium,Employed,215571,True
C001852,Sipho,Jacobs,1973-08-08,Female,Eastern Cape,Mthatha,Mass Market,2025-04-05,Low,Employed,234680,True
C001853,Anika,Govender,2000-05-08,Male,KwaZulu-Natal,Durban,Mass Market,2024-05-23,High,Employed,106789,True
C001854,Ethan,Ndlovu,1965-10-08,Male,Western Cape,Stellenbosch,Mass Market,2025-01-11,Low,Student,74433,True
C001855,Nomsa,Mokoena,1966-01-25,Female,KwaZulu-Natal,Pietermaritzburg,Mass Market,2023-04-10,Medium,Employed,245079,True
C001856,Leah,Naidoo,1981-05-19,Female,Eastern Cape,Mthatha,Mass Market,2023-03-16,High,Employed,202503,True
C001857,Lerato,Govender,1950-07-14,Male,Gauteng,Pretoria,Emerging Affluent,2024-07-07,Low,Employed,482497,True
C001858,Nomsa,Williams,1972-01-25,Female,KwaZulu-Natal,Pietermaritzburg,Mass Market,2024-11-12,Low,Self-Employed,220346,False
C001859,Neo,Williams,1994-05-27,Male,KwaZulu-Natal,Durban,Emerging Affluent,2022-01-21,Medium,Employed,642457,True
C001860,Priya,Radebe,1975-06-10,Male,Mpumalanga,Mbombela,Emerging Affluent,2023-09-30,Low,Employed,316410,True
C001861,Muhammad,Gumede,1965-05-20,Male,North West,Rustenburg,Mass Market,2025-05-07,Low,Unemployed,1964,False
C001862,Muhammad,Jacobs,1993-12-22,Male,North West,Mahikeng,Mass Market,2022-09-03,Medium,Student,55317,True
C001863,Ayanda,Molefe,1999-05-13,Female,Mpumalanga,eMalahleni,Mass Market,2024-06-03,Low,Unemployed,48379,True
C001864,Zanele,Gumede,2001-12-18,Male,Free State,Welkom,Mass Market,2022-12-21,Medium,Student,81307,True
C001865,Ayanda,Pillay,1983-02-11,Male,Gauteng,Midrand,Mass Market,2022-03-25,Medium,Student,33922,True
C001866,Ruan,Govender,2005-05-01,Male,KwaZulu-Natal,Pietermaritzburg,Mass Market,2024-02-05,Medium,Employed,165684,True
C001867,Kayla,Gumede,1956-09-28,Male,Gauteng,Sandton,Emerging Affluent,2025-07-18,Low,Employed,536008,True
C001868,Nomsa,Nkosi,1979-08-13,Female,KwaZulu-Natal,Pietermaritzburg,Affluent,2025-11-08,Low,Employed,667281,True
C001869,Thabo,Naidoo,1979-12-21,Female,Western Cape,Paarl,Emerging Affluent,2025-09-24,Low,Employed,318426,True
C001870,Priya,Smith,2003-09-07,Female,Gauteng,Soweto,Affluent,2024-04-08,Low,Employed,848281,True
C001871,Ayanda,Smith,1965-02-16,Male,Limpopo,Polokwane,Emerging Affluent,2022-07-16,Low,Employed,521942,True
C001872,Tshepo,Adams,1969-03-07,Female,Gauteng,Pretoria,Mass Market,2026-03-05,Low,Employed,278995,True
C001873,Mpho,Govender,1973-05-02,Female,Gauteng,Johannesburg,Mass Market,2026-02-19,Low,Retired,171889,True
C001874,Ayanda,Patel,1986-08-15,Male,KwaZulu-Natal,Umhlanga,Affluent,2025-12-08,Low,Employed,830940,True
C001875,Nomsa,Govender,1965-10-12,Female,KwaZulu-Natal,Umhlanga,Mass Market,2025-10-02,High,Employed,162943,True
C001876,Anika,Gumede,1978-09-22,Male,Gauteng,Pretoria,Affluent,2022-10-16,Medium,Employed,1025849,True
C001877,Ruan,Naidoo,1951-04-30,Male,Free State,Bloemfontein,Emerging Affluent,2023-04-09,Low,Employed,358078,True
C001878,Neo,Govender,1996-11-07,Female,Western Cape,Paarl,Mass Market,2024-06-19,Low,Unemployed,65416,False
C001879,Zanele,Brown,1964-05-27,Male,KwaZulu-Natal,Pietermaritzburg,Emerging Affluent,2024-01-24,Low,Employed,280197,True
C001880,Ethan,Govender,1970-05-22,Female,Free State,Welkom,Emerging Affluent,2025-05-16,Low,Employed,345075,True
C001881,Sibusiso,Radebe,1960-02-06,Female,Gauteng,Midrand,Mass Market,2025-09-10,Medium,Student,52318,True
C001882,Sibusiso,Patel,2000-04-18,Male,Gauteng,Midrand,Emerging Affluent,2024-12-18,Low,Self-Employed,388734,True
C001883,Ruan,Ndlovu,2004-09-20,Female,Eastern Cape,Gqeberha,Mass Market,2024-06-01,Medium,Employed,139606,True
C001884,Ruan,Naidoo,1956-07-03,Male,Mpumalanga,Mbombela,Mass Market,2023-05-04,Low,Student,43416,True
C001885,Fatima,Khan,1957-03-03,Male,Gauteng,Soweto,Mass Market,2022-06-02,Low,Employed,90983,True
C001886,Karabo,Williams,1970-06-18,Female,Gauteng,Midrand,Emerging Affluent,2022-06-22,Low,Employed,526604,True
C001887,Tshepo,Naidoo,1960-09-01,Male,Western Cape,Cape Town,Mass Market,2026-03-20,Low,Employed,165498,True
C001888,Jason,Jacobs,1977-04-07,Female,Gauteng,Johannesburg,Mass Market,2023-10-14,Medium,Student,37024,True
C001889,Daniel,Patel,1975-05-18,Male,Gauteng,Sandton,Mass Market,2025-03-03,Low,Employed,216105,True
C001890,Neo,Jacobs,1960-02-19,Male,Gauteng,Soweto,Mass Market,2022-09-13,High,Employed,113307,True
C001891,Ruan,Pillay,1953-04-06,Male,Western Cape,Paarl,Mass Market,2022-12-26,Medium,Employed,182438,False
C001892,Daniel,Meyer,1994-12-03,Male,Eastern Cape,Gqeberha,Emerging Affluent,2023-02-17,Low,Employed,465249,True
C001893,Sibusiso,Meyer,1963-09-06,Male,Free State,Welkom,Mass Market,2023-11-07,Medium,Employed,174058,True
C001894,Imran,Meyer,1951-12-22,Male,Gauteng,Midrand,Mass Market,2024-01-06,Low,Employed,271372,True
C001895,Jason,Jacobs,1996-05-22,Female,Eastern Cape,East London,Emerging Affluent,2025-07-14,Low,Employed,628261,True
C001896,Anika,Nkosi,2005-10-03,Male,Mpumalanga,eMalahleni,Emerging Affluent,2023-01-20,Low,Employed,520542,True
C001897,Kayla,Williams,1993-01-09,Female,Gauteng,Sandton,Mass Market,2025-03-20,Medium,Employed,231694,True
C001898,Naledi,Khan,2006-04-14,Female,KwaZulu-Natal,Pietermaritzburg,Mass Market,2025-02-22,High,Employed,233286,False
C001899,Anika,Williams,1971-06-19,Female,Gauteng,Soweto,Mass Market,2023-11-08,Low,Employed,213996,True
C001900,Tshepo,Botha,1981-04-05,Male,Gauteng,Pretoria,Emerging Affluent,2023-08-03,Low,Employed,297469,True
C001901,Kagiso,Khumalo,2004-03-05,Male,Free State,Bloemfontein,Emerging Affluent,2022-12-23,Low,Employed,505683,True
C001902,Leah,Williams,1954-05-14,Female,Mpumalanga,eMalahleni,Emerging Affluent,2023-02-17,Low,Employed,565234,True
C001903,Nomsa,Ndlovu,1960-01-21,Male,Western Cape,Stellenbosch,Affluent,2025-09-28,Low,Employed,735886,True
C001904,Tshepo,Govender,1989-01-11,Female,Northern Cape,Kimberley,Emerging Affluent,2023-08-14,Medium,Employed,621115,True
C001905,Imran,Ndlovu,1968-01-10,Female,Free State,Welkom,Mass Market,2024-07-26,Medium,Unemployed,82812,True
C001906,Jason,Khumalo,2004-01-06,Female,Gauteng,Sandton,Emerging Affluent,2024-05-24,High,Employed,548389,False
C001907,Karabo,Naidoo,1990-09-01,Female,Western Cape,Cape Town,Mass Market,2023-01-22,High,Student,55673,True
C001908,Kagiso,Govender,1955-02-05,Female,Gauteng,Centurion,Mass Market,2022-06-21,Medium,Employed,131282,True
C001909,Megan,Williams,1980-04-08,Female,Gauteng,Pretoria,Emerging Affluent,2023-03-10,Low,Self-Employed,449583,True
C001910,Leah,Govender,1978-08-17,Female,Northern Cape,Kimberley,Emerging Affluent,2022-07-04,Low,Employed,400314,True
C001911,Anika,Nkosi,2006-08-25,Male,KwaZulu-Natal,Richards Bay,Mass Market,2023-08-30,High,Unemployed,15995,True
C001912,Fatima,Nkosi,2002-02-28,Male,Gauteng,Centurion,Emerging Affluent,2025-05-27,Medium,Self-Employed,509752,True
C001913,Priya,Molefe,1999-06-24,Female,Gauteng,Sandton,Affluent,2025-07-06,Low,Employed,1095827,True
C001914,Ethan,Khumalo,2000-03-18,Female,Eastern Cape,East London,Mass Market,2024-03-14,Medium,Self-Employed,147607,True
C001915,Lerato,Dlamini,1958-05-02,Male,KwaZulu-Natal,Umhlanga,Mass Market,2024-11-21,Low,Employed,267743,False
C001916,Ayanda,Jacobs,1958-04-21,Female,Mpumalanga,Mbombela,Emerging Affluent,2026-06-04,Medium,Employed,280971,True
C001917,Ethan,Ndlovu,1975-03-22,Female,Western Cape,Bellville,Mass Market,2022-02-11,Medium,Employed,117400,True
C001918,Ayanda,Khumalo,1986-10-22,Male,Limpopo,Polokwane,Emerging Affluent,2023-12-01,Low,Employed,296091,True
C001919,Fatima,Ndlovu,1989-12-04,Male,Gauteng,Pretoria,Mass Market,2026-04-14,Medium,Employed,109268,True
C001920,Leah,Daniels,1984-01-17,Male,Gauteng,Centurion,Mass Market,2022-08-30,Medium,Retired,227259,False
C001921,Nomsa,Khumalo,1956-03-25,Male,Gauteng,Soweto,Mass Market,2024-07-19,Low,Employed,149671,True
C001922,Daniel,Naidoo,1983-03-09,Female,Western Cape,Cape Town,Mass Market,2023-12-05,Medium,Student,69785,True
C001923,Kayla,Nkosi,2003-05-20,Male,Western Cape,George,Emerging Affluent,2025-10-02,Low,Employed,583056,True
C001924,Zanele,Patel,1968-10-22,Female,Gauteng,Sandton,Mass Market,2022-05-31,Medium,Employed,155127,True
C001925,Ethan,Botha,1963-05-12,Male,KwaZulu-Natal,Umhlanga,Mass Market,2026-06-22,Medium,Student,70878,True
C001926,Tshepo,Botha,1980-08-02,Male,Western Cape,George,Emerging Affluent,2023-04-02,Low,Employed,559395,True
C001927,Naledi,Smith,1967-06-11,Male,KwaZulu-Natal,Umhlanga,Mass Market,2022-09-06,Medium,Retired,161735,True
C001928,Anika,Naidoo,1952-10-22,Male,Gauteng,Pretoria,Emerging Affluent,2024-10-17,Low,Employed,511206,True
C001929,Sibusiso,Govender,1984-05-05,Female,KwaZulu-Natal,Umhlanga,Affluent,2022-01-30,High,Employed,794185,True
C001930,Mpho,Williams,1960-11-02,Male,Western Cape,George,Emerging Affluent,2024-07-18,Low,Self-Employed,371324,True
C001931,Fatima,Jacobs,1958-01-23,Female,Gauteng,Pretoria,Mass Market,2025-02-18,Medium,Unemployed,73654,True
C001932,Imran,Pillay,1961-01-20,Male,Gauteng,Pretoria,Emerging Affluent,2022-01-04,High,Employed,366273,False
C001933,Anika,Radebe,1978-08-06,Male,Mpumalanga,Mbombela,Emerging Affluent,2026-07-08,Low,Employed,439192,True
C001934,Mpho,Patel,1952-06-27,Female,Gauteng,Soweto,Mass Market,2024-12-01,High,Employed,193901,True
C001935,Muhammad,Jacobs,1985-09-08,Male,Gauteng,Sandton,Mass Market,2024-12-10,Medium,Unemployed,90181,True
C001936,Kagiso,Brown,1991-04-23,Male,Gauteng,Sandton,Emerging Affluent,2024-09-03,Low,Self-Employed,332408,True
C001937,Nomsa,Ndlovu,1990-12-25,Female,Western Cape,Paarl,Emerging Affluent,2023-07-20,Low,Employed,563425,True
C001938,Imran,Naidoo,1985-05-24,Male,Western Cape,George,Affluent,2025-12-16,Low,Employed,714424,True
C001939,Muhammad,Williams,2002-02-13,Male,Gauteng,Centurion,Emerging Affluent,2025-10-01,Low,Retired,441301,True
C001940,Mpho,Pillay,1955-03-29,Female,Free State,Welkom,Mass Market,2023-04-06,Low,Employed,258394,False
C001941,Muhammad,Radebe,1971-08-21,Female,Western Cape,George,Emerging Affluent,2022-04-07,Low,Retired,296645,True
C001942,Naledi,Govender,1991-10-28,Female,Gauteng,Soweto,Emerging Affluent,2024-03-21,Medium,Employed,374606,True
C001943,Muhammad,Govender,1953-09-08,Female,Gauteng,Johannesburg,Mass Market,2025-01-08,High,Employed,204119,True
C001944,Leah,Adams,1982-04-24,Female,Gauteng,Pretoria,Mass Market,2022-11-14,Low,Employed,214039,True
C001945,Thabo,Williams,1965-07-28,Male,Eastern Cape,Gqeberha,Affluent,2025-05-16,High,Employed,1195376,True
C001946,Ruan,Adams,1997-12-23,Male,KwaZulu-Natal,Pietermaritzburg,Emerging Affluent,2024-12-26,Medium,Employed,282450,True
C001947,Mpho,Radebe,1988-08-26,Male,Western Cape,Bellville,Mass Market,2024-04-18,Medium,Employed,138039,True
C001948,Sibusiso,Adams,1970-02-15,Male,Gauteng,Johannesburg,Mass Market,2024-05-19,Low,Employed,216235,True
C001949,Ethan,Govender,1956-12-25,Male,Mpumalanga,eMalahleni,Mass Market,2025-08-16,High,Employed,169317,True
C001950,Mpho,Patel,1966-12-07,Female,KwaZulu-Natal,Durban,Emerging Affluent,2023-04-21,Low,Self-Employed,342072,True
C001951,Kayla,Naidoo,1973-10-02,Female,Mpumalanga,eMalahleni,Emerging Affluent,2024-10-18,Low,Self-Employed,352937,True
C001952,Nomsa,Brown,1968-12-09,Female,Eastern Cape,East London,Mass Market,2024-10-28,Medium,Employed,256261,True
C001953,Lerato,Govender,1965-07-14,Female,Limpopo,Polokwane,Mass Market,2024-04-26,Medium,Employed,143080,True
C001954,Kayla,Nkosi,2006-01-06,Male,Free State,Welkom,Mass Market,2025-02-19,Medium,Employed,157490,True
C001955,Sipho,Adams,1984-10-01,Male,Gauteng,Pretoria,Mass Market,2022-09-01,Medium,Unemployed,90672,True
C001956,Leah,Mokoena,1973-01-06,Female,Western Cape,Cape Town,Mass Market,2024-06-15,Medium,Student,10939,True
C001957,Sipho,Radebe,1965-12-10,Male,Gauteng,Sandton,Emerging Affluent,2022-10-27,Low,Self-Employed,462590,True
C001958,Neo,Nkosi,1969-02-25,Male,Gauteng,Centurion,Emerging Affluent,2024-10-23,Low,Employed,458354,True
C001959,Muhammad,Khumalo,2001-01-13,Female,Limpopo,Polokwane,Mass Market,2025-04-19,Medium,Employed,164757,True
C001960,Ethan,Khan,1959-01-13,Female,Western Cape,Cape Town,Mass Market,2026-06-06,Low,Employed,154804,True
C001961,Kagiso,Adams,2003-01-20,Male,North West,Mahikeng,Mass Market,2025-09-19,Low,Unemployed,69745,False
C001962,Kayla,Adams,1993-02-09,Male,Western Cape,Bellville,Mass Market,2025-12-25,Medium,Retired,157428,True
C001963,Kagiso,Naidoo,2006-05-01,Female,Limpopo,Tzaneen,Mass Market,2023-01-30,High,Employed,114365,True
C001964,Thabo,Adams,1958-12-14,Male,Western Cape,George,Emerging Affluent,2025-05-28,Low,Employed,484698,True
C001965,Fatima,Pillay,1962-12-16,Male,Free State,Welkom,Affluent,2025-06-05,Low,Employed,904857,True
C001966,Kayla,Williams,1956-01-16,Female,Gauteng,Soweto,Mass Market,2023-02-01,Medium,Unemployed,83089,True
C001967,Ayanda,Dlamini,1999-11-30,Female,Limpopo,Tzaneen,Affluent,2026-03-30,Low,Employed,691633,True
C001968,Thabo,Botha,1989-02-26,Female,Eastern Cape,East London,Emerging Affluent,2025-09-30,Low,Employed,284196,True
C001969,Zanele,Gumede,1990-04-29,Male,Gauteng,Midrand,Emerging Affluent,2025-04-01,Low,Retired,363475,True
C001970,Ethan,Botha,2001-05-19,Male,Gauteng,Centurion,Emerging Affluent,2024-07-07,Low,Employed,465883,True
C001971,Karabo,Jacobs,1999-01-08,Female,Limpopo,Tzaneen,Mass Market,2023-04-11,High,Employed,244298,True
C001972,Neo,Molefe,2002-10-06,Female,Gauteng,Centurion,Emerging Affluent,2026-04-24,Low,Employed,551464,True
C001973,Kayla,Daniels,1956-03-16,Female,Gauteng,Pretoria,Mass Market,2022-09-17,High,Employed,232916,True
C001974,Leah,Patel,2004-12-24,Female,Gauteng,Pretoria,Emerging Affluent,2023-01-16,Low,Self-Employed,432942,True
C001975,Ethan,Khan,1984-04-24,Male,Mpumalanga,eMalahleni,Mass Market,2023-09-19,High,Student,67585,True
C001976,Fatima,Radebe,1971-11-22,Male,Gauteng,Midrand,Affluent,2025-09-06,Medium,Self-Employed,1093749,True
C001977,Leah,Jacobs,1996-04-27,Female,KwaZulu-Natal,Richards Bay,Emerging Affluent,2023-10-23,Low,Employed,572087,True
C001978,Thabo,Daniels,1981-11-20,Female,KwaZulu-Natal,Pietermaritzburg,Mass Market,2024-11-05,Medium,Employed,126987,True
C001979,Ruan,Gumede,1979-01-13,Female,Eastern Cape,Gqeberha,Mass Market,2025-09-16,High,Unemployed,56339,True
C001980,Sipho,Ndlovu,1994-11-05,Female,Gauteng,Johannesburg,Emerging Affluent,2025-10-27,Medium,Employed,615311,True
C001981,Ayesha,Molefe,1996-06-22,Male,Limpopo,Polokwane,Emerging Affluent,2024-04-25,Low,Employed,280161,True
C001982,Muhammad,Govender,1961-10-05,Male,Gauteng,Midrand,Mass Market,2022-07-28,Low,Employed,211147,True
C001983,Thabo,Khumalo,1953-01-13,Male,Gauteng,Centurion,Emerging Affluent,2025-10-25,Low,Retired,544070,True
C001984,Kayla,Gumede,1983-12-25,Female,Western Cape,Bellville,Emerging Affluent,2024-12-30,Low,Employed,330080,True
C001985,Kagiso,Khumalo,1950-06-27,Male,KwaZulu-Natal,Richards Bay,Mass Market,2025-07-08,Medium,Employed,279187,True
C001986,Mpho,Pillay,1972-03-25,Male,KwaZulu-Natal,Umhlanga,Emerging Affluent,2023-08-18,Medium,Self-Employed,524122,True
C001987,Anika,Naidoo,1995-03-16,Female,Mpumalanga,eMalahleni,Emerging Affluent,2023-06-03,Low,Employed,310002,True
C001988,Kayla,Patel,1953-02-19,Male,Gauteng,Centurion,Mass Market,2025-11-15,Low,Employed,251037,True
C001989,Megan,Nkosi,1980-10-18,Female,Limpopo,Polokwane,Emerging Affluent,2025-01-28,Low,Employed,307551,True
C001990,Sipho,Khan,1975-08-10,Female,KwaZulu-Natal,Richards Bay,Mass Market,2022-10-28,Medium,Student,4396,True
C001991,Anika,Jacobs,2003-05-07,Female,Gauteng,Soweto,Mass Market,2024-11-11,Medium,Employed,162061,True
C001992,Naledi,Pillay,1978-08-19,Female,Gauteng,Pretoria,Emerging Affluent,2023-02-04,Low,Self-Employed,366284,True
C001993,Sipho,Smith,1975-06-14,Female,Gauteng,Pretoria,Mass Market,2022-05-01,Low,Employed,134206,True
C001994,Thabo,Williams,1950-01-13,Male,Eastern Cape,East London,Mass Market,2023-11-04,Low,Student,72581,True
C001995,Ethan,Adams,1973-02-06,Female,Eastern Cape,Gqeberha,Emerging Affluent,2025-10-17,Low,Employed,345072,True
C001996,Muhammad,Daniels,1951-01-04,Male,Eastern Cape,East London,Mass Market,2026-02-23,Medium,Retired,98971,True
C001997,Mpho,Patel,1987-08-27,Female,KwaZulu-Natal,Pietermaritzburg,Emerging Affluent,2025-04-15,Low,Employed,300716,True
C001998,Kagiso,Cele,1980-11-22,Male,Western Cape,Stellenbosch,Affluent,2025-01-22,Low,Self-Employed,696355,False
C001999,Kayla,Adams,1961-04-12,Female,Gauteng,Johannesburg,Emerging Affluent,2025-06-25,Low,Employed,290632,True
C002000,Anika,Gumede,1996-01-22,Female,Gauteng,Midrand,Emerging Affluent,2022-08-22,Low,Self-Employed,497181,True
