PaymentID,LoanID,PaymentDate,PaymentDueDate,AmountDue,AmountPaid,PaymentStatus,DaysLate
LP00000001,L0000001,2026-06-28,2026-07-01,2027.91,2027.91,On Time,0
LP00000002,L0000001,2026-06-19,2026-06-01,2027.91,1130.76,Partial,18
LP00000003,L0000001,2026-04-29,2026-05-02,2027.91,2027.91,On Time,0
LP00000004,L0000002,2026-06-30,2026-07-01,19845.71,19845.71,On Time,0
LP00000005,L0000003,2026-06-27,2026-07-01,5333.1,5333.1,On Time,0
LP00000006,L0000003,2026-05-29,2026-06-01,5333.1,5333.1,On Time,0
LP00000007,L0000003,2026-05-01,2026-05-02,5333.1,5333.1,On Time,0
LP00000008,L0000004,2026-07-10,2026-07-01,37093.7,37093.7,Late,9
LP00000009,L0000004,2026-06-05,2026-06-01,37093.7,20175.17,Partial,4
LP00000010,L0000005,2026-06-28,2026-07-01,1208.94,1208.94,On Time,0
LP00000011,L0000005,2026-06-01,2026-06-01,1208.94,1208.94,On Time,0
LP00000012,L0000005,2026-05-01,2026-05-02,1208.94,1208.94,On Time,0
LP00000013,L0000006,2026-07-01,2026-07-01,6587.87,6587.87,On Time,0
LP00000014,L0000006,2026-06-07,2026-06-01,6587.87,4568.98,Partial,6
LP00000015,L0000006,2026-04-30,2026-05-02,6587.87,6587.87,On Time,0
LP00000016,L0000007,2026-06-27,2026-07-01,523.3,523.3,On Time,0
LP00000017,L0000008,2026-06-30,2026-07-01,22984.22,22984.22,On Time,0
LP00000018,L0000008,2026-05-30,2026-06-01,22984.22,22984.22,On Time,0
LP00000019,L0000008,2026-05-06,2026-05-02,22984.22,22984.22,Late,4
LP00000020,L0000010,2026-06-28,2026-07-01,1953.82,1953.82,On Time,0
LP00000021,L0000010,2026-06-18,2026-06-01,1953.82,1682.77,Partial,17
LP00000022,L0000010,2026-04-30,2026-05-02,1953.82,1953.82,On Time,0
LP00000023,L0000011,2026-07-29,2026-07-01,16350.46,0,Missed,30
LP00000024,L0000011,2026-06-01,2026-06-01,16350.46,16350.46,On Time,0
LP00000025,L0000011,2026-05-02,2026-05-02,16350.46,16350.46,On Time,0
LP00000026,L0000012,2026-07-01,2026-07-01,4191.01,4191.01,On Time,0
LP00000027,L0000012,2026-06-29,2026-06-01,4191.01,0,Missed,30
LP00000028,L0000012,2026-05-01,2026-05-02,4191.01,4191.01,On Time,0
LP00000029,L0000013,2026-06-27,2026-07-01,17493.63,17493.63,On Time,0
LP00000030,L0000013,2026-05-31,2026-06-01,17493.63,17493.63,On Time,0
LP00000031,L0000013,2026-04-28,2026-05-02,17493.63,17493.63,On Time,0
LP00000032,L0000014,2026-07-29,2026-07-01,6568.05,0,Missed,30
LP00000033,L0000014,2026-06-21,2026-06-01,6568.05,6568.05,Late,20
LP00000034,L0000014,2026-04-28,2026-05-02,6568.05,6568.05,On Time,0
LP00000035,L0000015,2026-07-01,2026-07-01,16146.58,16146.58,On Time,0
LP00000036,L0000015,2026-05-29,2026-06-01,16146.58,16146.58,On Time,0
LP00000037,L0000015,2026-04-30,2026-05-02,16146.58,16146.58,On Time,0
LP00000038,L0000016,2026-06-28,2026-07-01,27017.7,27017.7,On Time,0
LP00000039,L0000016,2026-05-29,2026-06-01,27017.7,27017.7,On Time,0
LP00000040,L0000016,2026-04-28,2026-05-02,27017.7,27017.7,On Time,0
LP00000041,L0000017,2026-06-29,2026-07-01,3899.83,3899.83,On Time,0
LP00000042,L0000017,2026-05-31,2026-06-01,3899.83,3899.83,On Time,0
LP00000043,L0000017,2026-05-01,2026-05-02,3899.83,3899.83,On Time,0
LP00000044,L0000018,2026-07-15,2026-07-01,4981.63,4981.63,Late,14
LP00000045,L0000018,2026-06-01,2026-06-01,4981.63,4981.63,On Time,0
LP00000046,L0000018,2026-05-01,2026-05-02,4981.63,4981.63,On Time,0
LP00000047,L0000019,2026-06-30,2026-07-01,7383.43,7383.43,On Time,0
LP00000048,L0000019,2026-05-30,2026-06-01,7383.43,7383.43,On Time,0
LP00000049,L0000019,2026-05-30,2026-05-02,7383.43,0,Missed,45
LP00000050,L0000020,2026-06-28,2026-07-01,3563.69,3563.69,On Time,0
LP00000051,L0000020,2026-05-28,2026-06-01,3563.69,3563.69,On Time,0
LP00000052,L0000020,2026-04-30,2026-05-02,3563.69,3563.69,On Time,0
LP00000053,L0000021,2026-06-30,2026-07-01,8511.74,8511.74,On Time,0
LP00000054,L0000021,2026-06-17,2026-06-01,8511.74,7494.74,Partial,16
LP00000055,L0000021,2026-04-29,2026-05-02,8511.74,8511.74,On Time,0
LP00000056,L0000022,2026-06-27,2026-07-01,2558.68,2558.68,On Time,0
LP00000057,L0000022,2026-06-12,2026-06-01,2558.68,1342.96,Partial,11
LP00000058,L0000022,2026-05-01,2026-05-02,2558.68,2558.68,On Time,0
LP00000059,L0000023,2026-06-29,2026-07-01,13754.09,13754.09,On Time,0
LP00000060,L0000023,2026-06-29,2026-06-01,13754.09,0,Missed,60
LP00000061,L0000023,2026-05-30,2026-05-02,13754.09,0,Missed,60
LP00000062,L0000024,2026-06-28,2026-07-01,27817.24,27817.24,On Time,0
LP00000063,L0000024,2026-05-29,2026-06-01,27817.24,27817.24,On Time,0
LP00000064,L0000024,2026-04-30,2026-05-02,27817.24,27817.24,On Time,0
LP00000065,L0000025,2026-07-29,2026-07-01,10590.15,0,Missed,45
LP00000066,L0000025,2026-06-01,2026-06-01,10590.15,10590.15,On Time,0
LP00000067,L0000025,2026-04-30,2026-05-02,10590.15,10590.15,On Time,0
LP00000068,L0000026,2026-06-30,2026-07-01,5919.45,5919.45,On Time,0
LP00000069,L0000026,2026-05-29,2026-06-01,5919.45,5919.45,On Time,0
LP00000070,L0000026,2026-04-29,2026-05-02,5919.45,5919.45,On Time,0
LP00000071,L0000027,2026-07-01,2026-07-01,22347.51,22347.51,On Time,0
LP00000072,L0000027,2026-05-30,2026-06-01,22347.51,22347.51,On Time,0
LP00000073,L0000027,2026-05-01,2026-05-02,22347.51,22347.51,On Time,0
LP00000074,L0000028,2026-06-27,2026-07-01,3828.0,3828.0,On Time,0
LP00000075,L0000028,2026-05-31,2026-06-01,3828.0,3828.0,On Time,0
LP00000076,L0000028,2026-04-29,2026-05-02,3828.0,3828.0,On Time,0
LP00000077,L0000029,2026-07-01,2026-07-01,6704.13,6704.13,On Time,0
LP00000078,L0000029,2026-05-30,2026-06-01,6704.13,6704.13,On Time,0
LP00000079,L0000029,2026-05-01,2026-05-02,6704.13,6704.13,On Time,0
LP00000080,L0000030,2026-06-30,2026-07-01,3802.8,3802.8,On Time,0
LP00000081,L0000030,2026-05-30,2026-06-01,3802.8,3802.8,On Time,0
LP00000082,L0000030,2026-05-01,2026-05-02,3802.8,3802.8,On Time,0
LP00000083,L0000031,2026-07-01,2026-07-01,3357.49,3357.49,On Time,0
LP00000084,L0000031,2026-05-29,2026-06-01,3357.49,3357.49,On Time,0
LP00000085,L0000031,2026-04-30,2026-05-02,3357.49,3357.49,On Time,0
LP00000086,L0000032,2026-06-27,2026-07-01,2948.46,2948.46,On Time,0
LP00000087,L0000032,2026-05-30,2026-06-01,2948.46,2948.46,On Time,0
LP00000088,L0000032,2026-05-01,2026-05-02,2948.46,2948.46,On Time,0
LP00000089,L0000033,2026-06-28,2026-07-01,6446.47,6446.47,On Time,0
LP00000090,L0000033,2026-05-31,2026-06-01,6446.47,6446.47,On Time,0
LP00000091,L0000033,2026-05-01,2026-05-02,6446.47,6446.47,On Time,0
LP00000092,L0000034,2026-07-19,2026-07-01,8104.45,8104.45,Late,18
LP00000093,L0000034,2026-05-30,2026-06-01,8104.45,8104.45,On Time,0
LP00000094,L0000034,2026-05-02,2026-05-02,8104.45,8104.45,On Time,0
LP00000095,L0000035,2026-06-30,2026-07-01,5790.02,5790.02,On Time,0
LP00000096,L0000035,2026-05-31,2026-06-01,5790.02,5790.02,On Time,0
LP00000097,L0000035,2026-05-02,2026-05-02,5790.02,5790.02,On Time,0
LP00000098,L0000036,2026-06-27,2026-07-01,15441.51,15441.51,On Time,0
LP00000099,L0000036,2026-05-30,2026-06-01,15441.51,15441.51,On Time,0
LP00000100,L0000036,2026-05-30,2026-05-02,15441.51,0,Missed,60
LP00000101,L0000037,2026-06-30,2026-07-01,3197.5,3197.5,On Time,0
LP00000102,L0000037,2026-05-28,2026-06-01,3197.5,3197.5,On Time,0
LP00000103,L0000037,2026-04-30,2026-05-02,3197.5,3197.5,On Time,0
LP00000104,L0000038,2026-06-30,2026-07-01,10874.24,10874.24,On Time,0
LP00000105,L0000038,2026-06-04,2026-06-01,10874.24,10874.24,Late,3
LP00000106,L0000038,2026-04-28,2026-05-02,10874.24,10874.24,On Time,0
LP00000107,L0000039,2026-06-29,2026-07-01,21558.96,21558.96,On Time,0
LP00000108,L0000039,2026-05-28,2026-06-01,21558.96,21558.96,On Time,0
LP00000109,L0000040,2026-06-29,2026-07-01,7367.71,7367.71,On Time,0
LP00000110,L0000040,2026-06-01,2026-06-01,7367.71,7367.71,On Time,0
LP00000111,L0000040,2026-05-01,2026-05-02,7367.71,7367.71,On Time,0
LP00000112,L0000041,2026-06-28,2026-07-01,8040.55,8040.55,On Time,0
LP00000113,L0000041,2026-05-28,2026-06-01,8040.55,8040.55,On Time,0
LP00000114,L0000041,2026-04-30,2026-05-02,8040.55,8040.55,On Time,0
LP00000115,L0000042,2026-07-18,2026-07-01,38657.84,38657.84,Late,17
LP00000116,L0000042,2026-05-30,2026-06-01,38657.84,38657.84,On Time,0
LP00000117,L0000042,2026-05-30,2026-05-02,38657.84,0,Missed,60
LP00000118,L0000043,2026-06-29,2026-07-01,10756.66,10756.66,On Time,0
LP00000119,L0000044,2026-06-27,2026-07-01,7334.09,7334.09,On Time,0
LP00000120,L0000044,2026-05-29,2026-06-01,7334.09,7334.09,On Time,0
LP00000121,L0000044,2026-05-02,2026-05-02,7334.09,7334.09,On Time,0
LP00000122,L0000045,2026-07-01,2026-07-01,13209.63,13209.63,On Time,0
LP00000123,L0000046,2026-07-09,2026-07-01,9689.1,6180.13,Partial,8
LP00000124,L0000047,2026-06-30,2026-07-01,36030.65,36030.65,On Time,0
LP00000125,L0000047,2026-05-31,2026-06-01,36030.65,36030.65,On Time,0
LP00000126,L0000047,2026-05-22,2026-05-02,36030.65,19611.54,Partial,20
LP00000127,L0000048,2026-06-27,2026-07-01,10706.94,10706.94,On Time,0
LP00000128,L0000048,2026-06-29,2026-06-01,10706.94,0,Missed,60
LP00000129,L0000048,2026-05-30,2026-05-02,10706.94,0,Missed,60
LP00000130,L0000049,2026-06-29,2026-07-01,3564.82,3564.82,On Time,0
LP00000131,L0000049,2026-06-29,2026-06-01,3564.82,0,Missed,45
LP00000132,L0000049,2026-05-06,2026-05-02,3564.82,3564.82,Late,4
LP00000133,L0000050,2026-06-28,2026-07-01,18437.25,18437.25,On Time,0
LP00000134,L0000050,2026-06-01,2026-06-01,18437.25,18437.25,On Time,0
LP00000135,L0000050,2026-04-30,2026-05-02,18437.25,18437.25,On Time,0
LP00000136,L0000051,2026-07-01,2026-07-01,11189.72,11189.72,On Time,0
LP00000137,L0000051,2026-05-29,2026-06-01,11189.72,11189.72,On Time,0
LP00000138,L0000051,2026-04-29,2026-05-02,11189.72,11189.72,On Time,0
LP00000139,L0000052,2026-06-27,2026-07-01,49741.81,49741.81,On Time,0
LP00000140,L0000052,2026-05-31,2026-06-01,49741.81,49741.81,On Time,0
LP00000141,L0000052,2026-04-30,2026-05-02,49741.81,49741.81,On Time,0
LP00000142,L0000053,2026-07-08,2026-07-01,9321.47,7828.69,Partial,7
LP00000143,L0000053,2026-06-29,2026-06-01,9321.47,0,Missed,30
LP00000144,L0000054,2026-07-01,2026-07-01,18623.45,18623.45,On Time,0
LP00000145,L0000054,2026-05-30,2026-06-01,18623.45,18623.45,On Time,0
LP00000146,L0000054,2026-04-28,2026-05-02,18623.45,18623.45,On Time,0
LP00000147,L0000055,2026-06-28,2026-07-01,26000.79,26000.79,On Time,0
LP00000148,L0000055,2026-05-29,2026-06-01,26000.79,26000.79,On Time,0
LP00000149,L0000055,2026-04-29,2026-05-02,26000.79,26000.79,On Time,0
LP00000150,L0000056,2026-06-27,2026-07-01,7992.04,7992.04,On Time,0
LP00000151,L0000056,2026-06-17,2026-06-01,7992.04,7992.04,Late,16
LP00000152,L0000056,2026-04-30,2026-05-02,7992.04,7992.04,On Time,0
LP00000153,L0000057,2026-06-30,2026-07-01,25296.73,25296.73,On Time,0
LP00000154,L0000057,2026-05-28,2026-06-01,25296.73,25296.73,On Time,0
LP00000155,L0000057,2026-05-02,2026-05-02,25296.73,25296.73,On Time,0
LP00000156,L0000058,2026-07-29,2026-07-01,6792.03,0,Missed,60
LP00000157,L0000058,2026-06-14,2026-06-01,6792.03,5103.15,Partial,13
LP00000158,L0000059,2026-06-30,2026-07-01,9361.66,9361.66,On Time,0
LP00000159,L0000060,2026-06-27,2026-07-01,4106.78,4106.78,On Time,0
LP00000160,L0000061,2026-06-30,2026-07-01,7391.72,7391.72,On Time,0
LP00000161,L0000061,2026-05-30,2026-06-01,7391.72,7391.72,On Time,0
LP00000162,L0000061,2026-05-02,2026-05-02,7391.72,7391.72,On Time,0
LP00000163,L0000062,2026-06-28,2026-07-01,2375.68,2375.68,On Time,0
LP00000164,L0000062,2026-05-30,2026-06-01,2375.68,2375.68,On Time,0
LP00000165,L0000062,2026-04-29,2026-05-02,2375.68,2375.68,On Time,0
LP00000166,L0000063,2026-07-21,2026-07-01,9539.4,7371.44,Partial,20
LP00000167,L0000063,2026-06-18,2026-06-01,9539.4,9539.4,Late,17
LP00000168,L0000063,2026-04-28,2026-05-02,9539.4,9539.4,On Time,0
LP00000169,L0000064,2026-06-29,2026-07-01,27780.43,27780.43,On Time,0
LP00000170,L0000064,2026-05-29,2026-06-01,27780.43,27780.43,On Time,0
LP00000171,L0000064,2026-04-30,2026-05-02,27780.43,27780.43,On Time,0
LP00000172,L0000065,2026-06-27,2026-07-01,3310.26,3310.26,On Time,0
LP00000173,L0000065,2026-05-31,2026-06-01,3310.26,3310.26,On Time,0
LP00000174,L0000065,2026-05-30,2026-05-02,3310.26,0,Missed,45
LP00000175,L0000066,2026-06-28,2026-07-01,9619.46,9619.46,On Time,0
LP00000176,L0000066,2026-05-30,2026-06-01,9619.46,9619.46,On Time,0
LP00000177,L0000066,2026-04-30,2026-05-02,9619.46,9619.46,On Time,0
LP00000178,L0000067,2026-07-01,2026-07-01,2297.38,2297.38,On Time,0
LP00000179,L0000067,2026-05-31,2026-06-01,2297.38,2297.38,On Time,0
LP00000180,L0000067,2026-05-02,2026-05-02,2297.38,2297.38,On Time,0
LP00000181,L0000068,2026-07-01,2026-07-01,28151.83,28151.83,On Time,0
LP00000182,L0000068,2026-06-01,2026-06-01,28151.83,28151.83,On Time,0
LP00000183,L0000068,2026-05-01,2026-05-02,28151.83,28151.83,On Time,0
LP00000184,L0000069,2026-06-29,2026-07-01,9501.48,9501.48,On Time,0
LP00000185,L0000069,2026-06-29,2026-06-01,9501.48,0,Missed,60
LP00000186,L0000069,2026-04-28,2026-05-02,9501.48,9501.48,On Time,0
LP00000187,L0000070,2026-06-28,2026-07-01,34525.88,34525.88,On Time,0
LP00000188,L0000070,2026-06-01,2026-06-01,34525.88,34525.88,On Time,0
LP00000189,L0000070,2026-05-02,2026-05-02,34525.88,34525.88,On Time,0
LP00000190,L0000071,2026-06-29,2026-07-01,2815.74,2815.74,On Time,0
LP00000191,L0000072,2026-07-12,2026-07-01,17574.95,17574.95,Late,11
LP00000192,L0000072,2026-05-29,2026-06-01,17574.95,17574.95,On Time,0
LP00000193,L0000072,2026-05-02,2026-05-02,17574.95,17574.95,On Time,0
LP00000194,L0000073,2026-07-17,2026-07-01,30337.78,16412.15,Partial,16
LP00000195,L0000073,2026-05-29,2026-06-01,30337.78,30337.78,On Time,0
LP00000196,L0000073,2026-04-30,2026-05-02,30337.78,30337.78,On Time,0
LP00000197,L0000074,2026-06-30,2026-07-01,13456.7,13456.7,On Time,0
LP00000198,L0000074,2026-06-19,2026-06-01,13456.7,13456.7,Late,18
LP00000199,L0000074,2026-05-10,2026-05-02,13456.7,13456.7,Late,8
LP00000200,L0000075,2026-06-29,2026-07-01,12964.72,12964.72,On Time,0
LP00000201,L0000075,2026-06-01,2026-06-01,12964.72,12964.72,On Time,0
LP00000202,L0000076,2026-06-28,2026-07-01,25928.05,25928.05,On Time,0
LP00000203,L0000076,2026-06-17,2026-06-01,25928.05,25928.05,Late,16
LP00000204,L0000076,2026-05-14,2026-05-02,25928.05,25928.05,Late,12
LP00000205,L0000077,2026-06-28,2026-07-01,18579.93,18579.93,On Time,0
LP00000206,L0000077,2026-06-01,2026-06-01,18579.93,18579.93,On Time,0
LP00000207,L0000077,2026-05-02,2026-05-02,18579.93,18579.93,On Time,0
LP00000208,L0000078,2026-07-01,2026-07-01,7272.53,7272.53,On Time,0
LP00000209,L0000078,2026-06-01,2026-06-01,7272.53,7272.53,On Time,0
LP00000210,L0000078,2026-04-30,2026-05-02,7272.53,7272.53,On Time,0
LP00000211,L0000079,2026-06-28,2026-07-01,11298.63,11298.63,On Time,0
LP00000212,L0000079,2026-05-29,2026-06-01,11298.63,11298.63,On Time,0
LP00000213,L0000079,2026-04-29,2026-05-02,11298.63,11298.63,On Time,0
LP00000214,L0000080,2026-07-01,2026-07-01,12003.71,12003.71,On Time,0
LP00000215,L0000080,2026-05-30,2026-06-01,12003.71,12003.71,On Time,0
LP00000216,L0000080,2026-04-30,2026-05-02,12003.71,12003.71,On Time,0
LP00000217,L0000081,2026-06-28,2026-07-01,6010.73,6010.73,On Time,0
LP00000218,L0000081,2026-05-30,2026-06-01,6010.73,6010.73,On Time,0
LP00000219,L0000081,2026-04-28,2026-05-02,6010.73,6010.73,On Time,0
LP00000220,L0000082,2026-06-28,2026-07-01,21671.4,21671.4,On Time,0
LP00000221,L0000082,2026-06-01,2026-06-01,21671.4,21671.4,On Time,0
LP00000222,L0000082,2026-04-28,2026-05-02,21671.4,21671.4,On Time,0
LP00000223,L0000083,2026-06-30,2026-07-01,15562.33,15562.33,On Time,0
LP00000224,L0000083,2026-05-28,2026-06-01,15562.33,15562.33,On Time,0
LP00000225,L0000083,2026-05-16,2026-05-02,15562.33,15562.33,Late,14
LP00000226,L0000084,2026-07-07,2026-07-01,10636.51,10636.51,Late,6
LP00000227,L0000084,2026-05-28,2026-06-01,10636.51,10636.51,On Time,0
LP00000228,L0000084,2026-04-30,2026-05-02,10636.51,10636.51,On Time,0
LP00000229,L0000085,2026-06-30,2026-07-01,7368.58,7368.58,On Time,0
LP00000230,L0000085,2026-05-28,2026-06-01,7368.58,7368.58,On Time,0
LP00000231,L0000085,2026-05-01,2026-05-02,7368.58,7368.58,On Time,0
LP00000232,L0000086,2026-06-27,2026-07-01,16138.51,16138.51,On Time,0
LP00000233,L0000086,2026-06-17,2026-06-01,16138.51,16138.51,Late,16
LP00000234,L0000086,2026-05-01,2026-05-02,16138.51,16138.51,On Time,0
LP00000235,L0000087,2026-06-29,2026-07-01,4500.33,4500.33,On Time,0
LP00000236,L0000087,2026-05-31,2026-06-01,4500.33,4500.33,On Time,0
LP00000237,L0000088,2026-07-29,2026-07-01,34422.41,0,Missed,60
LP00000238,L0000088,2026-06-12,2026-06-01,34422.41,34422.41,Late,11
LP00000239,L0000088,2026-05-01,2026-05-02,34422.41,34422.41,On Time,0
LP00000240,L0000089,2026-06-30,2026-07-01,9040.06,9040.06,On Time,0
LP00000241,L0000089,2026-05-29,2026-06-01,9040.06,9040.06,On Time,0
LP00000242,L0000089,2026-05-01,2026-05-02,9040.06,9040.06,On Time,0
LP00000243,L0000090,2026-06-28,2026-07-01,1862.39,1862.39,On Time,0
LP00000244,L0000090,2026-05-30,2026-06-01,1862.39,1862.39,On Time,0
LP00000245,L0000090,2026-05-30,2026-05-02,1862.39,0,Missed,45
LP00000246,L0000091,2026-07-12,2026-07-01,7089.81,7089.81,Late,11
LP00000247,L0000091,2026-06-29,2026-06-01,7089.81,0,Missed,45
LP00000248,L0000091,2026-04-28,2026-05-02,7089.81,7089.81,On Time,0
LP00000249,L0000093,2026-06-30,2026-07-01,22270.43,22270.43,On Time,0
LP00000250,L0000093,2026-05-31,2026-06-01,22270.43,22270.43,On Time,0
LP00000251,L0000093,2026-04-29,2026-05-02,22270.43,22270.43,On Time,0
LP00000252,L0000094,2026-06-30,2026-07-01,23681.89,23681.89,On Time,0
LP00000253,L0000094,2026-05-29,2026-06-01,23681.89,23681.89,On Time,0
LP00000254,L0000094,2026-04-30,2026-05-02,23681.89,23681.89,On Time,0
LP00000255,L0000095,2026-06-28,2026-07-01,8369.83,8369.83,On Time,0
LP00000256,L0000095,2026-05-31,2026-06-01,8369.83,8369.83,On Time,0
LP00000257,L0000095,2026-05-02,2026-05-02,8369.83,8369.83,On Time,0
LP00000258,L0000096,2026-07-01,2026-07-01,7514.8,7514.8,On Time,0
LP00000259,L0000096,2026-05-29,2026-06-01,7514.8,7514.8,On Time,0
LP00000260,L0000096,2026-05-12,2026-05-02,7514.8,4985.73,Partial,10
LP00000261,L0000097,2026-06-28,2026-07-01,22462.59,22462.59,On Time,0
LP00000262,L0000097,2026-05-28,2026-06-01,22462.59,22462.59,On Time,0
LP00000263,L0000097,2026-05-10,2026-05-02,22462.59,22462.59,Late,8
LP00000264,L0000098,2026-06-28,2026-07-01,11359.39,11359.39,On Time,0
LP00000265,L0000098,2026-05-29,2026-06-01,11359.39,11359.39,On Time,0
LP00000266,L0000098,2026-05-01,2026-05-02,11359.39,11359.39,On Time,0
LP00000267,L0000099,2026-06-27,2026-07-01,8056.73,8056.73,On Time,0
LP00000268,L0000099,2026-06-09,2026-06-01,8056.73,8056.73,Late,8
LP00000269,L0000099,2026-04-29,2026-05-02,8056.73,8056.73,On Time,0
LP00000270,L0000100,2026-07-29,2026-07-01,26716.23,0,Missed,60
LP00000271,L0000100,2026-05-30,2026-06-01,26716.23,26716.23,On Time,0
LP00000272,L0000100,2026-04-30,2026-05-02,26716.23,26716.23,On Time,0
LP00000273,L0000101,2026-06-27,2026-07-01,18078.57,18078.57,On Time,0
LP00000274,L0000101,2026-06-21,2026-06-01,18078.57,18078.57,Late,20
LP00000275,L0000101,2026-05-02,2026-05-02,18078.57,18078.57,On Time,0
LP00000276,L0000103,2026-06-29,2026-07-01,28158.93,28158.93,On Time,0
LP00000277,L0000103,2026-06-01,2026-06-01,28158.93,28158.93,On Time,0
LP00000278,L0000103,2026-04-29,2026-05-02,28158.93,28158.93,On Time,0
LP00000279,L0000104,2026-06-30,2026-07-01,5131.66,5131.66,On Time,0
LP00000280,L0000104,2026-05-30,2026-06-01,5131.66,5131.66,On Time,0
LP00000281,L0000104,2026-04-28,2026-05-02,5131.66,5131.66,On Time,0
LP00000282,L0000105,2026-07-03,2026-07-01,10892.0,9143.17,Partial,2
LP00000283,L0000105,2026-05-30,2026-06-01,10892.0,10892.0,On Time,0
LP00000284,L0000105,2026-04-29,2026-05-02,10892.0,10892.0,On Time,0
LP00000285,L0000106,2026-06-30,2026-07-01,18849.15,18849.15,On Time,0
LP00000286,L0000106,2026-05-30,2026-06-01,18849.15,18849.15,On Time,0
LP00000287,L0000106,2026-04-29,2026-05-02,18849.15,18849.15,On Time,0
LP00000288,L0000107,2026-06-28,2026-07-01,6080.89,6080.89,On Time,0
LP00000289,L0000107,2026-06-29,2026-06-01,6080.89,0,Missed,45
LP00000290,L0000108,2026-07-01,2026-07-01,19149.94,19149.94,On Time,0
LP00000291,L0000108,2026-05-28,2026-06-01,19149.94,19149.94,On Time,0
LP00000292,L0000108,2026-05-30,2026-05-02,19149.94,0,Missed,30
LP00000293,L0000109,2026-07-01,2026-07-01,21890.09,21890.09,On Time,0
LP00000294,L0000109,2026-06-01,2026-06-01,21890.09,21890.09,On Time,0
LP00000295,L0000109,2026-04-29,2026-05-02,21890.09,21890.09,On Time,0
LP00000296,L0000110,2026-06-28,2026-07-01,25098.2,25098.2,On Time,0
LP00000297,L0000110,2026-05-30,2026-06-01,25098.2,25098.2,On Time,0
LP00000298,L0000110,2026-04-29,2026-05-02,25098.2,25098.2,On Time,0
LP00000299,L0000111,2026-06-29,2026-07-01,452.66,452.66,On Time,0
LP00000300,L0000111,2026-06-11,2026-06-01,452.66,368.37,Partial,10
LP00000301,L0000111,2026-04-30,2026-05-02,452.66,452.66,On Time,0
LP00000302,L0000112,2026-06-28,2026-07-01,7987.19,7987.19,On Time,0
LP00000303,L0000112,2026-05-31,2026-06-01,7987.19,7987.19,On Time,0
LP00000304,L0000112,2026-04-30,2026-05-02,7987.19,7987.19,On Time,0
LP00000305,L0000113,2026-07-10,2026-07-01,12262.89,12262.89,Late,9
LP00000306,L0000113,2026-05-31,2026-06-01,12262.89,12262.89,On Time,0
LP00000307,L0000113,2026-05-02,2026-05-02,12262.89,12262.89,On Time,0
LP00000308,L0000114,2026-06-30,2026-07-01,6065.92,6065.92,On Time,0
LP00000309,L0000114,2026-05-31,2026-06-01,6065.92,6065.92,On Time,0
LP00000310,L0000114,2026-04-28,2026-05-02,6065.92,6065.92,On Time,0
LP00000311,L0000115,2026-06-28,2026-07-01,16464.51,16464.51,On Time,0
LP00000312,L0000115,2026-06-14,2026-06-01,16464.51,16464.51,Late,13
LP00000313,L0000116,2026-07-01,2026-07-01,10402.71,10402.71,On Time,0
LP00000314,L0000116,2026-05-30,2026-06-01,10402.71,10402.71,On Time,0
LP00000315,L0000116,2026-04-28,2026-05-02,10402.71,10402.71,On Time,0
LP00000316,L0000117,2026-07-01,2026-07-01,10707.37,10707.37,On Time,0
LP00000317,L0000117,2026-05-30,2026-06-01,10707.37,10707.37,On Time,0
LP00000318,L0000117,2026-05-11,2026-05-02,10707.37,7663.53,Partial,9
LP00000319,L0000118,2026-06-29,2026-07-01,8212.84,8212.84,On Time,0
LP00000320,L0000118,2026-05-31,2026-06-01,8212.84,8212.84,On Time,0
LP00000321,L0000119,2026-06-30,2026-07-01,25043.25,25043.25,On Time,0
LP00000322,L0000119,2026-05-31,2026-06-01,25043.25,25043.25,On Time,0
LP00000323,L0000119,2026-04-29,2026-05-02,25043.25,25043.25,On Time,0
LP00000324,L0000120,2026-07-29,2026-07-01,10712.55,0,Missed,45
LP00000325,L0000121,2026-07-01,2026-07-01,9001.79,9001.79,On Time,0
LP00000326,L0000121,2026-06-07,2026-06-01,9001.79,9001.79,Late,6
LP00000327,L0000121,2026-05-01,2026-05-02,9001.79,9001.79,On Time,0
LP00000328,L0000122,2026-06-29,2026-07-01,433.14,433.14,On Time,0
LP00000329,L0000122,2026-05-28,2026-06-01,433.14,433.14,On Time,0
LP00000330,L0000122,2026-05-02,2026-05-02,433.14,433.14,On Time,0
LP00000331,L0000123,2026-07-01,2026-07-01,10585.56,10585.56,On Time,0
LP00000332,L0000123,2026-06-29,2026-06-01,10585.56,0,Missed,45
LP00000333,L0000124,2026-06-28,2026-07-01,21432.64,21432.64,On Time,0
LP00000334,L0000125,2026-06-30,2026-07-01,5334.91,5334.91,On Time,0
LP00000335,L0000125,2026-05-28,2026-06-01,5334.91,5334.91,On Time,0
LP00000336,L0000125,2026-04-30,2026-05-02,5334.91,5334.91,On Time,0
LP00000337,L0000126,2026-07-08,2026-07-01,21445.74,21445.74,Late,7
LP00000338,L0000126,2026-06-01,2026-06-01,21445.74,21445.74,On Time,0
LP00000339,L0000126,2026-05-01,2026-05-02,21445.74,21445.74,On Time,0
LP00000340,L0000127,2026-07-01,2026-07-01,13882.65,13882.65,On Time,0
LP00000341,L0000127,2026-05-31,2026-06-01,13882.65,13882.65,On Time,0
LP00000342,L0000127,2026-05-02,2026-05-02,13882.65,13882.65,On Time,0
LP00000343,L0000128,2026-07-17,2026-07-01,14536.56,14536.56,Late,16
LP00000344,L0000128,2026-05-31,2026-06-01,14536.56,14536.56,On Time,0
LP00000345,L0000128,2026-04-28,2026-05-02,14536.56,14536.56,On Time,0
LP00000346,L0000129,2026-07-01,2026-07-01,1912.39,1912.39,On Time,0
LP00000347,L0000129,2026-06-29,2026-06-01,1912.39,0,Missed,45
LP00000348,L0000129,2026-04-30,2026-05-02,1912.39,1912.39,On Time,0
LP00000349,L0000130,2026-06-27,2026-07-01,5713.01,5713.01,On Time,0
LP00000350,L0000130,2026-05-30,2026-06-01,5713.01,5713.01,On Time,0
LP00000351,L0000130,2026-05-02,2026-05-02,5713.01,5713.01,On Time,0
LP00000352,L0000131,2026-06-30,2026-07-01,3754.9,3754.9,On Time,0
LP00000353,L0000131,2026-05-29,2026-06-01,3754.9,3754.9,On Time,0
LP00000354,L0000131,2026-04-30,2026-05-02,3754.9,3754.9,On Time,0
LP00000355,L0000132,2026-07-01,2026-07-01,5670.84,5670.84,On Time,0
LP00000356,L0000132,2026-05-28,2026-06-01,5670.84,5670.84,On Time,0
LP00000357,L0000132,2026-04-28,2026-05-02,5670.84,5670.84,On Time,0
LP00000358,L0000133,2026-07-01,2026-07-01,5057.6,5057.6,On Time,0
LP00000359,L0000133,2026-06-14,2026-06-01,5057.6,5057.6,Late,13
LP00000360,L0000133,2026-05-01,2026-05-02,5057.6,5057.6,On Time,0
LP00000361,L0000134,2026-07-29,2026-07-01,7725.96,0,Missed,60
LP00000362,L0000134,2026-05-28,2026-06-01,7725.96,7725.96,On Time,0
LP00000363,L0000134,2026-04-29,2026-05-02,7725.96,7725.96,On Time,0
LP00000364,L0000135,2026-06-30,2026-07-01,1448.59,1448.59,On Time,0
LP00000365,L0000135,2026-05-29,2026-06-01,1448.59,1448.59,On Time,0
LP00000366,L0000135,2026-04-29,2026-05-02,1448.59,1448.59,On Time,0
LP00000367,L0000136,2026-07-29,2026-07-01,14296.53,0,Missed,60
LP00000368,L0000136,2026-06-16,2026-06-01,14296.53,11296.42,Partial,15
LP00000369,L0000136,2026-04-29,2026-05-02,14296.53,14296.53,On Time,0
LP00000370,L0000137,2026-07-01,2026-07-01,6238.4,6238.4,On Time,0
LP00000371,L0000137,2026-06-29,2026-06-01,6238.4,0,Missed,45
LP00000372,L0000137,2026-05-07,2026-05-02,6238.4,5459.0,Partial,5
LP00000373,L0000138,2026-07-29,2026-07-01,9082.88,0,Missed,30
LP00000374,L0000138,2026-06-29,2026-06-01,9082.88,0,Missed,45
LP00000375,L0000138,2026-05-30,2026-05-02,9082.88,0,Missed,60
LP00000376,L0000139,2026-06-29,2026-07-01,3522.13,3522.13,On Time,0
LP00000377,L0000139,2026-05-28,2026-06-01,3522.13,3522.13,On Time,0
LP00000378,L0000139,2026-04-29,2026-05-02,3522.13,3522.13,On Time,0
LP00000379,L0000140,2026-07-01,2026-07-01,7043.84,7043.84,On Time,0
LP00000380,L0000140,2026-06-29,2026-06-01,7043.84,0,Missed,45
LP00000381,L0000140,2026-04-29,2026-05-02,7043.84,7043.84,On Time,0
LP00000382,L0000141,2026-06-27,2026-07-01,17077.01,17077.01,On Time,0
LP00000383,L0000141,2026-05-31,2026-06-01,17077.01,17077.01,On Time,0
LP00000384,L0000142,2026-06-27,2026-07-01,12719.27,12719.27,On Time,0
LP00000385,L0000142,2026-06-11,2026-06-01,12719.27,12719.27,Late,10
LP00000386,L0000142,2026-04-29,2026-05-02,12719.27,12719.27,On Time,0
LP00000387,L0000143,2026-06-27,2026-07-01,8141.51,8141.51,On Time,0
LP00000388,L0000143,2026-06-29,2026-06-01,8141.51,0,Missed,30
LP00000389,L0000143,2026-05-02,2026-05-02,8141.51,8141.51,On Time,0
LP00000390,L0000144,2026-07-01,2026-07-01,5427.45,5427.45,On Time,0
LP00000391,L0000144,2026-06-17,2026-06-01,5427.45,3300.81,Partial,16
LP00000392,L0000144,2026-04-30,2026-05-02,5427.45,5427.45,On Time,0
LP00000393,L0000145,2026-07-09,2026-07-01,4608.6,3837.58,Partial,8
LP00000394,L0000145,2026-05-29,2026-06-01,4608.6,4608.6,On Time,0
LP00000395,L0000145,2026-04-28,2026-05-02,4608.6,4608.6,On Time,0
LP00000396,L0000146,2026-06-28,2026-07-01,12267.79,12267.79,On Time,0
LP00000397,L0000146,2026-06-16,2026-06-01,12267.79,12267.79,Late,15
LP00000398,L0000146,2026-04-29,2026-05-02,12267.79,12267.79,On Time,0
LP00000399,L0000147,2026-06-30,2026-07-01,7475.62,7475.62,On Time,0
LP00000400,L0000147,2026-05-31,2026-06-01,7475.62,7475.62,On Time,0
LP00000401,L0000147,2026-05-30,2026-05-02,7475.62,0,Missed,45
LP00000402,L0000148,2026-06-27,2026-07-01,14890.26,14890.26,On Time,0
LP00000403,L0000148,2026-05-28,2026-06-01,14890.26,14890.26,On Time,0
LP00000404,L0000148,2026-04-30,2026-05-02,14890.26,14890.26,On Time,0
LP00000405,L0000149,2026-06-29,2026-07-01,23420.16,23420.16,On Time,0
LP00000406,L0000149,2026-05-31,2026-06-01,23420.16,23420.16,On Time,0
LP00000407,L0000149,2026-05-30,2026-05-02,23420.16,0,Missed,30
LP00000408,L0000150,2026-06-28,2026-07-01,8849.26,8849.26,On Time,0
LP00000409,L0000150,2026-05-31,2026-06-01,8849.26,8849.26,On Time,0
LP00000410,L0000150,2026-04-29,2026-05-02,8849.26,8849.26,On Time,0
LP00000411,L0000151,2026-06-27,2026-07-01,9439.05,9439.05,On Time,0
LP00000412,L0000151,2026-06-01,2026-06-01,9439.05,9439.05,On Time,0
LP00000413,L0000151,2026-05-01,2026-05-02,9439.05,9439.05,On Time,0
LP00000414,L0000152,2026-06-30,2026-07-01,12492.68,12492.68,On Time,0
LP00000415,L0000152,2026-05-28,2026-06-01,12492.68,12492.68,On Time,0
LP00000416,L0000152,2026-04-28,2026-05-02,12492.68,12492.68,On Time,0
LP00000417,L0000153,2026-06-28,2026-07-01,32348.85,32348.85,On Time,0
LP00000418,L0000153,2026-06-01,2026-06-01,32348.85,32348.85,On Time,0
LP00000419,L0000153,2026-04-30,2026-05-02,32348.85,32348.85,On Time,0
LP00000420,L0000155,2026-07-09,2026-07-01,8335.16,8335.16,Late,8
LP00000421,L0000155,2026-05-29,2026-06-01,8335.16,8335.16,On Time,0
LP00000422,L0000155,2026-05-30,2026-05-02,8335.16,0,Missed,30
LP00000423,L0000156,2026-06-29,2026-07-01,27617.85,27617.85,On Time,0
LP00000424,L0000156,2026-06-03,2026-06-01,27617.85,27617.85,Late,2
LP00000425,L0000156,2026-04-29,2026-05-02,27617.85,27617.85,On Time,0
LP00000426,L0000157,2026-06-30,2026-07-01,2731.95,2731.95,On Time,0
LP00000427,L0000157,2026-05-29,2026-06-01,2731.95,2731.95,On Time,0
LP00000428,L0000157,2026-05-01,2026-05-02,2731.95,2731.95,On Time,0
LP00000429,L0000158,2026-07-16,2026-07-01,11173.69,5808.03,Partial,15
LP00000430,L0000158,2026-06-01,2026-06-01,11173.69,11173.69,On Time,0
LP00000431,L0000158,2026-05-30,2026-05-02,11173.69,0,Missed,30
LP00000432,L0000159,2026-06-29,2026-07-01,12565.46,12565.46,On Time,0
LP00000433,L0000159,2026-05-30,2026-06-01,12565.46,12565.46,On Time,0
LP00000434,L0000160,2026-06-30,2026-07-01,5259.62,5259.62,On Time,0
LP00000435,L0000160,2026-05-28,2026-06-01,5259.62,5259.62,On Time,0
LP00000436,L0000160,2026-05-01,2026-05-02,5259.62,5259.62,On Time,0
LP00000437,L0000161,2026-06-27,2026-07-01,8433.38,8433.38,On Time,0
LP00000438,L0000161,2026-06-01,2026-06-01,8433.38,8433.38,On Time,0
LP00000439,L0000161,2026-05-30,2026-05-02,8433.38,0,Missed,45
LP00000440,L0000162,2026-07-29,2026-07-01,9133.02,0,Missed,30
LP00000441,L0000162,2026-05-29,2026-06-01,9133.02,9133.02,On Time,0
LP00000442,L0000162,2026-04-30,2026-05-02,9133.02,9133.02,On Time,0
LP00000443,L0000163,2026-06-30,2026-07-01,6280.17,6280.17,On Time,0
LP00000444,L0000163,2026-06-05,2026-06-01,6280.17,5546.85,Partial,4
LP00000445,L0000163,2026-04-28,2026-05-02,6280.17,6280.17,On Time,0
LP00000446,L0000164,2026-06-30,2026-07-01,433.19,433.19,On Time,0
LP00000447,L0000164,2026-06-29,2026-06-01,433.19,0,Missed,60
LP00000448,L0000164,2026-05-18,2026-05-02,433.19,433.19,Late,16
LP00000449,L0000165,2026-07-29,2026-07-01,6032.96,0,Missed,60
LP00000450,L0000165,2026-05-29,2026-06-01,6032.96,6032.96,On Time,0
LP00000451,L0000165,2026-05-01,2026-05-02,6032.96,6032.96,On Time,0
LP00000452,L0000166,2026-06-28,2026-07-01,6601.4,6601.4,On Time,0
LP00000453,L0000166,2026-06-14,2026-06-01,6601.4,6601.4,Late,13
LP00000454,L0000166,2026-04-29,2026-05-02,6601.4,6601.4,On Time,0
LP00000455,L0000167,2026-06-30,2026-07-01,1663.14,1663.14,On Time,0
LP00000456,L0000167,2026-05-30,2026-06-01,1663.14,1663.14,On Time,0
LP00000457,L0000167,2026-04-30,2026-05-02,1663.14,1663.14,On Time,0
LP00000458,L0000168,2026-06-29,2026-07-01,11707.26,11707.26,On Time,0
LP00000459,L0000168,2026-06-29,2026-06-01,11707.26,0,Missed,45
LP00000460,L0000168,2026-04-28,2026-05-02,11707.26,11707.26,On Time,0
LP00000461,L0000169,2026-06-28,2026-07-01,5692.41,5692.41,On Time,0
LP00000462,L0000169,2026-05-29,2026-06-01,5692.41,5692.41,On Time,0
LP00000463,L0000169,2026-05-30,2026-05-02,5692.41,0,Missed,45
LP00000464,L0000170,2026-06-27,2026-07-01,6926.11,6926.11,On Time,0
LP00000465,L0000170,2026-06-01,2026-06-01,6926.11,6926.11,On Time,0
LP00000466,L0000170,2026-04-28,2026-05-02,6926.11,6926.11,On Time,0
LP00000467,L0000171,2026-06-28,2026-07-01,1857.22,1857.22,On Time,0
LP00000468,L0000171,2026-05-29,2026-06-01,1857.22,1857.22,On Time,0
LP00000469,L0000171,2026-04-29,2026-05-02,1857.22,1857.22,On Time,0
LP00000470,L0000172,2026-06-30,2026-07-01,11125.12,11125.12,On Time,0
LP00000471,L0000172,2026-05-28,2026-06-01,11125.12,11125.12,On Time,0
LP00000472,L0000172,2026-04-28,2026-05-02,11125.12,11125.12,On Time,0
LP00000473,L0000173,2026-06-29,2026-07-01,1828.5,1828.5,On Time,0
LP00000474,L0000173,2026-06-29,2026-06-01,1828.5,0,Missed,45
LP00000475,L0000173,2026-04-29,2026-05-02,1828.5,1828.5,On Time,0
LP00000476,L0000174,2026-06-28,2026-07-01,26247.56,26247.56,On Time,0
LP00000477,L0000174,2026-05-31,2026-06-01,26247.56,26247.56,On Time,0
LP00000478,L0000174,2026-04-30,2026-05-02,26247.56,26247.56,On Time,0
LP00000479,L0000175,2026-06-29,2026-07-01,10334.16,10334.16,On Time,0
LP00000480,L0000175,2026-05-31,2026-06-01,10334.16,10334.16,On Time,0
LP00000481,L0000175,2026-04-28,2026-05-02,10334.16,10334.16,On Time,0
LP00000482,L0000176,2026-07-12,2026-07-01,9216.64,9216.64,Late,11
LP00000483,L0000176,2026-05-31,2026-06-01,9216.64,9216.64,On Time,0
LP00000484,L0000176,2026-04-28,2026-05-02,9216.64,9216.64,On Time,0
LP00000485,L0000177,2026-07-29,2026-07-01,308.58,0,Missed,30
LP00000486,L0000177,2026-06-16,2026-06-01,308.58,200.14,Partial,15
LP00000487,L0000177,2026-04-29,2026-05-02,308.58,308.58,On Time,0
LP00000488,L0000178,2026-06-28,2026-07-01,4935.49,4935.49,On Time,0
LP00000489,L0000178,2026-05-30,2026-06-01,4935.49,4935.49,On Time,0
LP00000490,L0000178,2026-04-29,2026-05-02,4935.49,4935.49,On Time,0
LP00000491,L0000179,2026-06-30,2026-07-01,13636.44,13636.44,On Time,0
LP00000492,L0000179,2026-05-28,2026-06-01,13636.44,13636.44,On Time,0
LP00000493,L0000179,2026-04-29,2026-05-02,13636.44,13636.44,On Time,0
LP00000494,L0000180,2026-06-27,2026-07-01,4788.01,4788.01,On Time,0
LP00000495,L0000180,2026-05-30,2026-06-01,4788.01,4788.01,On Time,0
LP00000496,L0000180,2026-05-01,2026-05-02,4788.01,4788.01,On Time,0
LP00000497,L0000181,2026-06-29,2026-07-01,6851.02,6851.02,On Time,0
LP00000498,L0000181,2026-06-01,2026-06-01,6851.02,6851.02,On Time,0
LP00000499,L0000181,2026-05-01,2026-05-02,6851.02,6851.02,On Time,0
LP00000500,L0000182,2026-06-30,2026-07-01,11137.23,11137.23,On Time,0
LP00000501,L0000182,2026-06-01,2026-06-01,11137.23,11137.23,On Time,0
LP00000502,L0000182,2026-05-02,2026-05-02,11137.23,11137.23,On Time,0
LP00000503,L0000183,2026-06-28,2026-07-01,14931.12,14931.12,On Time,0
LP00000504,L0000183,2026-06-01,2026-06-01,14931.12,14931.12,On Time,0
LP00000505,L0000184,2026-07-20,2026-07-01,16756.64,16756.64,Late,19
LP00000506,L0000184,2026-05-30,2026-06-01,16756.64,16756.64,On Time,0
LP00000507,L0000184,2026-05-16,2026-05-02,16756.64,16756.64,Late,14
LP00000508,L0000185,2026-06-28,2026-07-01,9635.57,9635.57,On Time,0
LP00000509,L0000185,2026-05-31,2026-06-01,9635.57,9635.57,On Time,0
LP00000510,L0000185,2026-04-29,2026-05-02,9635.57,9635.57,On Time,0
LP00000511,L0000186,2026-07-01,2026-07-01,8559.28,8559.28,On Time,0
LP00000512,L0000186,2026-06-12,2026-06-01,8559.28,8559.28,Late,11
LP00000513,L0000186,2026-04-29,2026-05-02,8559.28,8559.28,On Time,0
LP00000514,L0000187,2026-07-08,2026-07-01,15192.55,15192.55,Late,7
LP00000515,L0000187,2026-05-28,2026-06-01,15192.55,15192.55,On Time,0
LP00000516,L0000187,2026-05-01,2026-05-02,15192.55,15192.55,On Time,0
LP00000517,L0000188,2026-06-29,2026-07-01,11535.4,11535.4,On Time,0
LP00000518,L0000189,2026-07-01,2026-07-01,13433.53,13433.53,On Time,0
LP00000519,L0000189,2026-06-01,2026-06-01,13433.53,13433.53,On Time,0
LP00000520,L0000189,2026-04-28,2026-05-02,13433.53,13433.53,On Time,0
LP00000521,L0000190,2026-07-01,2026-07-01,9203.72,9203.72,On Time,0
LP00000522,L0000190,2026-06-05,2026-06-01,9203.72,9203.72,Late,4
LP00000523,L0000190,2026-05-01,2026-05-02,9203.72,9203.72,On Time,0
LP00000524,L0000191,2026-07-09,2026-07-01,8006.05,8006.05,Late,8
LP00000525,L0000191,2026-05-31,2026-06-01,8006.05,8006.05,On Time,0
LP00000526,L0000191,2026-05-01,2026-05-02,8006.05,8006.05,On Time,0
LP00000527,L0000192,2026-06-29,2026-07-01,17854.66,17854.66,On Time,0
LP00000528,L0000192,2026-06-13,2026-06-01,17854.66,13608.53,Partial,12
LP00000529,L0000192,2026-05-19,2026-05-02,17854.66,17854.66,Late,17
LP00000530,L0000193,2026-06-30,2026-07-01,10476.78,10476.78,On Time,0
LP00000531,L0000193,2026-05-30,2026-06-01,10476.78,10476.78,On Time,0
LP00000532,L0000193,2026-05-01,2026-05-02,10476.78,10476.78,On Time,0
LP00000533,L0000194,2026-07-01,2026-07-01,4183.04,4183.04,On Time,0
LP00000534,L0000194,2026-05-30,2026-06-01,4183.04,4183.04,On Time,0
LP00000535,L0000194,2026-05-11,2026-05-02,4183.04,4183.04,Late,9
LP00000536,L0000196,2026-06-27,2026-07-01,2760.62,2760.62,On Time,0
LP00000537,L0000196,2026-05-30,2026-06-01,2760.62,2760.62,On Time,0
LP00000538,L0000196,2026-04-28,2026-05-02,2760.62,2760.62,On Time,0
LP00000539,L0000197,2026-07-18,2026-07-01,4967.09,4463.55,Partial,17
LP00000540,L0000197,2026-05-30,2026-06-01,4967.09,4967.09,On Time,0
LP00000541,L0000197,2026-05-02,2026-05-02,4967.09,4967.09,On Time,0
LP00000542,L0000198,2026-06-27,2026-07-01,9040.68,9040.68,On Time,0
LP00000543,L0000198,2026-06-01,2026-06-01,9040.68,9040.68,On Time,0
LP00000544,L0000198,2026-04-29,2026-05-02,9040.68,9040.68,On Time,0
LP00000545,L0000199,2026-06-30,2026-07-01,2070.44,2070.44,On Time,0
LP00000546,L0000199,2026-05-31,2026-06-01,2070.44,2070.44,On Time,0
LP00000547,L0000199,2026-04-30,2026-05-02,2070.44,2070.44,On Time,0
LP00000548,L0000200,2026-07-01,2026-07-01,2866.13,2866.13,On Time,0
LP00000549,L0000200,2026-05-29,2026-06-01,2866.13,2866.13,On Time,0
LP00000550,L0000200,2026-04-28,2026-05-02,2866.13,2866.13,On Time,0
LP00000551,L0000201,2026-07-01,2026-07-01,1660.34,1660.34,On Time,0
LP00000552,L0000201,2026-06-29,2026-06-01,1660.34,0,Missed,30
LP00000553,L0000201,2026-04-28,2026-05-02,1660.34,1660.34,On Time,0
LP00000554,L0000202,2026-07-01,2026-07-01,10844.96,10844.96,On Time,0
LP00000555,L0000202,2026-05-28,2026-06-01,10844.96,10844.96,On Time,0
LP00000556,L0000202,2026-04-29,2026-05-02,10844.96,10844.96,On Time,0
LP00000557,L0000204,2026-06-28,2026-07-01,5450.61,5450.61,On Time,0
LP00000558,L0000204,2026-05-30,2026-06-01,5450.61,5450.61,On Time,0
LP00000559,L0000204,2026-04-28,2026-05-02,5450.61,5450.61,On Time,0
LP00000560,L0000205,2026-07-01,2026-07-01,10634.85,10634.85,On Time,0
LP00000561,L0000205,2026-05-29,2026-06-01,10634.85,10634.85,On Time,0
LP00000562,L0000205,2026-04-30,2026-05-02,10634.85,10634.85,On Time,0
LP00000563,L0000206,2026-06-29,2026-07-01,5826.1,5826.1,On Time,0
LP00000564,L0000206,2026-06-29,2026-06-01,5826.1,0,Missed,30
LP00000565,L0000206,2026-04-28,2026-05-02,5826.1,5826.1,On Time,0
LP00000566,L0000207,2026-06-28,2026-07-01,7109.64,7109.64,On Time,0
LP00000567,L0000207,2026-05-28,2026-06-01,7109.64,7109.64,On Time,0
LP00000568,L0000207,2026-04-28,2026-05-02,7109.64,7109.64,On Time,0
LP00000569,L0000208,2026-06-29,2026-07-01,2186.87,2186.87,On Time,0
LP00000570,L0000208,2026-05-30,2026-06-01,2186.87,2186.87,On Time,0
LP00000571,L0000208,2026-05-30,2026-05-02,2186.87,0,Missed,45
LP00000572,L0000209,2026-06-27,2026-07-01,16121.02,16121.02,On Time,0
LP00000573,L0000209,2026-05-30,2026-06-01,16121.02,16121.02,On Time,0
LP00000574,L0000209,2026-04-28,2026-05-02,16121.02,16121.02,On Time,0
LP00000575,L0000210,2026-06-27,2026-07-01,12424.63,12424.63,On Time,0
LP00000576,L0000210,2026-05-29,2026-06-01,12424.63,12424.63,On Time,0
LP00000577,L0000210,2026-04-30,2026-05-02,12424.63,12424.63,On Time,0
LP00000578,L0000211,2026-06-29,2026-07-01,11447.82,11447.82,On Time,0
LP00000579,L0000211,2026-05-31,2026-06-01,11447.82,11447.82,On Time,0
LP00000580,L0000211,2026-05-30,2026-05-02,11447.82,0,Missed,60
LP00000581,L0000212,2026-06-29,2026-07-01,5751.42,5751.42,On Time,0
LP00000582,L0000212,2026-06-01,2026-06-01,5751.42,5751.42,On Time,0
LP00000583,L0000212,2026-05-30,2026-05-02,5751.42,0,Missed,30
LP00000584,L0000213,2026-06-28,2026-07-01,3581.36,3581.36,On Time,0
LP00000585,L0000213,2026-05-31,2026-06-01,3581.36,3581.36,On Time,0
LP00000586,L0000213,2026-04-28,2026-05-02,3581.36,3581.36,On Time,0
LP00000587,L0000215,2026-07-29,2026-07-01,17490.23,0,Missed,30
LP00000588,L0000215,2026-05-28,2026-06-01,17490.23,17490.23,On Time,0
LP00000589,L0000215,2026-05-30,2026-05-02,17490.23,0,Missed,60
LP00000590,L0000216,2026-06-29,2026-07-01,21495.4,21495.4,On Time,0
LP00000591,L0000216,2026-05-28,2026-06-01,21495.4,21495.4,On Time,0
LP00000592,L0000216,2026-05-30,2026-05-02,21495.4,0,Missed,45
LP00000593,L0000217,2026-07-20,2026-07-01,4900.37,4900.37,Late,19
LP00000594,L0000217,2026-06-29,2026-06-01,4900.37,0,Missed,60
LP00000595,L0000217,2026-05-01,2026-05-02,4900.37,4900.37,On Time,0
LP00000596,L0000218,2026-06-28,2026-07-01,17019.43,17019.43,On Time,0
LP00000597,L0000218,2026-05-31,2026-06-01,17019.43,17019.43,On Time,0
LP00000598,L0000218,2026-05-01,2026-05-02,17019.43,17019.43,On Time,0
LP00000599,L0000219,2026-06-28,2026-07-01,10029.98,10029.98,On Time,0
LP00000600,L0000219,2026-05-28,2026-06-01,10029.98,10029.98,On Time,0
LP00000601,L0000219,2026-05-30,2026-05-02,10029.98,0,Missed,30
LP00000602,L0000220,2026-06-28,2026-07-01,3535.02,3535.02,On Time,0
LP00000603,L0000220,2026-05-28,2026-06-01,3535.02,3535.02,On Time,0
LP00000604,L0000220,2026-05-01,2026-05-02,3535.02,3535.02,On Time,0
LP00000605,L0000221,2026-06-27,2026-07-01,18747.82,18747.82,On Time,0
LP00000606,L0000221,2026-05-28,2026-06-01,18747.82,18747.82,On Time,0
LP00000607,L0000221,2026-04-28,2026-05-02,18747.82,18747.82,On Time,0
LP00000608,L0000222,2026-06-29,2026-07-01,29022.24,29022.24,On Time,0
LP00000609,L0000222,2026-06-29,2026-06-01,29022.24,0,Missed,30
LP00000610,L0000223,2026-07-29,2026-07-01,10777.07,0,Missed,60
LP00000611,L0000223,2026-05-31,2026-06-01,10777.07,10777.07,On Time,0
LP00000612,L0000223,2026-05-30,2026-05-02,10777.07,0,Missed,45
LP00000613,L0000224,2026-07-06,2026-07-01,9403.53,9403.53,Late,5
LP00000614,L0000224,2026-05-31,2026-06-01,9403.53,9403.53,On Time,0
LP00000615,L0000224,2026-04-29,2026-05-02,9403.53,9403.53,On Time,0
LP00000616,L0000225,2026-07-01,2026-07-01,1398.02,1398.02,On Time,0
LP00000617,L0000225,2026-06-01,2026-06-01,1398.02,1398.02,On Time,0
LP00000618,L0000225,2026-04-29,2026-05-02,1398.02,1398.02,On Time,0
LP00000619,L0000226,2026-06-28,2026-07-01,9089.76,9089.76,On Time,0
LP00000620,L0000226,2026-05-28,2026-06-01,9089.76,9089.76,On Time,0
LP00000621,L0000226,2026-04-28,2026-05-02,9089.76,9089.76,On Time,0
LP00000622,L0000227,2026-06-28,2026-07-01,10934.38,10934.38,On Time,0
LP00000623,L0000227,2026-06-29,2026-06-01,10934.38,0,Missed,45
LP00000624,L0000227,2026-05-02,2026-05-02,10934.38,10934.38,On Time,0
LP00000625,L0000228,2026-06-29,2026-07-01,15877.39,15877.39,On Time,0
LP00000626,L0000228,2026-06-29,2026-06-01,15877.39,0,Missed,30
LP00000627,L0000228,2026-04-29,2026-05-02,15877.39,15877.39,On Time,0
LP00000628,L0000230,2026-06-29,2026-07-01,25733.14,25733.14,On Time,0
LP00000629,L0000230,2026-05-28,2026-06-01,25733.14,25733.14,On Time,0
LP00000630,L0000230,2026-05-01,2026-05-02,25733.14,25733.14,On Time,0
LP00000631,L0000231,2026-06-28,2026-07-01,11896.22,11896.22,On Time,0
LP00000632,L0000231,2026-05-30,2026-06-01,11896.22,11896.22,On Time,0
LP00000633,L0000232,2026-06-29,2026-07-01,13503.01,13503.01,On Time,0
LP00000634,L0000233,2026-06-27,2026-07-01,5280.53,5280.53,On Time,0
LP00000635,L0000233,2026-06-29,2026-06-01,5280.53,0,Missed,60
LP00000636,L0000233,2026-04-29,2026-05-02,5280.53,5280.53,On Time,0
LP00000637,L0000234,2026-06-28,2026-07-01,1174.73,1174.73,On Time,0
LP00000638,L0000234,2026-06-01,2026-06-01,1174.73,1174.73,On Time,0
LP00000639,L0000234,2026-04-30,2026-05-02,1174.73,1174.73,On Time,0
LP00000640,L0000235,2026-07-14,2026-07-01,4155.25,4155.25,Late,13
LP00000641,L0000235,2026-06-08,2026-06-01,4155.25,4155.25,Late,7
LP00000642,L0000236,2026-06-28,2026-07-01,21596.42,21596.42,On Time,0
LP00000643,L0000236,2026-05-28,2026-06-01,21596.42,21596.42,On Time,0
LP00000644,L0000236,2026-05-01,2026-05-02,21596.42,21596.42,On Time,0
LP00000645,L0000237,2026-06-28,2026-07-01,7454.36,7454.36,On Time,0
LP00000646,L0000237,2026-06-01,2026-06-01,7454.36,7454.36,On Time,0
LP00000647,L0000237,2026-04-30,2026-05-02,7454.36,7454.36,On Time,0
LP00000648,L0000238,2026-06-27,2026-07-01,8035.6,8035.6,On Time,0
LP00000649,L0000238,2026-05-29,2026-06-01,8035.6,8035.6,On Time,0
LP00000650,L0000238,2026-05-02,2026-05-02,8035.6,8035.6,On Time,0
LP00000651,L0000239,2026-07-18,2026-07-01,18824.97,18824.97,Late,17
LP00000652,L0000239,2026-05-28,2026-06-01,18824.97,18824.97,On Time,0
LP00000653,L0000239,2026-05-30,2026-05-02,18824.97,0,Missed,45
LP00000654,L0000240,2026-06-29,2026-07-01,13532.9,13532.9,On Time,0
LP00000655,L0000240,2026-06-29,2026-06-01,13532.9,0,Missed,30
LP00000656,L0000240,2026-04-29,2026-05-02,13532.9,13532.9,On Time,0
LP00000657,L0000241,2026-06-27,2026-07-01,1224.48,1224.48,On Time,0
LP00000658,L0000241,2026-06-17,2026-06-01,1224.48,1056.92,Partial,16
LP00000659,L0000241,2026-04-28,2026-05-02,1224.48,1224.48,On Time,0
LP00000660,L0000242,2026-06-30,2026-07-01,11212.98,11212.98,On Time,0
LP00000661,L0000242,2026-05-29,2026-06-01,11212.98,11212.98,On Time,0
LP00000662,L0000242,2026-05-30,2026-05-02,11212.98,0,Missed,30
LP00000663,L0000243,2026-06-30,2026-07-01,304.94,304.94,On Time,0
LP00000664,L0000243,2026-06-08,2026-06-01,304.94,304.94,Late,7
LP00000665,L0000243,2026-05-01,2026-05-02,304.94,304.94,On Time,0
LP00000666,L0000244,2026-06-27,2026-07-01,12320.34,12320.34,On Time,0
LP00000667,L0000244,2026-06-01,2026-06-01,12320.34,12320.34,On Time,0
LP00000668,L0000244,2026-05-11,2026-05-02,12320.34,12320.34,Late,9
LP00000669,L0000245,2026-07-01,2026-07-01,12209.24,12209.24,On Time,0
LP00000670,L0000245,2026-06-01,2026-06-01,12209.24,12209.24,On Time,0
LP00000671,L0000245,2026-04-30,2026-05-02,12209.24,12209.24,On Time,0
LP00000672,L0000246,2026-06-27,2026-07-01,8490.99,8490.99,On Time,0
LP00000673,L0000246,2026-05-28,2026-06-01,8490.99,8490.99,On Time,0
LP00000674,L0000246,2026-05-01,2026-05-02,8490.99,8490.99,On Time,0
LP00000675,L0000247,2026-06-27,2026-07-01,1963.55,1963.55,On Time,0
LP00000676,L0000247,2026-06-01,2026-06-01,1963.55,1963.55,On Time,0
LP00000677,L0000247,2026-04-30,2026-05-02,1963.55,1963.55,On Time,0
LP00000678,L0000248,2026-07-29,2026-07-01,17162.37,0,Missed,60
LP00000679,L0000248,2026-06-29,2026-06-01,17162.37,0,Missed,60
LP00000680,L0000248,2026-04-30,2026-05-02,17162.37,17162.37,On Time,0
LP00000681,L0000249,2026-07-03,2026-07-01,13159.39,8496.94,Partial,2
LP00000682,L0000249,2026-05-30,2026-06-01,13159.39,13159.39,On Time,0
LP00000683,L0000249,2026-05-02,2026-05-02,13159.39,13159.39,On Time,0
LP00000684,L0000250,2026-06-28,2026-07-01,16932.71,16932.71,On Time,0
LP00000685,L0000250,2026-05-31,2026-06-01,16932.71,16932.71,On Time,0
LP00000686,L0000250,2026-04-30,2026-05-02,16932.71,16932.71,On Time,0
LP00000687,L0000251,2026-06-30,2026-07-01,9824.65,9824.65,On Time,0
LP00000688,L0000251,2026-05-30,2026-06-01,9824.65,9824.65,On Time,0
LP00000689,L0000251,2026-05-07,2026-05-02,9824.65,9824.65,Late,5
LP00000690,L0000252,2026-06-27,2026-07-01,24697.91,24697.91,On Time,0
LP00000691,L0000253,2026-06-29,2026-07-01,22261.19,22261.19,On Time,0
LP00000692,L0000253,2026-05-31,2026-06-01,22261.19,22261.19,On Time,0
LP00000693,L0000253,2026-05-06,2026-05-02,22261.19,22261.19,Late,4
LP00000694,L0000254,2026-06-27,2026-07-01,17237.85,17237.85,On Time,0
LP00000695,L0000254,2026-05-31,2026-06-01,17237.85,17237.85,On Time,0
LP00000696,L0000254,2026-04-28,2026-05-02,17237.85,17237.85,On Time,0
LP00000697,L0000255,2026-06-29,2026-07-01,9777.21,9777.21,On Time,0
LP00000698,L0000255,2026-05-31,2026-06-01,9777.21,9777.21,On Time,0
LP00000699,L0000255,2026-04-29,2026-05-02,9777.21,9777.21,On Time,0
LP00000700,L0000256,2026-07-06,2026-07-01,46987.67,26779.13,Partial,5
LP00000701,L0000256,2026-05-28,2026-06-01,46987.67,46987.67,On Time,0
LP00000702,L0000256,2026-04-28,2026-05-02,46987.67,46987.67,On Time,0
LP00000703,L0000257,2026-06-27,2026-07-01,7739.37,7739.37,On Time,0
LP00000704,L0000257,2026-05-28,2026-06-01,7739.37,7739.37,On Time,0
LP00000705,L0000257,2026-05-04,2026-05-02,7739.37,7739.37,Late,2
LP00000706,L0000258,2026-07-01,2026-07-01,18847.05,18847.05,On Time,0
LP00000707,L0000258,2026-05-31,2026-06-01,18847.05,18847.05,On Time,0
LP00000708,L0000259,2026-06-28,2026-07-01,23736.13,23736.13,On Time,0
LP00000709,L0000259,2026-05-30,2026-06-01,23736.13,23736.13,On Time,0
LP00000710,L0000259,2026-04-30,2026-05-02,23736.13,23736.13,On Time,0
LP00000711,L0000260,2026-07-01,2026-07-01,12141.93,12141.93,On Time,0
LP00000712,L0000260,2026-05-28,2026-06-01,12141.93,12141.93,On Time,0
LP00000713,L0000260,2026-04-30,2026-05-02,12141.93,12141.93,On Time,0
LP00000714,L0000261,2026-06-29,2026-07-01,15892.93,15892.93,On Time,0
LP00000715,L0000261,2026-05-30,2026-06-01,15892.93,15892.93,On Time,0
LP00000716,L0000261,2026-05-01,2026-05-02,15892.93,15892.93,On Time,0
LP00000717,L0000262,2026-06-27,2026-07-01,272.94,272.94,On Time,0
LP00000718,L0000263,2026-07-01,2026-07-01,10961.66,10961.66,On Time,0
LP00000719,L0000263,2026-06-29,2026-06-01,10961.66,0,Missed,30
LP00000720,L0000263,2026-05-30,2026-05-02,10961.66,0,Missed,45
LP00000721,L0000264,2026-07-02,2026-07-01,6566.22,6566.22,Late,1
LP00000722,L0000264,2026-06-29,2026-06-01,6566.22,0,Missed,60
LP00000723,L0000264,2026-05-08,2026-05-02,6566.22,6566.22,Late,6
LP00000724,L0000265,2026-07-01,2026-07-01,10099.2,10099.2,On Time,0
LP00000725,L0000265,2026-06-14,2026-06-01,10099.2,8983.16,Partial,13
LP00000726,L0000265,2026-05-01,2026-05-02,10099.2,10099.2,On Time,0
LP00000727,L0000266,2026-07-02,2026-07-01,11944.06,11944.06,Late,1
LP00000728,L0000267,2026-07-01,2026-07-01,9291.43,9291.43,On Time,0
LP00000729,L0000267,2026-05-28,2026-06-01,9291.43,9291.43,On Time,0
LP00000730,L0000267,2026-04-28,2026-05-02,9291.43,9291.43,On Time,0
LP00000731,L0000268,2026-06-30,2026-07-01,2328.79,2328.79,On Time,0
LP00000732,L0000268,2026-05-29,2026-06-01,2328.79,2328.79,On Time,0
LP00000733,L0000268,2026-04-28,2026-05-02,2328.79,2328.79,On Time,0
LP00000734,L0000269,2026-06-27,2026-07-01,7923.93,7923.93,On Time,0
LP00000735,L0000269,2026-05-29,2026-06-01,7923.93,7923.93,On Time,0
LP00000736,L0000269,2026-05-01,2026-05-02,7923.93,7923.93,On Time,0
LP00000737,L0000270,2026-06-29,2026-07-01,7845.56,7845.56,On Time,0
LP00000738,L0000270,2026-05-31,2026-06-01,7845.56,7845.56,On Time,0
LP00000739,L0000271,2026-07-01,2026-07-01,15108.81,15108.81,On Time,0
LP00000740,L0000271,2026-05-29,2026-06-01,15108.81,15108.81,On Time,0
LP00000741,L0000271,2026-04-30,2026-05-02,15108.81,15108.81,On Time,0
LP00000742,L0000272,2026-06-29,2026-07-01,18612.15,18612.15,On Time,0
LP00000743,L0000272,2026-05-28,2026-06-01,18612.15,18612.15,On Time,0
LP00000744,L0000273,2026-07-01,2026-07-01,10509.04,10509.04,On Time,0
LP00000745,L0000273,2026-05-29,2026-06-01,10509.04,10509.04,On Time,0
LP00000746,L0000273,2026-04-29,2026-05-02,10509.04,10509.04,On Time,0
LP00000747,L0000274,2026-06-30,2026-07-01,22122.85,22122.85,On Time,0
LP00000748,L0000274,2026-05-31,2026-06-01,22122.85,22122.85,On Time,0
LP00000749,L0000274,2026-04-28,2026-05-02,22122.85,22122.85,On Time,0
LP00000750,L0000275,2026-06-27,2026-07-01,8715.92,8715.92,On Time,0
LP00000751,L0000275,2026-05-28,2026-06-01,8715.92,8715.92,On Time,0
LP00000752,L0000275,2026-05-22,2026-05-02,8715.92,8715.92,Late,20
LP00000753,L0000276,2026-06-27,2026-07-01,12134.73,12134.73,On Time,0
LP00000754,L0000276,2026-05-29,2026-06-01,12134.73,12134.73,On Time,0
LP00000755,L0000276,2026-05-14,2026-05-02,12134.73,7786.92,Partial,12
LP00000756,L0000277,2026-06-28,2026-07-01,1796.52,1796.52,On Time,0
LP00000757,L0000277,2026-05-29,2026-06-01,1796.52,1796.52,On Time,0
LP00000758,L0000277,2026-05-02,2026-05-02,1796.52,1796.52,On Time,0
LP00000759,L0000278,2026-06-29,2026-07-01,8042.33,8042.33,On Time,0
LP00000760,L0000278,2026-05-29,2026-06-01,8042.33,8042.33,On Time,0
LP00000761,L0000278,2026-05-17,2026-05-02,8042.33,8042.33,Late,15
LP00000762,L0000279,2026-06-28,2026-07-01,24002.67,24002.67,On Time,0
LP00000763,L0000279,2026-06-14,2026-06-01,24002.67,24002.67,Late,13
LP00000764,L0000279,2026-04-28,2026-05-02,24002.67,24002.67,On Time,0
LP00000765,L0000280,2026-07-29,2026-07-01,7113.01,0,Missed,60
LP00000766,L0000280,2026-06-01,2026-06-01,7113.01,7113.01,On Time,0
LP00000767,L0000280,2026-04-28,2026-05-02,7113.01,7113.01,On Time,0
LP00000768,L0000281,2026-06-29,2026-07-01,14567.78,14567.78,On Time,0
LP00000769,L0000281,2026-05-30,2026-06-01,14567.78,14567.78,On Time,0
LP00000770,L0000281,2026-04-30,2026-05-02,14567.78,14567.78,On Time,0
LP00000771,L0000282,2026-07-29,2026-07-01,11074.55,0,Missed,45
LP00000772,L0000282,2026-05-30,2026-06-01,11074.55,11074.55,On Time,0
LP00000773,L0000283,2026-07-29,2026-07-01,11464.59,0,Missed,60
LP00000774,L0000283,2026-05-31,2026-06-01,11464.59,11464.59,On Time,0
LP00000775,L0000283,2026-05-01,2026-05-02,11464.59,11464.59,On Time,0
LP00000776,L0000284,2026-07-01,2026-07-01,4800.54,4800.54,On Time,0
LP00000777,L0000284,2026-06-29,2026-06-01,4800.54,0,Missed,30
LP00000778,L0000284,2026-04-28,2026-05-02,4800.54,4800.54,On Time,0
LP00000779,L0000285,2026-07-29,2026-07-01,3002.3,0,Missed,45
LP00000780,L0000285,2026-05-29,2026-06-01,3002.3,3002.3,On Time,0
LP00000781,L0000285,2026-05-01,2026-05-02,3002.3,3002.3,On Time,0
LP00000782,L0000286,2026-06-29,2026-07-01,6941.24,6941.24,On Time,0
LP00000783,L0000286,2026-05-30,2026-06-01,6941.24,6941.24,On Time,0
LP00000784,L0000286,2026-05-01,2026-05-02,6941.24,6941.24,On Time,0
LP00000785,L0000287,2026-06-30,2026-07-01,2695.85,2695.85,On Time,0
LP00000786,L0000287,2026-06-21,2026-06-01,2695.85,2695.85,Late,20
LP00000787,L0000287,2026-04-29,2026-05-02,2695.85,2695.85,On Time,0
LP00000788,L0000288,2026-07-01,2026-07-01,31426.38,31426.38,On Time,0
LP00000789,L0000288,2026-06-01,2026-06-01,31426.38,31426.38,On Time,0
LP00000790,L0000289,2026-07-03,2026-07-01,6581.23,4519.18,Partial,2
LP00000791,L0000289,2026-05-28,2026-06-01,6581.23,6581.23,On Time,0
LP00000792,L0000289,2026-04-30,2026-05-02,6581.23,6581.23,On Time,0
LP00000793,L0000290,2026-07-19,2026-07-01,27941.64,27941.64,Late,18
LP00000794,L0000290,2026-05-28,2026-06-01,27941.64,27941.64,On Time,0
LP00000795,L0000290,2026-05-02,2026-05-02,27941.64,27941.64,On Time,0
LP00000796,L0000291,2026-07-03,2026-07-01,5907.04,5907.04,Late,2
LP00000797,L0000291,2026-05-28,2026-06-01,5907.04,5907.04,On Time,0
LP00000798,L0000291,2026-05-06,2026-05-02,5907.04,5907.04,Late,4
LP00000799,L0000292,2026-07-29,2026-07-01,28687.11,0,Missed,45
LP00000800,L0000292,2026-06-29,2026-06-01,28687.11,0,Missed,60
LP00000801,L0000292,2026-05-11,2026-05-02,28687.11,28687.11,Late,9
LP00000802,L0000293,2026-06-30,2026-07-01,8256.99,8256.99,On Time,0
LP00000803,L0000294,2026-06-30,2026-07-01,17495.67,17495.67,On Time,0
LP00000804,L0000295,2026-07-01,2026-07-01,3278.93,3278.93,On Time,0
LP00000805,L0000295,2026-05-31,2026-06-01,3278.93,3278.93,On Time,0
LP00000806,L0000295,2026-04-29,2026-05-02,3278.93,3278.93,On Time,0
LP00000807,L0000296,2026-07-19,2026-07-01,5054.82,5054.82,Late,18
LP00000808,L0000297,2026-06-30,2026-07-01,10031.42,10031.42,On Time,0
LP00000809,L0000297,2026-05-28,2026-06-01,10031.42,10031.42,On Time,0
LP00000810,L0000298,2026-07-29,2026-07-01,6654.51,0,Missed,30
LP00000811,L0000298,2026-05-29,2026-06-01,6654.51,6654.51,On Time,0
LP00000812,L0000298,2026-04-28,2026-05-02,6654.51,6654.51,On Time,0
LP00000813,L0000299,2026-06-28,2026-07-01,13943.39,13943.39,On Time,0
LP00000814,L0000299,2026-06-01,2026-06-01,13943.39,13943.39,On Time,0
LP00000815,L0000299,2026-04-30,2026-05-02,13943.39,13943.39,On Time,0
LP00000816,L0000300,2026-06-29,2026-07-01,1983.49,1983.49,On Time,0
LP00000817,L0000300,2026-05-28,2026-06-01,1983.49,1983.49,On Time,0
LP00000818,L0000300,2026-05-02,2026-05-02,1983.49,1983.49,On Time,0
LP00000819,L0000301,2026-06-27,2026-07-01,166.65,166.65,On Time,0
LP00000820,L0000301,2026-05-28,2026-06-01,166.65,166.65,On Time,0
LP00000821,L0000302,2026-06-28,2026-07-01,13480.77,13480.77,On Time,0
LP00000822,L0000302,2026-05-31,2026-06-01,13480.77,13480.77,On Time,0
LP00000823,L0000303,2026-06-30,2026-07-01,21856.32,21856.32,On Time,0
LP00000824,L0000303,2026-05-29,2026-06-01,21856.32,21856.32,On Time,0
LP00000825,L0000303,2026-04-30,2026-05-02,21856.32,21856.32,On Time,0
LP00000826,L0000304,2026-06-27,2026-07-01,4782.67,4782.67,On Time,0
LP00000827,L0000304,2026-05-28,2026-06-01,4782.67,4782.67,On Time,0
LP00000828,L0000304,2026-05-02,2026-05-02,4782.67,4782.67,On Time,0
LP00000829,L0000305,2026-06-29,2026-07-01,14245.24,14245.24,On Time,0
LP00000830,L0000306,2026-07-29,2026-07-01,10015.67,0,Missed,45
LP00000831,L0000306,2026-06-06,2026-06-01,10015.67,7087.96,Partial,5
LP00000832,L0000306,2026-04-29,2026-05-02,10015.67,10015.67,On Time,0
LP00000833,L0000307,2026-06-27,2026-07-01,7001.64,7001.64,On Time,0
LP00000834,L0000307,2026-06-29,2026-06-01,7001.64,0,Missed,45
LP00000835,L0000307,2026-04-30,2026-05-02,7001.64,7001.64,On Time,0
LP00000836,L0000308,2026-06-28,2026-07-01,10534.55,10534.55,On Time,0
LP00000837,L0000309,2026-06-29,2026-07-01,3144.3,3144.3,On Time,0
LP00000838,L0000309,2026-05-29,2026-06-01,3144.3,3144.3,On Time,0
LP00000839,L0000309,2026-05-30,2026-05-02,3144.3,0,Missed,60
LP00000840,L0000310,2026-06-28,2026-07-01,7989.29,7989.29,On Time,0
LP00000841,L0000310,2026-06-29,2026-06-01,7989.29,0,Missed,30
LP00000842,L0000310,2026-05-30,2026-05-02,7989.29,0,Missed,30
LP00000843,L0000311,2026-06-29,2026-07-01,6032.08,6032.08,On Time,0
LP00000844,L0000311,2026-05-31,2026-06-01,6032.08,6032.08,On Time,0
LP00000845,L0000311,2026-05-02,2026-05-02,6032.08,6032.08,On Time,0
LP00000846,L0000312,2026-06-27,2026-07-01,7285.97,7285.97,On Time,0
LP00000847,L0000312,2026-05-30,2026-06-01,7285.97,7285.97,On Time,0
LP00000848,L0000312,2026-04-28,2026-05-02,7285.97,7285.97,On Time,0
LP00000849,L0000313,2026-06-28,2026-07-01,19130.44,19130.44,On Time,0
LP00000850,L0000313,2026-05-31,2026-06-01,19130.44,19130.44,On Time,0
LP00000851,L0000313,2026-04-29,2026-05-02,19130.44,19130.44,On Time,0
LP00000852,L0000314,2026-06-30,2026-07-01,7758.47,7758.47,On Time,0
LP00000853,L0000314,2026-05-29,2026-06-01,7758.47,7758.47,On Time,0
LP00000854,L0000314,2026-04-28,2026-05-02,7758.47,7758.47,On Time,0
LP00000855,L0000315,2026-06-30,2026-07-01,6539.31,6539.31,On Time,0
LP00000856,L0000315,2026-06-29,2026-06-01,6539.31,0,Missed,30
LP00000857,L0000315,2026-05-02,2026-05-02,6539.31,6539.31,On Time,0
LP00000858,L0000316,2026-07-01,2026-07-01,7609.01,7609.01,On Time,0
LP00000859,L0000316,2026-05-31,2026-06-01,7609.01,7609.01,On Time,0
LP00000860,L0000317,2026-07-29,2026-07-01,10464.51,0,Missed,45
LP00000861,L0000317,2026-06-29,2026-06-01,10464.51,0,Missed,30
LP00000862,L0000317,2026-05-13,2026-05-02,10464.51,10464.51,Late,11
LP00000863,L0000318,2026-07-06,2026-07-01,13505.89,11178.26,Partial,5
LP00000864,L0000318,2026-06-01,2026-06-01,13505.89,13505.89,On Time,0
LP00000865,L0000318,2026-04-30,2026-05-02,13505.89,13505.89,On Time,0
LP00000866,L0000319,2026-06-29,2026-07-01,12345.56,12345.56,On Time,0
LP00000867,L0000319,2026-06-01,2026-06-01,12345.56,12345.56,On Time,0
LP00000868,L0000319,2026-04-29,2026-05-02,12345.56,12345.56,On Time,0
LP00000869,L0000320,2026-07-29,2026-07-01,5223.38,0,Missed,30
LP00000870,L0000320,2026-05-28,2026-06-01,5223.38,5223.38,On Time,0
LP00000871,L0000320,2026-05-01,2026-05-02,5223.38,5223.38,On Time,0
LP00000872,L0000321,2026-06-29,2026-07-01,6666.17,6666.17,On Time,0
LP00000873,L0000321,2026-06-29,2026-06-01,6666.17,0,Missed,60
LP00000874,L0000321,2026-04-29,2026-05-02,6666.17,6666.17,On Time,0
LP00000875,L0000322,2026-06-27,2026-07-01,8009.34,8009.34,On Time,0
LP00000876,L0000322,2026-05-30,2026-06-01,8009.34,8009.34,On Time,0
LP00000877,L0000322,2026-05-01,2026-05-02,8009.34,8009.34,On Time,0
LP00000878,L0000323,2026-07-13,2026-07-01,3737.87,3206.9,Partial,12
LP00000879,L0000323,2026-06-02,2026-06-01,3737.87,3737.87,Late,1
LP00000880,L0000323,2026-04-30,2026-05-02,3737.87,3737.87,On Time,0
LP00000881,L0000324,2026-06-29,2026-07-01,6704.78,6704.78,On Time,0
LP00000882,L0000324,2026-05-29,2026-06-01,6704.78,6704.78,On Time,0
LP00000883,L0000324,2026-05-01,2026-05-02,6704.78,6704.78,On Time,0
LP00000884,L0000325,2026-06-29,2026-07-01,6292.76,6292.76,On Time,0
LP00000885,L0000325,2026-05-29,2026-06-01,6292.76,6292.76,On Time,0
LP00000886,L0000325,2026-05-01,2026-05-02,6292.76,6292.76,On Time,0
LP00000887,L0000326,2026-06-29,2026-07-01,5381.54,5381.54,On Time,0
LP00000888,L0000326,2026-05-31,2026-06-01,5381.54,5381.54,On Time,0
LP00000889,L0000326,2026-04-30,2026-05-02,5381.54,5381.54,On Time,0
LP00000890,L0000327,2026-06-27,2026-07-01,11145.09,11145.09,On Time,0
LP00000891,L0000327,2026-05-29,2026-06-01,11145.09,11145.09,On Time,0
LP00000892,L0000327,2026-04-28,2026-05-02,11145.09,11145.09,On Time,0
LP00000893,L0000328,2026-07-01,2026-07-01,936.61,936.61,On Time,0
LP00000894,L0000328,2026-06-01,2026-06-01,936.61,936.61,On Time,0
LP00000895,L0000328,2026-05-30,2026-05-02,936.61,0,Missed,45
LP00000896,L0000329,2026-06-29,2026-07-01,4099.75,4099.75,On Time,0
LP00000897,L0000329,2026-05-30,2026-06-01,4099.75,4099.75,On Time,0
LP00000898,L0000329,2026-04-30,2026-05-02,4099.75,4099.75,On Time,0
LP00000899,L0000330,2026-07-29,2026-07-01,3617.83,0,Missed,30
LP00000900,L0000330,2026-05-29,2026-06-01,3617.83,3617.83,On Time,0
LP00000901,L0000331,2026-06-29,2026-07-01,3903.94,3903.94,On Time,0
LP00000902,L0000331,2026-05-30,2026-06-01,3903.94,3903.94,On Time,0
LP00000903,L0000331,2026-04-28,2026-05-02,3903.94,3903.94,On Time,0
LP00000904,L0000332,2026-06-30,2026-07-01,8243.12,8243.12,On Time,0
LP00000905,L0000332,2026-05-30,2026-06-01,8243.12,8243.12,On Time,0
LP00000906,L0000332,2026-05-01,2026-05-02,8243.12,8243.12,On Time,0
LP00000907,L0000333,2026-07-01,2026-07-01,6357.13,6357.13,On Time,0
LP00000908,L0000333,2026-06-19,2026-06-01,6357.13,6357.13,Late,18
LP00000909,L0000333,2026-05-02,2026-05-02,6357.13,6357.13,On Time,0
LP00000910,L0000334,2026-07-01,2026-07-01,2207.97,2207.97,On Time,0
LP00000911,L0000334,2026-06-01,2026-06-01,2207.97,2207.97,On Time,0
LP00000912,L0000335,2026-06-30,2026-07-01,12061.29,12061.29,On Time,0
LP00000913,L0000336,2026-06-27,2026-07-01,2530.43,2530.43,On Time,0
LP00000914,L0000336,2026-05-29,2026-06-01,2530.43,2530.43,On Time,0
LP00000915,L0000336,2026-05-30,2026-05-02,2530.43,0,Missed,45
LP00000916,L0000337,2026-07-29,2026-07-01,15026.78,0,Missed,45
LP00000917,L0000337,2026-06-01,2026-06-01,15026.78,15026.78,On Time,0
LP00000918,L0000338,2026-06-27,2026-07-01,34025.99,34025.99,On Time,0
LP00000919,L0000338,2026-05-28,2026-06-01,34025.99,34025.99,On Time,0
LP00000920,L0000338,2026-05-01,2026-05-02,34025.99,34025.99,On Time,0
LP00000921,L0000339,2026-06-30,2026-07-01,22855.54,22855.54,On Time,0
LP00000922,L0000339,2026-06-19,2026-06-01,22855.54,22855.54,Late,18
LP00000923,L0000339,2026-05-02,2026-05-02,22855.54,22855.54,On Time,0
LP00000924,L0000340,2026-07-01,2026-07-01,33263.76,33263.76,On Time,0
LP00000925,L0000340,2026-05-29,2026-06-01,33263.76,33263.76,On Time,0
LP00000926,L0000340,2026-04-29,2026-05-02,33263.76,33263.76,On Time,0
LP00000927,L0000341,2026-07-01,2026-07-01,5059.57,5059.57,On Time,0
LP00000928,L0000342,2026-06-28,2026-07-01,13056.97,13056.97,On Time,0
LP00000929,L0000342,2026-06-16,2026-06-01,13056.97,13056.97,Late,15
LP00000930,L0000342,2026-05-14,2026-05-02,13056.97,13056.97,Late,12
LP00000931,L0000343,2026-06-30,2026-07-01,23184.04,23184.04,On Time,0
LP00000932,L0000343,2026-05-31,2026-06-01,23184.04,23184.04,On Time,0
LP00000933,L0000343,2026-05-01,2026-05-02,23184.04,23184.04,On Time,0
LP00000934,L0000344,2026-06-29,2026-07-01,16011.1,16011.1,On Time,0
LP00000935,L0000344,2026-05-30,2026-06-01,16011.1,16011.1,On Time,0
LP00000936,L0000344,2026-05-01,2026-05-02,16011.1,16011.1,On Time,0
LP00000937,L0000345,2026-06-29,2026-07-01,3941.8,3941.8,On Time,0
LP00000938,L0000345,2026-05-29,2026-06-01,3941.8,3941.8,On Time,0
LP00000939,L0000345,2026-05-30,2026-05-02,3941.8,0,Missed,45
LP00000940,L0000346,2026-06-28,2026-07-01,10752.24,10752.24,On Time,0
LP00000941,L0000346,2026-05-31,2026-06-01,10752.24,10752.24,On Time,0
LP00000942,L0000346,2026-04-28,2026-05-02,10752.24,10752.24,On Time,0
LP00000943,L0000347,2026-07-01,2026-07-01,7815.35,7815.35,On Time,0
LP00000944,L0000347,2026-06-29,2026-06-01,7815.35,0,Missed,60
LP00000945,L0000347,2026-04-29,2026-05-02,7815.35,7815.35,On Time,0
LP00000946,L0000348,2026-06-27,2026-07-01,4386.88,4386.88,On Time,0
LP00000947,L0000348,2026-05-30,2026-06-01,4386.88,4386.88,On Time,0
LP00000948,L0000348,2026-05-02,2026-05-02,4386.88,4386.88,On Time,0
LP00000949,L0000349,2026-06-29,2026-07-01,6257.01,6257.01,On Time,0
LP00000950,L0000349,2026-06-01,2026-06-01,6257.01,6257.01,On Time,0
LP00000951,L0000349,2026-05-01,2026-05-02,6257.01,6257.01,On Time,0
LP00000952,L0000350,2026-06-30,2026-07-01,13011.69,13011.69,On Time,0
LP00000953,L0000350,2026-05-30,2026-06-01,13011.69,13011.69,On Time,0
LP00000954,L0000350,2026-04-29,2026-05-02,13011.69,13011.69,On Time,0
LP00000955,L0000351,2026-06-29,2026-07-01,3502.2,3502.2,On Time,0
LP00000956,L0000351,2026-06-20,2026-06-01,3502.2,2408.6,Partial,19
LP00000957,L0000351,2026-05-30,2026-05-02,3502.2,0,Missed,30
LP00000958,L0000352,2026-07-01,2026-07-01,6951.08,6951.08,On Time,0
LP00000959,L0000352,2026-05-29,2026-06-01,6951.08,6951.08,On Time,0
LP00000960,L0000352,2026-04-30,2026-05-02,6951.08,6951.08,On Time,0
LP00000961,L0000353,2026-06-27,2026-07-01,9263.62,9263.62,On Time,0
LP00000962,L0000353,2026-05-30,2026-06-01,9263.62,9263.62,On Time,0
LP00000963,L0000353,2026-05-05,2026-05-02,9263.62,4949.17,Partial,3
LP00000964,L0000354,2026-06-28,2026-07-01,8517.24,8517.24,On Time,0
LP00000965,L0000354,2026-06-01,2026-06-01,8517.24,8517.24,On Time,0
LP00000966,L0000354,2026-05-01,2026-05-02,8517.24,8517.24,On Time,0
LP00000967,L0000355,2026-07-01,2026-07-01,5750.82,5750.82,On Time,0
LP00000968,L0000355,2026-06-01,2026-06-01,5750.82,5750.82,On Time,0
LP00000969,L0000356,2026-06-28,2026-07-01,7662.71,7662.71,On Time,0
LP00000970,L0000357,2026-06-29,2026-07-01,1859.38,1859.38,On Time,0
LP00000971,L0000357,2026-05-29,2026-06-01,1859.38,1859.38,On Time,0
LP00000972,L0000357,2026-05-01,2026-05-02,1859.38,1859.38,On Time,0
LP00000973,L0000358,2026-07-03,2026-07-01,16534.52,9211.91,Partial,2
LP00000974,L0000358,2026-05-29,2026-06-01,16534.52,16534.52,On Time,0
LP00000975,L0000358,2026-05-30,2026-05-02,16534.52,0,Missed,30
LP00000976,L0000359,2026-06-28,2026-07-01,6442.04,6442.04,On Time,0
LP00000977,L0000359,2026-05-31,2026-06-01,6442.04,6442.04,On Time,0
LP00000978,L0000359,2026-05-01,2026-05-02,6442.04,6442.04,On Time,0
LP00000979,L0000360,2026-06-30,2026-07-01,13358.64,13358.64,On Time,0
LP00000980,L0000360,2026-06-01,2026-06-01,13358.64,13358.64,On Time,0
LP00000981,L0000360,2026-04-29,2026-05-02,13358.64,13358.64,On Time,0
LP00000982,L0000361,2026-07-01,2026-07-01,12737.98,12737.98,On Time,0
LP00000983,L0000361,2026-05-29,2026-06-01,12737.98,12737.98,On Time,0
LP00000984,L0000361,2026-05-08,2026-05-02,12737.98,8615.69,Partial,6
LP00000985,L0000362,2026-06-27,2026-07-01,12436.88,12436.88,On Time,0
LP00000986,L0000362,2026-05-28,2026-06-01,12436.88,12436.88,On Time,0
LP00000987,L0000362,2026-04-29,2026-05-02,12436.88,12436.88,On Time,0
LP00000988,L0000363,2026-07-29,2026-07-01,8429.23,0,Missed,45
LP00000989,L0000363,2026-06-13,2026-06-01,8429.23,8429.23,Late,12
LP00000990,L0000364,2026-07-01,2026-07-01,9574.29,9574.29,On Time,0
LP00000991,L0000364,2026-06-21,2026-06-01,9574.29,7813.91,Partial,20
LP00000992,L0000364,2026-05-01,2026-05-02,9574.29,9574.29,On Time,0
LP00000993,L0000365,2026-06-29,2026-07-01,35365.79,35365.79,On Time,0
LP00000994,L0000365,2026-05-29,2026-06-01,35365.79,35365.79,On Time,0
LP00000995,L0000365,2026-05-02,2026-05-02,35365.79,35365.79,On Time,0
LP00000996,L0000366,2026-06-30,2026-07-01,9831.53,9831.53,On Time,0
LP00000997,L0000366,2026-05-30,2026-06-01,9831.53,9831.53,On Time,0
LP00000998,L0000366,2026-05-02,2026-05-02,9831.53,9831.53,On Time,0
LP00000999,L0000368,2026-07-29,2026-07-01,3626.18,0,Missed,60
LP00001000,L0000368,2026-05-28,2026-06-01,3626.18,3626.18,On Time,0
LP00001001,L0000368,2026-04-28,2026-05-02,3626.18,3626.18,On Time,0
LP00001002,L0000369,2026-06-28,2026-07-01,2197.92,2197.92,On Time,0
LP00001003,L0000369,2026-06-01,2026-06-01,2197.92,2197.92,On Time,0
LP00001004,L0000369,2026-05-30,2026-05-02,2197.92,0,Missed,45
LP00001005,L0000370,2026-06-29,2026-07-01,14281.58,14281.58,On Time,0
LP00001006,L0000370,2026-05-28,2026-06-01,14281.58,14281.58,On Time,0
LP00001007,L0000370,2026-05-17,2026-05-02,14281.58,12728.53,Partial,15
LP00001008,L0000371,2026-07-01,2026-07-01,12067.66,12067.66,On Time,0
LP00001009,L0000371,2026-06-08,2026-06-01,12067.66,12067.66,Late,7
LP00001010,L0000372,2026-06-27,2026-07-01,2248.23,2248.23,On Time,0
LP00001011,L0000372,2026-05-28,2026-06-01,2248.23,2248.23,On Time,0
LP00001012,L0000372,2026-04-30,2026-05-02,2248.23,2248.23,On Time,0
LP00001013,L0000373,2026-06-29,2026-07-01,5198.43,5198.43,On Time,0
LP00001014,L0000373,2026-05-30,2026-06-01,5198.43,5198.43,On Time,0
LP00001015,L0000373,2026-05-06,2026-05-02,5198.43,5198.43,Late,4
LP00001016,L0000374,2026-07-29,2026-07-01,10298.22,0,Missed,60
LP00001017,L0000374,2026-05-31,2026-06-01,10298.22,10298.22,On Time,0
LP00001018,L0000374,2026-05-01,2026-05-02,10298.22,10298.22,On Time,0
LP00001019,L0000375,2026-07-29,2026-07-01,5008.19,0,Missed,30
LP00001020,L0000375,2026-05-30,2026-06-01,5008.19,5008.19,On Time,0
LP00001021,L0000375,2026-05-01,2026-05-02,5008.19,5008.19,On Time,0
LP00001022,L0000376,2026-06-28,2026-07-01,388.07,388.07,On Time,0
LP00001023,L0000376,2026-05-29,2026-06-01,388.07,388.07,On Time,0
LP00001024,L0000377,2026-06-28,2026-07-01,3628.23,3628.23,On Time,0
LP00001025,L0000377,2026-05-30,2026-06-01,3628.23,3628.23,On Time,0
LP00001026,L0000377,2026-04-28,2026-05-02,3628.23,3628.23,On Time,0
LP00001027,L0000378,2026-07-01,2026-07-01,16715.81,16715.81,On Time,0
LP00001028,L0000378,2026-05-28,2026-06-01,16715.81,16715.81,On Time,0
LP00001029,L0000378,2026-05-01,2026-05-02,16715.81,16715.81,On Time,0
LP00001030,L0000379,2026-07-03,2026-07-01,21057.01,21057.01,Late,2
LP00001031,L0000379,2026-05-29,2026-06-01,21057.01,21057.01,On Time,0
LP00001032,L0000379,2026-05-01,2026-05-02,21057.01,21057.01,On Time,0
LP00001033,L0000380,2026-06-29,2026-07-01,8257.99,8257.99,On Time,0
LP00001034,L0000380,2026-05-29,2026-06-01,8257.99,8257.99,On Time,0
LP00001035,L0000380,2026-05-06,2026-05-02,8257.99,8257.99,Late,4
LP00001036,L0000381,2026-06-28,2026-07-01,3335.14,3335.14,On Time,0
LP00001037,L0000381,2026-05-29,2026-06-01,3335.14,3335.14,On Time,0
LP00001038,L0000381,2026-05-04,2026-05-02,3335.14,2292.58,Partial,2
LP00001039,L0000382,2026-06-28,2026-07-01,4401.7,4401.7,On Time,0
LP00001040,L0000382,2026-05-28,2026-06-01,4401.7,4401.7,On Time,0
LP00001041,L0000382,2026-04-30,2026-05-02,4401.7,4401.7,On Time,0
LP00001042,L0000383,2026-07-01,2026-07-01,36578.02,36578.02,On Time,0
LP00001043,L0000383,2026-06-14,2026-06-01,36578.02,36578.02,Late,13
LP00001044,L0000383,2026-05-01,2026-05-02,36578.02,36578.02,On Time,0
LP00001045,L0000384,2026-07-01,2026-07-01,13494.9,13494.9,On Time,0
LP00001046,L0000384,2026-05-30,2026-06-01,13494.9,13494.9,On Time,0
LP00001047,L0000384,2026-05-02,2026-05-02,13494.9,13494.9,On Time,0
LP00001048,L0000385,2026-06-28,2026-07-01,17632.64,17632.64,On Time,0
LP00001049,L0000385,2026-05-29,2026-06-01,17632.64,17632.64,On Time,0
LP00001050,L0000385,2026-05-01,2026-05-02,17632.64,17632.64,On Time,0
LP00001051,L0000386,2026-06-30,2026-07-01,4017.28,4017.28,On Time,0
LP00001052,L0000386,2026-05-30,2026-06-01,4017.28,4017.28,On Time,0
LP00001053,L0000386,2026-05-01,2026-05-02,4017.28,4017.28,On Time,0
LP00001054,L0000387,2026-06-29,2026-07-01,8397.18,8397.18,On Time,0
LP00001055,L0000387,2026-05-28,2026-06-01,8397.18,8397.18,On Time,0
LP00001056,L0000387,2026-04-28,2026-05-02,8397.18,8397.18,On Time,0
LP00001057,L0000388,2026-07-01,2026-07-01,17766.88,17766.88,On Time,0
LP00001058,L0000388,2026-05-30,2026-06-01,17766.88,17766.88,On Time,0
LP00001059,L0000388,2026-04-28,2026-05-02,17766.88,17766.88,On Time,0
LP00001060,L0000389,2026-07-19,2026-07-01,3345.56,2802.39,Partial,18
LP00001061,L0000389,2026-05-31,2026-06-01,3345.56,3345.56,On Time,0
LP00001062,L0000389,2026-04-30,2026-05-02,3345.56,3345.56,On Time,0
LP00001063,L0000390,2026-06-30,2026-07-01,8113.85,8113.85,On Time,0
LP00001064,L0000390,2026-05-31,2026-06-01,8113.85,8113.85,On Time,0
LP00001065,L0000390,2026-04-30,2026-05-02,8113.85,8113.85,On Time,0
LP00001066,L0000391,2026-07-21,2026-07-01,6427.09,6427.09,Late,20
LP00001067,L0000391,2026-06-29,2026-06-01,6427.09,0,Missed,60
LP00001068,L0000391,2026-05-30,2026-05-02,6427.09,0,Missed,60
LP00001069,L0000392,2026-07-29,2026-07-01,1920.46,0,Missed,45
LP00001070,L0000392,2026-06-29,2026-06-01,1920.46,0,Missed,30
LP00001071,L0000393,2026-06-28,2026-07-01,8141.9,8141.9,On Time,0
LP00001072,L0000393,2026-06-01,2026-06-01,8141.9,8141.9,On Time,0
LP00001073,L0000393,2026-05-30,2026-05-02,8141.9,0,Missed,60
LP00001074,L0000394,2026-06-28,2026-07-01,19552.05,19552.05,On Time,0
LP00001075,L0000394,2026-06-05,2026-06-01,19552.05,19552.05,Late,4
LP00001076,L0000394,2026-05-01,2026-05-02,19552.05,19552.05,On Time,0
LP00001077,L0000395,2026-06-29,2026-07-01,13501.56,13501.56,On Time,0
LP00001078,L0000395,2026-06-01,2026-06-01,13501.56,13501.56,On Time,0
LP00001079,L0000395,2026-05-02,2026-05-02,13501.56,13501.56,On Time,0
LP00001080,L0000396,2026-07-01,2026-07-01,40660.34,40660.34,On Time,0
LP00001081,L0000396,2026-06-11,2026-06-01,40660.34,40660.34,Late,10
LP00001082,L0000396,2026-04-30,2026-05-02,40660.34,40660.34,On Time,0
LP00001083,L0000397,2026-06-28,2026-07-01,1061.86,1061.86,On Time,0
LP00001084,L0000397,2026-05-28,2026-06-01,1061.86,1061.86,On Time,0
LP00001085,L0000397,2026-05-11,2026-05-02,1061.86,1061.86,Late,9
LP00001086,L0000398,2026-07-01,2026-07-01,7504.35,7504.35,On Time,0
LP00001087,L0000398,2026-05-28,2026-06-01,7504.35,7504.35,On Time,0
LP00001088,L0000398,2026-04-28,2026-05-02,7504.35,7504.35,On Time,0
LP00001089,L0000399,2026-06-29,2026-07-01,448.97,448.97,On Time,0
LP00001090,L0000400,2026-07-15,2026-07-01,6380.14,6380.14,Late,14
LP00001091,L0000400,2026-05-30,2026-06-01,6380.14,6380.14,On Time,0
LP00001092,L0000400,2026-04-28,2026-05-02,6380.14,6380.14,On Time,0
LP00001093,L0000401,2026-06-28,2026-07-01,7350.56,7350.56,On Time,0
LP00001094,L0000401,2026-06-29,2026-06-01,7350.56,0,Missed,60
LP00001095,L0000401,2026-05-02,2026-05-02,7350.56,7350.56,On Time,0
LP00001096,L0000402,2026-07-21,2026-07-01,4478.37,4478.37,Late,20
LP00001097,L0000403,2026-06-30,2026-07-01,16510.47,16510.47,On Time,0
LP00001098,L0000403,2026-05-30,2026-06-01,16510.47,16510.47,On Time,0
LP00001099,L0000403,2026-04-28,2026-05-02,16510.47,16510.47,On Time,0
LP00001100,L0000404,2026-07-01,2026-07-01,12360.33,12360.33,On Time,0
LP00001101,L0000404,2026-05-31,2026-06-01,12360.33,12360.33,On Time,0
LP00001102,L0000404,2026-04-30,2026-05-02,12360.33,12360.33,On Time,0
LP00001103,L0000405,2026-07-01,2026-07-01,1694.8,1694.8,On Time,0
LP00001104,L0000405,2026-06-01,2026-06-01,1694.8,1694.8,On Time,0
LP00001105,L0000406,2026-06-30,2026-07-01,13058.28,13058.28,On Time,0
LP00001106,L0000406,2026-05-29,2026-06-01,13058.28,13058.28,On Time,0
LP00001107,L0000406,2026-05-30,2026-05-02,13058.28,0,Missed,30
LP00001108,L0000407,2026-06-27,2026-07-01,3122.0,3122.0,On Time,0
LP00001109,L0000407,2026-06-29,2026-06-01,3122.0,0,Missed,30
LP00001110,L0000407,2026-04-28,2026-05-02,3122.0,3122.0,On Time,0
LP00001111,L0000408,2026-06-30,2026-07-01,6460.25,6460.25,On Time,0
LP00001112,L0000408,2026-05-29,2026-06-01,6460.25,6460.25,On Time,0
LP00001113,L0000408,2026-05-01,2026-05-02,6460.25,6460.25,On Time,0
LP00001114,L0000409,2026-06-27,2026-07-01,5056.44,5056.44,On Time,0
LP00001115,L0000409,2026-05-30,2026-06-01,5056.44,5056.44,On Time,0
LP00001116,L0000409,2026-04-30,2026-05-02,5056.44,5056.44,On Time,0
LP00001117,L0000410,2026-07-29,2026-07-01,4862.7,0,Missed,45
LP00001118,L0000410,2026-06-29,2026-06-01,4862.7,0,Missed,60
LP00001119,L0000410,2026-05-30,2026-05-02,4862.7,0,Missed,45
LP00001120,L0000411,2026-06-27,2026-07-01,7683.74,7683.74,On Time,0
LP00001121,L0000411,2026-05-29,2026-06-01,7683.74,7683.74,On Time,0
LP00001122,L0000411,2026-04-29,2026-05-02,7683.74,7683.74,On Time,0
LP00001123,L0000412,2026-06-28,2026-07-01,5862.21,5862.21,On Time,0
LP00001124,L0000412,2026-05-31,2026-06-01,5862.21,5862.21,On Time,0
LP00001125,L0000412,2026-05-02,2026-05-02,5862.21,5862.21,On Time,0
LP00001126,L0000413,2026-06-28,2026-07-01,28649.41,28649.41,On Time,0
LP00001127,L0000413,2026-05-31,2026-06-01,28649.41,28649.41,On Time,0
LP00001128,L0000413,2026-05-22,2026-05-02,28649.41,28649.41,Late,20
LP00001129,L0000414,2026-06-30,2026-07-01,18250.34,18250.34,On Time,0
LP00001130,L0000414,2026-06-01,2026-06-01,18250.34,18250.34,On Time,0
LP00001131,L0000415,2026-06-29,2026-07-01,29473.67,29473.67,On Time,0
LP00001132,L0000415,2026-06-29,2026-06-01,29473.67,0,Missed,45
LP00001133,L0000415,2026-05-30,2026-05-02,29473.67,0,Missed,45
LP00001134,L0000416,2026-07-29,2026-07-01,5280.48,0,Missed,60
LP00001135,L0000416,2026-05-29,2026-06-01,5280.48,5280.48,On Time,0
LP00001136,L0000416,2026-04-30,2026-05-02,5280.48,5280.48,On Time,0
LP00001137,L0000417,2026-06-30,2026-07-01,6254.75,6254.75,On Time,0
LP00001138,L0000417,2026-05-29,2026-06-01,6254.75,6254.75,On Time,0
LP00001139,L0000417,2026-05-13,2026-05-02,6254.75,5256.42,Partial,11
LP00001140,L0000418,2026-07-29,2026-07-01,6993.99,0,Missed,60
LP00001141,L0000418,2026-05-31,2026-06-01,6993.99,6993.99,On Time,0
LP00001142,L0000418,2026-05-02,2026-05-02,6993.99,6993.99,On Time,0
LP00001143,L0000419,2026-07-29,2026-07-01,33968.63,0,Missed,30
LP00001144,L0000419,2026-06-29,2026-06-01,33968.63,0,Missed,30
LP00001145,L0000419,2026-04-28,2026-05-02,33968.63,33968.63,On Time,0
LP00001146,L0000420,2026-06-28,2026-07-01,12597.16,12597.16,On Time,0
LP00001147,L0000420,2026-05-31,2026-06-01,12597.16,12597.16,On Time,0
LP00001148,L0000420,2026-04-29,2026-05-02,12597.16,12597.16,On Time,0
LP00001149,L0000421,2026-07-01,2026-07-01,22692.89,22692.89,On Time,0
LP00001150,L0000421,2026-05-31,2026-06-01,22692.89,22692.89,On Time,0
LP00001151,L0000421,2026-04-28,2026-05-02,22692.89,22692.89,On Time,0
LP00001152,L0000422,2026-06-28,2026-07-01,4571.0,4571.0,On Time,0
LP00001153,L0000422,2026-05-28,2026-06-01,4571.0,4571.0,On Time,0
LP00001154,L0000422,2026-04-30,2026-05-02,4571.0,4571.0,On Time,0
LP00001155,L0000423,2026-06-30,2026-07-01,26274.74,26274.74,On Time,0
LP00001156,L0000423,2026-05-28,2026-06-01,26274.74,26274.74,On Time,0
LP00001157,L0000423,2026-04-29,2026-05-02,26274.74,26274.74,On Time,0
LP00001158,L0000424,2026-06-29,2026-07-01,8227.03,8227.03,On Time,0
LP00001159,L0000424,2026-05-29,2026-06-01,8227.03,8227.03,On Time,0
LP00001160,L0000424,2026-05-08,2026-05-02,8227.03,8227.03,Late,6
LP00001161,L0000425,2026-07-01,2026-07-01,28221.05,28221.05,On Time,0
LP00001162,L0000425,2026-06-01,2026-06-01,28221.05,28221.05,On Time,0
LP00001163,L0000425,2026-05-02,2026-05-02,28221.05,28221.05,On Time,0
LP00001164,L0000426,2026-06-27,2026-07-01,9181.15,9181.15,On Time,0
LP00001165,L0000427,2026-06-27,2026-07-01,12716.48,12716.48,On Time,0
LP00001166,L0000427,2026-05-30,2026-06-01,12716.48,12716.48,On Time,0
LP00001167,L0000427,2026-05-30,2026-05-02,12716.48,0,Missed,45
LP00001168,L0000428,2026-06-30,2026-07-01,3256.5,3256.5,On Time,0
LP00001169,L0000428,2026-05-31,2026-06-01,3256.5,3256.5,On Time,0
LP00001170,L0000428,2026-04-28,2026-05-02,3256.5,3256.5,On Time,0
LP00001171,L0000429,2026-06-27,2026-07-01,4216.77,4216.77,On Time,0
LP00001172,L0000429,2026-06-29,2026-06-01,4216.77,0,Missed,30
LP00001173,L0000429,2026-05-30,2026-05-02,4216.77,0,Missed,30
LP00001174,L0000430,2026-06-29,2026-07-01,15760.2,15760.2,On Time,0
LP00001175,L0000430,2026-06-06,2026-06-01,15760.2,15760.2,Late,5
LP00001176,L0000430,2026-04-29,2026-05-02,15760.2,15760.2,On Time,0
LP00001177,L0000431,2026-07-29,2026-07-01,592.02,0,Missed,30
LP00001178,L0000431,2026-06-29,2026-06-01,592.02,0,Missed,45
LP00001179,L0000431,2026-05-30,2026-05-02,592.02,0,Missed,60
LP00001180,L0000432,2026-06-27,2026-07-01,10891.23,10891.23,On Time,0
LP00001181,L0000432,2026-05-28,2026-06-01,10891.23,10891.23,On Time,0
LP00001182,L0000432,2026-04-29,2026-05-02,10891.23,10891.23,On Time,0
LP00001183,L0000433,2026-06-29,2026-07-01,13492.5,13492.5,On Time,0
LP00001184,L0000433,2026-06-04,2026-06-01,13492.5,6928.54,Partial,3
LP00001185,L0000433,2026-05-01,2026-05-02,13492.5,13492.5,On Time,0
LP00001186,L0000434,2026-06-27,2026-07-01,11696.93,11696.93,On Time,0
LP00001187,L0000435,2026-06-29,2026-07-01,10528.99,10528.99,On Time,0
LP00001188,L0000435,2026-05-28,2026-06-01,10528.99,10528.99,On Time,0
LP00001189,L0000435,2026-05-30,2026-05-02,10528.99,0,Missed,45
LP00001190,L0000436,2026-06-27,2026-07-01,8005.1,8005.1,On Time,0
LP00001191,L0000436,2026-05-28,2026-06-01,8005.1,8005.1,On Time,0
LP00001192,L0000436,2026-05-15,2026-05-02,8005.1,8005.1,Late,13
LP00001193,L0000437,2026-06-30,2026-07-01,2700.62,2700.62,On Time,0
LP00001194,L0000437,2026-05-31,2026-06-01,2700.62,2700.62,On Time,0
LP00001195,L0000437,2026-04-29,2026-05-02,2700.62,2700.62,On Time,0
LP00001196,L0000438,2026-06-29,2026-07-01,4113.08,4113.08,On Time,0
LP00001197,L0000438,2026-05-31,2026-06-01,4113.08,4113.08,On Time,0
LP00001198,L0000438,2026-05-02,2026-05-02,4113.08,4113.08,On Time,0
LP00001199,L0000439,2026-07-29,2026-07-01,7832.02,0,Missed,45
LP00001200,L0000439,2026-05-30,2026-06-01,7832.02,7832.02,On Time,0
LP00001201,L0000439,2026-04-29,2026-05-02,7832.02,7832.02,On Time,0
LP00001202,L0000440,2026-07-04,2026-07-01,21978.03,21978.03,Late,3
LP00001203,L0000441,2026-07-29,2026-07-01,4667.65,0,Missed,60
LP00001204,L0000441,2026-06-01,2026-06-01,4667.65,4667.65,On Time,0
LP00001205,L0000441,2026-05-02,2026-05-02,4667.65,4667.65,On Time,0
LP00001206,L0000442,2026-07-01,2026-07-01,4836.46,4836.46,On Time,0
LP00001207,L0000442,2026-05-28,2026-06-01,4836.46,4836.46,On Time,0
LP00001208,L0000442,2026-04-28,2026-05-02,4836.46,4836.46,On Time,0
LP00001209,L0000443,2026-07-29,2026-07-01,17578.37,0,Missed,60
LP00001210,L0000443,2026-06-29,2026-06-01,17578.37,0,Missed,30
LP00001211,L0000443,2026-05-06,2026-05-02,17578.37,17578.37,Late,4
LP00001212,L0000444,2026-06-28,2026-07-01,10364.07,10364.07,On Time,0
LP00001213,L0000444,2026-05-31,2026-06-01,10364.07,10364.07,On Time,0
LP00001214,L0000445,2026-06-29,2026-07-01,26360.16,26360.16,On Time,0
LP00001215,L0000446,2026-06-29,2026-07-01,7774.76,7774.76,On Time,0
LP00001216,L0000446,2026-05-28,2026-06-01,7774.76,7774.76,On Time,0
LP00001217,L0000446,2026-04-29,2026-05-02,7774.76,7774.76,On Time,0
LP00001218,L0000447,2026-06-30,2026-07-01,510.14,510.14,On Time,0
LP00001219,L0000447,2026-05-30,2026-06-01,510.14,510.14,On Time,0
LP00001220,L0000447,2026-05-13,2026-05-02,510.14,510.14,Late,11
LP00001221,L0000448,2026-06-28,2026-07-01,15819.4,15819.4,On Time,0
LP00001222,L0000448,2026-06-13,2026-06-01,15819.4,15819.4,Late,12
LP00001223,L0000448,2026-04-28,2026-05-02,15819.4,15819.4,On Time,0
LP00001224,L0000449,2026-07-29,2026-07-01,19712.57,0,Missed,45
LP00001225,L0000449,2026-05-28,2026-06-01,19712.57,19712.57,On Time,0
LP00001226,L0000449,2026-05-30,2026-05-02,19712.57,0,Missed,60
LP00001227,L0000450,2026-07-09,2026-07-01,5291.15,5291.15,Late,8
LP00001228,L0000450,2026-05-30,2026-06-01,5291.15,5291.15,On Time,0
LP00001229,L0000450,2026-05-06,2026-05-02,5291.15,5291.15,Late,4
LP00001230,L0000451,2026-06-28,2026-07-01,11830.25,11830.25,On Time,0
LP00001231,L0000451,2026-06-01,2026-06-01,11830.25,11830.25,On Time,0
LP00001232,L0000451,2026-04-30,2026-05-02,11830.25,11830.25,On Time,0
LP00001233,L0000452,2026-06-28,2026-07-01,15506.25,15506.25,On Time,0
LP00001234,L0000453,2026-06-29,2026-07-01,7712.39,7712.39,On Time,0
LP00001235,L0000453,2026-05-28,2026-06-01,7712.39,7712.39,On Time,0
LP00001236,L0000453,2026-05-21,2026-05-02,7712.39,7712.39,Late,19
LP00001237,L0000454,2026-06-30,2026-07-01,9297.74,9297.74,On Time,0
LP00001238,L0000454,2026-05-30,2026-06-01,9297.74,9297.74,On Time,0
LP00001239,L0000454,2026-04-28,2026-05-02,9297.74,9297.74,On Time,0
LP00001240,L0000455,2026-06-30,2026-07-01,5332.0,5332.0,On Time,0
LP00001241,L0000455,2026-05-28,2026-06-01,5332.0,5332.0,On Time,0
LP00001242,L0000455,2026-04-29,2026-05-02,5332.0,5332.0,On Time,0
LP00001243,L0000456,2026-07-29,2026-07-01,19072.08,0,Missed,60
LP00001244,L0000456,2026-05-28,2026-06-01,19072.08,19072.08,On Time,0
LP00001245,L0000456,2026-05-01,2026-05-02,19072.08,19072.08,On Time,0
LP00001246,L0000457,2026-06-27,2026-07-01,28036.19,28036.19,On Time,0
LP00001247,L0000457,2026-05-31,2026-06-01,28036.19,28036.19,On Time,0
LP00001248,L0000458,2026-07-29,2026-07-01,15865.06,0,Missed,60
LP00001249,L0000458,2026-05-30,2026-06-01,15865.06,15865.06,On Time,0
LP00001250,L0000458,2026-05-01,2026-05-02,15865.06,15865.06,On Time,0
LP00001251,L0000459,2026-06-30,2026-07-01,1539.85,1539.85,On Time,0
LP00001252,L0000459,2026-05-28,2026-06-01,1539.85,1539.85,On Time,0
LP00001253,L0000459,2026-05-02,2026-05-02,1539.85,1539.85,On Time,0
LP00001254,L0000460,2026-06-29,2026-07-01,5425.84,5425.84,On Time,0
LP00001255,L0000461,2026-07-01,2026-07-01,29585.32,29585.32,On Time,0
LP00001256,L0000461,2026-05-30,2026-06-01,29585.32,29585.32,On Time,0
LP00001257,L0000461,2026-04-28,2026-05-02,29585.32,29585.32,On Time,0
LP00001258,L0000462,2026-06-30,2026-07-01,10306.89,10306.89,On Time,0
LP00001259,L0000462,2026-05-29,2026-06-01,10306.89,10306.89,On Time,0
LP00001260,L0000462,2026-05-02,2026-05-02,10306.89,10306.89,On Time,0
LP00001261,L0000463,2026-06-27,2026-07-01,7071.68,7071.68,On Time,0
LP00001262,L0000463,2026-05-30,2026-06-01,7071.68,7071.68,On Time,0
LP00001263,L0000463,2026-05-01,2026-05-02,7071.68,7071.68,On Time,0
LP00001264,L0000464,2026-06-27,2026-07-01,5452.8,5452.8,On Time,0
LP00001265,L0000465,2026-07-19,2026-07-01,10905.42,10905.42,Late,18
LP00001266,L0000465,2026-05-31,2026-06-01,10905.42,10905.42,On Time,0
LP00001267,L0000465,2026-04-29,2026-05-02,10905.42,10905.42,On Time,0
LP00001268,L0000466,2026-06-30,2026-07-01,6671.66,6671.66,On Time,0
LP00001269,L0000466,2026-06-29,2026-06-01,6671.66,0,Missed,45
LP00001270,L0000466,2026-05-02,2026-05-02,6671.66,6671.66,On Time,0
LP00001271,L0000467,2026-06-30,2026-07-01,14107.98,14107.98,On Time,0
LP00001272,L0000467,2026-05-28,2026-06-01,14107.98,14107.98,On Time,0
LP00001273,L0000467,2026-04-28,2026-05-02,14107.98,14107.98,On Time,0
LP00001274,L0000468,2026-07-01,2026-07-01,9973.45,9973.45,On Time,0
LP00001275,L0000468,2026-05-28,2026-06-01,9973.45,9973.45,On Time,0
LP00001276,L0000468,2026-05-30,2026-05-02,9973.45,0,Missed,45
LP00001277,L0000469,2026-06-29,2026-07-01,23017.65,23017.65,On Time,0
LP00001278,L0000469,2026-06-29,2026-06-01,23017.65,0,Missed,45
LP00001279,L0000469,2026-04-30,2026-05-02,23017.65,23017.65,On Time,0
LP00001280,L0000470,2026-06-29,2026-07-01,15995.19,15995.19,On Time,0
LP00001281,L0000470,2026-06-01,2026-06-01,15995.19,15995.19,On Time,0
LP00001282,L0000470,2026-05-02,2026-05-02,15995.19,15995.19,On Time,0
LP00001283,L0000471,2026-07-29,2026-07-01,3895.86,0,Missed,45
LP00001284,L0000471,2026-06-01,2026-06-01,3895.86,3895.86,On Time,0
LP00001285,L0000471,2026-05-21,2026-05-02,3895.86,3220.33,Partial,19
LP00001286,L0000472,2026-06-29,2026-07-01,6544.29,6544.29,On Time,0
LP00001287,L0000472,2026-05-30,2026-06-01,6544.29,6544.29,On Time,0
LP00001288,L0000472,2026-04-28,2026-05-02,6544.29,6544.29,On Time,0
LP00001289,L0000473,2026-06-28,2026-07-01,17279.21,17279.21,On Time,0
LP00001290,L0000473,2026-06-01,2026-06-01,17279.21,17279.21,On Time,0
LP00001291,L0000473,2026-04-30,2026-05-02,17279.21,17279.21,On Time,0
LP00001292,L0000474,2026-06-30,2026-07-01,7144.0,7144.0,On Time,0
LP00001293,L0000474,2026-05-30,2026-06-01,7144.0,7144.0,On Time,0
LP00001294,L0000474,2026-05-01,2026-05-02,7144.0,7144.0,On Time,0
LP00001295,L0000475,2026-06-30,2026-07-01,1464.75,1464.75,On Time,0
LP00001296,L0000475,2026-05-29,2026-06-01,1464.75,1464.75,On Time,0
LP00001297,L0000475,2026-04-29,2026-05-02,1464.75,1464.75,On Time,0
LP00001298,L0000476,2026-06-29,2026-07-01,14448.73,14448.73,On Time,0
LP00001299,L0000476,2026-05-29,2026-06-01,14448.73,14448.73,On Time,0
LP00001300,L0000476,2026-05-02,2026-05-02,14448.73,14448.73,On Time,0
LP00001301,L0000477,2026-07-29,2026-07-01,9386.57,0,Missed,30
LP00001302,L0000477,2026-06-06,2026-06-01,9386.57,9386.57,Late,5
LP00001303,L0000477,2026-04-30,2026-05-02,9386.57,9386.57,On Time,0
LP00001304,L0000478,2026-06-28,2026-07-01,15765.44,15765.44,On Time,0
LP00001305,L0000479,2026-06-29,2026-07-01,4017.09,4017.09,On Time,0
LP00001306,L0000479,2026-05-31,2026-06-01,4017.09,4017.09,On Time,0
LP00001307,L0000479,2026-05-30,2026-05-02,4017.09,0,Missed,60
LP00001308,L0000480,2026-06-28,2026-07-01,6486.16,6486.16,On Time,0
LP00001309,L0000480,2026-05-28,2026-06-01,6486.16,6486.16,On Time,0
LP00001310,L0000480,2026-05-01,2026-05-02,6486.16,6486.16,On Time,0
LP00001311,L0000481,2026-07-02,2026-07-01,27329.53,27329.53,Late,1
LP00001312,L0000481,2026-06-29,2026-06-01,27329.53,0,Missed,30
LP00001313,L0000481,2026-05-02,2026-05-02,27329.53,27329.53,On Time,0
LP00001314,L0000482,2026-06-28,2026-07-01,1850.21,1850.21,On Time,0
LP00001315,L0000482,2026-05-30,2026-06-01,1850.21,1850.21,On Time,0
LP00001316,L0000482,2026-04-29,2026-05-02,1850.21,1850.21,On Time,0
LP00001317,L0000483,2026-07-29,2026-07-01,11086.01,0,Missed,45
LP00001318,L0000483,2026-06-13,2026-06-01,11086.01,11086.01,Late,12
LP00001319,L0000483,2026-05-30,2026-05-02,11086.01,0,Missed,30
LP00001320,L0000484,2026-06-27,2026-07-01,4323.16,4323.16,On Time,0
LP00001321,L0000484,2026-05-28,2026-06-01,4323.16,4323.16,On Time,0
LP00001322,L0000484,2026-04-29,2026-05-02,4323.16,4323.16,On Time,0
LP00001323,L0000485,2026-07-01,2026-07-01,16754.81,16754.81,On Time,0
LP00001324,L0000485,2026-05-28,2026-06-01,16754.81,16754.81,On Time,0
LP00001325,L0000485,2026-04-30,2026-05-02,16754.81,16754.81,On Time,0
LP00001326,L0000486,2026-07-16,2026-07-01,23156.67,14122.14,Partial,15
LP00001327,L0000486,2026-06-07,2026-06-01,23156.67,12351.4,Partial,6
LP00001328,L0000486,2026-05-02,2026-05-02,23156.67,23156.67,On Time,0
LP00001329,L0000487,2026-07-29,2026-07-01,3993.4,0,Missed,45
LP00001330,L0000487,2026-05-28,2026-06-01,3993.4,3993.4,On Time,0
LP00001331,L0000487,2026-05-01,2026-05-02,3993.4,3993.4,On Time,0
LP00001332,L0000488,2026-07-17,2026-07-01,2209.24,2209.24,Late,16
LP00001333,L0000488,2026-06-29,2026-06-01,2209.24,0,Missed,60
LP00001334,L0000488,2026-04-28,2026-05-02,2209.24,2209.24,On Time,0
LP00001335,L0000489,2026-06-29,2026-07-01,12969.65,12969.65,On Time,0
LP00001336,L0000489,2026-06-29,2026-06-01,12969.65,0,Missed,60
LP00001337,L0000490,2026-07-01,2026-07-01,20694.52,20694.52,On Time,0
LP00001338,L0000490,2026-05-29,2026-06-01,20694.52,20694.52,On Time,0
LP00001339,L0000490,2026-05-01,2026-05-02,20694.52,20694.52,On Time,0
LP00001340,L0000491,2026-06-30,2026-07-01,16960.36,16960.36,On Time,0
LP00001341,L0000491,2026-05-31,2026-06-01,16960.36,16960.36,On Time,0
LP00001342,L0000491,2026-04-28,2026-05-02,16960.36,16960.36,On Time,0
LP00001343,L0000492,2026-06-28,2026-07-01,32384.68,32384.68,On Time,0
LP00001344,L0000492,2026-05-28,2026-06-01,32384.68,32384.68,On Time,0
LP00001345,L0000492,2026-04-28,2026-05-02,32384.68,32384.68,On Time,0
LP00001346,L0000493,2026-06-27,2026-07-01,18058.17,18058.17,On Time,0
LP00001347,L0000493,2026-05-29,2026-06-01,18058.17,18058.17,On Time,0
LP00001348,L0000493,2026-04-30,2026-05-02,18058.17,18058.17,On Time,0
LP00001349,L0000494,2026-06-29,2026-07-01,48791.31,48791.31,On Time,0
LP00001350,L0000494,2026-06-01,2026-06-01,48791.31,48791.31,On Time,0
LP00001351,L0000494,2026-05-02,2026-05-02,48791.31,48791.31,On Time,0
LP00001352,L0000495,2026-06-29,2026-07-01,9293.49,9293.49,On Time,0
LP00001353,L0000495,2026-05-31,2026-06-01,9293.49,9293.49,On Time,0
LP00001354,L0000495,2026-04-29,2026-05-02,9293.49,9293.49,On Time,0
LP00001355,L0000496,2026-06-27,2026-07-01,11403.8,11403.8,On Time,0
LP00001356,L0000496,2026-05-31,2026-06-01,11403.8,11403.8,On Time,0
LP00001357,L0000496,2026-04-29,2026-05-02,11403.8,11403.8,On Time,0
LP00001358,L0000497,2026-06-30,2026-07-01,13277.61,13277.61,On Time,0
LP00001359,L0000497,2026-05-31,2026-06-01,13277.61,13277.61,On Time,0
LP00001360,L0000497,2026-05-08,2026-05-02,13277.61,6888.1,Partial,6
LP00001361,L0000498,2026-06-28,2026-07-01,3064.11,3064.11,On Time,0
LP00001362,L0000498,2026-05-30,2026-06-01,3064.11,3064.11,On Time,0
LP00001363,L0000498,2026-05-02,2026-05-02,3064.11,3064.11,On Time,0
LP00001364,L0000499,2026-07-29,2026-07-01,550.5,0,Missed,30
LP00001365,L0000499,2026-06-01,2026-06-01,550.5,550.5,On Time,0
LP00001366,L0000499,2026-05-01,2026-05-02,550.5,550.5,On Time,0
LP00001367,L0000500,2026-06-28,2026-07-01,11646.17,11646.17,On Time,0
LP00001368,L0000500,2026-05-29,2026-06-01,11646.17,11646.17,On Time,0
LP00001369,L0000500,2026-04-28,2026-05-02,11646.17,11646.17,On Time,0
LP00001370,L0000501,2026-07-29,2026-07-01,28073.31,0,Missed,45
LP00001371,L0000502,2026-07-01,2026-07-01,16879.25,16879.25,On Time,0
LP00001372,L0000502,2026-05-30,2026-06-01,16879.25,16879.25,On Time,0
LP00001373,L0000502,2026-05-01,2026-05-02,16879.25,16879.25,On Time,0
LP00001374,L0000503,2026-06-27,2026-07-01,11829.64,11829.64,On Time,0
LP00001375,L0000503,2026-05-30,2026-06-01,11829.64,11829.64,On Time,0
LP00001376,L0000503,2026-05-01,2026-05-02,11829.64,11829.64,On Time,0
LP00001377,L0000504,2026-07-21,2026-07-01,5549.8,5549.8,Late,20
LP00001378,L0000504,2026-06-19,2026-06-01,5549.8,3806.24,Partial,18
LP00001379,L0000504,2026-04-28,2026-05-02,5549.8,5549.8,On Time,0
LP00001380,L0000505,2026-07-01,2026-07-01,1152.36,1152.36,On Time,0
LP00001381,L0000505,2026-05-30,2026-06-01,1152.36,1152.36,On Time,0
LP00001382,L0000505,2026-04-28,2026-05-02,1152.36,1152.36,On Time,0
LP00001383,L0000506,2026-06-27,2026-07-01,3622.32,3622.32,On Time,0
LP00001384,L0000506,2026-06-01,2026-06-01,3622.32,3622.32,On Time,0
LP00001385,L0000506,2026-05-02,2026-05-02,3622.32,3622.32,On Time,0
LP00001386,L0000507,2026-06-27,2026-07-01,11939.03,11939.03,On Time,0
LP00001387,L0000507,2026-05-31,2026-06-01,11939.03,11939.03,On Time,0
LP00001388,L0000507,2026-05-02,2026-05-02,11939.03,11939.03,On Time,0
LP00001389,L0000508,2026-06-28,2026-07-01,20521.18,20521.18,On Time,0
LP00001390,L0000508,2026-06-05,2026-06-01,20521.18,20521.18,Late,4
LP00001391,L0000508,2026-05-02,2026-05-02,20521.18,20521.18,On Time,0
LP00001392,L0000509,2026-07-01,2026-07-01,2535.77,2535.77,On Time,0
LP00001393,L0000509,2026-05-30,2026-06-01,2535.77,2535.77,On Time,0
LP00001394,L0000509,2026-05-01,2026-05-02,2535.77,2535.77,On Time,0
LP00001395,L0000510,2026-07-01,2026-07-01,32784.96,32784.96,On Time,0
LP00001396,L0000511,2026-07-08,2026-07-01,12089.32,12089.32,Late,7
LP00001397,L0000511,2026-05-28,2026-06-01,12089.32,12089.32,On Time,0
LP00001398,L0000511,2026-05-30,2026-05-02,12089.32,0,Missed,30
LP00001399,L0000512,2026-06-27,2026-07-01,11971.36,11971.36,On Time,0
LP00001400,L0000513,2026-06-27,2026-07-01,16697.31,16697.31,On Time,0
LP00001401,L0000514,2026-06-27,2026-07-01,29434.71,29434.71,On Time,0
LP00001402,L0000514,2026-05-28,2026-06-01,29434.71,29434.71,On Time,0
LP00001403,L0000514,2026-05-02,2026-05-02,29434.71,29434.71,On Time,0
LP00001404,L0000515,2026-06-27,2026-07-01,2327.58,2327.58,On Time,0
LP00001405,L0000515,2026-05-28,2026-06-01,2327.58,2327.58,On Time,0
LP00001406,L0000515,2026-05-10,2026-05-02,2327.58,1862.59,Partial,8
LP00001407,L0000516,2026-06-27,2026-07-01,3360.09,3360.09,On Time,0
LP00001408,L0000517,2026-06-27,2026-07-01,3865.78,3865.78,On Time,0
LP00001409,L0000517,2026-05-29,2026-06-01,3865.78,3865.78,On Time,0
LP00001410,L0000517,2026-04-30,2026-05-02,3865.78,3865.78,On Time,0
LP00001411,L0000518,2026-07-01,2026-07-01,20187.82,20187.82,On Time,0
LP00001412,L0000518,2026-06-15,2026-06-01,20187.82,20187.82,Late,14
LP00001413,L0000518,2026-05-22,2026-05-02,20187.82,20187.82,Late,20
LP00001414,L0000519,2026-07-01,2026-07-01,5111.14,5111.14,On Time,0
LP00001415,L0000519,2026-06-07,2026-06-01,5111.14,5111.14,Late,6
LP00001416,L0000519,2026-05-02,2026-05-02,5111.14,5111.14,On Time,0
LP00001417,L0000520,2026-07-02,2026-07-01,7347.33,7347.33,Late,1
LP00001418,L0000520,2026-05-28,2026-06-01,7347.33,7347.33,On Time,0
LP00001419,L0000520,2026-05-02,2026-05-02,7347.33,7347.33,On Time,0
LP00001420,L0000521,2026-06-30,2026-07-01,13692.08,13692.08,On Time,0
LP00001421,L0000521,2026-05-30,2026-06-01,13692.08,13692.08,On Time,0
LP00001422,L0000521,2026-04-30,2026-05-02,13692.08,13692.08,On Time,0
LP00001423,L0000522,2026-06-29,2026-07-01,10890.05,10890.05,On Time,0
LP00001424,L0000522,2026-06-29,2026-06-01,10890.05,0,Missed,30
LP00001425,L0000522,2026-05-01,2026-05-02,10890.05,10890.05,On Time,0
LP00001426,L0000523,2026-07-02,2026-07-01,7906.58,6421.69,Partial,1
LP00001427,L0000523,2026-05-31,2026-06-01,7906.58,7906.58,On Time,0
LP00001428,L0000523,2026-05-01,2026-05-02,7906.58,7906.58,On Time,0
LP00001429,L0000524,2026-06-27,2026-07-01,707.84,707.84,On Time,0
LP00001430,L0000524,2026-05-29,2026-06-01,707.84,707.84,On Time,0
LP00001431,L0000524,2026-04-30,2026-05-02,707.84,707.84,On Time,0
LP00001432,L0000525,2026-06-29,2026-07-01,10467.99,10467.99,On Time,0
LP00001433,L0000525,2026-05-30,2026-06-01,10467.99,10467.99,On Time,0
LP00001434,L0000525,2026-04-28,2026-05-02,10467.99,10467.99,On Time,0
LP00001435,L0000526,2026-07-01,2026-07-01,13302.58,13302.58,On Time,0
LP00001436,L0000526,2026-05-29,2026-06-01,13302.58,13302.58,On Time,0
LP00001437,L0000526,2026-04-28,2026-05-02,13302.58,13302.58,On Time,0
LP00001438,L0000527,2026-07-08,2026-07-01,3518.01,3518.01,Late,7
LP00001439,L0000527,2026-05-28,2026-06-01,3518.01,3518.01,On Time,0
LP00001440,L0000527,2026-05-02,2026-05-02,3518.01,3518.01,On Time,0
LP00001441,L0000528,2026-06-29,2026-07-01,12077.36,12077.36,On Time,0
LP00001442,L0000528,2026-05-31,2026-06-01,12077.36,12077.36,On Time,0
LP00001443,L0000528,2026-04-29,2026-05-02,12077.36,12077.36,On Time,0
LP00001444,L0000529,2026-06-29,2026-07-01,9951.14,9951.14,On Time,0
LP00001445,L0000529,2026-05-31,2026-06-01,9951.14,9951.14,On Time,0
LP00001446,L0000529,2026-04-30,2026-05-02,9951.14,9951.14,On Time,0
LP00001447,L0000530,2026-06-29,2026-07-01,23209.78,23209.78,On Time,0
LP00001448,L0000530,2026-05-29,2026-06-01,23209.78,23209.78,On Time,0
LP00001449,L0000530,2026-05-01,2026-05-02,23209.78,23209.78,On Time,0
LP00001450,L0000531,2026-07-01,2026-07-01,1333.14,1333.14,On Time,0
LP00001451,L0000531,2026-05-31,2026-06-01,1333.14,1333.14,On Time,0
LP00001452,L0000531,2026-05-04,2026-05-02,1333.14,1333.14,Late,2
LP00001453,L0000532,2026-06-27,2026-07-01,24505.13,24505.13,On Time,0
LP00001454,L0000532,2026-05-30,2026-06-01,24505.13,24505.13,On Time,0
LP00001455,L0000532,2026-04-28,2026-05-02,24505.13,24505.13,On Time,0
LP00001456,L0000533,2026-06-30,2026-07-01,5604.97,5604.97,On Time,0
LP00001457,L0000534,2026-07-01,2026-07-01,10239.16,10239.16,On Time,0
LP00001458,L0000534,2026-05-29,2026-06-01,10239.16,10239.16,On Time,0
LP00001459,L0000534,2026-05-02,2026-05-02,10239.16,10239.16,On Time,0
LP00001460,L0000535,2026-07-21,2026-07-01,7607.54,4664.42,Partial,20
LP00001461,L0000535,2026-05-31,2026-06-01,7607.54,7607.54,On Time,0
LP00001462,L0000535,2026-05-12,2026-05-02,7607.54,5120.12,Partial,10
LP00001463,L0000536,2026-07-11,2026-07-01,4109.57,3379.52,Partial,10
LP00001464,L0000536,2026-05-30,2026-06-01,4109.57,4109.57,On Time,0
LP00001465,L0000536,2026-05-02,2026-05-02,4109.57,4109.57,On Time,0
LP00001466,L0000537,2026-06-28,2026-07-01,6005.92,6005.92,On Time,0
LP00001467,L0000537,2026-06-29,2026-06-01,6005.92,0,Missed,45
LP00001468,L0000537,2026-05-01,2026-05-02,6005.92,6005.92,On Time,0
LP00001469,L0000538,2026-06-27,2026-07-01,27482.82,27482.82,On Time,0
LP00001470,L0000538,2026-05-31,2026-06-01,27482.82,27482.82,On Time,0
LP00001471,L0000538,2026-04-29,2026-05-02,27482.82,27482.82,On Time,0
LP00001472,L0000539,2026-06-29,2026-07-01,27391.56,27391.56,On Time,0
LP00001473,L0000539,2026-05-31,2026-06-01,27391.56,27391.56,On Time,0
LP00001474,L0000539,2026-05-01,2026-05-02,27391.56,27391.56,On Time,0
LP00001475,L0000540,2026-07-29,2026-07-01,40505.2,0,Missed,45
LP00001476,L0000540,2026-05-30,2026-06-01,40505.2,40505.2,On Time,0
LP00001477,L0000541,2026-07-29,2026-07-01,16748.24,0,Missed,30
LP00001478,L0000541,2026-05-28,2026-06-01,16748.24,16748.24,On Time,0
LP00001479,L0000541,2026-04-30,2026-05-02,16748.24,16748.24,On Time,0
LP00001480,L0000542,2026-06-30,2026-07-01,31068.94,31068.94,On Time,0
LP00001481,L0000542,2026-06-01,2026-06-01,31068.94,31068.94,On Time,0
LP00001482,L0000542,2026-04-29,2026-05-02,31068.94,31068.94,On Time,0
LP00001483,L0000543,2026-07-01,2026-07-01,1057.35,1057.35,On Time,0
LP00001484,L0000543,2026-06-29,2026-06-01,1057.35,0,Missed,60
LP00001485,L0000543,2026-05-30,2026-05-02,1057.35,0,Missed,30
LP00001486,L0000544,2026-06-27,2026-07-01,16611.57,16611.57,On Time,0
LP00001487,L0000544,2026-05-28,2026-06-01,16611.57,16611.57,On Time,0
LP00001488,L0000544,2026-05-02,2026-05-02,16611.57,16611.57,On Time,0
LP00001489,L0000545,2026-07-29,2026-07-01,1982.92,0,Missed,30
LP00001490,L0000545,2026-06-29,2026-06-01,1982.92,0,Missed,30
LP00001491,L0000545,2026-04-28,2026-05-02,1982.92,1982.92,On Time,0
LP00001492,L0000546,2026-06-30,2026-07-01,27945.17,27945.17,On Time,0
LP00001493,L0000546,2026-06-01,2026-06-01,27945.17,27945.17,On Time,0
LP00001494,L0000546,2026-05-02,2026-05-02,27945.17,27945.17,On Time,0
LP00001495,L0000547,2026-06-27,2026-07-01,15290.39,15290.39,On Time,0
LP00001496,L0000547,2026-06-29,2026-06-01,15290.39,0,Missed,60
LP00001497,L0000547,2026-04-29,2026-05-02,15290.39,15290.39,On Time,0
LP00001498,L0000548,2026-06-28,2026-07-01,3062.75,3062.75,On Time,0
LP00001499,L0000548,2026-06-01,2026-06-01,3062.75,3062.75,On Time,0
LP00001500,L0000548,2026-04-29,2026-05-02,3062.75,3062.75,On Time,0
LP00001501,L0000549,2026-07-08,2026-07-01,5404.83,3189.05,Partial,7
LP00001502,L0000549,2026-06-01,2026-06-01,5404.83,5404.83,On Time,0
LP00001503,L0000549,2026-05-01,2026-05-02,5404.83,5404.83,On Time,0
LP00001504,L0000550,2026-07-29,2026-07-01,9592.86,0,Missed,30
LP00001505,L0000550,2026-06-01,2026-06-01,9592.86,9592.86,On Time,0
LP00001506,L0000550,2026-04-29,2026-05-02,9592.86,9592.86,On Time,0
LP00001507,L0000551,2026-06-27,2026-07-01,22595.33,22595.33,On Time,0
LP00001508,L0000552,2026-06-29,2026-07-01,7983.57,7983.57,On Time,0
LP00001509,L0000552,2026-06-02,2026-06-01,7983.57,7983.57,Late,1
LP00001510,L0000552,2026-05-02,2026-05-02,7983.57,7983.57,On Time,0
LP00001511,L0000553,2026-06-29,2026-07-01,3988.44,3988.44,On Time,0
LP00001512,L0000553,2026-05-28,2026-06-01,3988.44,3988.44,On Time,0
LP00001513,L0000554,2026-07-29,2026-07-01,2919.24,0,Missed,60
LP00001514,L0000554,2026-06-29,2026-06-01,2919.24,0,Missed,30
LP00001515,L0000554,2026-05-30,2026-05-02,2919.24,0,Missed,30
LP00001516,L0000555,2026-07-19,2026-07-01,6713.08,6713.08,Late,18
LP00001517,L0000556,2026-06-29,2026-07-01,11342.76,11342.76,On Time,0
LP00001518,L0000557,2026-07-29,2026-07-01,16765.9,0,Missed,45
LP00001519,L0000557,2026-05-30,2026-06-01,16765.9,16765.9,On Time,0
LP00001520,L0000557,2026-05-09,2026-05-02,16765.9,16765.9,Late,7
LP00001521,L0000558,2026-06-27,2026-07-01,9833.64,9833.64,On Time,0
LP00001522,L0000558,2026-06-08,2026-06-01,9833.64,5127.86,Partial,7
LP00001523,L0000558,2026-05-01,2026-05-02,9833.64,9833.64,On Time,0
LP00001524,L0000559,2026-07-02,2026-07-01,23891.12,23891.12,Late,1
LP00001525,L0000559,2026-06-01,2026-06-01,23891.12,23891.12,On Time,0
LP00001526,L0000559,2026-05-30,2026-05-02,23891.12,0,Missed,30
LP00001527,L0000560,2026-06-28,2026-07-01,6703.4,6703.4,On Time,0
LP00001528,L0000560,2026-05-28,2026-06-01,6703.4,6703.4,On Time,0
LP00001529,L0000560,2026-05-30,2026-05-02,6703.4,0,Missed,30
LP00001530,L0000561,2026-06-30,2026-07-01,2492.72,2492.72,On Time,0
LP00001531,L0000562,2026-07-29,2026-07-01,26174.06,0,Missed,60
LP00001532,L0000562,2026-05-28,2026-06-01,26174.06,26174.06,On Time,0
LP00001533,L0000562,2026-04-28,2026-05-02,26174.06,26174.06,On Time,0
LP00001534,L0000563,2026-07-01,2026-07-01,12705.32,12705.32,On Time,0
LP00001535,L0000563,2026-05-28,2026-06-01,12705.32,12705.32,On Time,0
LP00001536,L0000563,2026-04-28,2026-05-02,12705.32,12705.32,On Time,0
LP00001537,L0000564,2026-06-28,2026-07-01,19425.68,19425.68,On Time,0
LP00001538,L0000565,2026-06-28,2026-07-01,4218.99,4218.99,On Time,0
LP00001539,L0000565,2026-06-29,2026-06-01,4218.99,0,Missed,60
LP00001540,L0000565,2026-04-30,2026-05-02,4218.99,4218.99,On Time,0
LP00001541,L0000566,2026-06-28,2026-07-01,769.62,769.62,On Time,0
LP00001542,L0000567,2026-07-05,2026-07-01,6259.61,6259.61,Late,4
LP00001543,L0000567,2026-05-28,2026-06-01,6259.61,6259.61,On Time,0
LP00001544,L0000567,2026-04-28,2026-05-02,6259.61,6259.61,On Time,0
LP00001545,L0000568,2026-06-28,2026-07-01,9759.28,9759.28,On Time,0
LP00001546,L0000568,2026-05-28,2026-06-01,9759.28,9759.28,On Time,0
LP00001547,L0000568,2026-04-30,2026-05-02,9759.28,9759.28,On Time,0
LP00001548,L0000569,2026-06-30,2026-07-01,22204.99,22204.99,On Time,0
LP00001549,L0000569,2026-06-01,2026-06-01,22204.99,22204.99,On Time,0
LP00001550,L0000570,2026-06-29,2026-07-01,6928.7,6928.7,On Time,0
LP00001551,L0000570,2026-06-01,2026-06-01,6928.7,6928.7,On Time,0
LP00001552,L0000570,2026-04-28,2026-05-02,6928.7,6928.7,On Time,0
LP00001553,L0000571,2026-07-29,2026-07-01,16328.08,0,Missed,45
LP00001554,L0000571,2026-06-29,2026-06-01,16328.08,0,Missed,60
LP00001555,L0000571,2026-05-01,2026-05-02,16328.08,16328.08,On Time,0
LP00001556,L0000572,2026-07-01,2026-07-01,3694.52,3694.52,On Time,0
LP00001557,L0000573,2026-06-29,2026-07-01,11881.52,11881.52,On Time,0
LP00001558,L0000573,2026-06-10,2026-06-01,11881.52,11881.52,Late,9
LP00001559,L0000573,2026-05-01,2026-05-02,11881.52,11881.52,On Time,0
LP00001560,L0000574,2026-07-01,2026-07-01,21280.41,21280.41,On Time,0
LP00001561,L0000574,2026-05-31,2026-06-01,21280.41,21280.41,On Time,0
LP00001562,L0000574,2026-05-01,2026-05-02,21280.41,21280.41,On Time,0
LP00001563,L0000575,2026-06-30,2026-07-01,5223.21,5223.21,On Time,0
LP00001564,L0000575,2026-05-31,2026-06-01,5223.21,5223.21,On Time,0
LP00001565,L0000576,2026-06-30,2026-07-01,19880.49,19880.49,On Time,0
LP00001566,L0000576,2026-05-31,2026-06-01,19880.49,19880.49,On Time,0
LP00001567,L0000576,2026-04-30,2026-05-02,19880.49,19880.49,On Time,0
LP00001568,L0000577,2026-06-28,2026-07-01,4964.02,4964.02,On Time,0
LP00001569,L0000577,2026-05-31,2026-06-01,4964.02,4964.02,On Time,0
LP00001570,L0000577,2026-05-30,2026-05-02,4964.02,0,Missed,30
LP00001571,L0000578,2026-07-01,2026-07-01,6813.18,6813.18,On Time,0
LP00001572,L0000578,2026-05-28,2026-06-01,6813.18,6813.18,On Time,0
LP00001573,L0000578,2026-04-30,2026-05-02,6813.18,6813.18,On Time,0
LP00001574,L0000579,2026-07-01,2026-07-01,10786.84,10786.84,On Time,0
LP00001575,L0000579,2026-05-29,2026-06-01,10786.84,10786.84,On Time,0
LP00001576,L0000579,2026-04-28,2026-05-02,10786.84,10786.84,On Time,0
LP00001577,L0000580,2026-07-01,2026-07-01,16691.85,16691.85,On Time,0
LP00001578,L0000580,2026-05-30,2026-06-01,16691.85,16691.85,On Time,0
LP00001579,L0000580,2026-04-30,2026-05-02,16691.85,16691.85,On Time,0
LP00001580,L0000581,2026-07-01,2026-07-01,11918.38,11918.38,On Time,0
LP00001581,L0000581,2026-06-01,2026-06-01,11918.38,11918.38,On Time,0
LP00001582,L0000582,2026-07-01,2026-07-01,5242.03,5242.03,On Time,0
LP00001583,L0000582,2026-06-01,2026-06-01,5242.03,5242.03,On Time,0
LP00001584,L0000582,2026-04-29,2026-05-02,5242.03,5242.03,On Time,0
LP00001585,L0000583,2026-06-28,2026-07-01,7499.66,7499.66,On Time,0
LP00001586,L0000583,2026-05-31,2026-06-01,7499.66,7499.66,On Time,0
LP00001587,L0000583,2026-05-17,2026-05-02,7499.66,7499.66,Late,15
LP00001588,L0000584,2026-06-28,2026-07-01,18221.82,18221.82,On Time,0
LP00001589,L0000584,2026-05-30,2026-06-01,18221.82,18221.82,On Time,0
LP00001590,L0000584,2026-04-28,2026-05-02,18221.82,18221.82,On Time,0
LP00001591,L0000585,2026-07-05,2026-07-01,8662.49,8662.49,Late,4
LP00001592,L0000585,2026-05-30,2026-06-01,8662.49,8662.49,On Time,0
LP00001593,L0000585,2026-05-09,2026-05-02,8662.49,5671.74,Partial,7
LP00001594,L0000586,2026-07-18,2026-07-01,5785.04,4058.51,Partial,17
LP00001595,L0000586,2026-05-29,2026-06-01,5785.04,5785.04,On Time,0
LP00001596,L0000586,2026-04-28,2026-05-02,5785.04,5785.04,On Time,0
LP00001597,L0000587,2026-07-01,2026-07-01,9191.32,9191.32,On Time,0
LP00001598,L0000587,2026-05-30,2026-06-01,9191.32,9191.32,On Time,0
LP00001599,L0000587,2026-05-22,2026-05-02,9191.32,7136.39,Partial,20
LP00001600,L0000588,2026-07-19,2026-07-01,4171.07,2883.68,Partial,18
LP00001601,L0000588,2026-05-30,2026-06-01,4171.07,4171.07,On Time,0
LP00001602,L0000588,2026-05-01,2026-05-02,4171.07,4171.07,On Time,0
LP00001603,L0000589,2026-07-01,2026-07-01,6057.15,6057.15,On Time,0
LP00001604,L0000589,2026-05-31,2026-06-01,6057.15,6057.15,On Time,0
LP00001605,L0000589,2026-05-01,2026-05-02,6057.15,6057.15,On Time,0
LP00001606,L0000590,2026-07-02,2026-07-01,24344.97,24344.97,Late,1
LP00001607,L0000590,2026-06-01,2026-06-01,24344.97,24344.97,On Time,0
LP00001608,L0000590,2026-05-02,2026-05-02,24344.97,24344.97,On Time,0
LP00001609,L0000591,2026-06-27,2026-07-01,20061.99,20061.99,On Time,0
LP00001610,L0000591,2026-06-01,2026-06-01,20061.99,20061.99,On Time,0
LP00001611,L0000591,2026-05-01,2026-05-02,20061.99,20061.99,On Time,0
LP00001612,L0000592,2026-06-28,2026-07-01,1296.11,1296.11,On Time,0
LP00001613,L0000593,2026-06-29,2026-07-01,3678.44,3678.44,On Time,0
LP00001614,L0000593,2026-05-29,2026-06-01,3678.44,3678.44,On Time,0
LP00001615,L0000594,2026-07-01,2026-07-01,8021.58,8021.58,On Time,0
LP00001616,L0000594,2026-06-29,2026-06-01,8021.58,0,Missed,30
LP00001617,L0000594,2026-05-01,2026-05-02,8021.58,8021.58,On Time,0
LP00001618,L0000595,2026-06-27,2026-07-01,5095.71,5095.71,On Time,0
LP00001619,L0000595,2026-05-28,2026-06-01,5095.71,5095.71,On Time,0
LP00001620,L0000595,2026-04-29,2026-05-02,5095.71,5095.71,On Time,0
LP00001621,L0000596,2026-07-29,2026-07-01,11887.99,0,Missed,45
LP00001622,L0000597,2026-07-01,2026-07-01,5038.4,5038.4,On Time,0
LP00001623,L0000597,2026-05-28,2026-06-01,5038.4,5038.4,On Time,0
LP00001624,L0000597,2026-05-02,2026-05-02,5038.4,5038.4,On Time,0
LP00001625,L0000598,2026-06-29,2026-07-01,7112.66,7112.66,On Time,0
LP00001626,L0000598,2026-05-30,2026-06-01,7112.66,7112.66,On Time,0
LP00001627,L0000598,2026-05-22,2026-05-02,7112.66,7112.66,Late,20
LP00001628,L0000599,2026-07-01,2026-07-01,8759.77,8759.77,On Time,0
LP00001629,L0000599,2026-05-31,2026-06-01,8759.77,8759.77,On Time,0
LP00001630,L0000600,2026-06-28,2026-07-01,6093.06,6093.06,On Time,0
LP00001631,L0000600,2026-05-31,2026-06-01,6093.06,6093.06,On Time,0
LP00001632,L0000600,2026-05-02,2026-05-02,6093.06,6093.06,On Time,0
LP00001633,L0000601,2026-06-30,2026-07-01,12989.89,12989.89,On Time,0
LP00001634,L0000601,2026-05-30,2026-06-01,12989.89,12989.89,On Time,0
LP00001635,L0000601,2026-05-02,2026-05-02,12989.89,12989.89,On Time,0
LP00001636,L0000602,2026-06-29,2026-07-01,13154.76,13154.76,On Time,0
LP00001637,L0000602,2026-05-31,2026-06-01,13154.76,13154.76,On Time,0
LP00001638,L0000602,2026-05-18,2026-05-02,13154.76,11163.11,Partial,16
LP00001639,L0000603,2026-06-29,2026-07-01,5044.44,5044.44,On Time,0
LP00001640,L0000603,2026-05-29,2026-06-01,5044.44,5044.44,On Time,0
LP00001641,L0000603,2026-05-20,2026-05-02,5044.44,3671.79,Partial,18
LP00001642,L0000604,2026-07-01,2026-07-01,6009.82,6009.82,On Time,0
LP00001643,L0000604,2026-06-06,2026-06-01,6009.82,6009.82,Late,5
LP00001644,L0000604,2026-04-29,2026-05-02,6009.82,6009.82,On Time,0
LP00001645,L0000605,2026-06-30,2026-07-01,15436.9,15436.9,On Time,0
LP00001646,L0000605,2026-05-31,2026-06-01,15436.9,15436.9,On Time,0
LP00001647,L0000605,2026-05-01,2026-05-02,15436.9,15436.9,On Time,0
LP00001648,L0000606,2026-07-05,2026-07-01,22385.67,22385.67,Late,4
LP00001649,L0000606,2026-05-30,2026-06-01,22385.67,22385.67,On Time,0
LP00001650,L0000606,2026-05-02,2026-05-02,22385.67,22385.67,On Time,0
LP00001651,L0000607,2026-06-27,2026-07-01,7644.25,7644.25,On Time,0
LP00001652,L0000607,2026-05-30,2026-06-01,7644.25,7644.25,On Time,0
LP00001653,L0000607,2026-05-01,2026-05-02,7644.25,7644.25,On Time,0
LP00001654,L0000608,2026-07-29,2026-07-01,11899.77,0,Missed,45
LP00001655,L0000609,2026-07-01,2026-07-01,23598.36,23598.36,On Time,0
LP00001656,L0000609,2026-05-29,2026-06-01,23598.36,23598.36,On Time,0
LP00001657,L0000609,2026-05-01,2026-05-02,23598.36,23598.36,On Time,0
LP00001658,L0000610,2026-06-28,2026-07-01,4782.93,4782.93,On Time,0
LP00001659,L0000610,2026-06-01,2026-06-01,4782.93,4782.93,On Time,0
LP00001660,L0000610,2026-05-02,2026-05-02,4782.93,4782.93,On Time,0
LP00001661,L0000611,2026-07-08,2026-07-01,7682.49,6714.29,Partial,7
LP00001662,L0000611,2026-05-31,2026-06-01,7682.49,7682.49,On Time,0
LP00001663,L0000611,2026-04-30,2026-05-02,7682.49,7682.49,On Time,0
LP00001664,L0000612,2026-06-27,2026-07-01,10835.06,10835.06,On Time,0
LP00001665,L0000612,2026-05-30,2026-06-01,10835.06,10835.06,On Time,0
LP00001666,L0000612,2026-04-28,2026-05-02,10835.06,10835.06,On Time,0
LP00001667,L0000613,2026-07-01,2026-07-01,8404.47,8404.47,On Time,0
LP00001668,L0000613,2026-06-01,2026-06-01,8404.47,8404.47,On Time,0
LP00001669,L0000613,2026-04-28,2026-05-02,8404.47,8404.47,On Time,0
LP00001670,L0000614,2026-06-28,2026-07-01,7696.05,7696.05,On Time,0
LP00001671,L0000614,2026-05-28,2026-06-01,7696.05,7696.05,On Time,0
LP00001672,L0000614,2026-05-30,2026-05-02,7696.05,0,Missed,30
LP00001673,L0000615,2026-07-01,2026-07-01,11969.04,11969.04,On Time,0
LP00001674,L0000615,2026-05-30,2026-06-01,11969.04,11969.04,On Time,0
LP00001675,L0000615,2026-05-02,2026-05-02,11969.04,11969.04,On Time,0
LP00001676,L0000616,2026-06-29,2026-07-01,31789.71,31789.71,On Time,0
LP00001677,L0000616,2026-05-28,2026-06-01,31789.71,31789.71,On Time,0
LP00001678,L0000616,2026-05-02,2026-05-02,31789.71,31789.71,On Time,0
LP00001679,L0000617,2026-06-27,2026-07-01,12016.06,12016.06,On Time,0
LP00001680,L0000617,2026-05-30,2026-06-01,12016.06,12016.06,On Time,0
LP00001681,L0000618,2026-06-30,2026-07-01,4750.26,4750.26,On Time,0
LP00001682,L0000618,2026-05-29,2026-06-01,4750.26,4750.26,On Time,0
LP00001683,L0000618,2026-05-03,2026-05-02,4750.26,4750.26,Late,1
LP00001684,L0000619,2026-07-07,2026-07-01,20145.62,20145.62,Late,6
LP00001685,L0000619,2026-05-31,2026-06-01,20145.62,20145.62,On Time,0
LP00001686,L0000619,2026-04-28,2026-05-02,20145.62,20145.62,On Time,0
LP00001687,L0000620,2026-07-01,2026-07-01,3152.44,3152.44,On Time,0
LP00001688,L0000620,2026-06-29,2026-06-01,3152.44,0,Missed,60
LP00001689,L0000620,2026-05-30,2026-05-02,3152.44,0,Missed,60
LP00001690,L0000621,2026-06-30,2026-07-01,2803.55,2803.55,On Time,0
LP00001691,L0000621,2026-05-28,2026-06-01,2803.55,2803.55,On Time,0
LP00001692,L0000621,2026-04-28,2026-05-02,2803.55,2803.55,On Time,0
LP00001693,L0000622,2026-06-28,2026-07-01,9087.63,9087.63,On Time,0
LP00001694,L0000622,2026-05-30,2026-06-01,9087.63,9087.63,On Time,0
LP00001695,L0000622,2026-04-30,2026-05-02,9087.63,9087.63,On Time,0
LP00001696,L0000623,2026-07-09,2026-07-01,10816.17,10816.17,Late,8
LP00001697,L0000623,2026-06-29,2026-06-01,10816.17,0,Missed,30
LP00001698,L0000623,2026-04-30,2026-05-02,10816.17,10816.17,On Time,0
LP00001699,L0000624,2026-06-28,2026-07-01,1417.58,1417.58,On Time,0
LP00001700,L0000624,2026-05-31,2026-06-01,1417.58,1417.58,On Time,0
LP00001701,L0000624,2026-04-28,2026-05-02,1417.58,1417.58,On Time,0
LP00001702,L0000625,2026-07-01,2026-07-01,22122.93,22122.93,On Time,0
LP00001703,L0000625,2026-05-29,2026-06-01,22122.93,22122.93,On Time,0
LP00001704,L0000625,2026-04-30,2026-05-02,22122.93,22122.93,On Time,0
LP00001705,L0000626,2026-07-07,2026-07-01,3259.68,3259.68,Late,6
LP00001706,L0000627,2026-06-30,2026-07-01,2743.91,2743.91,On Time,0
LP00001707,L0000627,2026-05-28,2026-06-01,2743.91,2743.91,On Time,0
LP00001708,L0000627,2026-05-02,2026-05-02,2743.91,2743.91,On Time,0
LP00001709,L0000628,2026-06-30,2026-07-01,35304.75,35304.75,On Time,0
LP00001710,L0000629,2026-07-29,2026-07-01,12263.03,0,Missed,60
LP00001711,L0000629,2026-06-11,2026-06-01,12263.03,12263.03,Late,10
LP00001712,L0000629,2026-05-05,2026-05-02,12263.03,8139.43,Partial,3
LP00001713,L0000630,2026-06-30,2026-07-01,8705.66,8705.66,On Time,0
LP00001714,L0000630,2026-05-28,2026-06-01,8705.66,8705.66,On Time,0
LP00001715,L0000630,2026-05-30,2026-05-02,8705.66,0,Missed,30
LP00001716,L0000631,2026-06-27,2026-07-01,10010.19,10010.19,On Time,0
LP00001717,L0000632,2026-07-13,2026-07-01,9511.45,9511.45,Late,12
LP00001718,L0000632,2026-06-01,2026-06-01,9511.45,9511.45,On Time,0
LP00001719,L0000632,2026-04-29,2026-05-02,9511.45,9511.45,On Time,0
LP00001720,L0000633,2026-06-28,2026-07-01,19904.71,19904.71,On Time,0
LP00001721,L0000633,2026-05-30,2026-06-01,19904.71,19904.71,On Time,0
LP00001722,L0000633,2026-04-28,2026-05-02,19904.71,19904.71,On Time,0
LP00001723,L0000634,2026-06-30,2026-07-01,22242.06,22242.06,On Time,0
LP00001724,L0000634,2026-05-31,2026-06-01,22242.06,22242.06,On Time,0
LP00001725,L0000634,2026-05-01,2026-05-02,22242.06,22242.06,On Time,0
LP00001726,L0000635,2026-06-27,2026-07-01,25996.94,25996.94,On Time,0
LP00001727,L0000635,2026-06-01,2026-06-01,25996.94,25996.94,On Time,0
LP00001728,L0000635,2026-04-28,2026-05-02,25996.94,25996.94,On Time,0
LP00001729,L0000636,2026-06-30,2026-07-01,920.87,920.87,On Time,0
LP00001730,L0000636,2026-06-04,2026-06-01,920.87,920.87,Late,3
LP00001731,L0000637,2026-06-28,2026-07-01,13690.89,13690.89,On Time,0
LP00001732,L0000637,2026-06-11,2026-06-01,13690.89,13690.89,Late,10
LP00001733,L0000637,2026-04-30,2026-05-02,13690.89,13690.89,On Time,0
LP00001734,L0000638,2026-06-30,2026-07-01,14720.57,14720.57,On Time,0
LP00001735,L0000638,2026-06-13,2026-06-01,14720.57,14720.57,Late,12
LP00001736,L0000638,2026-05-16,2026-05-02,14720.57,14720.57,Late,14
LP00001737,L0000639,2026-06-27,2026-07-01,18952.06,18952.06,On Time,0
LP00001738,L0000640,2026-06-28,2026-07-01,23621.74,23621.74,On Time,0
LP00001739,L0000640,2026-05-30,2026-06-01,23621.74,23621.74,On Time,0
LP00001740,L0000640,2026-05-01,2026-05-02,23621.74,23621.74,On Time,0
LP00001741,L0000641,2026-07-29,2026-07-01,605.18,0,Missed,45
LP00001742,L0000642,2026-07-29,2026-07-01,6962.1,0,Missed,60
LP00001743,L0000643,2026-06-29,2026-07-01,3861.78,3861.78,On Time,0
LP00001744,L0000643,2026-06-21,2026-06-01,3861.78,3861.78,Late,20
LP00001745,L0000643,2026-05-02,2026-05-02,3861.78,3861.78,On Time,0
LP00001746,L0000644,2026-06-30,2026-07-01,12346.07,12346.07,On Time,0
LP00001747,L0000644,2026-06-01,2026-06-01,12346.07,12346.07,On Time,0
LP00001748,L0000644,2026-05-30,2026-05-02,12346.07,0,Missed,30
LP00001749,L0000645,2026-07-01,2026-07-01,5306.93,5306.93,On Time,0
LP00001750,L0000645,2026-06-01,2026-06-01,5306.93,5306.93,On Time,0
LP00001751,L0000646,2026-06-30,2026-07-01,17429.7,17429.7,On Time,0
LP00001752,L0000646,2026-05-30,2026-06-01,17429.7,17429.7,On Time,0
LP00001753,L0000646,2026-04-30,2026-05-02,17429.7,17429.7,On Time,0
LP00001754,L0000647,2026-06-28,2026-07-01,1934.54,1934.54,On Time,0
LP00001755,L0000647,2026-05-31,2026-06-01,1934.54,1934.54,On Time,0
LP00001756,L0000647,2026-05-19,2026-05-02,1934.54,1934.54,Late,17
LP00001757,L0000648,2026-06-28,2026-07-01,9825.16,9825.16,On Time,0
LP00001758,L0000648,2026-05-28,2026-06-01,9825.16,9825.16,On Time,0
LP00001759,L0000648,2026-04-29,2026-05-02,9825.16,9825.16,On Time,0
LP00001760,L0000649,2026-07-01,2026-07-01,14491.48,14491.48,On Time,0
LP00001761,L0000649,2026-06-01,2026-06-01,14491.48,14491.48,On Time,0
LP00001762,L0000650,2026-07-01,2026-07-01,620.42,620.42,On Time,0
LP00001763,L0000650,2026-05-31,2026-06-01,620.42,620.42,On Time,0
LP00001764,L0000650,2026-05-02,2026-05-02,620.42,620.42,On Time,0
LP00001765,L0000651,2026-06-29,2026-07-01,5756.57,5756.57,On Time,0
LP00001766,L0000651,2026-06-10,2026-06-01,5756.57,5756.57,Late,9
LP00001767,L0000651,2026-05-01,2026-05-02,5756.57,5756.57,On Time,0
LP00001768,L0000652,2026-06-28,2026-07-01,4773.74,4773.74,On Time,0
LP00001769,L0000652,2026-06-12,2026-06-01,4773.74,4773.74,Late,11
LP00001770,L0000652,2026-05-01,2026-05-02,4773.74,4773.74,On Time,0
LP00001771,L0000653,2026-06-28,2026-07-01,2152.0,2152.0,On Time,0
LP00001772,L0000653,2026-05-31,2026-06-01,2152.0,2152.0,On Time,0
LP00001773,L0000653,2026-04-28,2026-05-02,2152.0,2152.0,On Time,0
LP00001774,L0000654,2026-06-29,2026-07-01,13725.71,13725.71,On Time,0
LP00001775,L0000654,2026-05-31,2026-06-01,13725.71,13725.71,On Time,0
LP00001776,L0000654,2026-05-02,2026-05-02,13725.71,13725.71,On Time,0
LP00001777,L0000655,2026-06-27,2026-07-01,6844.35,6844.35,On Time,0
LP00001778,L0000655,2026-05-31,2026-06-01,6844.35,6844.35,On Time,0
LP00001779,L0000655,2026-04-29,2026-05-02,6844.35,6844.35,On Time,0
LP00001780,L0000656,2026-06-28,2026-07-01,14423.38,14423.38,On Time,0
LP00001781,L0000656,2026-05-28,2026-06-01,14423.38,14423.38,On Time,0
LP00001782,L0000656,2026-04-29,2026-05-02,14423.38,14423.38,On Time,0
LP00001783,L0000657,2026-06-30,2026-07-01,2215.17,2215.17,On Time,0
LP00001784,L0000657,2026-05-30,2026-06-01,2215.17,2215.17,On Time,0
LP00001785,L0000657,2026-04-28,2026-05-02,2215.17,2215.17,On Time,0
LP00001786,L0000658,2026-06-28,2026-07-01,5004.23,5004.23,On Time,0
LP00001787,L0000659,2026-07-01,2026-07-01,9593.87,9593.87,On Time,0
LP00001788,L0000659,2026-05-31,2026-06-01,9593.87,9593.87,On Time,0
LP00001789,L0000659,2026-05-30,2026-05-02,9593.87,0,Missed,30
LP00001790,L0000660,2026-06-28,2026-07-01,38097.74,38097.74,On Time,0
LP00001791,L0000660,2026-06-29,2026-06-01,38097.74,0,Missed,45
LP00001792,L0000660,2026-05-02,2026-05-02,38097.74,38097.74,On Time,0
LP00001793,L0000661,2026-06-29,2026-07-01,1735.66,1735.66,On Time,0
LP00001794,L0000661,2026-06-01,2026-06-01,1735.66,1735.66,On Time,0
LP00001795,L0000661,2026-05-01,2026-05-02,1735.66,1735.66,On Time,0
LP00001796,L0000662,2026-06-28,2026-07-01,12954.7,12954.7,On Time,0
LP00001797,L0000662,2026-05-30,2026-06-01,12954.7,12954.7,On Time,0
LP00001798,L0000662,2026-04-28,2026-05-02,12954.7,12954.7,On Time,0
LP00001799,L0000663,2026-06-27,2026-07-01,4959.14,4959.14,On Time,0
LP00001800,L0000663,2026-05-29,2026-06-01,4959.14,4959.14,On Time,0
LP00001801,L0000663,2026-04-30,2026-05-02,4959.14,4959.14,On Time,0
LP00001802,L0000664,2026-06-29,2026-07-01,11751.17,11751.17,On Time,0
LP00001803,L0000664,2026-05-28,2026-06-01,11751.17,11751.17,On Time,0
LP00001804,L0000664,2026-04-30,2026-05-02,11751.17,11751.17,On Time,0
LP00001805,L0000665,2026-07-16,2026-07-01,27863.49,14878.37,Partial,15
LP00001806,L0000665,2026-05-28,2026-06-01,27863.49,27863.49,On Time,0
LP00001807,L0000665,2026-04-30,2026-05-02,27863.49,27863.49,On Time,0
LP00001808,L0000666,2026-07-29,2026-07-01,13952.35,0,Missed,60
LP00001809,L0000666,2026-05-31,2026-06-01,13952.35,13952.35,On Time,0
LP00001810,L0000666,2026-04-28,2026-05-02,13952.35,13952.35,On Time,0
LP00001811,L0000667,2026-06-28,2026-07-01,9673.47,9673.47,On Time,0
LP00001812,L0000667,2026-05-28,2026-06-01,9673.47,9673.47,On Time,0
LP00001813,L0000667,2026-05-01,2026-05-02,9673.47,9673.47,On Time,0
LP00001814,L0000668,2026-06-28,2026-07-01,8284.23,8284.23,On Time,0
LP00001815,L0000668,2026-05-31,2026-06-01,8284.23,8284.23,On Time,0
LP00001816,L0000668,2026-04-28,2026-05-02,8284.23,8284.23,On Time,0
LP00001817,L0000669,2026-07-01,2026-07-01,7520.84,7520.84,On Time,0
LP00001818,L0000669,2026-05-31,2026-06-01,7520.84,7520.84,On Time,0
LP00001819,L0000669,2026-05-02,2026-05-02,7520.84,7520.84,On Time,0
LP00001820,L0000670,2026-06-29,2026-07-01,9021.93,9021.93,On Time,0
LP00001821,L0000670,2026-06-29,2026-06-01,9021.93,0,Missed,60
LP00001822,L0000670,2026-04-29,2026-05-02,9021.93,9021.93,On Time,0
LP00001823,L0000671,2026-06-30,2026-07-01,12148.73,12148.73,On Time,0
LP00001824,L0000671,2026-06-01,2026-06-01,12148.73,12148.73,On Time,0
LP00001825,L0000671,2026-04-30,2026-05-02,12148.73,12148.73,On Time,0
LP00001826,L0000672,2026-07-01,2026-07-01,15475.01,15475.01,On Time,0
LP00001827,L0000672,2026-05-30,2026-06-01,15475.01,15475.01,On Time,0
LP00001828,L0000672,2026-05-01,2026-05-02,15475.01,15475.01,On Time,0
LP00001829,L0000673,2026-07-05,2026-07-01,8314.91,5109.6,Partial,4
LP00001830,L0000673,2026-05-30,2026-06-01,8314.91,8314.91,On Time,0
LP00001831,L0000673,2026-05-30,2026-05-02,8314.91,0,Missed,30
LP00001832,L0000674,2026-06-28,2026-07-01,9731.0,9731.0,On Time,0
LP00001833,L0000674,2026-05-29,2026-06-01,9731.0,9731.0,On Time,0
LP00001834,L0000674,2026-04-28,2026-05-02,9731.0,9731.0,On Time,0
LP00001835,L0000675,2026-06-27,2026-07-01,21673.42,21673.42,On Time,0
LP00001836,L0000675,2026-05-30,2026-06-01,21673.42,21673.42,On Time,0
LP00001837,L0000675,2026-04-28,2026-05-02,21673.42,21673.42,On Time,0
LP00001838,L0000676,2026-07-11,2026-07-01,18407.85,18407.85,Late,10
LP00001839,L0000676,2026-05-29,2026-06-01,18407.85,18407.85,On Time,0
LP00001840,L0000676,2026-05-02,2026-05-02,18407.85,18407.85,On Time,0
LP00001841,L0000677,2026-06-27,2026-07-01,11633.71,11633.71,On Time,0
LP00001842,L0000677,2026-05-31,2026-06-01,11633.71,11633.71,On Time,0
LP00001843,L0000677,2026-04-28,2026-05-02,11633.71,11633.71,On Time,0
LP00001844,L0000678,2026-06-30,2026-07-01,16691.65,16691.65,On Time,0
LP00001845,L0000678,2026-05-28,2026-06-01,16691.65,16691.65,On Time,0
LP00001846,L0000678,2026-05-01,2026-05-02,16691.65,16691.65,On Time,0
LP00001847,L0000679,2026-07-29,2026-07-01,1649.16,0,Missed,60
LP00001848,L0000679,2026-06-01,2026-06-01,1649.16,1649.16,On Time,0
LP00001849,L0000679,2026-05-30,2026-05-02,1649.16,0,Missed,45
LP00001850,L0000680,2026-07-01,2026-07-01,4284.98,4284.98,On Time,0
LP00001851,L0000680,2026-05-30,2026-06-01,4284.98,4284.98,On Time,0
LP00001852,L0000680,2026-05-01,2026-05-02,4284.98,4284.98,On Time,0
LP00001853,L0000681,2026-07-05,2026-07-01,11506.29,11506.29,Late,4
LP00001854,L0000681,2026-05-29,2026-06-01,11506.29,11506.29,On Time,0
LP00001855,L0000682,2026-07-01,2026-07-01,5009.02,5009.02,On Time,0
LP00001856,L0000682,2026-05-29,2026-06-01,5009.02,5009.02,On Time,0
LP00001857,L0000682,2026-04-29,2026-05-02,5009.02,5009.02,On Time,0
LP00001858,L0000683,2026-06-27,2026-07-01,12597.22,12597.22,On Time,0
LP00001859,L0000683,2026-05-28,2026-06-01,12597.22,12597.22,On Time,0
LP00001860,L0000683,2026-05-01,2026-05-02,12597.22,12597.22,On Time,0
LP00001861,L0000684,2026-06-28,2026-07-01,16332.82,16332.82,On Time,0
LP00001862,L0000684,2026-05-28,2026-06-01,16332.82,16332.82,On Time,0
LP00001863,L0000684,2026-05-30,2026-05-02,16332.82,0,Missed,30
LP00001864,L0000685,2026-06-27,2026-07-01,9890.92,9890.92,On Time,0
LP00001865,L0000685,2026-05-29,2026-06-01,9890.92,9890.92,On Time,0
LP00001866,L0000685,2026-04-30,2026-05-02,9890.92,9890.92,On Time,0
LP00001867,L0000686,2026-06-30,2026-07-01,3300.68,3300.68,On Time,0
LP00001868,L0000686,2026-06-01,2026-06-01,3300.68,3300.68,On Time,0
LP00001869,L0000686,2026-05-02,2026-05-02,3300.68,3300.68,On Time,0
LP00001870,L0000687,2026-06-29,2026-07-01,9827.97,9827.97,On Time,0
LP00001871,L0000687,2026-06-01,2026-06-01,9827.97,9827.97,On Time,0
LP00001872,L0000687,2026-05-01,2026-05-02,9827.97,9827.97,On Time,0
LP00001873,L0000688,2026-07-02,2026-07-01,1276.65,1029.38,Partial,1
LP00001874,L0000688,2026-05-28,2026-06-01,1276.65,1276.65,On Time,0
LP00001875,L0000688,2026-05-30,2026-05-02,1276.65,0,Missed,45
LP00001876,L0000689,2026-06-27,2026-07-01,55368.29,55368.29,On Time,0
LP00001877,L0000689,2026-06-01,2026-06-01,55368.29,55368.29,On Time,0
LP00001878,L0000690,2026-07-01,2026-07-01,7345.76,7345.76,On Time,0
LP00001879,L0000691,2026-06-29,2026-07-01,14119.87,14119.87,On Time,0
LP00001880,L0000691,2026-06-29,2026-06-01,14119.87,0,Missed,30
LP00001881,L0000691,2026-05-30,2026-05-02,14119.87,0,Missed,45
LP00001882,L0000692,2026-07-12,2026-07-01,15441.69,15441.69,Late,11
LP00001883,L0000692,2026-05-31,2026-06-01,15441.69,15441.69,On Time,0
LP00001884,L0000693,2026-07-01,2026-07-01,11248.97,11248.97,On Time,0
LP00001885,L0000693,2026-06-29,2026-06-01,11248.97,0,Missed,45
LP00001886,L0000693,2026-05-01,2026-05-02,11248.97,11248.97,On Time,0
LP00001887,L0000694,2026-07-01,2026-07-01,30203.81,30203.81,On Time,0
LP00001888,L0000694,2026-06-03,2026-06-01,30203.81,30203.81,Late,2
LP00001889,L0000694,2026-05-01,2026-05-02,30203.81,30203.81,On Time,0
LP00001890,L0000695,2026-07-01,2026-07-01,1218.46,1218.46,On Time,0
LP00001891,L0000695,2026-05-30,2026-06-01,1218.46,1218.46,On Time,0
LP00001892,L0000695,2026-04-29,2026-05-02,1218.46,1218.46,On Time,0
LP00001893,L0000696,2026-06-30,2026-07-01,2254.12,2254.12,On Time,0
LP00001894,L0000696,2026-06-18,2026-06-01,2254.12,2254.12,Late,17
LP00001895,L0000696,2026-04-29,2026-05-02,2254.12,2254.12,On Time,0
LP00001896,L0000697,2026-07-12,2026-07-01,10085.69,10085.69,Late,11
LP00001897,L0000697,2026-06-29,2026-06-01,10085.69,0,Missed,60
LP00001898,L0000697,2026-04-28,2026-05-02,10085.69,10085.69,On Time,0
LP00001899,L0000698,2026-07-16,2026-07-01,4314.71,4314.71,Late,15
LP00001900,L0000698,2026-05-29,2026-06-01,4314.71,4314.71,On Time,0
LP00001901,L0000698,2026-05-02,2026-05-02,4314.71,4314.71,On Time,0
LP00001902,L0000699,2026-06-30,2026-07-01,3404.64,3404.64,On Time,0
LP00001903,L0000699,2026-05-30,2026-06-01,3404.64,3404.64,On Time,0
LP00001904,L0000699,2026-04-30,2026-05-02,3404.64,3404.64,On Time,0
LP00001905,L0000700,2026-06-30,2026-07-01,13513.84,13513.84,On Time,0
LP00001906,L0000700,2026-05-28,2026-06-01,13513.84,13513.84,On Time,0
LP00001907,L0000700,2026-04-29,2026-05-02,13513.84,13513.84,On Time,0
LP00001908,L0000701,2026-06-28,2026-07-01,26312.71,26312.71,On Time,0
LP00001909,L0000701,2026-06-01,2026-06-01,26312.71,26312.71,On Time,0
LP00001910,L0000702,2026-06-27,2026-07-01,5237.88,5237.88,On Time,0
LP00001911,L0000702,2026-05-29,2026-06-01,5237.88,5237.88,On Time,0
LP00001912,L0000702,2026-04-28,2026-05-02,5237.88,5237.88,On Time,0
LP00001913,L0000703,2026-06-30,2026-07-01,12013.07,12013.07,On Time,0
LP00001914,L0000703,2026-06-01,2026-06-01,12013.07,12013.07,On Time,0
LP00001915,L0000704,2026-06-27,2026-07-01,11480.28,11480.28,On Time,0
LP00001916,L0000705,2026-06-27,2026-07-01,13456.06,13456.06,On Time,0
LP00001917,L0000705,2026-06-01,2026-06-01,13456.06,13456.06,On Time,0
LP00001918,L0000705,2026-04-28,2026-05-02,13456.06,13456.06,On Time,0
LP00001919,L0000706,2026-06-27,2026-07-01,728.22,728.22,On Time,0
LP00001920,L0000706,2026-05-31,2026-06-01,728.22,728.22,On Time,0
LP00001921,L0000707,2026-07-14,2026-07-01,12212.86,12212.86,Late,13
LP00001922,L0000707,2026-06-15,2026-06-01,12212.86,9597.79,Partial,14
LP00001923,L0000707,2026-05-01,2026-05-02,12212.86,12212.86,On Time,0
LP00001924,L0000708,2026-06-27,2026-07-01,1822.71,1822.71,On Time,0
LP00001925,L0000708,2026-05-31,2026-06-01,1822.71,1822.71,On Time,0
LP00001926,L0000708,2026-05-01,2026-05-02,1822.71,1822.71,On Time,0
LP00001927,L0000709,2026-06-28,2026-07-01,11988.2,11988.2,On Time,0
LP00001928,L0000709,2026-05-30,2026-06-01,11988.2,11988.2,On Time,0
LP00001929,L0000709,2026-04-29,2026-05-02,11988.2,11988.2,On Time,0
LP00001930,L0000710,2026-07-01,2026-07-01,11558.67,11558.67,On Time,0
LP00001931,L0000710,2026-06-09,2026-06-01,11558.67,11558.67,Late,8
LP00001932,L0000710,2026-05-03,2026-05-02,11558.67,11558.67,Late,1
LP00001933,L0000711,2026-06-28,2026-07-01,15116.02,15116.02,On Time,0
LP00001934,L0000711,2026-05-31,2026-06-01,15116.02,15116.02,On Time,0
LP00001935,L0000711,2026-04-28,2026-05-02,15116.02,15116.02,On Time,0
LP00001936,L0000712,2026-07-06,2026-07-01,214.72,214.72,Late,5
LP00001937,L0000713,2026-07-01,2026-07-01,1909.45,1909.45,On Time,0
LP00001938,L0000714,2026-07-15,2026-07-01,9693.87,9693.87,Late,14
LP00001939,L0000714,2026-05-29,2026-06-01,9693.87,9693.87,On Time,0
LP00001940,L0000714,2026-05-02,2026-05-02,9693.87,9693.87,On Time,0
LP00001941,L0000715,2026-06-27,2026-07-01,20997.15,20997.15,On Time,0
LP00001942,L0000715,2026-05-28,2026-06-01,20997.15,20997.15,On Time,0
LP00001943,L0000715,2026-04-28,2026-05-02,20997.15,20997.15,On Time,0
LP00001944,L0000716,2026-06-28,2026-07-01,8489.9,8489.9,On Time,0
LP00001945,L0000716,2026-05-30,2026-06-01,8489.9,8489.9,On Time,0
LP00001946,L0000716,2026-05-30,2026-05-02,8489.9,0,Missed,60
LP00001947,L0000717,2026-07-01,2026-07-01,4165.76,4165.76,On Time,0
LP00001948,L0000717,2026-05-28,2026-06-01,4165.76,4165.76,On Time,0
LP00001949,L0000717,2026-05-02,2026-05-02,4165.76,4165.76,On Time,0
LP00001950,L0000718,2026-07-08,2026-07-01,21534.93,21534.93,Late,7
LP00001951,L0000718,2026-05-31,2026-06-01,21534.93,21534.93,On Time,0
LP00001952,L0000718,2026-04-28,2026-05-02,21534.93,21534.93,On Time,0
LP00001953,L0000719,2026-07-29,2026-07-01,19261.36,0,Missed,45
LP00001954,L0000720,2026-06-29,2026-07-01,10891.52,10891.52,On Time,0
LP00001955,L0000720,2026-05-31,2026-06-01,10891.52,10891.52,On Time,0
LP00001956,L0000720,2026-05-04,2026-05-02,10891.52,10891.52,Late,2
LP00001957,L0000721,2026-07-18,2026-07-01,12611.42,12611.42,Late,17
LP00001958,L0000721,2026-05-30,2026-06-01,12611.42,12611.42,On Time,0
LP00001959,L0000721,2026-05-01,2026-05-02,12611.42,12611.42,On Time,0
LP00001960,L0000722,2026-06-28,2026-07-01,8733.5,8733.5,On Time,0
LP00001961,L0000722,2026-05-30,2026-06-01,8733.5,8733.5,On Time,0
LP00001962,L0000722,2026-05-01,2026-05-02,8733.5,8733.5,On Time,0
LP00001963,L0000723,2026-07-21,2026-07-01,30954.53,30954.53,Late,20
LP00001964,L0000723,2026-05-31,2026-06-01,30954.53,30954.53,On Time,0
LP00001965,L0000723,2026-04-29,2026-05-02,30954.53,30954.53,On Time,0
LP00001966,L0000724,2026-06-29,2026-07-01,1413.55,1413.55,On Time,0
LP00001967,L0000724,2026-06-01,2026-06-01,1413.55,1413.55,On Time,0
LP00001968,L0000724,2026-05-12,2026-05-02,1413.55,1413.55,Late,10
LP00001969,L0000725,2026-06-27,2026-07-01,18012.87,18012.87,On Time,0
LP00001970,L0000725,2026-05-29,2026-06-01,18012.87,18012.87,On Time,0
LP00001971,L0000726,2026-06-29,2026-07-01,3272.87,3272.87,On Time,0
LP00001972,L0000726,2026-05-29,2026-06-01,3272.87,3272.87,On Time,0
LP00001973,L0000727,2026-06-28,2026-07-01,30388.3,30388.3,On Time,0
LP00001974,L0000727,2026-05-29,2026-06-01,30388.3,30388.3,On Time,0
LP00001975,L0000727,2026-04-28,2026-05-02,30388.3,30388.3,On Time,0
LP00001976,L0000728,2026-06-30,2026-07-01,1860.54,1860.54,On Time,0
LP00001977,L0000728,2026-06-06,2026-06-01,1860.54,1860.54,Late,5
LP00001978,L0000728,2026-04-28,2026-05-02,1860.54,1860.54,On Time,0
LP00001979,L0000729,2026-06-28,2026-07-01,15454.09,15454.09,On Time,0
LP00001980,L0000729,2026-05-31,2026-06-01,15454.09,15454.09,On Time,0
LP00001981,L0000729,2026-04-30,2026-05-02,15454.09,15454.09,On Time,0
LP00001982,L0000730,2026-06-29,2026-07-01,21344.81,21344.81,On Time,0
LP00001983,L0000730,2026-05-31,2026-06-01,21344.81,21344.81,On Time,0
LP00001984,L0000730,2026-04-30,2026-05-02,21344.81,21344.81,On Time,0
LP00001985,L0000731,2026-06-29,2026-07-01,8809.68,8809.68,On Time,0
LP00001986,L0000731,2026-05-29,2026-06-01,8809.68,8809.68,On Time,0
LP00001987,L0000731,2026-05-09,2026-05-02,8809.68,8809.68,Late,7
LP00001988,L0000732,2026-07-03,2026-07-01,9810.67,9810.67,Late,2
LP00001989,L0000732,2026-05-31,2026-06-01,9810.67,9810.67,On Time,0
LP00001990,L0000732,2026-04-28,2026-05-02,9810.67,9810.67,On Time,0
LP00001991,L0000733,2026-06-30,2026-07-01,8589.83,8589.83,On Time,0
LP00001992,L0000733,2026-05-29,2026-06-01,8589.83,8589.83,On Time,0
LP00001993,L0000733,2026-05-01,2026-05-02,8589.83,8589.83,On Time,0
LP00001994,L0000734,2026-06-27,2026-07-01,32493.19,32493.19,On Time,0
LP00001995,L0000734,2026-05-31,2026-06-01,32493.19,32493.19,On Time,0
LP00001996,L0000735,2026-07-01,2026-07-01,22615.35,22615.35,On Time,0
LP00001997,L0000735,2026-05-31,2026-06-01,22615.35,22615.35,On Time,0
LP00001998,L0000735,2026-04-30,2026-05-02,22615.35,22615.35,On Time,0
LP00001999,L0000736,2026-06-28,2026-07-01,3433.16,3433.16,On Time,0
LP00002000,L0000736,2026-06-13,2026-06-01,3433.16,3005.24,Partial,12
LP00002001,L0000736,2026-04-30,2026-05-02,3433.16,3433.16,On Time,0
LP00002002,L0000737,2026-06-29,2026-07-01,20043.46,20043.46,On Time,0
LP00002003,L0000737,2026-05-29,2026-06-01,20043.46,20043.46,On Time,0
LP00002004,L0000737,2026-05-01,2026-05-02,20043.46,20043.46,On Time,0
LP00002005,L0000738,2026-07-01,2026-07-01,24504.11,24504.11,On Time,0
LP00002006,L0000738,2026-05-30,2026-06-01,24504.11,24504.11,On Time,0
LP00002007,L0000739,2026-07-29,2026-07-01,10942.4,0,Missed,45
LP00002008,L0000739,2026-06-29,2026-06-01,10942.4,0,Missed,45
LP00002009,L0000739,2026-04-30,2026-05-02,10942.4,10942.4,On Time,0
LP00002010,L0000740,2026-06-28,2026-07-01,5191.34,5191.34,On Time,0
LP00002011,L0000740,2026-05-28,2026-06-01,5191.34,5191.34,On Time,0
LP00002012,L0000740,2026-04-28,2026-05-02,5191.34,5191.34,On Time,0
LP00002013,L0000742,2026-06-29,2026-07-01,10213.72,10213.72,On Time,0
LP00002014,L0000742,2026-05-31,2026-06-01,10213.72,10213.72,On Time,0
LP00002015,L0000742,2026-04-30,2026-05-02,10213.72,10213.72,On Time,0
LP00002016,L0000743,2026-07-01,2026-07-01,9646.17,9646.17,On Time,0
LP00002017,L0000744,2026-07-29,2026-07-01,8233.73,0,Missed,45
LP00002018,L0000744,2026-06-29,2026-06-01,8233.73,0,Missed,45
LP00002019,L0000744,2026-05-30,2026-05-02,8233.73,0,Missed,60
LP00002020,L0000745,2026-06-30,2026-07-01,15430.41,15430.41,On Time,0
LP00002021,L0000745,2026-05-28,2026-06-01,15430.41,15430.41,On Time,0
LP00002022,L0000745,2026-04-30,2026-05-02,15430.41,15430.41,On Time,0
LP00002023,L0000747,2026-06-27,2026-07-01,32224.08,32224.08,On Time,0
LP00002024,L0000747,2026-06-01,2026-06-01,32224.08,32224.08,On Time,0
LP00002025,L0000747,2026-05-02,2026-05-02,32224.08,32224.08,On Time,0
LP00002026,L0000748,2026-07-01,2026-07-01,32725.43,32725.43,On Time,0
LP00002027,L0000748,2026-05-29,2026-06-01,32725.43,32725.43,On Time,0
LP00002028,L0000748,2026-05-30,2026-05-02,32725.43,0,Missed,60
LP00002029,L0000749,2026-06-27,2026-07-01,10865.97,10865.97,On Time,0
LP00002030,L0000750,2026-06-29,2026-07-01,10608.1,10608.1,On Time,0
LP00002031,L0000750,2026-06-01,2026-06-01,10608.1,10608.1,On Time,0
LP00002032,L0000750,2026-05-01,2026-05-02,10608.1,10608.1,On Time,0
LP00002033,L0000751,2026-07-04,2026-07-01,16744.91,16744.91,Late,3
LP00002034,L0000751,2026-06-02,2026-06-01,16744.91,16744.91,Late,1
LP00002035,L0000751,2026-04-28,2026-05-02,16744.91,16744.91,On Time,0
LP00002036,L0000752,2026-07-29,2026-07-01,11074.28,0,Missed,30
LP00002037,L0000752,2026-05-31,2026-06-01,11074.28,11074.28,On Time,0
LP00002038,L0000752,2026-04-29,2026-05-02,11074.28,11074.28,On Time,0
LP00002039,L0000753,2026-07-01,2026-07-01,7478.29,7478.29,On Time,0
LP00002040,L0000754,2026-06-28,2026-07-01,5608.17,5608.17,On Time,0
LP00002041,L0000754,2026-05-29,2026-06-01,5608.17,5608.17,On Time,0
LP00002042,L0000754,2026-04-30,2026-05-02,5608.17,5608.17,On Time,0
LP00002043,L0000755,2026-07-29,2026-07-01,33609.72,0,Missed,60
LP00002044,L0000755,2026-05-29,2026-06-01,33609.72,33609.72,On Time,0
LP00002045,L0000755,2026-05-30,2026-05-02,33609.72,0,Missed,30
LP00002046,L0000756,2026-06-27,2026-07-01,11341.6,11341.6,On Time,0
LP00002047,L0000757,2026-07-29,2026-07-01,3905.17,0,Missed,45
LP00002048,L0000757,2026-06-01,2026-06-01,3905.17,3905.17,On Time,0
LP00002049,L0000757,2026-05-10,2026-05-02,3905.17,3905.17,Late,8
LP00002050,L0000758,2026-06-29,2026-07-01,3696.3,3696.3,On Time,0
LP00002051,L0000758,2026-06-29,2026-06-01,3696.3,0,Missed,60
LP00002052,L0000758,2026-05-01,2026-05-02,3696.3,3696.3,On Time,0
LP00002053,L0000759,2026-06-29,2026-07-01,12911.9,12911.9,On Time,0
LP00002054,L0000759,2026-05-31,2026-06-01,12911.9,12911.9,On Time,0
LP00002055,L0000759,2026-04-28,2026-05-02,12911.9,12911.9,On Time,0
LP00002056,L0000760,2026-06-30,2026-07-01,165.37,165.37,On Time,0
LP00002057,L0000760,2026-06-01,2026-06-01,165.37,165.37,On Time,0
LP00002058,L0000760,2026-04-30,2026-05-02,165.37,165.37,On Time,0
LP00002059,L0000761,2026-06-28,2026-07-01,21469.56,21469.56,On Time,0
LP00002060,L0000761,2026-06-01,2026-06-01,21469.56,21469.56,On Time,0
LP00002061,L0000761,2026-04-29,2026-05-02,21469.56,21469.56,On Time,0
LP00002062,L0000762,2026-07-29,2026-07-01,4147.36,0,Missed,30
LP00002063,L0000762,2026-06-20,2026-06-01,4147.36,4147.36,Late,19
LP00002064,L0000762,2026-05-30,2026-05-02,4147.36,0,Missed,45
LP00002065,L0000763,2026-07-01,2026-07-01,24226.01,24226.01,On Time,0
LP00002066,L0000763,2026-05-29,2026-06-01,24226.01,24226.01,On Time,0
LP00002067,L0000764,2026-06-27,2026-07-01,27670.25,27670.25,On Time,0
LP00002068,L0000764,2026-05-30,2026-06-01,27670.25,27670.25,On Time,0
LP00002069,L0000764,2026-04-28,2026-05-02,27670.25,27670.25,On Time,0
LP00002070,L0000765,2026-06-30,2026-07-01,21483.07,21483.07,On Time,0
LP00002071,L0000765,2026-05-28,2026-06-01,21483.07,21483.07,On Time,0
LP00002072,L0000765,2026-04-29,2026-05-02,21483.07,21483.07,On Time,0
LP00002073,L0000766,2026-06-29,2026-07-01,20246.72,20246.72,On Time,0
LP00002074,L0000766,2026-06-01,2026-06-01,20246.72,20246.72,On Time,0
LP00002075,L0000766,2026-04-30,2026-05-02,20246.72,20246.72,On Time,0
LP00002076,L0000767,2026-06-29,2026-07-01,3750.71,3750.71,On Time,0
LP00002077,L0000767,2026-06-29,2026-06-01,3750.71,0,Missed,45
LP00002078,L0000767,2026-04-28,2026-05-02,3750.71,3750.71,On Time,0
LP00002079,L0000768,2026-06-29,2026-07-01,32379.98,32379.98,On Time,0
LP00002080,L0000769,2026-06-30,2026-07-01,5516.7,5516.7,On Time,0
LP00002081,L0000769,2026-05-30,2026-06-01,5516.7,5516.7,On Time,0
LP00002082,L0000769,2026-05-14,2026-05-02,5516.7,5516.7,Late,12
LP00002083,L0000770,2026-06-30,2026-07-01,43961.09,43961.09,On Time,0
LP00002084,L0000770,2026-06-29,2026-06-01,43961.09,0,Missed,45
LP00002085,L0000770,2026-05-01,2026-05-02,43961.09,43961.09,On Time,0
LP00002086,L0000771,2026-06-29,2026-07-01,3169.32,3169.32,On Time,0
LP00002087,L0000771,2026-06-01,2026-06-01,3169.32,3169.32,On Time,0
LP00002088,L0000772,2026-06-30,2026-07-01,12439.52,12439.52,On Time,0
LP00002089,L0000772,2026-06-01,2026-06-01,12439.52,12439.52,On Time,0
LP00002090,L0000772,2026-05-02,2026-05-02,12439.52,12439.52,On Time,0
LP00002091,L0000773,2026-07-01,2026-07-01,2071.57,2071.57,On Time,0
LP00002092,L0000773,2026-06-01,2026-06-01,2071.57,2071.57,On Time,0
LP00002093,L0000774,2026-07-29,2026-07-01,10095.56,0,Missed,60
LP00002094,L0000774,2026-06-29,2026-06-01,10095.56,0,Missed,45
LP00002095,L0000774,2026-05-02,2026-05-02,10095.56,10095.56,On Time,0
LP00002096,L0000775,2026-07-29,2026-07-01,9090.25,0,Missed,60
LP00002097,L0000775,2026-06-01,2026-06-01,9090.25,9090.25,On Time,0
LP00002098,L0000775,2026-04-28,2026-05-02,9090.25,9090.25,On Time,0
LP00002099,L0000776,2026-07-01,2026-07-01,10669.7,10669.7,On Time,0
LP00002100,L0000777,2026-06-29,2026-07-01,36288.34,36288.34,On Time,0
LP00002101,L0000777,2026-05-30,2026-06-01,36288.34,36288.34,On Time,0
LP00002102,L0000777,2026-05-02,2026-05-02,36288.34,36288.34,On Time,0
LP00002103,L0000778,2026-07-01,2026-07-01,18947.14,18947.14,On Time,0
LP00002104,L0000778,2026-05-29,2026-06-01,18947.14,18947.14,On Time,0
LP00002105,L0000778,2026-05-02,2026-05-02,18947.14,18947.14,On Time,0
LP00002106,L0000779,2026-07-13,2026-07-01,2968.55,2968.55,Late,12
LP00002107,L0000779,2026-06-01,2026-06-01,2968.55,2968.55,On Time,0
LP00002108,L0000779,2026-05-30,2026-05-02,2968.55,0,Missed,60
LP00002109,L0000780,2026-06-27,2026-07-01,7996.19,7996.19,On Time,0
LP00002110,L0000780,2026-05-29,2026-06-01,7996.19,7996.19,On Time,0
LP00002111,L0000780,2026-05-01,2026-05-02,7996.19,7996.19,On Time,0
LP00002112,L0000781,2026-07-01,2026-07-01,8073.88,8073.88,On Time,0
LP00002113,L0000781,2026-05-29,2026-06-01,8073.88,8073.88,On Time,0
LP00002114,L0000781,2026-05-30,2026-05-02,8073.88,0,Missed,60
LP00002115,L0000782,2026-07-01,2026-07-01,13673.02,13673.02,On Time,0
LP00002116,L0000782,2026-05-30,2026-06-01,13673.02,13673.02,On Time,0
LP00002117,L0000782,2026-04-28,2026-05-02,13673.02,13673.02,On Time,0
LP00002118,L0000783,2026-06-27,2026-07-01,8129.27,8129.27,On Time,0
LP00002119,L0000783,2026-05-29,2026-06-01,8129.27,8129.27,On Time,0
LP00002120,L0000783,2026-04-28,2026-05-02,8129.27,8129.27,On Time,0
LP00002121,L0000784,2026-07-29,2026-07-01,13408.26,0,Missed,30
LP00002122,L0000784,2026-06-29,2026-06-01,13408.26,0,Missed,30
LP00002123,L0000784,2026-04-28,2026-05-02,13408.26,13408.26,On Time,0
LP00002124,L0000785,2026-07-29,2026-07-01,22486.21,0,Missed,45
LP00002125,L0000785,2026-06-21,2026-06-01,22486.21,15091.97,Partial,20
LP00002126,L0000785,2026-04-28,2026-05-02,22486.21,22486.21,On Time,0
LP00002127,L0000786,2026-06-30,2026-07-01,9275.68,9275.68,On Time,0
LP00002128,L0000786,2026-05-29,2026-06-01,9275.68,9275.68,On Time,0
LP00002129,L0000786,2026-05-08,2026-05-02,9275.68,5668.82,Partial,6
LP00002130,L0000787,2026-07-01,2026-07-01,10246.19,10246.19,On Time,0
LP00002131,L0000787,2026-06-19,2026-06-01,10246.19,10246.19,Late,18
LP00002132,L0000787,2026-04-29,2026-05-02,10246.19,10246.19,On Time,0
LP00002133,L0000788,2026-07-08,2026-07-01,23033.96,23033.96,Late,7
LP00002134,L0000788,2026-06-01,2026-06-01,23033.96,23033.96,On Time,0
LP00002135,L0000788,2026-04-30,2026-05-02,23033.96,23033.96,On Time,0
LP00002136,L0000789,2026-07-15,2026-07-01,2127.7,2127.7,Late,14
LP00002137,L0000789,2026-05-31,2026-06-01,2127.7,2127.7,On Time,0
LP00002138,L0000789,2026-04-29,2026-05-02,2127.7,2127.7,On Time,0
LP00002139,L0000790,2026-06-29,2026-07-01,4606.15,4606.15,On Time,0
LP00002140,L0000790,2026-05-29,2026-06-01,4606.15,4606.15,On Time,0
LP00002141,L0000790,2026-05-01,2026-05-02,4606.15,4606.15,On Time,0
LP00002142,L0000791,2026-07-12,2026-07-01,5759.99,5759.99,Late,11
LP00002143,L0000791,2026-06-15,2026-06-01,5759.99,3219.15,Partial,14
LP00002144,L0000791,2026-05-02,2026-05-02,5759.99,5759.99,On Time,0
LP00002145,L0000792,2026-06-30,2026-07-01,5026.64,5026.64,On Time,0
LP00002146,L0000792,2026-05-31,2026-06-01,5026.64,5026.64,On Time,0
LP00002147,L0000792,2026-05-02,2026-05-02,5026.64,5026.64,On Time,0
LP00002148,L0000793,2026-07-01,2026-07-01,693.25,693.25,On Time,0
LP00002149,L0000793,2026-05-30,2026-06-01,693.25,693.25,On Time,0
LP00002150,L0000794,2026-07-01,2026-07-01,41519.2,41519.2,On Time,0
LP00002151,L0000794,2026-06-29,2026-06-01,41519.2,0,Missed,30
LP00002152,L0000794,2026-05-01,2026-05-02,41519.2,41519.2,On Time,0
LP00002153,L0000795,2026-07-01,2026-07-01,8369.31,8369.31,On Time,0
LP00002154,L0000796,2026-07-01,2026-07-01,13981.89,13981.89,On Time,0
LP00002155,L0000796,2026-06-01,2026-06-01,13981.89,13981.89,On Time,0
LP00002156,L0000796,2026-05-02,2026-05-02,13981.89,13981.89,On Time,0
LP00002157,L0000797,2026-07-02,2026-07-01,14689.63,14689.63,Late,1
LP00002158,L0000797,2026-05-30,2026-06-01,14689.63,14689.63,On Time,0
LP00002159,L0000797,2026-05-01,2026-05-02,14689.63,14689.63,On Time,0
LP00002160,L0000798,2026-06-28,2026-07-01,6593.77,6593.77,On Time,0
LP00002161,L0000799,2026-07-01,2026-07-01,4119.32,4119.32,On Time,0
LP00002162,L0000799,2026-05-29,2026-06-01,4119.32,4119.32,On Time,0
LP00002163,L0000799,2026-04-29,2026-05-02,4119.32,4119.32,On Time,0
LP00002164,L0000800,2026-06-30,2026-07-01,8918.79,8918.79,On Time,0
LP00002165,L0000800,2026-05-28,2026-06-01,8918.79,8918.79,On Time,0
LP00002166,L0000800,2026-04-28,2026-05-02,8918.79,8918.79,On Time,0
LP00002167,L0000801,2026-07-01,2026-07-01,15467.71,15467.71,On Time,0
LP00002168,L0000801,2026-06-29,2026-06-01,15467.71,0,Missed,30
LP00002169,L0000801,2026-05-18,2026-05-02,15467.71,15467.71,Late,16
LP00002170,L0000802,2026-06-27,2026-07-01,14277.62,14277.62,On Time,0
LP00002171,L0000802,2026-06-21,2026-06-01,14277.62,14277.62,Late,20
LP00002172,L0000803,2026-07-29,2026-07-01,7376.99,0,Missed,60
LP00002173,L0000804,2026-06-30,2026-07-01,9338.06,9338.06,On Time,0
LP00002174,L0000804,2026-05-30,2026-06-01,9338.06,9338.06,On Time,0
LP00002175,L0000804,2026-04-28,2026-05-02,9338.06,9338.06,On Time,0
LP00002176,L0000805,2026-06-30,2026-07-01,397.4,397.4,On Time,0
LP00002177,L0000805,2026-05-29,2026-06-01,397.4,397.4,On Time,0
LP00002178,L0000805,2026-04-28,2026-05-02,397.4,397.4,On Time,0
LP00002179,L0000806,2026-06-29,2026-07-01,6873.76,6873.76,On Time,0
LP00002180,L0000807,2026-07-19,2026-07-01,3007.68,3007.68,Late,18
LP00002181,L0000807,2026-05-30,2026-06-01,3007.68,3007.68,On Time,0
LP00002182,L0000807,2026-04-28,2026-05-02,3007.68,3007.68,On Time,0
LP00002183,L0000808,2026-06-30,2026-07-01,6231.9,6231.9,On Time,0
LP00002184,L0000808,2026-05-28,2026-06-01,6231.9,6231.9,On Time,0
LP00002185,L0000808,2026-05-02,2026-05-02,6231.9,6231.9,On Time,0
LP00002186,L0000809,2026-07-01,2026-07-01,22395.14,22395.14,On Time,0
LP00002187,L0000809,2026-05-30,2026-06-01,22395.14,22395.14,On Time,0
LP00002188,L0000809,2026-04-29,2026-05-02,22395.14,22395.14,On Time,0
LP00002189,L0000810,2026-07-29,2026-07-01,9954.86,0,Missed,45
LP00002190,L0000810,2026-06-01,2026-06-01,9954.86,9954.86,On Time,0
LP00002191,L0000811,2026-06-27,2026-07-01,5667.55,5667.55,On Time,0
LP00002192,L0000811,2026-05-30,2026-06-01,5667.55,5667.55,On Time,0
LP00002193,L0000811,2026-04-30,2026-05-02,5667.55,5667.55,On Time,0
LP00002194,L0000812,2026-06-28,2026-07-01,11996.64,11996.64,On Time,0
LP00002195,L0000812,2026-06-29,2026-06-01,11996.64,0,Missed,60
LP00002196,L0000812,2026-05-03,2026-05-02,11996.64,11996.64,Late,1
LP00002197,L0000813,2026-07-03,2026-07-01,10455.37,7371.51,Partial,2
LP00002198,L0000813,2026-05-28,2026-06-01,10455.37,10455.37,On Time,0
LP00002199,L0000813,2026-05-02,2026-05-02,10455.37,10455.37,On Time,0
LP00002200,L0000814,2026-06-29,2026-07-01,422.95,422.95,On Time,0
LP00002201,L0000814,2026-05-30,2026-06-01,422.95,422.95,On Time,0
LP00002202,L0000814,2026-05-02,2026-05-02,422.95,422.95,On Time,0
LP00002203,L0000815,2026-07-29,2026-07-01,18275.12,0,Missed,30
LP00002204,L0000815,2026-05-28,2026-06-01,18275.12,18275.12,On Time,0
LP00002205,L0000815,2026-04-29,2026-05-02,18275.12,18275.12,On Time,0
LP00002206,L0000816,2026-07-01,2026-07-01,7951.69,7951.69,On Time,0
LP00002207,L0000816,2026-05-31,2026-06-01,7951.69,7951.69,On Time,0
LP00002208,L0000816,2026-05-01,2026-05-02,7951.69,7951.69,On Time,0
LP00002209,L0000817,2026-06-29,2026-07-01,12118.0,12118.0,On Time,0
LP00002210,L0000817,2026-05-29,2026-06-01,12118.0,12118.0,On Time,0
LP00002211,L0000817,2026-04-28,2026-05-02,12118.0,12118.0,On Time,0
LP00002212,L0000818,2026-07-15,2026-07-01,3775.71,3775.71,Late,14
LP00002213,L0000818,2026-05-30,2026-06-01,3775.71,3775.71,On Time,0
LP00002214,L0000818,2026-04-30,2026-05-02,3775.71,3775.71,On Time,0
LP00002215,L0000819,2026-07-14,2026-07-01,12402.43,12402.43,Late,13
LP00002216,L0000819,2026-06-06,2026-06-01,12402.43,7955.98,Partial,5
LP00002217,L0000819,2026-04-30,2026-05-02,12402.43,12402.43,On Time,0
LP00002218,L0000820,2026-06-29,2026-07-01,3604.17,3604.17,On Time,0
LP00002219,L0000820,2026-06-15,2026-06-01,3604.17,3604.17,Late,14
LP00002220,L0000820,2026-04-28,2026-05-02,3604.17,3604.17,On Time,0
LP00002221,L0000821,2026-06-28,2026-07-01,20095.0,20095.0,On Time,0
LP00002222,L0000821,2026-06-29,2026-06-01,20095.0,0,Missed,45
LP00002223,L0000821,2026-04-28,2026-05-02,20095.0,20095.0,On Time,0
LP00002224,L0000822,2026-07-01,2026-07-01,19826.72,19826.72,On Time,0
LP00002225,L0000822,2026-05-30,2026-06-01,19826.72,19826.72,On Time,0
LP00002226,L0000822,2026-04-30,2026-05-02,19826.72,19826.72,On Time,0
LP00002227,L0000823,2026-06-29,2026-07-01,24671.36,24671.36,On Time,0
LP00002228,L0000823,2026-05-29,2026-06-01,24671.36,24671.36,On Time,0
LP00002229,L0000823,2026-04-30,2026-05-02,24671.36,24671.36,On Time,0
LP00002230,L0000824,2026-07-29,2026-07-01,19622.49,0,Missed,45
LP00002231,L0000824,2026-06-02,2026-06-01,19622.49,17651.96,Partial,1
LP00002232,L0000825,2026-07-01,2026-07-01,17041.63,17041.63,On Time,0
LP00002233,L0000825,2026-05-30,2026-06-01,17041.63,17041.63,On Time,0
LP00002234,L0000826,2026-06-30,2026-07-01,24414.44,24414.44,On Time,0
LP00002235,L0000826,2026-05-29,2026-06-01,24414.44,24414.44,On Time,0
LP00002236,L0000826,2026-04-29,2026-05-02,24414.44,24414.44,On Time,0
LP00002237,L0000827,2026-07-01,2026-07-01,6372.01,6372.01,On Time,0
LP00002238,L0000827,2026-05-28,2026-06-01,6372.01,6372.01,On Time,0
LP00002239,L0000827,2026-04-28,2026-05-02,6372.01,6372.01,On Time,0
LP00002240,L0000828,2026-06-28,2026-07-01,5098.31,5098.31,On Time,0
LP00002241,L0000828,2026-05-29,2026-06-01,5098.31,5098.31,On Time,0
LP00002242,L0000828,2026-05-02,2026-05-02,5098.31,5098.31,On Time,0
LP00002243,L0000829,2026-06-29,2026-07-01,11122.34,11122.34,On Time,0
LP00002244,L0000829,2026-05-31,2026-06-01,11122.34,11122.34,On Time,0
LP00002245,L0000829,2026-04-28,2026-05-02,11122.34,11122.34,On Time,0
LP00002246,L0000830,2026-06-30,2026-07-01,19892.77,19892.77,On Time,0
LP00002247,L0000830,2026-06-01,2026-06-01,19892.77,19892.77,On Time,0
LP00002248,L0000830,2026-05-02,2026-05-02,19892.77,19892.77,On Time,0
LP00002249,L0000831,2026-06-29,2026-07-01,5747.64,5747.64,On Time,0
LP00002250,L0000831,2026-05-31,2026-06-01,5747.64,5747.64,On Time,0
LP00002251,L0000831,2026-04-29,2026-05-02,5747.64,5747.64,On Time,0
LP00002252,L0000832,2026-07-13,2026-07-01,8866.24,8866.24,Late,12
LP00002253,L0000832,2026-06-01,2026-06-01,8866.24,8866.24,On Time,0
LP00002254,L0000832,2026-05-01,2026-05-02,8866.24,8866.24,On Time,0
LP00002255,L0000833,2026-06-28,2026-07-01,11427.49,11427.49,On Time,0
LP00002256,L0000833,2026-05-30,2026-06-01,11427.49,11427.49,On Time,0
LP00002257,L0000833,2026-04-29,2026-05-02,11427.49,11427.49,On Time,0
LP00002258,L0000834,2026-07-01,2026-07-01,8310.07,8310.07,On Time,0
LP00002259,L0000834,2026-06-03,2026-06-01,8310.07,4168.62,Partial,2
LP00002260,L0000834,2026-04-30,2026-05-02,8310.07,8310.07,On Time,0
LP00002261,L0000835,2026-07-05,2026-07-01,16193.48,16193.48,Late,4
LP00002262,L0000836,2026-06-29,2026-07-01,3334.44,3334.44,On Time,0
LP00002263,L0000836,2026-06-29,2026-06-01,3334.44,0,Missed,45
LP00002264,L0000836,2026-04-28,2026-05-02,3334.44,3334.44,On Time,0
LP00002265,L0000837,2026-06-30,2026-07-01,1207.05,1207.05,On Time,0
LP00002266,L0000837,2026-05-29,2026-06-01,1207.05,1207.05,On Time,0
LP00002267,L0000837,2026-04-29,2026-05-02,1207.05,1207.05,On Time,0
LP00002268,L0000838,2026-06-29,2026-07-01,7118.75,7118.75,On Time,0
LP00002269,L0000838,2026-05-31,2026-06-01,7118.75,7118.75,On Time,0
LP00002270,L0000838,2026-05-18,2026-05-02,7118.75,7118.75,Late,16
LP00002271,L0000839,2026-06-29,2026-07-01,15435.08,15435.08,On Time,0
LP00002272,L0000839,2026-05-30,2026-06-01,15435.08,15435.08,On Time,0
LP00002273,L0000839,2026-04-30,2026-05-02,15435.08,15435.08,On Time,0
LP00002274,L0000840,2026-06-28,2026-07-01,9549.07,9549.07,On Time,0
LP00002275,L0000840,2026-05-29,2026-06-01,9549.07,9549.07,On Time,0
LP00002276,L0000840,2026-05-01,2026-05-02,9549.07,9549.07,On Time,0
LP00002277,L0000841,2026-07-01,2026-07-01,14363.09,14363.09,On Time,0
LP00002278,L0000841,2026-05-29,2026-06-01,14363.09,14363.09,On Time,0
LP00002279,L0000841,2026-05-02,2026-05-02,14363.09,14363.09,On Time,0
LP00002280,L0000842,2026-06-29,2026-07-01,13094.32,13094.32,On Time,0
LP00002281,L0000842,2026-05-29,2026-06-01,13094.32,13094.32,On Time,0
LP00002282,L0000842,2026-05-01,2026-05-02,13094.32,13094.32,On Time,0
LP00002283,L0000843,2026-06-30,2026-07-01,19856.89,19856.89,On Time,0
LP00002284,L0000843,2026-05-30,2026-06-01,19856.89,19856.89,On Time,0
LP00002285,L0000843,2026-05-02,2026-05-02,19856.89,19856.89,On Time,0
LP00002286,L0000844,2026-06-30,2026-07-01,15864.42,15864.42,On Time,0
LP00002287,L0000844,2026-05-30,2026-06-01,15864.42,15864.42,On Time,0
LP00002288,L0000844,2026-05-30,2026-05-02,15864.42,0,Missed,60
LP00002289,L0000845,2026-06-30,2026-07-01,11873.56,11873.56,On Time,0
LP00002290,L0000845,2026-05-28,2026-06-01,11873.56,11873.56,On Time,0
LP00002291,L0000845,2026-05-02,2026-05-02,11873.56,11873.56,On Time,0
LP00002292,L0000846,2026-06-27,2026-07-01,6874.7,6874.7,On Time,0
LP00002293,L0000846,2026-05-29,2026-06-01,6874.7,6874.7,On Time,0
LP00002294,L0000846,2026-04-30,2026-05-02,6874.7,6874.7,On Time,0
LP00002295,L0000847,2026-07-01,2026-07-01,13984.39,13984.39,On Time,0
LP00002296,L0000848,2026-06-28,2026-07-01,17031.09,17031.09,On Time,0
LP00002297,L0000848,2026-05-31,2026-06-01,17031.09,17031.09,On Time,0
LP00002298,L0000848,2026-04-29,2026-05-02,17031.09,17031.09,On Time,0
LP00002299,L0000849,2026-06-28,2026-07-01,6284.25,6284.25,On Time,0
LP00002300,L0000849,2026-05-28,2026-06-01,6284.25,6284.25,On Time,0
LP00002301,L0000849,2026-05-02,2026-05-02,6284.25,6284.25,On Time,0
LP00002302,L0000850,2026-06-27,2026-07-01,9865.41,9865.41,On Time,0
LP00002303,L0000850,2026-05-29,2026-06-01,9865.41,9865.41,On Time,0
LP00002304,L0000850,2026-05-01,2026-05-02,9865.41,9865.41,On Time,0
LP00002305,L0000851,2026-07-01,2026-07-01,6691.28,6691.28,On Time,0
LP00002306,L0000851,2026-05-28,2026-06-01,6691.28,6691.28,On Time,0
LP00002307,L0000851,2026-04-30,2026-05-02,6691.28,6691.28,On Time,0
LP00002308,L0000852,2026-06-29,2026-07-01,4914.37,4914.37,On Time,0
LP00002309,L0000852,2026-05-31,2026-06-01,4914.37,4914.37,On Time,0
LP00002310,L0000852,2026-04-28,2026-05-02,4914.37,4914.37,On Time,0
LP00002311,L0000853,2026-06-27,2026-07-01,7465.73,7465.73,On Time,0
LP00002312,L0000853,2026-06-29,2026-06-01,7465.73,0,Missed,30
LP00002313,L0000853,2026-04-30,2026-05-02,7465.73,7465.73,On Time,0
LP00002314,L0000855,2026-07-01,2026-07-01,4553.32,4553.32,On Time,0
LP00002315,L0000855,2026-06-01,2026-06-01,4553.32,4553.32,On Time,0
LP00002316,L0000856,2026-06-28,2026-07-01,1526.89,1526.89,On Time,0
LP00002317,L0000856,2026-05-30,2026-06-01,1526.89,1526.89,On Time,0
LP00002318,L0000856,2026-04-29,2026-05-02,1526.89,1526.89,On Time,0
LP00002319,L0000857,2026-06-28,2026-07-01,3181.45,3181.45,On Time,0
LP00002320,L0000857,2026-05-29,2026-06-01,3181.45,3181.45,On Time,0
LP00002321,L0000857,2026-05-01,2026-05-02,3181.45,3181.45,On Time,0
LP00002322,L0000858,2026-07-01,2026-07-01,8523.94,8523.94,On Time,0
LP00002323,L0000858,2026-06-01,2026-06-01,8523.94,8523.94,On Time,0
LP00002324,L0000859,2026-07-01,2026-07-01,4413.89,4413.89,On Time,0
LP00002325,L0000859,2026-05-28,2026-06-01,4413.89,4413.89,On Time,0
LP00002326,L0000859,2026-05-01,2026-05-02,4413.89,4413.89,On Time,0
LP00002327,L0000860,2026-06-30,2026-07-01,7863.3,7863.3,On Time,0
LP00002328,L0000860,2026-05-28,2026-06-01,7863.3,7863.3,On Time,0
LP00002329,L0000860,2026-05-20,2026-05-02,7863.3,7863.3,Late,18
LP00002330,L0000861,2026-06-29,2026-07-01,20074.29,20074.29,On Time,0
LP00002331,L0000861,2026-05-28,2026-06-01,20074.29,20074.29,On Time,0
LP00002332,L0000861,2026-05-01,2026-05-02,20074.29,20074.29,On Time,0
LP00002333,L0000862,2026-06-28,2026-07-01,8092.05,8092.05,On Time,0
LP00002334,L0000862,2026-05-29,2026-06-01,8092.05,8092.05,On Time,0
LP00002335,L0000862,2026-04-28,2026-05-02,8092.05,8092.05,On Time,0
LP00002336,L0000863,2026-06-27,2026-07-01,311.4,311.4,On Time,0
LP00002337,L0000863,2026-05-28,2026-06-01,311.4,311.4,On Time,0
LP00002338,L0000863,2026-05-02,2026-05-02,311.4,311.4,On Time,0
LP00002339,L0000864,2026-06-28,2026-07-01,5565.13,5565.13,On Time,0
LP00002340,L0000864,2026-05-29,2026-06-01,5565.13,5565.13,On Time,0
LP00002341,L0000864,2026-05-01,2026-05-02,5565.13,5565.13,On Time,0
LP00002342,L0000865,2026-06-29,2026-07-01,5199.6,5199.6,On Time,0
LP00002343,L0000865,2026-05-29,2026-06-01,5199.6,5199.6,On Time,0
LP00002344,L0000865,2026-05-02,2026-05-02,5199.6,5199.6,On Time,0
LP00002345,L0000866,2026-07-29,2026-07-01,27132.18,0,Missed,60
LP00002346,L0000866,2026-05-30,2026-06-01,27132.18,27132.18,On Time,0
LP00002347,L0000866,2026-05-01,2026-05-02,27132.18,27132.18,On Time,0
LP00002348,L0000867,2026-07-01,2026-07-01,3251.83,3251.83,On Time,0
LP00002349,L0000867,2026-06-01,2026-06-01,3251.83,3251.83,On Time,0
LP00002350,L0000867,2026-04-28,2026-05-02,3251.83,3251.83,On Time,0
LP00002351,L0000868,2026-07-01,2026-07-01,31994.37,31994.37,On Time,0
LP00002352,L0000868,2026-05-30,2026-06-01,31994.37,31994.37,On Time,0
LP00002353,L0000868,2026-05-02,2026-05-02,31994.37,31994.37,On Time,0
LP00002354,L0000869,2026-06-30,2026-07-01,8175.52,8175.52,On Time,0
LP00002355,L0000869,2026-06-01,2026-06-01,8175.52,8175.52,On Time,0
LP00002356,L0000870,2026-06-29,2026-07-01,2228.45,2228.45,On Time,0
LP00002357,L0000870,2026-05-28,2026-06-01,2228.45,2228.45,On Time,0
LP00002358,L0000870,2026-05-17,2026-05-02,2228.45,2228.45,Late,15
LP00002359,L0000871,2026-07-18,2026-07-01,3088.68,3088.68,Late,17
LP00002360,L0000871,2026-06-01,2026-06-01,3088.68,3088.68,On Time,0
LP00002361,L0000871,2026-04-30,2026-05-02,3088.68,3088.68,On Time,0
LP00002362,L0000872,2026-07-01,2026-07-01,11422.17,11422.17,On Time,0
LP00002363,L0000872,2026-06-01,2026-06-01,11422.17,11422.17,On Time,0
LP00002364,L0000872,2026-05-01,2026-05-02,11422.17,11422.17,On Time,0
LP00002365,L0000873,2026-07-29,2026-07-01,10035.3,0,Missed,60
LP00002366,L0000873,2026-05-31,2026-06-01,10035.3,10035.3,On Time,0
LP00002367,L0000873,2026-05-02,2026-05-02,10035.3,10035.3,On Time,0
LP00002368,L0000874,2026-06-29,2026-07-01,6934.43,6934.43,On Time,0
LP00002369,L0000874,2026-05-29,2026-06-01,6934.43,6934.43,On Time,0
LP00002370,L0000874,2026-05-01,2026-05-02,6934.43,6934.43,On Time,0
LP00002371,L0000875,2026-06-28,2026-07-01,15238.82,15238.82,On Time,0
LP00002372,L0000875,2026-05-31,2026-06-01,15238.82,15238.82,On Time,0
LP00002373,L0000876,2026-07-02,2026-07-01,1419.98,1419.98,Late,1
LP00002374,L0000876,2026-05-30,2026-06-01,1419.98,1419.98,On Time,0
LP00002375,L0000876,2026-05-02,2026-05-02,1419.98,1419.98,On Time,0
LP00002376,L0000877,2026-07-29,2026-07-01,11623.62,0,Missed,30
LP00002377,L0000877,2026-05-31,2026-06-01,11623.62,11623.62,On Time,0
LP00002378,L0000878,2026-07-06,2026-07-01,12903.51,10305.22,Partial,5
LP00002379,L0000878,2026-05-28,2026-06-01,12903.51,12903.51,On Time,0
LP00002380,L0000878,2026-04-29,2026-05-02,12903.51,12903.51,On Time,0
LP00002381,L0000879,2026-06-29,2026-07-01,23931.15,23931.15,On Time,0
LP00002382,L0000879,2026-06-29,2026-06-01,23931.15,0,Missed,45
LP00002383,L0000879,2026-05-30,2026-05-02,23931.15,0,Missed,60
LP00002384,L0000880,2026-07-03,2026-07-01,14479.12,14479.12,Late,2
LP00002385,L0000881,2026-07-01,2026-07-01,4860.57,4860.57,On Time,0
LP00002386,L0000881,2026-06-01,2026-06-01,4860.57,4860.57,On Time,0
LP00002387,L0000881,2026-05-01,2026-05-02,4860.57,4860.57,On Time,0
LP00002388,L0000882,2026-06-30,2026-07-01,25354.97,25354.97,On Time,0
LP00002389,L0000882,2026-05-31,2026-06-01,25354.97,25354.97,On Time,0
LP00002390,L0000882,2026-04-30,2026-05-02,25354.97,25354.97,On Time,0
LP00002391,L0000883,2026-06-29,2026-07-01,4436.09,4436.09,On Time,0
LP00002392,L0000883,2026-05-30,2026-06-01,4436.09,4436.09,On Time,0
LP00002393,L0000883,2026-04-30,2026-05-02,4436.09,4436.09,On Time,0
LP00002394,L0000884,2026-07-01,2026-07-01,8115.92,8115.92,On Time,0
LP00002395,L0000884,2026-06-29,2026-06-01,8115.92,0,Missed,45
LP00002396,L0000884,2026-05-11,2026-05-02,8115.92,8115.92,Late,9
LP00002397,L0000885,2026-06-30,2026-07-01,28924.35,28924.35,On Time,0
LP00002398,L0000885,2026-05-29,2026-06-01,28924.35,28924.35,On Time,0
LP00002399,L0000885,2026-05-30,2026-05-02,28924.35,0,Missed,45
LP00002400,L0000886,2026-06-29,2026-07-01,17856.65,17856.65,On Time,0
LP00002401,L0000886,2026-06-14,2026-06-01,17856.65,17856.65,Late,13
LP00002402,L0000886,2026-04-29,2026-05-02,17856.65,17856.65,On Time,0
LP00002403,L0000887,2026-06-29,2026-07-01,21040.46,21040.46,On Time,0
LP00002404,L0000887,2026-05-28,2026-06-01,21040.46,21040.46,On Time,0
LP00002405,L0000887,2026-04-28,2026-05-02,21040.46,21040.46,On Time,0
LP00002406,L0000888,2026-07-01,2026-07-01,6094.62,6094.62,On Time,0
LP00002407,L0000888,2026-05-30,2026-06-01,6094.62,6094.62,On Time,0
LP00002408,L0000888,2026-04-29,2026-05-02,6094.62,6094.62,On Time,0
LP00002409,L0000889,2026-06-28,2026-07-01,14410.18,14410.18,On Time,0
LP00002410,L0000889,2026-06-29,2026-06-01,14410.18,0,Missed,30
LP00002411,L0000889,2026-04-29,2026-05-02,14410.18,14410.18,On Time,0
LP00002412,L0000890,2026-06-27,2026-07-01,12623.22,12623.22,On Time,0
LP00002413,L0000890,2026-05-31,2026-06-01,12623.22,12623.22,On Time,0
LP00002414,L0000890,2026-04-30,2026-05-02,12623.22,12623.22,On Time,0
LP00002415,L0000891,2026-06-29,2026-07-01,12677.92,12677.92,On Time,0
LP00002416,L0000891,2026-05-28,2026-06-01,12677.92,12677.92,On Time,0
LP00002417,L0000891,2026-04-29,2026-05-02,12677.92,12677.92,On Time,0
LP00002418,L0000892,2026-07-03,2026-07-01,17050.65,15282.61,Partial,2
LP00002419,L0000892,2026-06-01,2026-06-01,17050.65,17050.65,On Time,0
LP00002420,L0000892,2026-05-02,2026-05-02,17050.65,17050.65,On Time,0
LP00002421,L0000893,2026-07-17,2026-07-01,14524.52,14524.52,Late,16
LP00002422,L0000893,2026-06-01,2026-06-01,14524.52,14524.52,On Time,0
LP00002423,L0000893,2026-04-29,2026-05-02,14524.52,14524.52,On Time,0
LP00002424,L0000894,2026-07-16,2026-07-01,5952.51,3203.81,Partial,15
LP00002425,L0000894,2026-06-29,2026-06-01,5952.51,0,Missed,30
LP00002426,L0000894,2026-05-01,2026-05-02,5952.51,5952.51,On Time,0
LP00002427,L0000895,2026-06-29,2026-07-01,27039.61,27039.61,On Time,0
LP00002428,L0000895,2026-05-29,2026-06-01,27039.61,27039.61,On Time,0
LP00002429,L0000895,2026-04-30,2026-05-02,27039.61,27039.61,On Time,0
LP00002430,L0000896,2026-06-27,2026-07-01,8745.91,8745.91,On Time,0
LP00002431,L0000896,2026-06-29,2026-06-01,8745.91,0,Missed,60
LP00002432,L0000896,2026-05-02,2026-05-02,8745.91,8745.91,On Time,0
LP00002433,L0000897,2026-06-29,2026-07-01,11516.52,11516.52,On Time,0
LP00002434,L0000897,2026-06-01,2026-06-01,11516.52,11516.52,On Time,0
LP00002435,L0000897,2026-04-30,2026-05-02,11516.52,11516.52,On Time,0
LP00002436,L0000898,2026-07-21,2026-07-01,7845.24,5918.22,Partial,20
LP00002437,L0000898,2026-06-01,2026-06-01,7845.24,7845.24,On Time,0
LP00002438,L0000899,2026-07-02,2026-07-01,4199.66,2342.75,Partial,1
LP00002439,L0000899,2026-05-28,2026-06-01,4199.66,4199.66,On Time,0
LP00002440,L0000899,2026-04-29,2026-05-02,4199.66,4199.66,On Time,0
LP00002441,L0000900,2026-07-01,2026-07-01,9616.06,9616.06,On Time,0
LP00002442,L0000900,2026-05-30,2026-06-01,9616.06,9616.06,On Time,0
LP00002443,L0000900,2026-04-28,2026-05-02,9616.06,9616.06,On Time,0
LP00002444,L0000901,2026-06-27,2026-07-01,8424.54,8424.54,On Time,0
LP00002445,L0000901,2026-05-29,2026-06-01,8424.54,8424.54,On Time,0
LP00002446,L0000901,2026-05-01,2026-05-02,8424.54,8424.54,On Time,0
LP00002447,L0000902,2026-07-29,2026-07-01,9514.09,0,Missed,60
LP00002448,L0000902,2026-05-28,2026-06-01,9514.09,9514.09,On Time,0
LP00002449,L0000902,2026-05-02,2026-05-02,9514.09,9514.09,On Time,0
LP00002450,L0000903,2026-06-28,2026-07-01,3643.08,3643.08,On Time,0
LP00002451,L0000904,2026-07-05,2026-07-01,26838.07,20588.9,Partial,4
LP00002452,L0000904,2026-05-28,2026-06-01,26838.07,26838.07,On Time,0
LP00002453,L0000904,2026-05-02,2026-05-02,26838.07,26838.07,On Time,0
LP00002454,L0000905,2026-07-19,2026-07-01,15524.08,15524.08,Late,18
LP00002455,L0000905,2026-05-28,2026-06-01,15524.08,15524.08,On Time,0
LP00002456,L0000905,2026-05-01,2026-05-02,15524.08,15524.08,On Time,0
LP00002457,L0000906,2026-07-01,2026-07-01,7210.29,7210.29,On Time,0
LP00002458,L0000906,2026-05-28,2026-06-01,7210.29,7210.29,On Time,0
LP00002459,L0000906,2026-05-02,2026-05-02,7210.29,7210.29,On Time,0
LP00002460,L0000907,2026-07-05,2026-07-01,18428.0,15363.85,Partial,4
LP00002461,L0000907,2026-06-01,2026-06-01,18428.0,18428.0,On Time,0
LP00002462,L0000907,2026-04-28,2026-05-02,18428.0,18428.0,On Time,0
LP00002463,L0000908,2026-06-29,2026-07-01,35012.35,35012.35,On Time,0
LP00002464,L0000908,2026-05-28,2026-06-01,35012.35,35012.35,On Time,0
LP00002465,L0000908,2026-05-08,2026-05-02,35012.35,35012.35,Late,6
LP00002466,L0000909,2026-07-01,2026-07-01,4319.18,4319.18,On Time,0
LP00002467,L0000909,2026-05-30,2026-06-01,4319.18,4319.18,On Time,0
LP00002468,L0000909,2026-04-28,2026-05-02,4319.18,4319.18,On Time,0
LP00002469,L0000910,2026-07-01,2026-07-01,26671.13,26671.13,On Time,0
LP00002470,L0000910,2026-05-31,2026-06-01,26671.13,26671.13,On Time,0
LP00002471,L0000910,2026-05-10,2026-05-02,26671.13,26671.13,Late,8
LP00002472,L0000911,2026-06-30,2026-07-01,26318.06,26318.06,On Time,0
LP00002473,L0000911,2026-05-31,2026-06-01,26318.06,26318.06,On Time,0
LP00002474,L0000911,2026-04-30,2026-05-02,26318.06,26318.06,On Time,0
LP00002475,L0000912,2026-07-29,2026-07-01,3019.15,0,Missed,30
LP00002476,L0000912,2026-06-07,2026-06-01,3019.15,3019.15,Late,6
LP00002477,L0000912,2026-05-30,2026-05-02,3019.15,0,Missed,30
LP00002478,L0000913,2026-06-28,2026-07-01,20212.98,20212.98,On Time,0
LP00002479,L0000913,2026-06-29,2026-06-01,20212.98,0,Missed,30
LP00002480,L0000913,2026-04-29,2026-05-02,20212.98,20212.98,On Time,0
LP00002481,L0000914,2026-07-18,2026-07-01,10905.71,9172.0,Partial,17
LP00002482,L0000914,2026-06-29,2026-06-01,10905.71,0,Missed,60
LP00002483,L0000914,2026-05-21,2026-05-02,10905.71,7505.86,Partial,19
LP00002484,L0000915,2026-06-28,2026-07-01,11011.86,11011.86,On Time,0
LP00002485,L0000916,2026-07-29,2026-07-01,10354.0,0,Missed,60
LP00002486,L0000916,2026-05-28,2026-06-01,10354.0,10354.0,On Time,0
LP00002487,L0000916,2026-05-16,2026-05-02,10354.0,10354.0,Late,14
LP00002488,L0000917,2026-06-28,2026-07-01,19738.76,19738.76,On Time,0
LP00002489,L0000917,2026-05-28,2026-06-01,19738.76,19738.76,On Time,0
LP00002490,L0000917,2026-04-30,2026-05-02,19738.76,19738.76,On Time,0
LP00002491,L0000918,2026-07-01,2026-07-01,7246.23,7246.23,On Time,0
LP00002492,L0000918,2026-06-01,2026-06-01,7246.23,7246.23,On Time,0
LP00002493,L0000918,2026-04-29,2026-05-02,7246.23,7246.23,On Time,0
LP00002494,L0000919,2026-06-28,2026-07-01,3694.08,3694.08,On Time,0
LP00002495,L0000919,2026-05-30,2026-06-01,3694.08,3694.08,On Time,0
LP00002496,L0000919,2026-04-29,2026-05-02,3694.08,3694.08,On Time,0
LP00002497,L0000920,2026-06-30,2026-07-01,2970.96,2970.96,On Time,0
LP00002498,L0000921,2026-07-21,2026-07-01,567.49,567.49,Late,20
LP00002499,L0000921,2026-06-01,2026-06-01,567.49,567.49,On Time,0
LP00002500,L0000921,2026-05-21,2026-05-02,567.49,567.49,Late,19
LP00002501,L0000922,2026-07-01,2026-07-01,16801.77,16801.77,On Time,0
LP00002502,L0000922,2026-06-01,2026-06-01,16801.77,16801.77,On Time,0
LP00002503,L0000922,2026-04-29,2026-05-02,16801.77,16801.77,On Time,0
LP00002504,L0000923,2026-06-27,2026-07-01,29044.63,29044.63,On Time,0
LP00002505,L0000923,2026-06-29,2026-06-01,29044.63,0,Missed,45
LP00002506,L0000923,2026-04-29,2026-05-02,29044.63,29044.63,On Time,0
LP00002507,L0000924,2026-07-01,2026-07-01,28028.54,28028.54,On Time,0
LP00002508,L0000924,2026-05-28,2026-06-01,28028.54,28028.54,On Time,0
LP00002509,L0000924,2026-04-30,2026-05-02,28028.54,28028.54,On Time,0
LP00002510,L0000925,2026-07-01,2026-07-01,7592.04,7592.04,On Time,0
LP00002511,L0000925,2026-05-29,2026-06-01,7592.04,7592.04,On Time,0
LP00002512,L0000925,2026-04-29,2026-05-02,7592.04,7592.04,On Time,0
LP00002513,L0000926,2026-06-29,2026-07-01,3301.04,3301.04,On Time,0
LP00002514,L0000926,2026-06-01,2026-06-01,3301.04,3301.04,On Time,0
LP00002515,L0000926,2026-05-30,2026-05-02,3301.04,0,Missed,45
LP00002516,L0000927,2026-07-01,2026-07-01,3925.13,3925.13,On Time,0
LP00002517,L0000927,2026-05-30,2026-06-01,3925.13,3925.13,On Time,0
LP00002518,L0000927,2026-05-02,2026-05-02,3925.13,3925.13,On Time,0
LP00002519,L0000928,2026-06-28,2026-07-01,6300.73,6300.73,On Time,0
LP00002520,L0000928,2026-05-30,2026-06-01,6300.73,6300.73,On Time,0
LP00002521,L0000928,2026-05-11,2026-05-02,6300.73,6300.73,Late,9
LP00002522,L0000929,2026-06-28,2026-07-01,1623.16,1623.16,On Time,0
LP00002523,L0000929,2026-06-03,2026-06-01,1623.16,1623.16,Late,2
LP00002524,L0000930,2026-06-27,2026-07-01,4358.62,4358.62,On Time,0
LP00002525,L0000930,2026-05-30,2026-06-01,4358.62,4358.62,On Time,0
LP00002526,L0000930,2026-04-28,2026-05-02,4358.62,4358.62,On Time,0
LP00002527,L0000931,2026-06-28,2026-07-01,12507.29,12507.29,On Time,0
LP00002528,L0000931,2026-05-28,2026-06-01,12507.29,12507.29,On Time,0
LP00002529,L0000931,2026-04-30,2026-05-02,12507.29,12507.29,On Time,0
LP00002530,L0000932,2026-07-11,2026-07-01,31916.64,16096.23,Partial,10
LP00002531,L0000932,2026-06-19,2026-06-01,31916.64,31916.64,Late,18
LP00002532,L0000932,2026-05-02,2026-05-02,31916.64,31916.64,On Time,0
LP00002533,L0000933,2026-07-01,2026-07-01,10267.66,10267.66,On Time,0
LP00002534,L0000933,2026-05-30,2026-06-01,10267.66,10267.66,On Time,0
LP00002535,L0000933,2026-04-28,2026-05-02,10267.66,10267.66,On Time,0
LP00002536,L0000934,2026-06-29,2026-07-01,13774.37,13774.37,On Time,0
LP00002537,L0000934,2026-05-31,2026-06-01,13774.37,13774.37,On Time,0
LP00002538,L0000934,2026-05-02,2026-05-02,13774.37,13774.37,On Time,0
LP00002539,L0000935,2026-06-29,2026-07-01,21508.61,21508.61,On Time,0
LP00002540,L0000935,2026-05-28,2026-06-01,21508.61,21508.61,On Time,0
LP00002541,L0000935,2026-04-30,2026-05-02,21508.61,21508.61,On Time,0
LP00002542,L0000936,2026-06-27,2026-07-01,7849.97,7849.97,On Time,0
LP00002543,L0000936,2026-05-31,2026-06-01,7849.97,7849.97,On Time,0
LP00002544,L0000936,2026-05-17,2026-05-02,7849.97,7849.97,Late,15
LP00002545,L0000937,2026-06-28,2026-07-01,7061.93,7061.93,On Time,0
LP00002546,L0000937,2026-05-30,2026-06-01,7061.93,7061.93,On Time,0
LP00002547,L0000938,2026-06-29,2026-07-01,7968.16,7968.16,On Time,0
LP00002548,L0000938,2026-05-31,2026-06-01,7968.16,7968.16,On Time,0
LP00002549,L0000938,2026-04-28,2026-05-02,7968.16,7968.16,On Time,0
LP00002550,L0000939,2026-07-01,2026-07-01,31043.26,31043.26,On Time,0
LP00002551,L0000939,2026-06-29,2026-06-01,31043.26,0,Missed,30
LP00002552,L0000939,2026-04-29,2026-05-02,31043.26,31043.26,On Time,0
LP00002553,L0000940,2026-06-29,2026-07-01,21014.39,21014.39,On Time,0
LP00002554,L0000940,2026-05-31,2026-06-01,21014.39,21014.39,On Time,0
LP00002555,L0000941,2026-07-01,2026-07-01,9678.78,9678.78,On Time,0
LP00002556,L0000941,2026-05-30,2026-06-01,9678.78,9678.78,On Time,0
LP00002557,L0000941,2026-04-29,2026-05-02,9678.78,9678.78,On Time,0
LP00002558,L0000942,2026-06-28,2026-07-01,4586.96,4586.96,On Time,0
LP00002559,L0000942,2026-06-02,2026-06-01,4586.96,2519.02,Partial,1
LP00002560,L0000942,2026-04-29,2026-05-02,4586.96,4586.96,On Time,0
LP00002561,L0000943,2026-07-29,2026-07-01,28198.29,0,Missed,60
LP00002562,L0000943,2026-05-28,2026-06-01,28198.29,28198.29,On Time,0
LP00002563,L0000943,2026-05-30,2026-05-02,28198.29,0,Missed,45
LP00002564,L0000944,2026-07-29,2026-07-01,20987.03,0,Missed,30
LP00002565,L0000944,2026-06-08,2026-06-01,20987.03,20987.03,Late,7
LP00002566,L0000944,2026-05-21,2026-05-02,20987.03,14667.76,Partial,19
LP00002567,L0000945,2026-06-30,2026-07-01,2762.31,2762.31,On Time,0
LP00002568,L0000945,2026-06-01,2026-06-01,2762.31,2762.31,On Time,0
LP00002569,L0000945,2026-04-30,2026-05-02,2762.31,2762.31,On Time,0
LP00002570,L0000946,2026-07-21,2026-07-01,12939.5,12939.5,Late,20
LP00002571,L0000946,2026-06-29,2026-06-01,12939.5,0,Missed,30
LP00002572,L0000946,2026-05-30,2026-05-02,12939.5,0,Missed,45
LP00002573,L0000947,2026-06-29,2026-07-01,16511.05,16511.05,On Time,0
LP00002574,L0000947,2026-05-29,2026-06-01,16511.05,16511.05,On Time,0
LP00002575,L0000947,2026-04-28,2026-05-02,16511.05,16511.05,On Time,0
LP00002576,L0000948,2026-07-18,2026-07-01,16542.79,8623.69,Partial,17
LP00002577,L0000948,2026-05-31,2026-06-01,16542.79,16542.79,On Time,0
LP00002578,L0000948,2026-05-02,2026-05-02,16542.79,16542.79,On Time,0
LP00002579,L0000949,2026-06-27,2026-07-01,24749.22,24749.22,On Time,0
LP00002580,L0000950,2026-06-28,2026-07-01,10714.69,10714.69,On Time,0
LP00002581,L0000950,2026-05-29,2026-06-01,10714.69,10714.69,On Time,0
LP00002582,L0000950,2026-05-02,2026-05-02,10714.69,10714.69,On Time,0
LP00002583,L0000951,2026-07-29,2026-07-01,28755.3,0,Missed,45
LP00002584,L0000951,2026-05-31,2026-06-01,28755.3,28755.3,On Time,0
LP00002585,L0000951,2026-05-01,2026-05-02,28755.3,28755.3,On Time,0
LP00002586,L0000952,2026-06-28,2026-07-01,17715.29,17715.29,On Time,0
LP00002587,L0000953,2026-06-29,2026-07-01,9570.92,9570.92,On Time,0
LP00002588,L0000953,2026-05-28,2026-06-01,9570.92,9570.92,On Time,0
LP00002589,L0000953,2026-04-29,2026-05-02,9570.92,9570.92,On Time,0
LP00002590,L0000954,2026-06-28,2026-07-01,7877.92,7877.92,On Time,0
LP00002591,L0000954,2026-06-06,2026-06-01,7877.92,7877.92,Late,5
LP00002592,L0000954,2026-05-02,2026-05-02,7877.92,7877.92,On Time,0
LP00002593,L0000955,2026-06-30,2026-07-01,4456.05,4456.05,On Time,0
LP00002594,L0000955,2026-05-29,2026-06-01,4456.05,4456.05,On Time,0
LP00002595,L0000955,2026-04-30,2026-05-02,4456.05,4456.05,On Time,0
LP00002596,L0000956,2026-06-29,2026-07-01,17622.04,17622.04,On Time,0
LP00002597,L0000957,2026-07-07,2026-07-01,3759.52,3759.52,Late,6
LP00002598,L0000957,2026-05-30,2026-06-01,3759.52,3759.52,On Time,0
LP00002599,L0000957,2026-04-28,2026-05-02,3759.52,3759.52,On Time,0
LP00002600,L0000958,2026-06-30,2026-07-01,4624.39,4624.39,On Time,0
LP00002601,L0000958,2026-06-29,2026-06-01,4624.39,0,Missed,45
LP00002602,L0000958,2026-04-30,2026-05-02,4624.39,4624.39,On Time,0
LP00002603,L0000959,2026-06-27,2026-07-01,2578.6,2578.6,On Time,0
LP00002604,L0000959,2026-05-31,2026-06-01,2578.6,2578.6,On Time,0
LP00002605,L0000959,2026-04-30,2026-05-02,2578.6,2578.6,On Time,0
LP00002606,L0000960,2026-06-30,2026-07-01,2117.6,2117.6,On Time,0
LP00002607,L0000960,2026-06-01,2026-06-01,2117.6,2117.6,On Time,0
LP00002608,L0000960,2026-04-29,2026-05-02,2117.6,2117.6,On Time,0
LP00002609,L0000961,2026-06-29,2026-07-01,18404.19,18404.19,On Time,0
LP00002610,L0000961,2026-05-29,2026-06-01,18404.19,18404.19,On Time,0
LP00002611,L0000961,2026-04-29,2026-05-02,18404.19,18404.19,On Time,0
LP00002612,L0000962,2026-07-01,2026-07-01,10845.3,10845.3,On Time,0
LP00002613,L0000962,2026-06-01,2026-06-01,10845.3,10845.3,On Time,0
LP00002614,L0000963,2026-06-29,2026-07-01,36141.39,36141.39,On Time,0
LP00002615,L0000964,2026-06-28,2026-07-01,2802.36,2802.36,On Time,0
LP00002616,L0000964,2026-06-01,2026-06-01,2802.36,2802.36,On Time,0
LP00002617,L0000964,2026-04-28,2026-05-02,2802.36,2802.36,On Time,0
LP00002618,L0000965,2026-06-27,2026-07-01,17702.12,17702.12,On Time,0
LP00002619,L0000965,2026-05-31,2026-06-01,17702.12,17702.12,On Time,0
LP00002620,L0000965,2026-04-28,2026-05-02,17702.12,17702.12,On Time,0
LP00002621,L0000966,2026-07-01,2026-07-01,7423.87,7423.87,On Time,0
LP00002622,L0000968,2026-06-30,2026-07-01,4651.12,4651.12,On Time,0
LP00002623,L0000968,2026-06-05,2026-06-01,4651.12,3419.43,Partial,4
LP00002624,L0000968,2026-05-18,2026-05-02,4651.12,4651.12,Late,16
LP00002625,L0000969,2026-06-30,2026-07-01,26753.71,26753.71,On Time,0
LP00002626,L0000969,2026-05-30,2026-06-01,26753.71,26753.71,On Time,0
LP00002627,L0000969,2026-05-01,2026-05-02,26753.71,26753.71,On Time,0
LP00002628,L0000970,2026-06-28,2026-07-01,4034.58,4034.58,On Time,0
LP00002629,L0000970,2026-05-29,2026-06-01,4034.58,4034.58,On Time,0
LP00002630,L0000970,2026-04-29,2026-05-02,4034.58,4034.58,On Time,0
LP00002631,L0000971,2026-06-27,2026-07-01,37611.61,37611.61,On Time,0
LP00002632,L0000971,2026-05-28,2026-06-01,37611.61,37611.61,On Time,0
LP00002633,L0000971,2026-04-28,2026-05-02,37611.61,37611.61,On Time,0
LP00002634,L0000972,2026-06-30,2026-07-01,3599.2,3599.2,On Time,0
LP00002635,L0000972,2026-05-30,2026-06-01,3599.2,3599.2,On Time,0
LP00002636,L0000972,2026-05-02,2026-05-02,3599.2,3599.2,On Time,0
LP00002637,L0000973,2026-06-28,2026-07-01,12723.3,12723.3,On Time,0
LP00002638,L0000973,2026-06-29,2026-06-01,12723.3,0,Missed,45
LP00002639,L0000973,2026-05-09,2026-05-02,12723.3,12723.3,Late,7
LP00002640,L0000974,2026-06-30,2026-07-01,9707.56,9707.56,On Time,0
LP00002641,L0000974,2026-06-01,2026-06-01,9707.56,9707.56,On Time,0
LP00002642,L0000974,2026-05-02,2026-05-02,9707.56,9707.56,On Time,0
LP00002643,L0000975,2026-06-27,2026-07-01,1740.12,1740.12,On Time,0
LP00002644,L0000975,2026-05-31,2026-06-01,1740.12,1740.12,On Time,0
LP00002645,L0000975,2026-05-01,2026-05-02,1740.12,1740.12,On Time,0
LP00002646,L0000976,2026-07-05,2026-07-01,2679.79,2679.79,Late,4
LP00002647,L0000976,2026-05-31,2026-06-01,2679.79,2679.79,On Time,0
LP00002648,L0000976,2026-04-30,2026-05-02,2679.79,2679.79,On Time,0
LP00002649,L0000977,2026-07-29,2026-07-01,5366.09,0,Missed,60
LP00002650,L0000977,2026-06-13,2026-06-01,5366.09,3220.53,Partial,12
LP00002651,L0000977,2026-05-30,2026-05-02,5366.09,0,Missed,30
LP00002652,L0000978,2026-07-01,2026-07-01,7097.09,7097.09,On Time,0
LP00002653,L0000978,2026-05-29,2026-06-01,7097.09,7097.09,On Time,0
LP00002654,L0000978,2026-05-06,2026-05-02,7097.09,7097.09,Late,4
LP00002655,L0000979,2026-06-29,2026-07-01,24478.05,24478.05,On Time,0
LP00002656,L0000979,2026-05-31,2026-06-01,24478.05,24478.05,On Time,0
LP00002657,L0000979,2026-04-28,2026-05-02,24478.05,24478.05,On Time,0
LP00002658,L0000980,2026-07-14,2026-07-01,2081.32,2081.32,Late,13
LP00002659,L0000980,2026-05-28,2026-06-01,2081.32,2081.32,On Time,0
LP00002660,L0000980,2026-04-29,2026-05-02,2081.32,2081.32,On Time,0
LP00002661,L0000981,2026-06-30,2026-07-01,853.97,853.97,On Time,0
LP00002662,L0000981,2026-05-28,2026-06-01,853.97,853.97,On Time,0
LP00002663,L0000981,2026-05-01,2026-05-02,853.97,853.97,On Time,0
LP00002664,L0000982,2026-06-27,2026-07-01,6406.3,6406.3,On Time,0
LP00002665,L0000982,2026-05-29,2026-06-01,6406.3,6406.3,On Time,0
LP00002666,L0000982,2026-05-01,2026-05-02,6406.3,6406.3,On Time,0
LP00002667,L0000983,2026-07-29,2026-07-01,2655.11,0,Missed,45
LP00002668,L0000983,2026-05-30,2026-06-01,2655.11,2655.11,On Time,0
LP00002669,L0000983,2026-05-01,2026-05-02,2655.11,2655.11,On Time,0
LP00002670,L0000984,2026-06-30,2026-07-01,7242.45,7242.45,On Time,0
LP00002671,L0000984,2026-05-28,2026-06-01,7242.45,7242.45,On Time,0
LP00002672,L0000984,2026-05-30,2026-05-02,7242.45,0,Missed,45
LP00002673,L0000985,2026-07-01,2026-07-01,18971.1,18971.1,On Time,0
LP00002674,L0000985,2026-06-14,2026-06-01,18971.1,12238.68,Partial,13
LP00002675,L0000985,2026-04-30,2026-05-02,18971.1,18971.1,On Time,0
LP00002676,L0000986,2026-07-01,2026-07-01,7849.91,7849.91,On Time,0
LP00002677,L0000986,2026-05-28,2026-06-01,7849.91,7849.91,On Time,0
LP00002678,L0000986,2026-05-02,2026-05-02,7849.91,7849.91,On Time,0
LP00002679,L0000987,2026-06-28,2026-07-01,8387.7,8387.7,On Time,0
LP00002680,L0000987,2026-05-30,2026-06-01,8387.7,8387.7,On Time,0
LP00002681,L0000987,2026-04-28,2026-05-02,8387.7,8387.7,On Time,0
LP00002682,L0000988,2026-07-05,2026-07-01,1502.03,1502.03,Late,4
LP00002683,L0000989,2026-06-30,2026-07-01,11484.56,11484.56,On Time,0
LP00002684,L0000989,2026-05-28,2026-06-01,11484.56,11484.56,On Time,0
LP00002685,L0000989,2026-04-29,2026-05-02,11484.56,11484.56,On Time,0
LP00002686,L0000990,2026-06-27,2026-07-01,26967.45,26967.45,On Time,0
LP00002687,L0000990,2026-06-01,2026-06-01,26967.45,26967.45,On Time,0
LP00002688,L0000990,2026-05-10,2026-05-02,26967.45,21730.7,Partial,8
LP00002689,L0000991,2026-06-28,2026-07-01,14667.27,14667.27,On Time,0
LP00002690,L0000991,2026-06-01,2026-06-01,14667.27,14667.27,On Time,0
LP00002691,L0000991,2026-05-21,2026-05-02,14667.27,14667.27,Late,19
LP00002692,L0000992,2026-06-27,2026-07-01,10074.34,10074.34,On Time,0
LP00002693,L0000992,2026-05-31,2026-06-01,10074.34,10074.34,On Time,0
LP00002694,L0000992,2026-05-01,2026-05-02,10074.34,10074.34,On Time,0
LP00002695,L0000993,2026-07-29,2026-07-01,11557.91,0,Missed,30
LP00002696,L0000993,2026-05-29,2026-06-01,11557.91,11557.91,On Time,0
LP00002697,L0000993,2026-05-02,2026-05-02,11557.91,11557.91,On Time,0
LP00002698,L0000994,2026-07-11,2026-07-01,5759.83,5759.83,Late,10
LP00002699,L0000994,2026-05-28,2026-06-01,5759.83,5759.83,On Time,0
LP00002700,L0000994,2026-04-28,2026-05-02,5759.83,5759.83,On Time,0
LP00002701,L0000995,2026-06-27,2026-07-01,15627.86,15627.86,On Time,0
LP00002702,L0000995,2026-05-28,2026-06-01,15627.86,15627.86,On Time,0
LP00002703,L0000995,2026-05-30,2026-05-02,15627.86,0,Missed,30
LP00002704,L0000996,2026-06-30,2026-07-01,7055.33,7055.33,On Time,0
LP00002705,L0000996,2026-05-30,2026-06-01,7055.33,7055.33,On Time,0
LP00002706,L0000996,2026-05-01,2026-05-02,7055.33,7055.33,On Time,0
LP00002707,L0000997,2026-06-28,2026-07-01,5060.87,5060.87,On Time,0
LP00002708,L0000997,2026-06-01,2026-06-01,5060.87,5060.87,On Time,0
LP00002709,L0000997,2026-05-11,2026-05-02,5060.87,2560.79,Partial,9
LP00002710,L0000998,2026-07-15,2026-07-01,14578.92,8438.29,Partial,14
LP00002711,L0000998,2026-06-16,2026-06-01,14578.92,14578.92,Late,15
LP00002712,L0000998,2026-05-30,2026-05-02,14578.92,0,Missed,45
LP00002713,L0000999,2026-06-28,2026-07-01,4018.24,4018.24,On Time,0
LP00002714,L0000999,2026-05-29,2026-06-01,4018.24,4018.24,On Time,0
LP00002715,L0000999,2026-05-02,2026-05-02,4018.24,4018.24,On Time,0
LP00002716,L0001000,2026-06-27,2026-07-01,17075.62,17075.62,On Time,0
LP00002717,L0001000,2026-06-01,2026-06-01,17075.62,17075.62,On Time,0
LP00002718,L0001000,2026-05-02,2026-05-02,17075.62,17075.62,On Time,0
