LoanID,CustomerID,BranchID,LoanType,ApplicationDate,ApprovalDate,PrincipalAmount,OutstandingBalance,InterestRate,LoanTermMonths,MonthlyPayment,LoanStatus,RiskRating,DaysPastDue
L0000001,C000658,B0007,Credit Facility,2026-04-17,2026-04-26,39921,35429.89,0.198,24,2027.91,Current,Low,0
L0000002,C000379,B0054,Home Loan,2026-06-25,2026-06-26,1564460,1556637.7,0.1305,180,19845.71,Current,Medium,0
L0000003,C000307,B0032,Personal Loan,2024-10-24,2024-11-01,161658,101036.25,0.247,48,5333.1,Current,Medium,0
L0000004,C000379,B0009,Business Loan,2026-05-20,2026-05-24,740849,685285.33,0.183,24,37093.7,Current,Medium,0
L0000005,C001780,B0058,Personal Loan,2025-02-02,2025-02-11,31273,17981.97,0.229,36,1208.94,Current,Low,0
L0000006,C001223,B0016,Personal Loan,2024-11-13,2024-11-14,225800,158060.0,0.247,60,6587.87,Current,Medium,0
L0000007,C001042,B0032,Personal Loan,2026-06-21,2026-06-26,18601,18321.99,0.229,60,523.3,Current,Low,0
L0000008,C000878,B0040,Home Loan,2025-09-23,2025-09-26,1811873,1721279.35,0.1305,180,22984.22,Current,Medium,0
L0000009,C000523,B0007,Personal Loan,2026-06-29,2026-07-07,198434,198434.0,0.247,60,5789.45,Current,Medium,0
L0000010,C000944,B0045,Vehicle Finance,2025-04-29,2025-05-02,95066,78429.45,0.139,72,1953.82,Current,Low,0
L0000011,C001924,B0006,Vehicle Finance,2025-01-30,2025-02-08,676787,504206.32,0.157,60,16350.46,Current,Medium,0
L0000012,C001831,B0051,Personal Loan,2026-02-24,2026-03-02,136183,128012.02,0.274,60,4191.01,Current,High,0
L0000013,C001608,B0018,Home Loan,2025-03-02,2025-03-07,1379043,1268719.56,0.1305,180,17493.63,Current,Medium,0
L0000014,C000428,B0050,Personal Loan,2024-06-03,2024-06-06,68266,6826.6,0.274,12,6568.05,Current,High,0
L0000015,C000280,B0020,Home Loan,2025-05-23,2025-05-25,1160214,1038391.53,0.1125,120,16146.58,Current,Low,0
L0000016,C001306,B0041,Home Loan,2025-01-07,2025-01-13,2344585,2133572.35,0.1125,180,27017.7,Current,Low,0
L0000017,C000049,B0026,Personal Loan,2024-06-07,2024-06-09,133667,83541.88,0.247,60,3899.83,Current,Medium,0
L0000018,C001018,B0053,Home Loan,2025-07-25,2025-08-04,474777,455192.45,0.1125,240,4981.63,Current,Low,0
L0000019,C001519,B0053,Personal Loan,2025-07-13,2025-07-20,230756,178835.9,0.229,48,7383.43,Current,Low,0
L0000020,C000655,B0049,Credit Facility,2025-11-02,2025-11-03,70154,49107.8,0.198,24,3563.69,Current,Low,0
L0000021,C001267,B0022,Home Loan,2023-11-27,2023-12-07,670990,566986.55,0.1305,180,8511.74,Current,Medium,0
L0000022,C001829,B0006,Personal Loan,2025-09-25,2025-09-29,79967,64973.19,0.229,48,2558.68,Current,Low,0
L0000023,C001823,B0058,Vehicle Finance,2025-07-09,2025-07-18,487961,378169.78,0.157,48,13754.09,In Arrears,Medium,45
L0000024,C001598,B0053,Business Loan,2025-06-15,2025-06-24,1131494,910852.67,0.165,60,27817.24,Current,Low,0
L0000025,C001955,B0026,Vehicle Finance,2024-07-13,2024-07-23,438353,280545.92,0.157,60,10590.15,Current,Medium,0
L0000026,C000407,B0030,Personal Loan,2026-01-07,2026-01-16,210409,191472.19,0.229,60,5919.45,Current,Low,0
L0000027,C000481,B0054,Business Loan,2025-10-09,2025-10-17,454196,300904.85,0.165,24,22347.51,Current,Low,0
L0000028,C000620,B0041,Home Loan,2025-06-27,2025-07-04,364830,348412.65,0.1125,240,3828.0,Current,Low,0
L0000029,C000946,B0024,Personal Loan,2024-08-17,2024-08-18,128128,17617.6,0.229,24,6704.13,Current,Low,0
L0000030,C001547,B0040,Vehicle Finance,2025-04-05,2025-04-13,148480,115072.0,0.184,60,3802.8,Current,High,0
L0000031,C001873,B0002,Vehicle Finance,2026-04-14,2026-04-22,163364,157237.85,0.139,72,3357.49,Current,Low,0
L0000032,C000518,B0035,Personal Loan,2026-03-27,2026-03-29,92149,85237.82,0.229,48,2948.46,Current,Low,0
L0000033,C000795,B0042,Personal Loan,2025-06-02,2025-06-08,201473,152363.96,0.229,48,6446.47,Current,Low,0
L0000034,C000610,B0015,Personal Loan,2026-04-25,2026-05-02,209647,199164.65,0.229,36,8104.45,Current,Low,0
L0000035,C001565,B0033,Personal Loan,2025-07-27,2025-08-05,149777,108588.32,0.229,36,5790.02,Current,Low,0
L0000036,C001083,B0045,Business Loan,2025-12-25,2026-01-02,628099,571570.09,0.165,60,15441.51,Current,Low,0
L0000037,C000481,B0006,Vehicle Finance,2025-09-17,2025-09-18,155579,136131.62,0.139,72,3197.5,Current,Low,0
L0000038,C001283,B0003,Personal Loan,2026-02-17,2026-02-21,339855,307993.59,0.229,48,10874.24,Current,Low,0
L0000039,C001872,B0011,Home Loan,2026-05-03,2026-05-07,2054690,2039279.83,0.1125,240,21558.96,Current,Low,0
L0000040,C000211,B0049,Personal Loan,2026-01-27,2026-01-27,261888,238318.08,0.229,60,7367.71,Current,Low,0
L0000041,C001391,B0010,Vehicle Finance,2026-02-28,2026-03-05,373510,354834.5,0.157,72,8040.55,Current,Medium,0
L0000042,C000685,B0049,Business Loan,2026-03-17,2026-03-20,785691,667837.35,0.165,24,38657.84,Current,Low,0
L0000043,C001783,B0023,Personal Loan,2026-06-21,2026-06-26,326058,319944.41,0.247,48,10756.66,Current,Medium,0
L0000044,C000420,B0025,Personal Loan,2024-08-30,2024-08-31,260693,170753.92,0.229,60,7334.09,Current,Low,0
L0000045,C000834,B0050,Personal Loan,2026-06-02,2026-06-07,252460,242992.75,0.229,24,13209.63,Current,Low,0
L0000046,C001252,B0025,Vehicle Finance,2026-06-10,2026-06-17,343745,337299.78,0.157,48,9689.1,Current,Medium,0
L0000047,C000041,B0034,Business Loan,2024-10-02,2024-10-08,1017689,483402.27,0.165,36,36030.65,Current,Low,0
L0000048,C001637,B0015,Personal Loan,2023-03-29,2023-03-30,347912,139164.8,0.274,60,10706.94,Current,High,0
L0000049,C001985,B0023,Credit Facility,2025-12-27,2026-01-01,93851,79773.35,0.216,36,3564.82,Current,Medium,0
L0000050,C000793,B0011,Credit Facility,2025-06-29,2025-07-06,199238,19923.8,0.198,12,18437.25,Current,Low,0
L0000051,C000963,B0053,Personal Loan,2025-03-01,2025-03-05,289457,173674.2,0.229,36,11189.72,Current,Low,0
L0000052,C001016,B0035,Business Loan,2026-03-07,2026-03-17,1010964,859319.4,0.165,24,49741.81,Current,Low,0
L0000053,C001522,B0027,Personal Loan,2026-05-08,2026-05-11,175146,162010.05,0.247,24,9321.47,Current,Medium,0
L0000054,C001617,B0036,Home Loan,2025-12-03,2025-12-06,1774920,1728328.35,0.1125,240,18623.45,Current,Low,0
L0000055,C001879,B0019,Business Loan,2025-12-22,2026-01-01,1057608,962423.28,0.165,60,26000.79,Current,Low,0
L0000056,C000735,B0017,Personal Loan,2026-01-04,2026-01-07,249777,221677.09,0.229,48,7992.04,Current,Low,0
L0000057,C000819,B0052,Home Loan,2024-10-23,2024-10-28,2195240,1964739.8,0.1125,180,25296.73,Current,Low,0
L0000058,C001208,B0048,Personal Loan,2026-05-10,2026-05-12,129808,120072.4,0.229,24,6792.03,Current,Low,0
L0000059,C000676,B0006,Personal Loan,2026-06-16,2026-06-18,98649,91250.33,0.247,12,9361.66,Current,Medium,0
L0000060,C001553,B0031,Vehicle Finance,2026-06-05,2026-06-14,176891,174237.64,0.139,60,4106.78,Current,Low,0
L0000061,C000764,B0007,Vehicle Finance,2025-11-23,2025-11-23,270994,230344.9,0.139,48,7391.72,Current,Low,0
L0000062,C000242,B0032,Personal Loan,2026-03-02,2026-03-10,59990,53991.0,0.247,36,2375.68,Current,Medium,0
L0000063,C001055,B0042,Business Loan,2023-04-12,2023-04-19,253202,25320.2,0.21,36,9539.4,Current,High,0
L0000064,C000702,B0022,Home Loan,2025-07-24,2025-07-24,1996166,1816511.06,0.1125,120,27780.43,Current,Low,0
L0000065,C000794,B0010,Personal Loan,2024-03-30,2024-04-05,35205,3520.5,0.229,12,3310.26,Current,Low,0
L0000066,C000025,B0042,Personal Loan,2025-04-29,2025-05-08,300639,221721.26,0.229,48,9619.46,Current,Low,0
L0000067,C001418,B0025,Vehicle Finance,2026-01-11,2026-01-21,84226,74750.57,0.139,48,2297.38,Current,Low,0
L0000068,C000507,B0024,Business Loan,2025-10-15,2025-10-22,1145104,990514.96,0.165,60,28151.83,Current,Low,0
L0000069,C000801,B0051,Personal Loan,2024-07-24,2024-07-31,325664,208424.96,0.247,60,9501.48,Current,Medium,0
L0000070,C001980,B0029,Home Loan,2025-11-18,2025-11-23,2307790,2169322.6,0.1305,120,34525.88,Current,Medium,0
L0000071,C001243,B0016,Personal Loan,2026-06-13,2026-06-17,72838,71017.05,0.229,36,2815.74,Current,Low,0
L0000072,C000039,B0005,Personal Loan,2024-10-08,2024-10-10,185197,18519.7,0.247,12,17574.95,Current,Medium,0
L0000073,C001205,B0017,Home Loan,2025-10-30,2025-11-03,2391562,2295899.52,0.1305,180,30337.78,In Arrears,Medium,30
L0000074,C000055,B0057,Vehicle Finance,2026-01-11,2026-01-20,625108,578224.9,0.157,72,13456.7,Current,Medium,0
L0000075,C001184,B0037,Personal Loan,2026-05-10,2026-05-17,335373,318604.35,0.229,36,12964.72,Current,Low,0
L0000076,C000915,B0025,Business Loan,2025-01-08,2025-01-14,732340,402787.0,0.165,36,25928.05,Current,Low,0
L0000077,C000719,B0053,Vehicle Finance,2024-09-09,2024-09-15,681174,400189.73,0.139,48,18579.93,Current,Low,0
L0000078,C000897,B0053,Personal Loan,2025-02-25,2025-03-05,227290,159103.0,0.229,48,7272.53,Current,Low,0
L0000079,C001775,B0059,Vehicle Finance,2025-07-18,2025-07-23,549752,467289.2,0.139,72,11298.63,Current,Low,0
L0000080,C000675,B0025,Vehicle Finance,2022-11-17,2022-11-25,496864,168933.76,0.157,60,12003.71,Current,Medium,0
L0000081,C000774,B0041,Personal Loan,2026-04-18,2026-04-26,151781,140397.43,0.247,36,6010.73,Current,Medium,0
L0000082,C001623,B0057,Personal Loan,2024-04-07,2024-04-11,230478,23047.8,0.229,12,21671.4,Current,Low,0
L0000083,C000552,B0035,Personal Loan,2025-11-28,2025-12-08,292409,215651.64,0.247,24,15562.33,Current,Medium,0
L0000084,C000859,B0008,Vehicle Finance,2022-10-04,2022-10-13,494101,216169.19,0.157,72,10636.51,Current,Medium,0
L0000085,C000808,B0033,Credit Facility,2026-03-24,2026-04-01,198819,183907.58,0.198,36,7368.58,Current,Low,0
L0000086,C001209,B0058,Personal Loan,2024-02-04,2024-02-11,303235,30323.5,0.247,24,16138.51,Current,Medium,0
L0000087,C000154,B0019,Credit Facility,2026-05-03,2026-05-08,121428,115356.6,0.198,36,4500.33,Current,Low,0
L0000088,C001759,B0029,Home Loan,2025-06-16,2025-06-17,2371820,2217651.7,0.1575,180,34422.41,In Arrears,High,45
L0000089,C000458,B0048,Credit Facility,2024-08-20,2024-08-22,174921,24051.64,0.216,24,9040.06,Current,Medium,0
L0000090,C000328,B0005,Personal Loan,2025-05-28,2025-06-07,56453,42692.58,0.247,48,1862.39,In Arrears,Medium,45
L0000091,C000798,B0045,Personal Loan,2022-07-20,2022-07-25,205444,20544.4,0.274,48,7089.81,In Arrears,High,60
L0000092,C001118,B0057,Credit Facility,2026-06-26,2026-07-03,145830,145830.0,0.198,24,7407.89,Current,Low,0
L0000093,C000035,B0007,Home Loan,2025-12-04,2025-12-05,1600244,1516231.19,0.1125,120,22270.43,Current,Low,0
L0000094,C000658,B0051,Home Loan,2025-08-07,2025-08-13,2257017,2163915.05,0.1125,240,23681.89,Current,Low,0
L0000095,C001958,B0013,Vehicle Finance,2025-02-01,2025-02-11,360513,268582.18,0.139,60,8369.83,Current,Low,0
L0000096,C000779,B0030,Credit Facility,2024-07-22,2024-07-27,81207,8120.7,0.198,12,7514.8,Current,Low,0
L0000097,C001419,B0018,Business Loan,2026-01-15,2026-01-22,596219,506786.15,0.21,36,22462.59,Current,High,0
L0000098,C000379,B0005,Home Loan,2026-04-27,2026-04-28,759288,742204.02,0.1305,120,11359.39,Current,Medium,0
L0000099,C001929,B0017,Personal Loan,2022-03-10,2022-03-10,261796,57595.12,0.274,60,8056.73,Current,High,0
L0000100,C000654,B0039,Business Loan,2024-10-08,2024-10-09,735922,349562.95,0.183,36,26716.23,Current,Medium,0
L0000101,C001503,B0057,Home Loan,2024-12-05,2024-12-11,1538419,1428806.65,0.1305,240,18078.57,Current,Medium,0
L0000102,C000358,B0031,Personal Loan,2026-06-23,2026-07-03,141762,141762.0,0.229,12,13329.61,Current,Low,0
L0000103,C000694,B0004,Home Loan,2025-09-09,2025-09-09,2443621,2321439.95,0.1125,180,28158.93,Current,Low,0
L0000104,C000394,B0022,Home Loan,2025-06-17,2025-06-17,368736,332784.24,0.1125,120,5131.66,Current,Low,0
L0000105,C001695,B0054,Vehicle Finance,2023-10-04,2023-10-09,505969,297256.79,0.157,72,10892.0,Current,Medium,0
L0000106,C000787,B0020,Vehicle Finance,2026-03-20,2026-03-28,691044,639215.7,0.139,48,18849.15,Current,Low,0
L0000107,C001989,B0016,Personal Loan,2026-04-29,2026-05-06,64671,54970.35,0.229,12,6080.89,Current,Low,0
L0000108,C000435,B0008,Home Loan,2025-06-17,2025-06-24,1376021,1241858.95,0.1125,120,19149.94,In Arrears,Low,15
L0000109,C000524,B0019,Personal Loan,2025-06-04,2025-06-12,230668,23066.8,0.247,12,21890.09,Current,Medium,0
L0000110,C000035,B0046,Home Loan,2025-03-08,2025-03-13,2178012,2003771.04,0.1125,180,25098.2,Current,Low,0
L0000111,C001465,B0006,Personal Loan,2023-07-21,2023-07-31,14147,4597.77,0.229,48,452.66,Current,Low,0
L0000112,C001359,B0012,Personal Loan,2024-04-30,2024-05-03,201690,70591.5,0.247,36,7987.19,Current,Medium,0
L0000113,C000498,B0027,Vehicle Finance,2022-08-14,2022-08-23,507592,149739.64,0.157,60,12262.89,Current,Medium,0
L0000114,C001797,B0001,Credit Facility,2026-04-08,2026-04-17,65550,50801.25,0.198,12,6065.92,Current,Low,0
L0000115,C000938,B0056,Home Loan,2026-05-04,2026-05-12,1183059,1165313.11,0.1125,120,16464.51,Current,Low,0
L0000116,C001894,B0009,Personal Loan,2025-07-13,2025-07-14,325118,251966.45,0.229,48,10402.71,Current,Low,0
L0000117,C001257,B0053,Personal Loan,2024-11-03,2024-11-12,196166,49041.5,0.274,24,10707.37,Current,High,0
L0000118,C000597,B0059,Personal Loan,2026-05-22,2026-05-27,281496,273051.12,0.247,60,8212.84,In Arrears,Medium,60
L0000119,C001083,B0030,Personal Loan,2025-08-02,2025-08-06,266338,46609.15,0.229,12,25043.25,Current,Low,0
L0000120,C000318,B0023,Vehicle Finance,2026-06-27,2026-06-27,362101,355311.61,0.184,48,10712.55,In Arrears,High,30
L0000121,C000783,B0009,Personal Loan,2024-11-30,2024-11-30,319972,223980.4,0.229,60,9001.79,Current,Low,0
L0000122,C001585,B0036,Personal Loan,2025-11-30,2025-11-30,13537,11506.45,0.229,48,433.14,Current,Low,0
L0000123,C001228,B0020,Business Loan,2026-05-15,2026-05-23,370163,356281.89,0.165,48,10585.56,Current,Low,0
L0000124,C000305,B0044,Credit Facility,2026-06-30,2026-06-30,231607,214236.48,0.198,12,21432.64,Current,Low,0
L0000125,C000735,B0044,Personal Loan,2025-02-17,2025-02-26,138004,79352.3,0.229,36,5334.91,Current,Low,0
L0000126,C000249,B0012,Home Loan,2025-09-02,2025-09-07,1433483,1325971.78,0.1305,120,21445.74,Current,Medium,0
L0000127,C001955,B0026,Vehicle Finance,2024-05-24,2024-05-28,492522,252417.52,0.157,48,13882.65,Current,Medium,0
L0000128,C001200,B0048,Vehicle Finance,2025-02-21,2025-02-23,601705,448270.22,0.157,60,14536.56,Current,Medium,0
L0000129,C001839,B0029,Personal Loan,2024-07-30,2024-08-04,48291,20523.68,0.247,36,1912.39,Current,Medium,0
L0000130,C000002,B0005,Vehicle Finance,2026-04-11,2026-04-13,277975,267550.94,0.139,72,5713.01,Current,Low,0
L0000131,C001319,B0018,Personal Loan,2025-09-22,2025-09-22,71763,44851.88,0.229,24,3754.9,Current,Low,0
L0000132,C001398,B0028,Home Loan,2025-03-20,2025-03-25,482567,453612.98,0.1305,240,5670.84,Current,Medium,0
L0000133,C001173,B0007,Vehicle Finance,2025-10-17,2025-10-19,246085,218400.44,0.139,72,5057.6,Current,Low,0
L0000134,C001566,B0044,Personal Loan,2025-07-23,2025-08-02,264808,221114.68,0.247,60,7725.96,Current,Medium,0
L0000135,C001893,B0045,Personal Loan,2024-02-17,2024-02-21,43910,20033.94,0.247,48,1448.59,Current,Medium,0
L0000136,C001284,B0031,Personal Loan,2023-03-10,2023-03-13,348355,34835.5,0.274,36,14296.53,Current,High,0
L0000137,C001606,B0020,Credit Facility,2025-02-24,2025-03-05,65872,6587.2,0.243,12,6238.4,In Arrears,High,60
L0000138,C000934,B0051,Credit Facility,2024-01-16,2024-01-21,239125,59781.25,0.216,36,9082.88,Current,Medium,0
L0000139,C000929,B0029,Personal Loan,2026-03-25,2026-04-02,91111,84277.68,0.229,36,3522.13,Current,Low,0
L0000140,C000274,B0057,Business Loan,2024-08-01,2024-08-09,198954,84555.45,0.165,36,7043.84,Current,Low,0
L0000141,C001783,B0017,Personal Loan,2026-05-17,2026-05-19,320869,296803.83,0.247,24,17077.01,Current,Medium,0
L0000142,C001229,B0027,Vehicle Finance,2025-08-16,2025-08-26,547856,457459.76,0.139,60,12719.27,Current,Low,0
L0000143,C000493,B0053,Personal Loan,2025-11-22,2025-11-24,155599,108919.3,0.229,24,8141.51,Current,Low,0
L0000144,C001635,B0001,Personal Loan,2024-07-15,2024-07-18,176360,112870.4,0.274,60,5427.45,Current,High,0
L0000145,C001914,B0025,Personal Loan,2025-02-18,2025-02-21,116375,66915.62,0.247,36,4608.6,Current,Medium,0
L0000146,C000914,B0017,Personal Loan,2025-11-06,2025-11-16,230506,161354.2,0.247,24,12267.79,Current,Medium,0
L0000147,C000663,B0052,Credit Facility,2025-08-06,2025-08-12,78936,13813.8,0.243,12,7475.62,Current,High,0
L0000148,C001815,B0050,Business Loan,2026-02-03,2026-02-11,302633,245889.31,0.165,24,14890.26,Current,Low,0
L0000149,C001249,B0019,Home Loan,2024-08-30,2024-09-09,1565458,1307157.43,0.1305,120,23420.16,Current,Medium,0
L0000150,C000758,B0032,Vehicle Finance,2022-04-06,2022-04-13,430574,156083.07,0.139,72,8849.26,Current,Low,0
L0000151,C001201,B0016,Vehicle Finance,2026-04-07,2026-04-13,438475,422032.19,0.157,72,9439.05,Current,Medium,0
L0000152,C000055,B0007,Personal Loan,2025-05-14,2025-05-17,315461,205049.65,0.247,36,12492.68,Current,Medium,0
L0000153,C000797,B0032,Business Loan,2026-03-24,2026-03-31,1131197,1046357.23,0.165,48,32348.85,Current,Low,0
L0000154,C001279,B0008,Personal Loan,2026-06-26,2026-07-03,91386,91386.0,0.229,24,4781.65,Current,Low,0
L0000155,C001266,B0057,Personal Loan,2025-11-26,2025-11-26,215615,172492.0,0.229,36,8335.16,Current,Low,0
L0000156,C000753,B0005,Business Loan,2025-12-16,2025-12-23,935184,812441.1,0.183,48,27617.85,Current,Medium,0
L0000157,C000555,B0049,Credit Facility,2025-01-09,2025-01-19,71924,39558.2,0.216,36,2731.95,Current,Medium,0
L0000158,C001124,B0056,Home Loan,2022-11-08,2022-11-13,769905,600525.9,0.1575,180,11173.69,Current,High,0
L0000159,C000060,B0030,Home Loan,2026-05-07,2026-05-10,990550,980644.5,0.1305,180,12565.46,Current,Medium,0
L0000160,C001412,B0055,Home Loan,2023-02-23,2023-03-02,414622,331697.6,0.1305,180,5259.62,Current,Medium,0
L0000161,C000983,B0004,Vehicle Finance,2023-04-19,2023-04-19,391758,200775.97,0.157,72,8433.38,Current,Medium,0
L0000162,C001774,B0022,Personal Loan,2025-10-20,2025-10-30,276842,230124.91,0.247,48,9133.02,Current,Medium,0
L0000163,C001148,B0016,Personal Loan,2025-08-07,2025-08-17,223231,186397.88,0.229,60,6280.17,Current,Low,0
L0000164,C001279,B0025,Personal Loan,2025-04-16,2025-04-25,15398,11933.45,0.229,60,433.19,In Arrears,Low,15
L0000165,C001373,B0008,Business Loan,2025-09-09,2025-09-11,236060,200651.0,0.183,60,6032.96,Current,Medium,0
L0000166,C000676,B0005,Home Loan,2026-04-02,2026-04-05,561755,555435.26,0.1305,240,6601.4,Current,Medium,0
L0000167,C001009,B0016,Personal Loan,2026-03-15,2026-03-15,41997,37797.3,0.247,36,1663.14,In Arrears,Medium,30
L0000168,C001112,B0022,Personal Loan,2023-12-27,2024-01-05,219974,21997.4,0.247,24,11707.26,Current,Medium,0
L0000169,C000091,B0012,Home Loan,2024-01-28,2024-01-29,542519,481485.61,0.1125,240,5692.41,Current,Low,0
L0000170,C000669,B0049,Home Loan,2025-02-23,2025-03-03,660097,620491.18,0.1125,240,6926.11,Current,Low,0
L0000171,C001265,B0022,Vehicle Finance,2023-09-06,2023-09-10,86274,49607.55,0.157,72,1857.22,Current,Medium,0
L0000172,C000324,B0033,Personal Loan,2024-04-18,2024-04-26,287786,93530.45,0.229,36,11125.12,Current,Low,0
L0000173,C001181,B0052,Personal Loan,2022-07-07,2022-07-14,52985,5298.5,0.274,48,1828.5,Current,High,0
L0000174,C001870,B0001,Home Loan,2024-07-09,2024-07-10,1886021,1546537.22,0.1125,120,26247.56,Current,Low,0
L0000175,C000421,B0023,Home Loan,2024-05-17,2024-05-25,896794,780210.78,0.1125,180,10334.16,Current,Low,0
L0000176,C000924,B0043,Vehicle Finance,2026-03-05,2026-03-15,428143,406735.85,0.157,72,9216.64,Current,Medium,0
L0000177,C000867,B0003,Personal Loan,2026-02-26,2026-02-27,5798,4710.88,0.247,24,308.58,Current,Medium,0
L0000178,C000808,B0038,Vehicle Finance,2023-03-12,2023-03-14,240144,120072.0,0.139,72,4935.49,Current,Low,0
L0000179,C000338,B0060,Personal Loan,2025-05-03,2025-05-07,260617,123793.07,0.229,24,13636.44,Current,Low,0
L0000180,C001658,B0041,Vehicle Finance,2026-03-10,2026-03-14,175537,162371.73,0.139,48,4788.01,Current,Low,0
L0000181,C001709,B0037,Business Loan,2022-11-29,2022-12-06,278672,98928.56,0.165,60,6851.02,Current,Low,0
L0000182,C001142,B0010,Vehicle Finance,2026-04-02,2026-04-09,408311,385343.51,0.139,48,11137.23,Current,Low,0
L0000183,C001621,B0004,Home Loan,2026-05-04,2026-05-04,1295717,1282759.83,0.1125,180,14931.12,Current,Low,0
L0000184,C001962,B0051,Personal Loan,2026-03-10,2026-03-14,176574,123601.8,0.247,12,16756.64,Current,Medium,0
L0000185,C000704,B0026,Personal Loan,2025-12-06,2025-12-07,342500,306537.5,0.229,60,9635.57,Current,Low,0
L0000186,C001795,B0009,Personal Loan,2023-08-20,2023-08-20,304243,144515.42,0.229,60,8559.28,Defaulted,Low,90
L0000187,C000152,B0042,Home Loan,2025-09-17,2025-09-27,1447935,1393637.44,0.1125,240,15192.55,Current,Low,0
L0000188,C000431,B0025,Business Loan,2026-06-22,2026-06-26,469214,462175.79,0.165,60,11535.4,Current,Low,0
L0000189,C000717,B0023,Personal Loan,2023-08-24,2023-08-29,256739,25673.9,0.229,24,13433.53,Current,Low,0
L0000190,C001466,B0037,Vehicle Finance,2025-12-22,2025-12-26,396431,354805.74,0.139,60,9203.72,Current,Low,0
L0000191,C000114,B0049,Personal Loan,2024-01-28,2024-01-31,153010,15301.0,0.229,24,8006.05,Current,Low,0
L0000192,C001971,B0059,Personal Loan,2024-11-21,2024-12-01,327109,94043.84,0.274,24,17854.66,In Arrears,High,60
L0000193,C000831,B0048,Home Loan,2023-12-08,2023-12-18,825897,697882.96,0.1305,180,10476.78,Current,Medium,0
L0000194,C001322,B0043,Personal Loan,2026-04-15,2026-04-17,143374,136922.17,0.247,60,4183.04,Current,Medium,0
L0000195,C001316,B0002,Business Loan,2026-06-23,2026-07-02,654671,654671.0,0.165,60,16094.77,In Arrears,Low,15
L0000196,C000011,B0040,Business Loan,2024-07-08,2024-07-11,112291,71866.24,0.165,60,2760.62,Current,Low,0
L0000197,C001051,B0024,Credit Facility,2025-04-23,2025-04-27,134022,83763.75,0.198,36,4967.09,Current,Low,0
L0000198,C000228,B0031,Credit Facility,2024-06-30,2024-07-06,174933,17493.3,0.216,24,9040.68,Current,Medium,0
L0000199,C000433,B0046,Personal Loan,2026-03-15,2026-03-20,59996,55496.3,0.274,48,2070.44,Current,High,0
L0000200,C001820,B0008,Credit Facility,2024-08-21,2024-08-24,56422,7758.02,0.198,24,2866.13,Current,Low,0
L0000201,C001189,B0059,Personal Loan,2025-12-31,2026-01-06,42950,36507.5,0.229,36,1660.34,Current,Low,0
L0000202,C000256,B0050,Business Loan,2023-07-25,2023-08-03,379234,130361.69,0.165,48,10844.96,Current,Low,0
L0000203,C001938,B0060,Credit Facility,2026-06-27,2026-07-04,135546,135546.0,0.198,12,12543.27,Current,Low,0
L0000204,C000114,B0019,Personal Loan,2023-02-22,2023-02-28,193744,74591.44,0.229,60,5450.61,Current,Low,0
L0000205,C001231,B0047,Vehicle Finance,2025-08-11,2025-08-14,517455,446304.94,0.139,72,10634.85,Current,Low,0
L0000206,C000628,B0006,Home Loan,2025-09-15,2025-09-15,389430,360222.75,0.1305,120,5826.1,Current,Medium,0
L0000207,C000465,B0012,Personal Loan,2024-05-18,2024-05-22,183913,64369.55,0.229,36,7109.64,Current,Low,0
L0000208,C000763,B0004,Credit Facility,2026-03-24,2026-03-30,42315,35967.75,0.216,24,2186.87,Current,Medium,0
L0000209,C000525,B0012,Personal Loan,2025-06-20,2025-06-29,171449,17144.9,0.229,12,16121.02,Current,Low,0
L0000210,C001515,B0026,Vehicle Finance,2025-04-17,2025-04-19,604539,491187.94,0.139,72,12424.63,Current,Low,0
L0000211,C000057,B0006,Personal Loan,2025-10-04,2025-10-11,121749,39568.42,0.229,12,11447.82,Current,Low,0
L0000212,C001026,B0017,Personal Loan,2026-03-28,2026-04-05,109920,97554.0,0.229,24,5751.42,Current,Low,0
L0000213,C001448,B0056,Personal Loan,2025-04-15,2025-04-24,111929,80448.97,0.229,48,3581.36,Current,Low,0
L0000214,C001211,B0007,Business Loan,2026-06-23,2026-07-02,582026,582026.0,0.165,36,20606.27,Current,Low,0
L0000215,C001128,B0022,Personal Loan,2025-12-26,2025-12-30,334270,246524.13,0.229,24,17490.23,Current,Low,0
L0000216,C000149,B0031,Business Loan,2023-07-24,2023-08-03,751666,258385.19,0.165,48,21495.4,Current,Low,0
L0000217,C001257,B0023,Personal Loan,2023-10-14,2023-10-21,89778,8977.8,0.274,24,4900.37,In Arrears,High,30
L0000218,C000871,B0013,Personal Loan,2023-07-08,2023-07-14,325272,32527.2,0.229,24,17019.43,Current,Low,0
L0000219,C000195,B0038,Personal Loan,2025-02-10,2025-02-16,313469,213550.76,0.229,48,10029.98,Current,Low,0
L0000220,C000025,B0042,Business Loan,2023-12-19,2023-12-22,123615,51763.78,0.165,48,3535.02,Current,Low,0
L0000221,C001780,B0015,Home Loan,2024-05-13,2024-05-17,1786773,1612562.63,0.1125,240,18747.82,Current,Low,0
L0000222,C000701,B0013,Home Loan,2026-05-03,2026-05-08,2469685,2451162.36,0.1305,240,29022.24,Current,Medium,0
L0000223,C001971,B0010,Vehicle Finance,2025-05-14,2025-05-22,420790,332424.1,0.184,60,10777.07,Current,High,0
L0000224,C000060,B0045,Vehicle Finance,2026-04-06,2026-04-10,436825,420444.06,0.157,72,9403.53,Defaulted,Medium,90
L0000225,C001111,B0060,Personal Loan,2025-05-16,2025-05-18,49693,39257.47,0.229,60,1398.02,Current,Low,0
L0000226,C001820,B0025,Personal Loan,2023-04-20,2023-04-26,235135,23513.5,0.229,36,9089.76,Current,Low,0
L0000227,C000806,B0023,Vehicle Finance,2023-11-10,2023-11-15,507938,304762.8,0.157,72,10934.38,Current,Medium,0
L0000228,C000500,B0017,Home Loan,2025-09-26,2025-10-06,1351107,1305507.14,0.1305,240,15877.39,Current,Medium,0
L0000229,C000832,B0020,Personal Loan,2026-06-30,2026-07-03,135377,135377.0,0.247,36,5361.11,Current,Medium,0
L0000230,C001944,B0032,Business Loan,2025-10-09,2025-10-13,726835,563297.12,0.165,36,25733.14,Current,Low,0
L0000231,C001968,B0025,Home Loan,2026-05-11,2026-05-17,1032349,1022025.51,0.1125,180,11896.22,Current,Low,0
L0000232,C000139,B0022,Personal Loan,2026-06-05,2026-06-12,258067,248389.49,0.229,24,13503.01,Current,Low,0
L0000233,C001949,B0039,Personal Loan,2025-09-10,2025-09-19,153016,124325.5,0.274,48,5280.53,Current,High,0
L0000234,C000881,B0035,Personal Loan,2024-06-01,2024-06-08,40264,25165.0,0.247,60,1174.73,Current,Medium,0
L0000235,C001288,B0011,Vehicle Finance,2026-05-06,2026-05-11,202180,197125.5,0.139,72,4155.25,Current,Low,0
L0000236,C001683,B0027,Home Loan,2025-04-18,2025-04-24,1551813,1377234.04,0.1125,120,21596.42,Current,Low,0
L0000237,C000732,B0010,Vehicle Finance,2024-07-18,2024-07-18,321081,205491.84,0.139,60,7454.36,Current,Low,0
L0000238,C001443,B0057,Business Loan,2026-02-01,2026-02-07,272098,246588.81,0.183,48,8035.6,Current,Medium,0
L0000239,C000846,B0059,Personal Loan,2024-09-12,2024-09-21,195660,19566.0,0.274,12,18824.97,Current,High,0
L0000240,C001966,B0041,Home Loan,2025-11-26,2025-11-27,1066814,1024141.44,0.1305,180,13532.9,Current,Medium,0
L0000241,C000884,B0015,Personal Loan,2024-05-11,2024-05-17,41969,25601.09,0.247,60,1224.48,Current,Medium,0
L0000242,C001836,B0033,Credit Facility,2026-02-24,2026-02-24,216966,176284.88,0.216,24,11212.98,Current,Medium,0
L0000243,C001020,B0045,Personal Loan,2025-10-18,2025-10-26,10452,9040.98,0.247,60,304.94,Current,Medium,0
L0000244,C001099,B0049,Vehicle Finance,2026-02-14,2026-02-22,437095,396117.34,0.157,48,12320.34,Current,Medium,0
L0000245,C000495,B0002,Vehicle Finance,2025-11-28,2025-11-29,447613,380471.05,0.139,48,12209.24,Current,Low,0
L0000246,C000800,B0005,Personal Loan,2025-11-21,2025-11-22,219646,175716.8,0.229,36,8490.99,Current,Low,0
L0000247,C000687,B0026,Personal Loan,2023-10-10,2023-10-20,69795,35246.47,0.229,60,1963.55,Current,Low,0
L0000248,C001950,B0012,Personal Loan,2025-07-22,2025-07-28,328004,180402.2,0.229,24,17162.37,Current,Low,0
L0000249,C000469,B0037,Home Loan,2026-04-12,2026-04-18,958766,947979.88,0.1575,240,13159.39,Current,High,0
L0000250,C001222,B0040,Home Loan,2026-01-13,2026-01-16,1216702,1161950.41,0.1125,120,16932.71,Current,Low,0
L0000251,C001298,B0038,Vehicle Finance,2024-02-28,2024-03-01,348554,165563.15,0.157,48,9824.65,Current,Medium,0
L0000252,C000021,B0032,Home Loan,2026-06-12,2026-06-22,1488198,1477036.52,0.1575,120,24697.91,Current,High,0
L0000253,C000126,B0050,Home Loan,2025-08-28,2025-08-29,1599580,1467614.65,0.1125,120,22261.19,Current,Low,0
L0000254,C001116,B0047,Credit Facility,2024-07-04,2024-07-13,186277,18627.7,0.198,12,17237.85,Current,Low,0
L0000255,C001511,B0012,Personal Loan,2023-07-08,2023-07-11,246891,24689.1,0.247,36,9777.21,Current,Medium,0
L0000256,C000823,B0047,Business Loan,2026-03-25,2026-04-04,938455,832878.81,0.183,24,46987.67,Current,Medium,0
L0000257,C001480,B0021,Personal Loan,2025-12-28,2025-12-29,195432,161231.4,0.247,36,7739.37,In Arrears,Medium,45
L0000258,C001885,B0027,Vehicle Finance,2026-05-10,2026-05-15,690967,665055.74,0.139,48,18847.05,Current,Low,0
L0000259,C001059,B0003,Home Loan,2025-05-29,2025-06-08,2019856,1921388.02,0.1305,240,23736.13,Current,Medium,0
L0000260,C001820,B0024,Vehicle Finance,2025-12-10,2025-12-11,445145,386719.72,0.139,48,12141.93,Current,Low,0
L0000261,C001707,B0013,Vehicle Finance,2024-03-27,2024-03-27,684555,397041.9,0.139,60,15892.93,Current,Low,0
L0000262,C000902,B0010,Personal Loan,2026-06-18,2026-06-25,9355,9214.67,0.247,60,272.94,Current,Medium,0
L0000263,C001587,B0045,Credit Facility,2025-05-26,2025-06-03,117360,11736.0,0.216,12,10961.66,Current,Medium,0
L0000264,C001101,B0035,Personal Loan,2024-08-28,2024-09-07,165808,74613.6,0.247,36,6566.22,Current,Medium,0
L0000265,C001860,B0018,Vehicle Finance,2025-04-23,2025-04-27,435002,337126.55,0.139,60,10099.2,In Arrears,Low,30
L0000266,C000686,B0021,Home Loan,2026-06-16,2026-06-25,798369,792381.23,0.1305,120,11944.06,Current,Medium,0
L0000267,C001736,B0015,Vehicle Finance,2023-02-10,2023-02-12,400209,154080.46,0.139,60,9291.43,Current,Low,0
L0000268,C000296,B0002,Vehicle Finance,2024-12-04,2024-12-05,113311,86399.64,0.139,72,2328.79,Current,Low,0
L0000269,C000670,B0034,Personal Loan,2023-01-27,2023-02-03,281659,108438.71,0.229,60,7923.93,Current,Low,0
L0000270,C001847,B0012,Credit Facility,2026-05-02,2026-05-03,151808,140422.4,0.216,24,7845.56,Current,Medium,0
L0000271,C001684,B0004,Personal Loan,2025-01-01,2025-01-03,160684,16068.4,0.229,12,15108.81,Current,Low,0
L0000272,C000371,B0018,Business Loan,2026-05-03,2026-05-12,757068,734355.96,0.165,60,18612.15,Current,Low,0
L0000273,C000184,B0035,Credit Facility,2025-11-13,2025-11-15,203345,142341.5,0.216,24,10509.04,Current,Medium,0
L0000274,C000313,B0012,Home Loan,2025-06-15,2025-06-25,1919812,1795024.22,0.1125,180,22122.85,Current,Low,0
L0000275,C001655,B0007,Personal Loan,2023-10-21,2023-10-28,166577,16657.7,0.229,24,8715.92,Current,Low,0
L0000276,C001303,B0038,Personal Loan,2024-11-08,2024-11-18,228006,57001.5,0.247,24,12134.73,Current,Medium,0
L0000277,C000880,B0022,Personal Loan,2023-03-12,2023-03-14,63858,25543.2,0.229,60,1796.52,Current,Low,0
L0000278,C000719,B0044,Vehicle Finance,2025-02-28,2025-03-09,391312,313049.6,0.139,72,8042.33,Current,Low,0
L0000279,C001595,B0028,Home Loan,2025-09-07,2025-09-15,2042538,1965942.82,0.1305,240,24002.67,Defaulted,Medium,90
L0000280,C001092,B0008,Home Loan,2025-12-02,2025-12-09,518239,504635.23,0.1575,240,7113.01,Current,High,0
L0000281,C000351,B0006,Vehicle Finance,2025-04-23,2025-04-25,676721,549835.81,0.157,72,14567.78,Current,Medium,0
L0000282,C001996,B0024,Personal Loan,2026-05-26,2026-05-31,279651,265668.45,0.247,36,11074.55,Current,Medium,0
L0000283,C000654,B0058,Vehicle Finance,2026-04-07,2026-04-16,532568,512596.7,0.157,72,11464.59,Current,Medium,0
L0000284,C001103,B0059,Credit Facility,2024-10-05,2024-10-13,129528,61525.8,0.198,36,4800.54,Current,Low,0
L0000285,C000146,B0002,Vehicle Finance,2023-04-21,2023-04-24,124273,51573.29,0.157,60,3002.3,Current,Medium,0
L0000286,C000273,B0060,Personal Loan,2025-12-20,2025-12-23,216936,188463.15,0.229,48,6941.24,Current,Low,0
L0000287,C001870,B0005,Vehicle Finance,2026-01-23,2026-01-26,116118,105667.38,0.139,60,2695.85,Current,Low,0
L0000288,C001983,B0029,Business Loan,2026-05-09,2026-05-19,638717,590813.22,0.165,24,31426.38,Current,Low,0
L0000289,C001654,B0012,Vehicle Finance,2026-04-04,2026-04-07,283473,270716.71,0.139,60,6581.23,Current,Low,0
L0000290,C000340,B0022,Home Loan,2026-02-28,2026-03-06,2202672,2158618.56,0.1305,180,27941.64,Current,Medium,0
L0000291,C001520,B0023,Home Loan,2026-04-09,2026-04-16,430375,425533.28,0.1575,240,5907.04,Current,High,0
L0000292,C000686,B0034,Home Loan,2022-10-14,2022-10-23,2261438,1752614.45,0.1305,180,28687.11,Current,Medium,0
L0000293,C000534,B0049,Personal Loan,2026-06-20,2026-06-30,293498,289095.53,0.229,60,8256.99,Defaulted,Low,90
L0000294,C001146,B0053,Home Loan,2026-06-08,2026-06-18,1257153,1247724.35,0.1125,120,17495.67,Current,Low,0
L0000295,C000100,B0049,Credit Facility,2025-11-25,2025-12-02,88472,72989.4,0.198,36,3278.93,Current,Low,0
L0000296,C001658,B0037,Credit Facility,2026-06-04,2026-06-04,136389,132979.27,0.198,36,5054.82,Current,Low,0
L0000297,C001860,B0039,Credit Facility,2026-05-18,2026-05-27,197476,182665.3,0.198,24,10031.42,Current,Low,0
L0000298,C000865,B0018,Vehicle Finance,2024-11-13,2024-11-13,309124,231843.0,0.157,72,6654.51,Current,Medium,0
L0000299,C000256,B0045,Vehicle Finance,2023-10-25,2023-10-28,678437,398581.74,0.139,72,13943.39,Current,Low,0
L0000300,C000936,B0027,Personal Loan,2025-10-31,2025-11-01,70504,62043.52,0.229,60,1983.49,Current,Low,0
L0000301,C000661,B0057,Personal Loan,2026-05-25,2026-05-31,5712,5540.64,0.247,60,166.65,Current,Medium,0
L0000302,C000676,B0005,Business Loan,2026-05-04,2026-05-07,456480,439362.0,0.183,48,13480.77,Current,Medium,0
L0000303,C000224,B0026,Home Loan,2026-01-01,2026-01-02,1896683,1839782.51,0.1125,180,21856.32,Current,Low,0
L0000304,C000451,B0010,Personal Loan,2025-08-26,2025-09-01,170002,144501.7,0.229,60,4782.67,Current,Low,0
L0000305,C000635,B0006,Credit Facility,2026-06-11,2026-06-19,153938,142392.65,0.198,12,14245.24,Current,Low,0
L0000306,C000458,B0035,Personal Loan,2026-02-10,2026-02-17,343288,317541.4,0.247,60,10015.67,Current,Medium,0
L0000307,C001965,B0045,Personal Loan,2026-04-11,2026-04-16,248876,237676.58,0.229,60,7001.64,Current,Low,0
L0000308,C000491,B0047,Business Loan,2026-05-31,2026-06-04,210400,202510.0,0.183,24,10534.55,Current,Medium,0
L0000309,C001163,B0036,Personal Loan,2023-04-23,2023-04-24,59080,5908.0,0.247,24,3144.3,Current,Medium,0
L0000310,C001692,B0053,Personal Loan,2026-03-28,2026-04-03,201743,186612.28,0.247,36,7989.29,Current,Medium,0
L0000311,C001893,B0030,Personal Loan,2025-04-05,2025-04-13,113340,49586.25,0.247,24,6032.08,Current,Medium,0
L0000312,C000084,B0012,Personal Loan,2023-08-05,2023-08-07,227710,78275.31,0.229,48,7285.97,Current,Low,0
L0000313,C001354,B0023,Home Loan,2025-06-29,2025-07-02,1660132,1560524.08,0.1125,180,19130.44,Current,Low,0
L0000314,C001872,B0002,Personal Loan,2026-03-29,2026-03-31,242477,224291.23,0.229,48,7758.47,Current,Low,0
L0000315,C000952,B0010,Home Loan,2026-01-24,2026-01-25,394033,376301.51,0.1575,120,6539.31,Current,High,0
L0000316,C000073,B0034,Personal Loan,2026-05-02,2026-05-07,145422,134515.35,0.229,24,7609.01,Current,Low,0
L0000317,C001831,B0021,Home Loan,2025-12-12,2025-12-19,630550,597446.12,0.1575,120,10464.51,Current,High,0
L0000318,C001755,B0053,Personal Loan,2024-05-22,2024-05-31,258122,25812.2,0.229,24,13505.89,Current,Low,0
L0000319,C001804,B0046,Personal Loan,2025-06-28,2025-07-04,235946,129770.3,0.229,24,12345.56,Current,Low,0
L0000320,C000201,B0047,Credit Facility,2024-10-22,2024-10-27,101070,21477.38,0.216,24,5223.38,Current,Medium,0
L0000321,C000109,B0011,Personal Loan,2024-06-28,2024-06-29,168332,63124.5,0.247,36,6666.17,Current,Medium,0
L0000322,C001394,B0014,Vehicle Finance,2025-11-09,2025-11-19,293637,249591.45,0.139,48,8009.34,Current,Low,0
L0000323,C000026,B0011,Credit Facility,2026-03-20,2026-03-30,72326,61477.1,0.216,24,3737.87,Current,Medium,0
L0000324,C000506,B0024,Personal Loan,2024-10-29,2024-11-01,238324,166826.8,0.229,60,6704.78,Current,Low,0
L0000325,C000381,B0013,Vehicle Finance,2024-06-20,2024-06-21,306184,210501.5,0.139,72,6292.76,Current,Low,0
L0000326,C000224,B0029,Home Loan,2026-04-07,2026-04-15,512891,507120.98,0.1125,240,5381.54,Current,Low,0
L0000327,C000826,B0047,Vehicle Finance,2024-02-19,2024-02-21,517726,330050.32,0.157,72,11145.09,Current,Medium,0
L0000328,C000232,B0001,Credit Facility,2025-10-26,2025-10-31,24658,19109.95,0.216,36,936.61,Current,Medium,0
L0000329,C001427,B0016,Credit Facility,2024-08-31,2024-09-03,44303,4430.3,0.198,12,4099.75,Current,Low,0
L0000330,C001918,B0016,Personal Loan,2026-05-23,2026-05-23,128597,124739.09,0.229,60,3617.83,Current,Low,0
L0000331,C000040,B0027,Credit Facility,2025-11-14,2025-11-14,105336,84268.8,0.198,36,3903.94,Current,Low,0
L0000332,C001440,B0017,Personal Loan,2025-05-16,2025-05-26,213234,138602.1,0.229,36,8243.12,In Arrears,Low,30
L0000333,C000911,B0054,Credit Facility,2024-08-05,2024-08-13,125145,17207.44,0.198,24,6357.13,Current,Low,0
L0000334,C000269,B0049,Personal Loan,2026-05-19,2026-05-26,23482,19959.7,0.229,12,2207.97,Current,Low,0
L0000335,C000546,B0013,Personal Loan,2026-06-20,2026-06-22,226626,218127.52,0.247,24,12061.29,Current,Medium,0
L0000336,C001509,B0051,Personal Loan,2024-06-25,2024-06-29,89945,56215.62,0.229,60,2530.43,Current,Low,0
L0000337,C001212,B0053,Home Loan,2026-05-05,2026-05-14,1079751,1063554.73,0.1125,120,15026.78,In Arrears,Low,60
L0000338,C001009,B0010,Business Loan,2025-10-05,2025-10-08,937276,726388.9,0.183,36,34025.99,Current,Medium,0
L0000339,C000356,B0050,Home Loan,2023-12-24,2024-01-01,1665208,1477872.1,0.1575,240,22855.54,Current,High,0
L0000340,C000625,B0015,Business Loan,2026-03-28,2026-04-02,1163190,1097760.56,0.165,48,33263.76,Current,Low,0
L0000341,C000993,B0038,Vehicle Finance,2026-06-30,2026-07-01,246181,246181.0,0.139,72,5059.57,Current,Low,0
L0000342,C001833,B0037,Vehicle Finance,2024-01-22,2024-02-01,441346,201364.11,0.184,48,13056.97,Current,High,0
L0000343,C000683,B0002,Home Loan,2025-12-23,2025-12-23,1665892,1578432.67,0.1125,120,23184.04,Current,Low,0
L0000344,C001852,B0025,Home Loan,2025-04-07,2025-04-14,1389437,1285229.23,0.1125,180,16011.1,Current,Low,0
L0000345,C000368,B0034,Personal Loan,2024-01-01,2024-01-07,128085,70446.75,0.274,60,3941.8,Current,High,0
L0000346,C001051,B0025,Credit Facility,2026-04-09,2026-04-15,211666,187853.57,0.198,24,10752.24,Current,Low,0
L0000347,C001510,B0043,Home Loan,2025-12-18,2025-12-19,665057,647599.25,0.1305,240,7815.35,Current,Medium,0
L0000348,C000750,B0049,Vehicle Finance,2025-06-11,2025-06-13,203785,170669.94,0.157,72,4386.88,Current,Medium,0
L0000349,C000352,B0008,Personal Loan,2025-01-25,2025-01-25,222408,162357.84,0.229,60,6257.01,Current,Low,0
L0000350,C000245,B0049,Personal Loan,2025-09-29,2025-10-02,248677,164748.51,0.229,24,13011.69,Current,Low,0
L0000351,C001612,B0045,Vehicle Finance,2023-07-26,2023-07-26,144965,66683.9,0.157,60,3502.2,Current,Medium,0
L0000352,C001432,B0032,Personal Loan,2024-10-05,2024-10-06,238249,163200.57,0.247,60,6951.08,Current,Medium,0
L0000353,C000737,B0047,Vehicle Finance,2025-10-28,2025-10-31,339621,282309.96,0.139,48,9263.62,Current,Low,0
L0000354,C000100,B0049,Personal Loan,2024-10-04,2024-10-14,220325,104654.38,0.229,36,8517.24,Current,Low,0
L0000355,C001120,B0055,Personal Loan,2026-05-03,2026-05-06,204415,198282.55,0.229,60,5750.82,Current,Low,0
L0000356,C000147,B0011,Personal Loan,2026-06-04,2026-06-04,198220,193264.5,0.229,36,7662.71,In Arrears,Low,45
L0000357,C001207,B0030,Personal Loan,2025-08-14,2025-08-17,56362,44737.34,0.247,48,1859.38,Current,Medium,0
L0000358,C000068,B0012,Personal Loan,2024-08-15,2024-08-25,310676,42717.95,0.247,24,16534.52,Current,Medium,0
L0000359,C001633,B0008,Credit Facility,2026-02-01,2026-02-05,173819,152091.62,0.198,36,6442.04,Current,Low,0
L0000360,C001076,B0030,Personal Loan,2024-08-15,2024-08-17,337328,143364.4,0.247,36,13358.64,Current,Medium,0
L0000361,C000881,B0020,Home Loan,2025-09-12,2025-09-14,1083955,1043306.69,0.1305,240,12737.98,Current,Medium,0
L0000362,C000886,B0028,Business Loan,2025-10-20,2025-10-26,252770,167460.12,0.165,24,12436.88,Current,Low,0
L0000363,C000210,B0032,Vehicle Finance,2026-05-19,2026-05-29,348907,338439.79,0.157,60,8429.23,Current,Medium,0
L0000364,C000951,B0042,Personal Loan,2025-09-29,2025-10-03,340322,294378.53,0.229,60,9574.29,Current,Low,0
L0000365,C001764,B0002,Business Loan,2025-01-07,2025-01-09,998910,549400.5,0.165,36,35365.79,Current,Low,0
L0000366,C001725,B0056,Vehicle Finance,2025-11-29,2025-11-30,478368,430531.2,0.139,72,9831.53,Current,Low,0
L0000367,C000046,B0012,Home Loan,2026-06-26,2026-07-02,804483,804483.0,0.1125,180,9270.42,Current,Low,0
L0000368,C001831,B0040,Credit Facility,2025-06-09,2025-06-10,92057,62138.48,0.243,36,3626.18,Defaulted,High,90
L0000369,C000768,B0024,Personal Loan,2025-09-10,2025-09-19,78126,66407.1,0.229,60,2197.92,In Arrears,Low,15
L0000370,C001560,B0029,Home Loan,2025-08-25,2025-08-28,954614,875858.34,0.1305,120,14281.58,In Arrears,Medium,30
L0000371,C000106,B0009,Vehicle Finance,2026-05-03,2026-05-07,499511,484525.67,0.157,60,12067.66,Current,Medium,0
L0000372,C001513,B0047,Vehicle Finance,2025-01-24,2025-01-25,93060,67933.8,0.157,60,2248.23,Current,Medium,0
L0000373,C000144,B0005,Credit Facility,2025-03-17,2025-03-21,140264,84158.4,0.198,36,5198.43,Current,Low,0
L0000374,C000329,B0051,Personal Loan,2025-01-01,2025-01-01,108518,10851.8,0.247,12,10298.22,Current,Medium,0
L0000375,C000730,B0004,Personal Loan,2025-10-25,2025-11-03,156522,133043.7,0.229,48,5008.19,Current,Low,0
L0000376,C000220,B0034,Personal Loan,2026-05-14,2026-05-23,13794,13380.18,0.229,60,388.07,Current,Low,0
L0000377,C000671,B0005,Personal Loan,2024-05-18,2024-05-23,69342,6934.2,0.229,24,3628.23,Current,Low,0
L0000378,C001699,B0011,Vehicle Finance,2023-12-05,2023-12-13,612832,256623.4,0.139,48,16715.81,Current,Low,0
L0000379,C001608,B0015,Credit Facility,2025-04-26,2025-04-28,225445,22544.5,0.216,12,21057.01,Current,Medium,0
L0000380,C001751,B0020,Credit Facility,2025-08-16,2025-08-17,222817,161542.32,0.198,36,8257.99,Current,Low,0
L0000381,C001744,B0019,Personal Loan,2026-03-13,2026-03-13,84218,75796.2,0.247,36,3335.14,Current,Medium,0
L0000382,C000541,B0059,Personal Loan,2025-06-02,2025-06-02,156460,125950.3,0.229,60,4401.7,Current,Low,0
L0000383,C000351,B0005,Home Loan,2026-02-10,2026-02-18,2444960,2353274.0,0.1305,120,36578.02,Current,Medium,0
L0000384,C001203,B0025,Personal Loan,2025-11-11,2025-11-17,257912,180538.4,0.229,24,13494.9,Current,Low,0
L0000385,C000365,B0045,Home Loan,2023-07-30,2023-08-09,1266995,934408.81,0.1125,120,17632.64,Current,Low,0
L0000386,C000240,B0006,Personal Loan,2023-10-05,2023-10-11,125553,47867.08,0.229,48,4017.28,In Arrears,Low,15
L0000387,C000578,B0022,Vehicle Finance,2025-10-27,2025-10-31,307856,255905.3,0.139,48,8397.18,Current,Low,0
L0000388,C001308,B0010,Home Loan,2026-02-18,2026-02-26,1693284,1661534.92,0.1125,240,17766.88,Current,Low,0
L0000389,C001852,B0025,Credit Facility,2025-12-02,2025-12-09,36153,17172.67,0.198,12,3345.56,Current,Low,0
L0000390,C000283,B0033,Vehicle Finance,2026-03-30,2026-04-09,335853,320739.61,0.157,60,8113.85,Current,Medium,0
L0000391,C000052,B0042,Credit Facility,2024-08-16,2024-08-22,121218,16667.47,0.243,24,6427.09,Current,High,0
L0000392,C001336,B0048,Personal Loan,2026-05-15,2026-05-21,55650,53563.12,0.274,48,1920.46,Current,High,0
L0000393,C000980,B0028,Business Loan,2024-03-25,2024-04-04,331180,197052.1,0.165,60,8141.9,Current,Low,0
L0000394,C000277,B0055,Home Loan,2026-02-26,2026-03-03,1696719,1662784.62,0.1125,180,19552.05,Current,Low,0
L0000395,C001182,B0060,Personal Loan,2025-10-15,2025-10-17,340937,264226.17,0.247,36,13501.56,Current,Medium,0
L0000396,C000873,B0017,Business Loan,2025-02-13,2025-02-16,1148455,660361.62,0.165,36,40660.34,Current,Low,0
L0000397,C001477,B0035,Personal Loan,2026-04-21,2026-04-26,20294,18010.92,0.229,24,1061.86,Current,Low,0
L0000398,C000579,B0007,Home Loan,2025-03-03,2025-03-09,715207,672294.58,0.1125,240,7504.35,Current,Low,0
L0000399,C000515,B0013,Credit Facility,2026-06-14,2026-06-24,11398,11113.05,0.243,36,448.97,Current,High,0
L0000400,C000727,B0058,Personal Loan,2025-08-28,2025-08-28,155461,112709.22,0.274,36,6380.14,Current,High,0
L0000401,C001966,B0037,Personal Loan,2025-04-04,2025-04-09,251941,195254.27,0.247,60,7350.56,Current,Medium,0
L0000402,C001371,B0023,Personal Loan,2026-06-05,2026-06-09,115847,112950.82,0.229,36,4478.37,In Arrears,Low,15
L0000403,C001254,B0022,Personal Loan,2026-01-10,2026-01-14,173980,95689.0,0.247,12,16510.47,Current,Medium,0
L0000404,C001439,B0013,Vehicle Finance,2025-11-16,2025-11-26,453152,385179.2,0.139,48,12360.33,Current,Low,0
L0000405,C000371,B0014,Personal Loan,2026-05-09,2026-05-09,52968,50981.7,0.229,48,1694.8,Current,Low,0
L0000406,C001626,B0047,Home Loan,2025-05-28,2025-06-07,872846,787743.52,0.1305,120,13058.28,In Arrears,Medium,15
L0000407,C001480,B0007,Vehicle Finance,2025-10-29,2025-11-04,145027,130524.3,0.157,72,3122.0,Current,Medium,0
L0000408,C001214,B0002,Personal Loan,2024-08-23,2024-08-23,229632,150408.96,0.229,60,6460.25,Current,Low,0
L0000409,C001554,B0016,Vehicle Finance,2025-07-12,2025-07-14,209299,171625.18,0.157,60,5056.44,Current,Medium,0
L0000410,C001339,B0002,Personal Loan,2024-10-18,2024-10-25,158009,108236.17,0.274,60,4862.7,Current,High,0
L0000411,C000926,B0051,Vehicle Finance,2025-11-07,2025-11-17,281700,239445.0,0.139,48,7683.74,Current,Low,0
L0000412,C000170,B0034,Credit Facility,2024-01-03,2024-01-10,115402,11540.2,0.198,24,5862.21,Current,Low,0
L0000413,C001723,B0041,Home Loan,2023-11-24,2023-11-24,1974041,1658194.44,0.1575,180,28649.41,Current,High,0
L0000414,C001747,B0005,Personal Loan,2026-05-24,2026-05-28,348797,322637.23,0.229,24,18250.34,In Arrears,Low,15
L0000415,C001943,B0002,Home Loan,2025-02-28,2025-03-03,2030835,1868368.2,0.1575,180,29473.67,In Arrears,High,15
L0000416,C000820,B0017,Vehicle Finance,2026-04-22,2026-04-27,256930,247295.12,0.139,72,5280.48,Current,Low,0
L0000417,C000319,B0009,Personal Loan,2025-03-27,2025-03-28,214382,162930.32,0.247,60,6254.75,Current,Medium,0
L0000418,C001712,B0044,Personal Loan,2025-12-04,2025-12-09,176610,145703.25,0.247,36,6993.99,Current,Medium,0
L0000419,C001385,B0008,Home Loan,2025-07-04,2025-07-08,2340553,2200119.82,0.1575,180,33968.63,In Arrears,High,30
L0000420,C000826,B0008,Vehicle Finance,2022-08-30,2022-09-06,446916,61450.95,0.157,48,12597.16,Current,Medium,0
L0000421,C000915,B0047,Home Loan,2022-07-15,2022-07-21,1630600,1043584.0,0.1125,120,22692.89,Current,Low,0
L0000422,C000844,B0028,Personal Loan,2025-03-09,2025-03-15,87360,34944.0,0.229,24,4571.0,Current,Low,0
L0000423,C000768,B0008,Home Loan,2023-12-11,2023-12-13,1887974,1449020.04,0.1125,120,26274.74,Current,Low,0
L0000424,C001238,B0013,Credit Facility,2023-10-11,2023-10-17,88082,8808.2,0.216,12,8227.03,Current,Medium,0
L0000425,C001901,B0030,Home Loan,2023-07-15,2023-07-17,2027827,1480313.71,0.1125,120,28221.05,Current,Low,0
L0000426,C000689,B0017,Credit Facility,2026-06-13,2026-06-15,241712,235669.2,0.216,36,9181.15,Current,Medium,0
L0000427,C001236,B0038,Personal Loan,2025-02-20,2025-02-28,243035,88100.19,0.229,24,12716.48,Current,Low,0
L0000428,C001921,B0041,Personal Loan,2024-08-24,2024-09-01,101776,59793.4,0.229,48,3256.5,Current,Low,0
L0000429,C001053,B0048,Personal Loan,2024-10-05,2024-10-06,109080,51813.0,0.229,36,4216.77,Current,Low,0
L0000430,C000251,B0040,Personal Loan,2023-09-26,2023-10-05,301206,30120.6,0.229,24,15760.2,Current,Low,0
L0000431,C000542,B0044,Personal Loan,2025-06-04,2025-06-06,19237,15485.78,0.274,60,592.02,Current,High,0
L0000432,C001728,B0041,Vehicle Finance,2023-08-14,2023-08-16,469117,222830.57,0.139,60,10891.23,Current,Low,0
L0000433,C001927,B0019,Personal Loan,2025-07-07,2025-07-08,142178,14217.8,0.247,12,13492.5,In Arrears,Medium,30
L0000434,C000824,B0053,Home Loan,2026-06-18,2026-06-28,840484,834180.37,0.1125,120,11696.93,Current,Low,0
L0000435,C000732,B0016,Personal Loan,2024-05-25,2024-05-30,201228,20122.8,0.229,24,10528.99,Current,Low,0
L0000436,C000217,B0047,Credit Facility,2026-03-03,2026-03-08,154895,131660.75,0.216,24,8005.1,Current,Medium,0
L0000437,C001466,B0020,Personal Loan,2025-07-31,2025-07-31,69860,48902.0,0.229,36,2700.62,Current,Low,0
L0000438,C001429,B0005,Personal Loan,2025-06-18,2025-06-25,128547,97213.67,0.229,48,4113.08,Current,Low,0
L0000439,C000530,B0029,Vehicle Finance,2025-03-18,2025-03-21,363823,291058.4,0.157,72,7832.02,Current,Medium,0
L0000440,C000699,B0022,Personal Loan,2026-06-13,2026-06-13,233739,216208.58,0.229,12,21978.03,Current,Low,0
L0000441,C001886,B0001,Personal Loan,2025-02-28,2025-03-01,145879,102115.3,0.229,48,4667.65,Current,Low,0
L0000442,C001509,B0046,Personal Loan,2024-02-18,2024-02-24,171914,97131.41,0.229,60,4836.46,Current,Low,0
L0000443,C000576,B0060,Vehicle Finance,2025-06-28,2025-06-30,686346,552508.53,0.184,60,17578.37,Current,High,0
L0000444,C000234,B0050,Credit Facility,2026-05-03,2026-05-06,110962,94317.7,0.216,12,10364.07,Current,Medium,0
L0000445,C000374,B0051,Personal Loan,2026-05-30,2026-06-03,273978,253429.65,0.274,12,26360.16,Current,High,0
L0000446,C001717,B0004,Credit Facility,2024-06-02,2024-06-11,153052,15305.2,0.198,24,7774.76,Current,Low,0
L0000447,C000275,B0044,Personal Loan,2025-08-05,2025-08-14,18133,15141.05,0.229,60,510.14,Current,Low,0
L0000448,C001936,B0020,Vehicle Finance,2025-03-26,2025-03-30,681388,517854.88,0.139,60,15819.4,Current,Low,0
L0000449,C001847,B0044,Home Loan,2026-03-28,2026-04-01,1553965,1530655.52,0.1305,180,19712.57,Current,Medium,0
L0000450,C001131,B0055,Personal Loan,2024-03-27,2024-03-27,188076,109084.08,0.229,60,5291.15,Current,Low,0
L0000451,C000350,B0004,Home Loan,2025-12-05,2025-12-05,1026624,990692.16,0.1125,180,11830.25,Current,Low,0
L0000452,C001962,B0021,Personal Loan,2026-05-27,2026-06-04,163398,151143.15,0.247,12,15506.25,In Arrears,Medium,15
L0000453,C001210,B0018,Personal Loan,2024-07-21,2024-07-23,199505,79802.0,0.229,36,7712.39,Current,Low,0
L0000454,C000614,B0038,Personal Loan,2026-04-29,2026-04-30,318681,304340.35,0.247,60,9297.74,Current,Medium,0
L0000455,C001882,B0035,Personal Loan,2025-11-23,2025-11-30,166642,141645.7,0.229,48,5332.0,Current,Low,0
L0000456,C001318,B0048,Home Loan,2026-03-22,2026-04-01,1389553,1373920.53,0.1575,240,19072.08,Current,High,0
L0000457,C001873,B0032,Business Loan,2026-04-29,2026-05-09,980389,943624.41,0.165,48,28036.19,In Arrears,Low,45
L0000458,C000655,B0044,Vehicle Finance,2025-08-23,2025-08-28,581642,461678.34,0.139,48,15865.06,Current,Low,0
L0000459,C000199,B0035,Credit Facility,2025-07-16,2025-07-18,16640,1664.0,0.198,12,1539.85,Current,Low,0
L0000460,C001592,B0049,Personal Loan,2026-06-15,2026-06-24,164469,161385.21,0.247,48,5425.84,Current,Medium,0
L0000461,C001561,B0054,Business Loan,2025-11-03,2025-11-05,835640,668512.0,0.165,36,29585.32,Current,Low,0
L0000462,C001515,B0009,Personal Loan,2024-06-20,2024-06-28,266620,99982.5,0.229,36,10306.89,Current,Low,0
L0000463,C000737,B0025,Personal Loan,2024-08-16,2024-08-21,182931,77745.68,0.229,36,7071.68,Current,Low,0
L0000464,C001311,B0027,Personal Loan,2026-06-12,2026-06-19,193822,190914.67,0.229,60,5452.8,Current,Low,0
L0000465,C001194,B0033,Vehicle Finance,2026-01-03,2026-01-11,386897,343371.09,0.157,48,10905.42,In Arrears,Medium,45
L0000466,C000060,B0003,Personal Loan,2026-04-19,2026-04-23,70303,54484.83,0.247,12,6671.66,Current,Medium,0
L0000467,C001923,B0021,Personal Loan,2025-11-27,2025-11-29,269629,188740.3,0.229,24,14107.98,Defaulted,Low,90
L0000468,C000283,B0011,Personal Loan,2026-01-09,2026-01-16,302317,268306.34,0.247,48,9973.45,Current,Medium,0
L0000469,C001237,B0016,Home Loan,2026-04-09,2026-04-14,1997462,1967500.07,0.1125,180,23017.65,Current,Low,0
L0000470,C001826,B0043,Home Loan,2025-01-04,2025-01-07,1524432,1421532.84,0.1125,240,15995.19,Current,Low,0
L0000471,C001239,B0025,Personal Loan,2026-03-31,2026-04-01,133531,127522.1,0.247,60,3895.86,Current,Medium,0
L0000472,C000303,B0058,Personal Loan,2023-10-12,2023-10-17,204530,77977.06,0.229,48,6544.29,Current,Low,0
L0000473,C000214,B0002,Personal Loan,2025-09-27,2025-10-03,330237,218782.01,0.229,24,17279.21,Current,Low,0
L0000474,C001623,B0034,Personal Loan,2023-08-26,2023-08-26,223273,76750.09,0.229,48,7144.0,Current,Low,0
L0000475,C000226,B0008,Personal Loan,2025-07-18,2025-07-19,52065,42693.3,0.229,60,1464.75,In Arrears,Low,15
L0000476,C000654,B0036,Vehicle Finance,2025-02-14,2025-02-23,512605,349212.16,0.157,48,14448.73,Current,Medium,0
L0000477,C000150,B0035,Personal Loan,2023-09-14,2023-09-20,171968,17196.8,0.274,24,9386.57,Current,High,0
L0000478,C001466,B0027,Personal Loan,2026-06-22,2026-06-25,301306,290007.03,0.229,24,15765.44,Current,Low,0
L0000479,C001786,B0026,Personal Loan,2024-10-15,2024-10-24,97882,46493.95,0.274,36,4017.09,Current,High,0
L0000480,C000235,B0026,Personal Loan,2026-03-17,2026-03-19,230553,216719.82,0.229,60,6486.16,Current,Low,0
L0000481,C001078,B0045,Home Loan,2026-03-07,2026-03-13,1991174,1961306.39,0.1575,240,27329.53,In Arrears,High,60
L0000482,C001610,B0032,Vehicle Finance,2023-07-04,2023-07-07,90025,49513.75,0.139,72,1850.21,Current,Low,0
L0000483,C001264,B0055,Personal Loan,2024-05-20,2024-05-26,208301,20830.1,0.247,24,11086.01,Current,Medium,0
L0000484,C001517,B0042,Personal Loan,2024-12-02,2024-12-10,111832,58711.8,0.229,36,4323.16,In Arrears,Low,45
L0000485,C000595,B0031,Vehicle Finance,2024-11-25,2024-12-03,594419,382657.23,0.157,48,16754.81,Current,Medium,0
L0000486,C000550,B0060,Home Loan,2022-09-16,2022-09-23,1663925,1089870.88,0.1125,120,23156.67,Current,Low,0
L0000487,C000656,B0043,Personal Loan,2026-01-23,2026-01-23,141947,129171.77,0.229,60,3993.4,Current,Low,0
L0000488,C001912,B0048,Personal Loan,2026-04-09,2026-04-17,75722,72314.51,0.247,60,2209.24,Current,Medium,0
L0000489,C001127,B0002,Vehicle Finance,2026-05-08,2026-05-18,506399,491207.03,0.184,60,12969.65,Defaulted,High,90
L0000490,C000275,B0012,Home Loan,2025-03-22,2025-03-26,1487007,1308566.16,0.1125,120,20694.52,Current,Low,0
L0000491,C000356,B0030,Home Loan,2024-02-08,2024-02-08,1235697,1101314.95,0.1575,240,16960.36,Current,High,0
L0000492,C001263,B0042,Personal Loan,2025-05-16,2025-05-18,344415,34441.5,0.229,12,32384.68,Current,Low,0
L0000493,C001708,B0023,Business Loan,2025-06-10,2025-06-17,734534,591299.87,0.165,60,18058.17,Current,Low,0
L0000494,C000480,B0040,Business Loan,2025-09-19,2025-09-22,974478,609048.75,0.183,24,48791.31,Current,Medium,0
L0000495,C001394,B0052,Credit Facility,2026-04-21,2026-04-26,100428,77831.7,0.198,12,9293.49,Current,Low,0
L0000496,C001567,B0015,Vehicle Finance,2026-04-20,2026-04-25,491195,469091.22,0.139,60,11403.8,Current,Low,0
L0000497,C001238,B0029,Personal Loan,2023-09-21,2023-10-01,335282,58674.35,0.247,36,13277.61,Current,Medium,0
L0000498,C000818,B0012,Vehicle Finance,2026-03-19,2026-03-28,149089,141634.55,0.139,72,3064.11,Current,Low,0
L0000499,C001842,B0040,Personal Loan,2024-09-14,2024-09-19,13901,6255.45,0.247,36,550.5,Current,Medium,0
L0000500,C000625,B0036,Home Loan,2025-06-03,2025-06-04,1010650,944957.75,0.1125,180,11646.17,Current,Low,0
L0000501,C000001,B0005,Personal Loan,2026-06-29,2026-06-30,295824,273637.2,0.247,12,28073.31,Current,Medium,0
L0000502,C000986,B0017,Personal Loan,2023-03-15,2023-03-23,177866,17786.6,0.247,12,16879.25,Current,Medium,0
L0000503,C000195,B0026,Vehicle Finance,2025-09-13,2025-09-16,509537,433106.45,0.139,60,11829.64,Current,Low,0
L0000504,C000672,B0040,Credit Facility,2025-07-02,2025-07-08,109252,60088.6,0.198,24,5549.8,Current,Low,0
L0000505,C000425,B0006,Personal Loan,2022-10-27,2022-11-01,40961,13926.74,0.229,60,1152.36,Current,Low,0
L0000506,C000764,B0028,Personal Loan,2025-11-08,2025-11-12,113209,96227.65,0.229,48,3622.32,Current,Low,0
L0000507,C000211,B0017,Personal Loan,2026-01-19,2026-01-20,126973,69835.15,0.229,12,11939.03,Current,Low,0
L0000508,C000099,B0053,Home Loan,2025-08-16,2025-08-25,1780820,1682874.9,0.1125,180,20521.18,Current,Low,0
L0000509,C000549,B0049,Credit Facility,2026-01-04,2026-01-07,68420,58157.0,0.198,36,2535.77,Current,Low,0
L0000510,C000726,B0044,Home Loan,2026-06-13,2026-06-16,2191423,2174987.33,0.1305,120,32784.96,Current,Medium,0
L0000511,C001714,B0012,Home Loan,2025-10-08,2025-10-18,953015,910129.32,0.1305,180,12089.32,Current,Medium,0
L0000512,C001497,B0001,Personal Loan,2026-06-16,2026-06-24,302297,294739.58,0.247,36,11971.36,Current,Medium,0
L0000513,C000726,B0012,Vehicle Finance,2026-06-09,2026-06-10,691144,680776.84,0.157,60,16697.31,In Arrears,Medium,45
L0000514,C000070,B0014,Home Loan,2026-02-11,2026-02-11,2115034,2035720.23,0.1125,120,29434.71,Current,Low,0
L0000515,C001355,B0026,Personal Loan,2025-08-22,2025-08-25,60210,43652.25,0.229,36,2327.58,Current,Low,0
L0000516,C000026,B0006,Vehicle Finance,2026-06-17,2026-06-27,156087,154135.91,0.157,72,3360.09,Current,Medium,0
L0000517,C000744,B0057,Personal Loan,2023-09-21,2023-09-30,120818,43796.52,0.229,48,3865.78,Current,Low,0
L0000518,C000649,B0020,Vehicle Finance,2025-11-25,2025-12-05,682380,592817.62,0.184,48,20187.82,Current,High,0
L0000519,C001665,B0021,Vehicle Finance,2026-04-22,2026-04-25,237429,228525.41,0.157,72,5111.14,Current,Medium,0
L0000520,C001697,B0027,Vehicle Finance,2026-01-04,2026-01-13,316471,287988.61,0.139,60,7347.33,Current,Low,0
L0000521,C001342,B0023,Vehicle Finance,2026-01-06,2026-01-14,589758,536679.78,0.139,60,13692.08,Current,Low,0
L0000522,C000681,B0052,Vehicle Finance,2025-05-06,2025-05-10,425201,335908.79,0.184,60,10890.05,Current,High,0
L0000523,C001419,B0015,Personal Loan,2025-12-03,2025-12-11,256917,229940.71,0.274,60,7906.58,Current,High,0
L0000524,C001686,B0016,Personal Loan,2025-03-15,2025-03-23,7528,752.8,0.229,12,707.84,Current,Low,0
L0000525,C000203,B0020,Vehicle Finance,2026-04-04,2026-04-14,450887,430597.08,0.139,60,10467.99,Current,Low,0
L0000526,C000462,B0029,Vehicle Finance,2025-02-07,2025-02-12,572981,426870.84,0.139,60,13302.58,Current,Low,0
L0000527,C000267,B0032,Personal Loan,2025-08-31,2025-09-04,125049,106291.65,0.229,60,3518.01,Current,Low,0
L0000528,C000677,B0043,Personal Loan,2024-06-02,2024-06-02,226928,22692.8,0.247,24,12077.36,Current,Medium,0
L0000529,C000747,B0026,Vehicle Finance,2025-12-02,2025-12-02,484188,441821.55,0.139,72,9951.14,Current,Low,0
L0000530,C001983,B0009,Business Loan,2026-03-08,2026-03-16,471721,400962.85,0.165,24,23209.78,Current,Low,0
L0000531,C001193,B0004,Personal Loan,2026-03-02,2026-03-11,25049,21291.65,0.247,24,1333.14,Current,Medium,0
L0000532,C000988,B0041,Business Loan,2026-04-23,2026-04-24,498048,442017.6,0.165,24,24505.13,Current,Low,0
L0000533,C001224,B0051,Personal Loan,2026-06-22,2026-06-27,192111,189229.33,0.247,60,5604.97,Current,Medium,0
L0000534,C001792,B0049,Personal Loan,2025-05-20,2025-05-26,192389,91384.77,0.247,24,10239.16,Current,Medium,0
L0000535,C000708,B0037,Personal Loan,2025-04-17,2025-04-22,79070,7907.0,0.274,12,7607.54,In Arrears,High,30
L0000536,C000241,B0034,Vehicle Finance,2024-09-02,2024-09-12,177011,118597.37,0.139,60,4109.57,Current,Low,0
L0000537,C000994,B0056,Personal Loan,2025-07-07,2025-07-13,114784,63131.2,0.229,24,6005.92,Current,Low,0
L0000538,C000688,B0001,Home Loan,2026-01-11,2026-01-19,2384948,2313399.56,0.1125,180,27482.82,Current,Low,0
L0000539,C001639,B0029,Personal Loan,2026-03-16,2026-03-21,288640,202048.0,0.247,12,27391.56,Current,Medium,0
L0000540,C000440,B0060,Business Loan,2026-05-10,2026-05-19,823237,761494.23,0.165,24,40505.2,Current,Low,0
L0000541,C000108,B0043,Vehicle Finance,2026-01-05,2026-01-07,693252,630859.32,0.157,60,16748.24,Current,Medium,0
L0000542,C001440,B0019,Personal Loan,2026-04-20,2026-04-29,330422,256077.05,0.229,12,31068.94,Current,Low,0
L0000543,C001950,B0049,Personal Loan,2024-09-26,2024-10-06,37584,25745.04,0.229,60,1057.35,Current,Low,0
L0000544,C001020,B0030,Vehicle Finance,2026-01-21,2026-01-25,687595,625711.45,0.157,60,16611.57,Current,Medium,0
L0000545,C000997,B0024,Personal Loan,2024-08-18,2024-08-26,50072,21280.6,0.247,36,1982.92,Current,Medium,0
L0000546,C000251,B0051,Home Loan,2024-01-16,2024-01-26,2008003,1556202.32,0.1125,120,27945.17,Current,Low,0
L0000547,C001637,B0014,Vehicle Finance,2024-08-15,2024-08-21,516839,293952.18,0.184,48,15290.39,Current,High,0
L0000548,C000450,B0042,Vehicle Finance,2025-05-22,2025-05-28,112286,82810.93,0.139,48,3062.75,Current,Low,0
L0000549,C001690,B0009,Personal Loan,2026-03-19,2026-03-29,136481,122832.9,0.247,36,5404.83,Current,Medium,0
L0000550,C000644,B0002,Credit Facility,2025-04-29,2025-05-06,243532,158295.8,0.243,36,9592.86,Current,High,0
L0000551,C001060,B0060,Home Loan,2026-06-05,2026-06-08,1623590,1611413.08,0.1125,120,22595.33,Current,Low,0
L0000552,C001667,B0021,Business Loan,2025-05-05,2025-05-15,162260,77073.5,0.165,24,7983.57,Current,Low,0
L0000553,C001783,B0017,Vehicle Finance,2026-04-27,2026-05-04,185276,180644.1,0.157,72,3988.44,Current,Medium,0
L0000554,C001385,B0047,Personal Loan,2026-01-13,2026-01-20,94858,86320.78,0.274,60,2919.24,Current,High,0
L0000555,C000239,B0030,Credit Facility,2026-05-31,2026-06-05,132152,127196.3,0.198,24,6713.08,Current,Low,0
L0000556,C001269,B0047,Vehicle Finance,2026-06-02,2026-06-07,415846,408048.89,0.139,48,11342.76,Current,Low,0
L0000557,C001681,B0040,Vehicle Finance,2026-02-06,2026-02-07,693983,641934.28,0.157,60,16765.9,Current,Medium,0
L0000558,C001294,B0054,Personal Loan,2024-08-01,2024-08-04,248316,105534.3,0.247,36,9833.64,In Arrears,Medium,60
L0000559,C000847,B0048,Personal Loan,2024-12-23,2024-12-29,251754,25175.4,0.247,12,23891.12,Current,Medium,0
L0000560,C001859,B0019,Personal Loan,2022-05-03,2022-05-04,169272,16927.2,0.247,36,6703.4,Current,Medium,0
L0000561,C000152,B0042,Credit Facility,2026-06-16,2026-06-21,49071,47230.84,0.198,24,2492.72,Current,Low,0
L0000562,C001437,B0045,Home Loan,2023-01-27,2023-01-28,2494535,2101645.74,0.1125,240,26174.06,Current,Low,0
L0000563,C001222,B0055,Vehicle Finance,2024-02-25,2024-02-25,465800,212521.25,0.139,48,12705.32,Current,Low,0
L0000564,C001829,B0027,Home Loan,2026-06-04,2026-06-07,1685753,1677324.24,0.1125,180,19425.68,Current,Low,0
L0000565,C001237,B0056,Credit Facility,2025-12-02,2025-12-07,83054,61252.33,0.198,24,4218.99,Current,Low,0
L0000566,C001033,B0059,Credit Facility,2026-06-28,2026-06-30,20766,20246.85,0.198,36,769.62,Current,Low,0
L0000567,C001124,B0016,Credit Facility,2024-01-17,2024-01-23,66096,6609.6,0.243,12,6259.61,In Arrears,High,15
L0000568,C001731,B0044,Home Loan,2025-10-18,2025-10-25,701254,653919.35,0.1125,120,9759.28,Current,Low,0
L0000569,C000169,B0060,Home Loan,2026-05-14,2026-05-22,2116260,2100388.05,0.1125,240,22204.99,Current,Low,0
L0000570,C000144,B0001,Personal Loan,2025-11-30,2025-12-08,132420,97659.75,0.229,24,6928.7,Current,Low,0
L0000571,C000206,B0038,Personal Loan,2025-06-09,2025-06-18,299141,153309.76,0.274,24,16328.08,Current,High,0
L0000572,C001003,B0035,Credit Facility,2026-06-01,2026-06-08,39555,36588.38,0.216,12,3694.52,Current,Medium,0
L0000573,C001142,B0059,Vehicle Finance,2026-01-03,2026-01-13,511772,465712.52,0.139,60,11881.52,Current,Low,0
L0000574,C001017,B0005,Home Loan,2025-04-14,2025-04-19,1529106,1357081.57,0.1125,120,21280.41,Current,Low,0
L0000575,C000252,B0032,Business Loan,2026-05-23,2026-05-30,147530,140153.5,0.165,36,5223.21,Current,Low,0
L0000576,C001709,B0038,Home Loan,2026-04-02,2026-04-07,1725221,1699342.69,0.1125,180,19880.49,Current,Low,0
L0000577,C000956,B0035,Home Loan,2026-04-04,2026-04-12,430776,424314.36,0.1125,180,4964.02,Current,Low,0
L0000578,C001450,B0024,Personal Loan,2026-01-24,2026-01-28,72459,39852.45,0.229,12,6813.18,Current,Low,0
L0000579,C001120,B0046,Personal Loan,2023-08-07,2023-08-11,206156,20615.6,0.229,24,10786.84,Current,Low,0
L0000580,C000366,B0038,Home Loan,2023-11-02,2023-11-04,1216134,1070197.92,0.1575,240,16691.85,Current,High,0
L0000581,C000586,B0008,Business Loan,2026-05-11,2026-05-18,242232,224064.6,0.165,24,11918.38,Current,Low,0
L0000582,C000753,B0048,Personal Loan,2025-06-06,2025-06-09,132370,89349.75,0.247,36,5242.03,Current,Medium,0
L0000583,C001894,B0054,Home Loan,2024-02-14,2024-02-24,714760,637029.85,0.1125,240,7499.66,Current,Low,0
L0000584,C000271,B0013,Personal Loan,2025-05-15,2025-05-22,348252,165419.7,0.229,24,18221.82,Current,Low,0
L0000585,C000674,B0042,Personal Loan,2022-12-20,2022-12-21,262579,50874.68,0.247,48,8662.49,Current,Medium,0
L0000586,C000779,B0003,Vehicle Finance,2025-09-14,2025-09-23,281480,246295.0,0.139,72,5785.04,In Arrears,Low,30
L0000587,C000773,B0022,Credit Facility,2022-09-08,2022-09-16,248000,24800.0,0.198,36,9191.32,Current,Low,0
L0000588,C000311,B0023,Vehicle Finance,2026-03-29,2026-03-29,179660,168880.4,0.139,60,4171.07,Current,Low,0
L0000589,C000353,B0027,Home Loan,2025-10-31,2025-11-05,577280,559961.6,0.1125,240,6057.15,Current,Low,0
L0000590,C000705,B0019,Business Loan,2025-03-26,2025-04-03,687626,429766.25,0.165,36,24344.97,Current,Low,0
L0000591,C001448,B0059,Home Loan,2025-05-13,2025-05-15,1740971,1619103.03,0.1125,180,20061.99,Current,Low,0
L0000592,C001938,B0046,Credit Facility,2026-06-09,2026-06-19,25515,24558.19,0.198,24,1296.11,Current,Low,0
L0000593,C001770,B0045,Personal Loan,2026-04-29,2026-05-04,114963,110651.89,0.229,48,3678.44,Current,Low,0
L0000594,C001161,B0039,Personal Loan,2026-04-22,2026-04-22,285130,272299.15,0.229,60,8021.58,Current,Low,0
L0000595,C001788,B0008,Personal Loan,2026-04-22,2026-04-27,181129,172978.2,0.229,60,5095.71,Current,Low,0
L0000596,C000370,B0028,Home Loan,2026-06-06,2026-06-06,1031635,1026476.82,0.1125,180,11887.99,Current,Low,0
L0000597,C000518,B0037,Personal Loan,2026-03-16,2026-03-24,53584,37508.8,0.229,12,5038.4,Current,Low,0
L0000598,C001994,B0024,Vehicle Finance,2024-04-03,2024-04-06,260763,128751.73,0.139,48,7112.66,Current,Low,0
L0000599,C001558,B0059,Vehicle Finance,2026-05-22,2026-05-24,377309,365989.73,0.139,60,8759.77,Current,Low,0
L0000600,C000394,B0022,Personal Loan,2025-04-10,2025-04-14,216580,167849.5,0.229,60,6093.06,Current,Low,0
L0000601,C000362,B0046,Personal Loan,2024-06-30,2024-07-05,336024,134409.6,0.229,36,12989.89,In Arrears,Low,30
L0000602,C001049,B0026,Personal Loan,2026-04-04,2026-04-14,138619,107429.73,0.247,12,13154.76,Current,Medium,0
L0000603,C001452,B0056,Home Loan,2024-06-07,2024-06-15,429263,389019.59,0.1305,240,5044.44,Current,Medium,0
L0000604,C001460,B0050,Vehicle Finance,2026-03-29,2026-03-30,220331,203806.18,0.139,48,6009.82,Current,Low,0
L0000605,C000365,B0050,Personal Loan,2025-07-25,2025-08-04,295027,173328.36,0.229,24,15436.9,Current,Low,0
L0000606,C001261,B0060,Home Loan,2022-06-24,2022-06-26,1608525,1017392.06,0.1125,120,22385.67,Current,Low,0
L0000607,C001198,B0048,Home Loan,2026-04-13,2026-04-17,650497,643178.91,0.1305,240,7644.25,In Arrears,Medium,30
L0000608,C001466,B0013,Credit Facility,2026-06-13,2026-06-18,234256,225471.4,0.198,24,11899.77,Current,Low,0
L0000609,C001779,B0005,Home Loan,2024-08-03,2024-08-07,2249056,2055074.92,0.1125,240,23598.36,Current,Low,0
L0000610,C000333,B0028,Personal Loan,2025-10-19,2025-10-27,170011,147059.51,0.229,60,4782.93,Current,Low,0
L0000611,C000995,B0031,Vehicle Finance,2025-12-24,2025-12-31,356877,325650.26,0.157,72,7682.49,Current,Medium,0
L0000612,C000500,B0023,Vehicle Finance,2025-08-22,2025-08-27,384401,305118.29,0.157,48,10835.06,Current,Medium,0
L0000613,C001734,B0008,Personal Loan,2026-04-24,2026-04-29,298740,285296.7,0.229,60,8404.47,Current,Low,0
L0000614,C000428,B0045,Personal Loan,2023-08-19,2023-08-26,250076,118786.1,0.274,60,7696.05,Current,High,0
L0000615,C001886,B0038,Personal Loan,2026-04-25,2026-04-25,228750,203015.62,0.229,24,11969.04,Current,Low,0
L0000616,C000124,B0037,Home Loan,2026-03-10,2026-03-18,2124898,2061151.06,0.1305,120,31789.71,Current,Medium,0
L0000617,C000137,B0048,Vehicle Finance,2026-05-05,2026-05-10,517567,502039.99,0.139,60,12016.06,Current,Low,0
L0000618,C000708,B0041,Personal Loan,2025-07-04,2025-07-09,137650,106678.75,0.274,48,4750.26,Current,High,0
L0000619,C001121,B0060,Home Loan,2024-12-15,2024-12-22,1748229,1582147.25,0.1125,180,20145.62,Current,Low,0
L0000620,C000605,B0044,Personal Loan,2025-06-27,2025-07-04,98524,76356.1,0.229,48,3152.44,Current,Low,0
L0000621,C001347,B0003,Business Loan,2025-06-12,2025-06-19,114037,91799.78,0.165,60,2803.55,Current,Low,0
L0000622,C000853,B0050,Vehicle Finance,2024-01-15,2024-01-16,391431,215287.05,0.139,60,9087.63,Current,Low,0
L0000623,C001876,B0033,Personal Loan,2023-10-27,2023-10-27,113976,11397.6,0.247,12,10816.17,Current,Medium,0
L0000624,C000655,B0044,Credit Facility,2025-05-12,2025-05-19,38249,24861.85,0.198,36,1417.58,Current,Low,0
L0000625,C000436,B0019,Home Loan,2024-05-20,2024-05-29,1882579,1699027.55,0.1305,240,22122.93,Current,Medium,0
L0000626,C001092,B0024,Vehicle Finance,2026-06-29,2026-06-30,127274,125364.89,0.184,60,3259.68,In Arrears,High,30
L0000627,C000851,B0009,Personal Loan,2024-02-12,2024-02-19,52441,5244.1,0.229,24,2743.91,Current,Low,0
L0000628,C001292,B0051,Business Loan,2026-06-06,2026-06-09,717542,690634.18,0.165,24,35304.75,Current,Low,0
L0000629,C000377,B0033,Personal Loan,2024-07-18,2024-07-23,298806,119522.4,0.274,36,12263.03,Current,High,0
L0000630,C000251,B0051,Personal Loan,2025-12-26,2026-01-04,272080,241471.0,0.229,48,8705.66,Current,Low,0
L0000631,C001542,B0017,Vehicle Finance,2026-06-24,2026-06-26,414347,408131.79,0.157,60,10010.19,Current,Medium,0
L0000632,C000887,B0040,Personal Loan,2026-04-06,2026-04-09,181781,161330.64,0.229,24,9511.45,Defaulted,Low,90
L0000633,C001834,B0032,Personal Loan,2026-02-28,2026-03-09,211689,148182.3,0.229,12,19904.71,Current,Low,0
L0000634,C000568,B0031,Personal Loan,2025-10-28,2025-11-03,236547,94618.8,0.229,12,22242.06,Current,Low,0
L0000635,C000117,B0054,Business Loan,2024-08-12,2024-08-18,909079,517038.68,0.165,48,25996.94,Current,Low,0
L0000636,C000601,B0004,Personal Loan,2026-05-19,2026-05-29,31563,30616.11,0.247,60,920.87,Current,Medium,0
L0000637,C001738,B0043,Vehicle Finance,2023-07-05,2023-07-14,666151,366383.05,0.139,72,13690.89,Current,Low,0
L0000638,C001031,B0048,Home Loan,2025-12-06,2025-12-09,983957,932299.26,0.1305,120,14720.57,Current,Medium,0
L0000639,C001525,B0027,Business Loan,2026-06-16,2026-06-25,770894,759330.59,0.165,60,18952.06,Current,Low,0
L0000640,C000179,B0044,Business Loan,2026-04-20,2026-04-20,924280,882687.4,0.183,60,23621.74,Current,Medium,0
L0000641,C000567,B0005,Credit Facility,2026-05-30,2026-06-08,11710,11270.88,0.216,24,605.18,Current,Medium,0
L0000642,C001788,B0024,Personal Loan,2026-06-17,2026-06-24,217588,213508.22,0.229,48,6962.1,Current,Low,0
L0000643,C001294,B0054,Personal Loan,2022-08-30,2022-09-04,117059,16095.61,0.247,48,3861.78,Current,Medium,0
L0000644,C000063,B0001,Vehicle Finance,2026-04-10,2026-04-15,511035,488038.42,0.157,60,12346.07,Current,Medium,0
L0000645,C000953,B0020,Personal Loan,2026-05-21,2026-05-31,188637,182977.89,0.229,60,5306.93,Current,Low,0
L0000646,C000111,B0027,Personal Loan,2026-01-14,2026-01-24,327496,253809.4,0.247,24,17429.7,Current,Medium,0
L0000647,C000916,B0048,Credit Facility,2025-03-09,2025-03-16,20712,2071.2,0.216,12,1934.54,Current,Medium,0
L0000648,C001991,B0029,Vehicle Finance,2025-11-01,2025-11-06,456411,410769.9,0.157,72,9825.16,Current,Medium,0
L0000649,C000195,B0002,Home Loan,2026-05-04,2026-05-12,1041287,1025667.69,0.1125,120,14491.48,Current,Low,0
L0000650,C000980,B0055,Personal Loan,2025-03-07,2025-03-08,16049,9629.4,0.229,36,620.42,Current,Low,0
L0000651,C001577,B0005,Personal Loan,2025-04-24,2025-05-04,197307,155872.53,0.247,60,5756.57,Current,Medium,0
L0000652,C001222,B0057,Vehicle Finance,2025-06-01,2025-06-11,205619,165523.29,0.139,60,4773.74,Current,Low,0
L0000653,C001331,B0049,Personal Loan,2026-04-08,2026-04-13,67257,63473.79,0.229,48,2152.0,Current,Low,0
L0000654,C001992,B0020,Business Loan,2025-01-17,2025-01-26,558307,407564.11,0.165,60,13725.71,Current,Low,0
L0000655,C000575,B0022,Personal Loan,2025-06-01,2025-06-08,243285,195844.42,0.229,60,6844.35,Current,Low,0
L0000656,C001683,B0026,Vehicle Finance,2023-12-31,2023-12-31,621257,332372.49,0.139,60,14423.38,Current,Low,0
L0000657,C001794,B0023,Personal Loan,2024-12-18,2024-12-18,78739,56298.39,0.229,60,2215.17,Current,Low,0
L0000658,C000305,B0049,Vehicle Finance,2026-06-01,2026-06-03,215547,212313.79,0.139,60,5004.23,Current,Low,0
L0000659,C001723,B0038,Personal Loan,2025-01-08,2025-01-17,175766,57123.95,0.274,24,9593.87,Current,High,0
L0000660,C001099,B0017,Business Loan,2023-06-10,2023-06-18,760902,76090.2,0.183,24,38097.74,Current,Medium,0
L0000661,C000891,B0007,Personal Loan,2024-12-26,2025-01-03,54245,35937.31,0.229,48,1735.66,Current,Low,0
L0000662,C001999,B0013,Home Loan,2025-09-29,2025-09-30,1124204,1067993.8,0.1125,180,12954.7,Current,Low,0
L0000663,C000157,B0057,Personal Loan,2026-03-09,2026-03-15,154989,143364.83,0.229,48,4959.14,Current,Low,0
L0000664,C000809,B0007,Vehicle Finance,2023-02-12,2023-02-22,571771,278738.36,0.139,72,11751.17,Current,Low,0
L0000665,C001345,B0052,Personal Loan,2025-11-29,2025-12-01,293613,139466.17,0.247,12,27863.49,Current,Medium,0
L0000666,C000578,B0022,Vehicle Finance,2026-04-25,2026-05-02,678873,661901.17,0.139,72,13952.35,Current,Low,0
L0000667,C001463,B0053,Vehicle Finance,2024-06-29,2024-07-04,354647,195055.85,0.139,48,9673.47,Current,Low,0
L0000668,C001735,B0049,Personal Loan,2024-12-14,2024-12-24,294466,210543.19,0.229,60,8284.23,Current,Low,0
L0000669,C000884,B0014,Personal Loan,2024-07-02,2024-07-02,227973,125385.15,0.247,48,7520.84,Current,Medium,0
L0000670,C001765,B0034,Personal Loan,2025-07-29,2025-08-02,320688,267774.48,0.229,60,9021.93,Current,Low,0
L0000671,C000007,B0008,Home Loan,2025-01-11,2025-01-11,872948,755100.02,0.1125,120,12148.73,Current,Low,0
L0000672,C000633,B0021,Vehicle Finance,2024-11-05,2024-11-13,567342,354588.75,0.139,48,15475.01,Current,Low,0
L0000673,C001047,B0042,Home Loan,2023-04-13,2023-04-22,605807,517207.73,0.1575,240,8314.91,Current,High,0
L0000674,C000723,B0011,Credit Facility,2025-06-23,2025-06-26,191562,98175.52,0.198,24,9731.0,Current,Low,0
L0000675,C001312,B0051,Credit Facility,2024-11-11,2024-11-17,234209,23420.9,0.198,12,21673.42,Current,Low,0
L0000676,C001555,B0001,Vehicle Finance,2024-06-05,2024-06-07,674865,358522.03,0.139,48,18407.85,Current,Low,0
L0000677,C000500,B0023,Personal Loan,2025-12-06,2025-12-12,218592,161211.6,0.247,24,11633.71,Current,Medium,0
L0000678,C001675,B0012,Home Loan,2025-10-24,2025-10-26,1315822,1256610.01,0.1305,180,16691.65,Current,Medium,0
L0000679,C001750,B0040,Credit Facility,2025-11-03,2025-11-03,41867,33493.6,0.243,36,1649.16,Current,High,0
L0000680,C000381,B0032,Credit Facility,2024-07-27,2024-08-02,84353,11598.54,0.198,24,4284.98,Current,Low,0
L0000681,C000855,B0050,Personal Loan,2026-05-06,2026-05-15,280367,266348.65,0.274,36,11506.29,Current,High,0
L0000682,C001210,B0015,Personal Loan,2024-10-27,2024-11-02,129574,64787.0,0.229,36,5009.02,Current,Low,0
L0000683,C001910,B0042,Personal Loan,2023-09-16,2023-09-20,133973,13397.3,0.229,12,12597.22,Current,Low,0
L0000684,C001856,B0025,Business Loan,2025-03-09,2025-03-16,527449,369214.3,0.21,48,16332.82,Current,High,0
L0000685,C000658,B0007,Vehicle Finance,2025-07-13,2025-07-17,362619,281029.73,0.139,48,9890.92,Current,Low,0
L0000686,C000358,B0034,Personal Loan,2025-12-12,2025-12-17,117324,105004.98,0.229,60,3300.68,Current,Low,0
L0000687,C000228,B0055,Vehicle Finance,2024-01-27,2024-01-30,348672,152544.0,0.157,48,9827.97,Defaulted,Medium,90
L0000688,C001192,B0009,Personal Loan,2022-11-18,2022-11-24,38698,6772.15,0.247,48,1276.65,Current,Medium,0
L0000689,C001142,B0016,Business Loan,2026-04-28,2026-05-04,1125318,1040919.15,0.165,24,55368.29,Current,Low,0
L0000690,C001620,B0015,Credit Facility,2026-06-26,2026-07-01,142137,142137.0,0.216,24,7345.76,Current,Medium,0
L0000691,C000208,B0015,Vehicle Finance,2022-04-20,2022-04-30,612988,222208.15,0.184,72,14119.87,Current,High,0
L0000692,C001693,B0016,Home Loan,2026-05-23,2026-05-24,1109564,1092920.54,0.1125,120,15441.69,Current,Low,0
L0000693,C000859,B0024,Home Loan,2023-09-16,2023-09-18,886769,736018.27,0.1305,180,11248.97,Current,Medium,0
L0000694,C000478,B0047,Home Loan,2026-01-22,2026-01-25,2018893,1928042.81,0.1305,120,30203.81,Current,Medium,0
L0000695,C001203,B0024,Credit Facility,2025-02-21,2025-03-01,13167,1316.7,0.198,12,1218.46,Current,Low,0
L0000696,C001683,B0001,Credit Facility,2023-02-01,2023-02-09,44374,4437.4,0.198,24,2254.12,Current,Low,0
L0000697,C000898,B0039,Personal Loan,2025-10-05,2025-10-15,245752,190457.8,0.274,36,10085.69,Defaulted,High,90
L0000698,C000263,B0027,Home Loan,2025-08-27,2025-08-30,374429,353835.4,0.1125,180,4314.71,Current,Low,0
L0000699,C001715,B0028,Vehicle Finance,2025-12-18,2025-12-28,146648,131249.96,0.139,60,3404.64,Current,Low,0
L0000700,C001958,B0054,Personal Loan,2024-10-23,2024-11-01,258274,64568.5,0.229,24,13513.84,Current,Low,0
L0000701,C000152,B0042,Home Loan,2026-05-06,2026-05-11,1890703,1862342.46,0.1125,120,26312.71,Current,Low,0
L0000702,C001008,B0044,Vehicle Finance,2023-04-30,2023-04-30,225611,93628.56,0.139,60,5237.88,Current,Low,0
L0000703,C000240,B0026,Home Loan,2026-05-02,2026-05-06,1042489,1032064.11,0.1125,180,12013.07,Current,Low,0
L0000704,C001866,B0053,Credit Facility,2026-06-03,2026-06-09,222138,213807.83,0.216,24,11480.28,Current,Medium,0
L0000705,C001399,B0014,Personal Loan,2024-12-17,2024-12-18,348083,182743.57,0.229,36,13456.06,Current,Low,0
L0000706,C001852,B0025,Personal Loan,2026-05-15,2026-05-25,25885,25108.45,0.229,60,728.22,Current,Low,0
L0000707,C001856,B0024,Home Loan,2024-10-23,2024-10-28,889804,819731.94,0.1575,240,12212.86,Current,High,0
L0000708,C000135,B0025,Personal Loan,2025-11-25,2025-11-30,47150,37720.0,0.229,36,1822.71,Current,Low,0
L0000709,C000018,B0042,Business Loan,2025-09-27,2025-09-30,487632,414487.2,0.165,60,11988.2,Current,Low,0
L0000710,C001943,B0006,Credit Facility,2025-08-31,2025-09-06,218002,136251.25,0.243,24,11558.67,Current,High,0
L0000711,C000132,B0023,Personal Loan,2025-08-25,2025-08-28,284023,166863.51,0.247,24,15116.02,Current,Medium,0
L0000712,C000875,B0029,Personal Loan,2026-06-09,2026-06-11,5422,5286.45,0.247,36,214.72,Current,Medium,0
L0000713,C001972,B0033,Personal Loan,2026-05-28,2026-06-05,49394,48159.15,0.229,36,1909.45,Current,Low,0
L0000714,C000784,B0051,Business Loan,2022-05-28,2022-06-03,394308,104491.62,0.165,60,9693.87,Current,Low,0
L0000715,C000211,B0049,Credit Facility,2025-12-19,2025-12-22,226901,107777.97,0.198,12,20997.15,Current,Low,0
L0000716,C000025,B0042,Vehicle Finance,2024-10-10,2024-10-16,311255,188698.34,0.139,48,8489.9,Current,Low,0
L0000717,C000875,B0026,Credit Facility,2026-04-06,2026-04-15,109672,101446.6,0.216,36,4165.76,Current,Medium,0
L0000718,C001448,B0056,Home Loan,2026-03-10,2026-03-11,1547395,1500973.15,0.1125,120,21534.93,Current,Low,0
L0000719,C001872,B0006,Home Loan,2026-06-20,2026-06-28,1835716,1828832.06,0.1125,240,19261.36,Current,Low,0
L0000720,C000199,B0006,Personal Loan,2025-05-11,2025-05-12,340395,251041.31,0.229,48,10891.52,Current,Low,0
L0000721,C001716,B0029,Vehicle Finance,2026-04-28,2026-04-28,613628,590616.95,0.139,72,12611.42,Current,Low,0
L0000722,C001405,B0027,Vehicle Finance,2026-05-01,2026-05-01,309843,298223.89,0.157,48,8733.5,Current,Medium,0
L0000723,C000436,B0049,Personal Loan,2024-09-17,2024-09-17,326185,32618.5,0.247,12,30954.53,Current,Medium,0
L0000724,C001613,B0021,Personal Loan,2025-05-06,2025-05-11,44178,32581.28,0.229,48,1413.55,Current,Low,0
L0000725,C000691,B0022,Home Loan,2026-05-19,2026-05-23,1716728,1703852.54,0.1125,240,18012.87,Current,Low,0
L0000726,C000053,B0018,Personal Loan,2026-05-20,2026-05-25,84663,80429.85,0.229,36,3272.87,Current,Low,0
L0000727,C000853,B0050,Home Loan,2025-05-08,2025-05-14,2183555,1954281.73,0.1125,120,30388.3,Current,Low,0
L0000728,C001049,B0041,Vehicle Finance,2025-11-11,2025-11-13,86428,77785.2,0.157,72,1860.54,In Arrears,Medium,15
L0000729,C001153,B0028,Vehicle Finance,2024-10-11,2024-10-13,665653,455972.31,0.139,60,15454.09,Current,Low,0
L0000730,C001460,B0003,Business Loan,2026-02-19,2026-02-19,746400,676425.0,0.165,48,21344.81,Current,Low,0
L0000731,C001984,B0028,Personal Loan,2026-04-04,2026-04-05,168369,149427.49,0.229,24,8809.68,Current,Low,0
L0000732,C000908,B0012,Personal Loan,2024-10-16,2024-10-19,297383,180288.44,0.247,48,9810.67,Current,Medium,0
L0000733,C001885,B0009,Vehicle Finance,2024-06-16,2024-06-25,369989,231243.12,0.139,60,8589.83,Current,Low,0
L0000734,C000089,B0030,Personal Loan,2026-05-23,2026-05-26,345569,293733.65,0.229,12,32493.19,Current,Low,0
L0000735,C000482,B0018,Personal Loan,2025-11-26,2025-12-05,240517,114245.57,0.229,12,22615.35,Current,Low,0
L0000736,C001563,B0018,Personal Loan,2025-12-08,2025-12-09,122033,109219.54,0.229,60,3433.16,Current,Low,0
L0000737,C000027,B0022,Home Loan,2022-08-16,2022-08-25,1705624,1405007.77,0.1305,240,20043.46,Current,Medium,0
L0000738,C000914,B0012,Home Loan,2026-04-26,2026-05-06,2085209,2069569.93,0.1305,240,24504.11,Current,Medium,0
L0000739,C001637,B0014,Home Loan,2025-06-21,2025-06-29,797241,758375.5,0.1575,240,10942.4,Current,High,0
L0000740,C001769,B0025,Personal Loan,2024-01-06,2024-01-14,162246,70982.62,0.229,48,5191.34,Current,Low,0
L0000741,C001904,B0042,Home Loan,2026-06-25,2026-07-04,424684,424684.0,0.1305,240,4990.63,Current,Medium,0
L0000742,C000139,B0022,Vehicle Finance,2024-11-26,2024-11-30,496964,372723.0,0.139,72,10213.72,Current,Low,0
L0000743,C001980,B0038,Personal Loan,2026-06-23,2026-06-25,243582,237492.45,0.247,36,9646.17,Defaulted,Medium,90
L0000744,C000622,B0048,Personal Loan,2026-01-01,2026-01-10,238592,211750.4,0.274,48,8233.73,Current,High,0
L0000745,C001748,B0060,Personal Loan,2025-12-23,2025-12-29,294903,217490.96,0.229,24,15430.41,Current,Low,0
L0000746,C001813,B0047,Personal Loan,2026-06-28,2026-07-06,302793,302793.0,0.229,24,15843.24,Current,Low,0
L0000747,C000413,B0007,Personal Loan,2026-04-13,2026-04-14,339563,263161.33,0.247,12,32224.08,Current,Medium,0
L0000748,C000827,B0004,Personal Loan,2025-07-15,2025-07-25,344846,34484.6,0.247,12,32725.43,Current,Medium,0
L0000749,C001035,B0007,Vehicle Finance,2026-06-17,2026-06-27,398366,390896.64,0.139,48,10865.97,Current,Low,0
L0000750,C001824,B0029,Vehicle Finance,2025-07-03,2025-07-10,516153,438730.05,0.139,72,10608.1,Current,Low,0
L0000751,C001690,B0027,Personal Loan,2025-05-28,2025-06-02,314629,161247.36,0.247,24,16744.91,In Arrears,Medium,30
L0000752,C001020,B0030,Home Loan,2026-02-05,2026-02-15,872998,851173.05,0.1305,180,11074.28,Current,Medium,0
L0000753,C001211,B0034,Vehicle Finance,2026-06-03,2026-06-03,322112,317280.32,0.139,60,7478.29,Current,Low,0
L0000754,C001177,B0034,Credit Facility,2023-12-21,2023-12-21,110401,11040.1,0.198,24,5608.17,Current,Low,0
L0000755,C001491,B0053,Home Loan,2025-02-19,2025-02-28,2246552,1960116.62,0.1305,120,33609.72,Current,Medium,0
L0000756,C000030,B0035,Vehicle Finance,2026-06-03,2026-06-05,488516,481188.26,0.139,60,11341.6,Current,Low,0
L0000757,C000142,B0013,Personal Loan,2024-06-24,2024-07-02,95155,38062.0,0.274,36,3905.17,In Arrears,High,30
L0000758,C001507,B0031,Personal Loan,2024-10-22,2024-11-01,70643,17660.75,0.229,24,3696.3,Current,Low,0
L0000759,C001466,B0002,Vehicle Finance,2024-02-21,2024-02-22,628248,400508.1,0.139,72,12911.9,Current,Low,0
L0000760,C000944,B0045,Personal Loan,2026-04-20,2026-04-21,5878,5613.49,0.229,60,165.37,In Arrears,Low,45
L0000761,C001445,B0056,Credit Facility,2024-10-17,2024-10-24,232006,23200.6,0.198,12,21469.56,Current,Low,0
L0000762,C000822,B0044,Personal Loan,2024-05-11,2024-05-19,77927,7792.7,0.247,24,4147.36,Current,Medium,0
L0000763,C000691,B0022,Business Loan,2026-04-27,2026-05-05,492375,455446.88,0.165,24,24226.01,Current,Low,0
L0000764,C001684,B0054,Business Loan,2023-11-14,2023-11-24,1125515,585267.8,0.165,60,27670.25,Current,Low,0
L0000765,C000352,B0047,Home Loan,2025-06-16,2025-06-24,1864292,1743113.02,0.1125,180,21483.07,Current,Low,0
L0000766,C001654,B0023,Home Loan,2026-03-30,2026-04-06,1454830,1422096.32,0.1125,120,20246.72,Current,Low,0
L0000767,C001927,B0044,Credit Facility,2026-03-28,2026-04-04,98745,91339.12,0.216,36,3750.71,Current,Medium,0
L0000768,C000149,B0031,Personal Loan,2026-06-05,2026-06-10,344365,318537.62,0.229,12,32379.98,Current,Low,0
L0000769,C000734,B0057,Credit Facility,2025-12-18,2025-12-19,59615,28317.12,0.198,12,5516.7,Current,Low,0
L0000770,C001949,B0018,Business Loan,2025-08-20,2025-08-28,855513,502613.89,0.21,24,43961.09,Current,High,0
L0000771,C000668,B0007,Credit Facility,2026-05-01,2026-05-09,33932,28842.2,0.216,12,3169.32,Current,Medium,0
L0000772,C000848,B0011,Personal Loan,2024-04-23,2024-05-02,321787,112625.45,0.229,36,12439.52,Current,Low,0
L0000773,C000397,B0034,Credit Facility,2026-05-06,2026-05-07,55895,53100.25,0.198,36,2071.57,Current,Low,0
L0000774,C001738,B0043,Vehicle Finance,2025-07-04,2025-07-14,491215,417532.75,0.139,72,10095.56,Current,Low,0
L0000775,C000023,B0040,Credit Facility,2025-06-02,2025-06-06,97324,9732.4,0.216,12,9090.25,Current,Medium,0
L0000776,C000928,B0009,Personal Loan,2026-06-16,2026-06-19,276005,269104.88,0.229,36,10669.7,Current,Low,0
L0000777,C000116,B0019,Business Loan,2026-01-06,2026-01-07,724764,561692.1,0.183,24,36288.34,Current,Medium,0
L0000778,C001513,B0024,Home Loan,2026-02-08,2026-02-18,1266471,1218978.34,0.1305,120,18947.14,Current,Medium,0
L0000779,C000213,B0017,Credit Facility,2026-01-14,2026-01-20,78153,66430.05,0.216,36,2968.55,In Arrears,Medium,15
L0000780,C001219,B0044,Credit Facility,2024-02-24,2024-03-02,215753,64725.9,0.198,36,7996.19,Current,Low,0
L0000781,C001196,B0025,Personal Loan,2025-09-23,2025-10-02,208856,161863.4,0.229,36,8073.88,Current,Low,0
L0000782,C001513,B0025,Home Loan,2026-01-15,2026-01-24,1077860,1045524.2,0.1305,180,13673.02,Current,Medium,0
L0000783,C001360,B0025,Personal Loan,2022-09-29,2022-10-01,288958,93911.35,0.229,60,8129.27,Defaulted,Low,90
L0000784,C000342,B0038,Personal Loan,2025-02-09,2025-02-16,326711,187858.82,0.274,36,13408.26,Current,High,0
L0000785,C001606,B0011,Business Loan,2024-09-01,2024-09-09,596846,268580.7,0.21,36,22486.21,Current,High,0
L0000786,C000197,B0041,Personal Loan,2024-08-26,2024-08-29,98648,9864.8,0.229,12,9275.68,Current,Low,0
L0000787,C001909,B0032,Home Loan,2026-01-23,2026-01-29,976520,954548.3,0.1125,240,10246.19,Current,Low,0
L0000788,C001790,B0026,Personal Loan,2025-08-18,2025-08-19,244969,42869.58,0.229,12,23033.96,Current,Low,0
L0000789,C001271,B0037,Personal Loan,2024-03-05,2024-03-15,75630,43865.4,0.229,60,2127.7,Current,Low,0
L0000790,C000372,B0014,Personal Loan,2026-04-07,2026-04-11,48987,37964.93,0.229,12,4606.15,Current,Low,0
L0000791,C001691,B0045,Home Loan,2025-11-01,2025-11-05,385011,361910.34,0.1305,120,5759.99,Current,Medium,0
L0000792,C000379,B0032,Home Loan,2026-04-03,2026-04-03,396256,390312.16,0.1305,180,5026.64,Current,Medium,0
L0000793,C000347,B0034,Personal Loan,2026-05-11,2026-05-18,21014,20225.98,0.247,48,693.25,Current,Medium,0
L0000794,C001952,B0047,Business Loan,2025-11-04,2025-11-09,1143683,914946.4,0.183,36,41519.2,Current,Medium,0
L0000795,C000066,B0047,Personal Loan,2026-05-25,2026-06-02,271953,267873.71,0.274,60,8369.31,Current,High,0
L0000796,C000022,B0047,Vehicle Finance,2023-06-14,2023-06-24,680310,365666.63,0.139,72,13981.89,Current,Low,0
L0000797,C000158,B0022,Vehicle Finance,2025-12-27,2025-12-27,608041,544196.7,0.157,60,14689.63,Current,Medium,0
L0000798,C000955,B0034,Credit Facility,2026-06-19,2026-06-19,173594,169254.15,0.216,36,6593.77,Current,Medium,0
L0000799,C001208,B0054,Home Loan,2025-03-16,2025-03-24,392594,369038.36,0.1125,240,4119.32,Current,Low,0
L0000800,C000311,B0049,Personal Loan,2026-04-23,2026-04-28,278741,263061.82,0.229,48,8918.79,Current,Low,0
L0000801,C001721,B0001,Personal Loan,2025-08-08,2025-08-17,164501,28787.68,0.229,12,15467.71,Current,Low,0
L0000802,C000101,B0027,Home Loan,2026-04-28,2026-05-06,1125521,1114265.79,0.1305,180,14277.62,Current,Medium,0
L0000803,C000964,B0024,Personal Loan,2026-06-10,2026-06-13,262218,258284.73,0.229,60,7376.99,Current,Low,0
L0000804,C000226,B0025,Personal Loan,2025-11-12,2025-11-21,331925,292094.0,0.229,60,9338.06,In Arrears,Low,45
L0000805,C000819,B0039,Personal Loan,2024-09-08,2024-09-18,10280,4626.0,0.229,36,397.4,Current,Low,0
L0000806,C001341,B0027,Personal Loan,2026-06-28,2026-07-01,131370,131370.0,0.229,24,6873.76,Current,Low,0
L0000807,C001290,B0001,Personal Loan,2023-12-24,2023-12-31,106909,57196.31,0.229,60,3007.68,Current,Low,0
L0000808,C001443,B0055,Personal Loan,2026-04-10,2026-04-18,65669,50893.47,0.247,12,6231.9,Current,Medium,0
L0000809,C000324,B0026,Home Loan,2026-03-30,2026-04-07,2134383,2110371.19,0.1125,240,22395.14,Current,Low,0
L0000810,C001967,B0010,Home Loan,2026-05-04,2026-05-10,863879,855240.21,0.1125,180,9954.86,Current,Low,0
L0000811,C000968,B0019,Vehicle Finance,2026-03-24,2026-03-25,244118,229470.92,0.139,60,5667.55,Current,Low,0
L0000812,C000117,B0033,Credit Facility,2025-08-20,2025-08-27,236163,138745.76,0.198,24,11996.64,Current,Low,0
L0000813,C000873,B0044,Vehicle Finance,2025-09-23,2025-10-02,508722,451490.77,0.139,72,10455.37,Current,Low,0
L0000814,C000043,B0035,Credit Facility,2025-07-30,2025-08-09,11135,8072.88,0.216,36,422.95,Current,Medium,0
L0000815,C001305,B0010,Credit Facility,2025-10-18,2025-10-20,197486,64182.95,0.198,12,18275.12,Current,Low,0
L0000816,C000510,B0027,Personal Loan,2024-12-19,2024-12-21,282646,202091.89,0.229,60,7951.69,Current,Low,0
L0000817,C000810,B0044,Vehicle Finance,2025-08-27,2025-08-29,562921,485519.36,0.157,72,12118.0,Current,Medium,0
L0000818,C001588,B0040,Personal Loan,2025-12-12,2025-12-17,114450,99428.44,0.247,48,3775.71,Current,Medium,0
L0000819,C000452,B0043,Home Loan,2024-04-03,2024-04-04,891178,710714.45,0.1125,120,12402.43,Current,Low,0
L0000820,C001493,B0048,Personal Loan,2025-11-16,2025-11-18,112642,95745.7,0.229,48,3604.17,Current,Low,0
L0000821,C001284,B0031,Home Loan,2025-07-10,2025-07-12,1384613,1301536.22,0.1575,180,20095.0,In Arrears,High,15
L0000822,C000205,B0056,Credit Facility,2025-12-13,2025-12-14,214253,101770.17,0.198,12,19826.72,Current,Low,0
L0000823,C001617,B0039,Home Loan,2025-06-07,2025-06-15,1772763,1599918.61,0.1125,120,24671.36,Current,Low,0
L0000824,C001194,B0020,Personal Loan,2026-05-17,2026-05-24,206773,175757.05,0.247,12,19622.49,Current,Medium,0
L0000825,C000386,B0022,Vehicle Finance,2026-05-11,2026-05-18,624777,601347.86,0.139,48,17041.63,Current,Low,0
L0000826,C000392,B0014,Business Loan,2025-05-11,2025-05-12,955297,754684.63,0.183,60,24414.44,Current,Medium,0
L0000827,C000067,B0049,Vehicle Finance,2026-04-13,2026-04-16,310040,298413.5,0.139,72,6372.01,Current,Low,0
L0000828,C001834,B0048,Personal Loan,2026-01-04,2026-01-10,97438,75514.45,0.229,24,5098.31,Current,Low,0
L0000829,C000257,B0042,Personal Loan,2024-02-28,2024-02-28,347609,158596.61,0.229,48,11122.34,Current,Low,0
L0000830,C000365,B0045,Personal Loan,2024-12-20,2024-12-26,211562,21156.2,0.229,12,19892.77,Current,Low,0
L0000831,C001034,B0030,Personal Loan,2026-03-19,2026-03-22,197001,185180.94,0.247,60,5747.64,Current,Medium,0
L0000832,C001354,B0023,Personal Loan,2025-01-22,2025-01-28,315154,230062.42,0.229,60,8866.24,In Arrears,Low,30
L0000833,C000709,B0036,Personal Loan,2022-03-29,2022-03-30,218400,21840.0,0.229,24,11427.49,Current,Low,0
L0000834,C000588,B0021,Vehicle Finance,2023-12-01,2023-12-03,343975,184026.62,0.157,60,8310.07,Current,Medium,0
L0000835,C001415,B0023,Personal Loan,2026-06-04,2026-06-13,296675,285549.69,0.274,24,16193.48,Current,High,0
L0000836,C001273,B0060,Vehicle Finance,2025-09-24,2025-09-28,143624,122080.4,0.139,60,3334.44,Current,Low,0
L0000837,C001580,B0018,Personal Loan,2025-08-14,2025-08-16,23069,13553.04,0.229,24,1207.05,Current,Low,0
L0000838,C000929,B0009,Credit Facility,2025-09-29,2025-09-30,140138,87586.25,0.198,24,7118.75,Current,Low,0
L0000839,C000969,B0010,Vehicle Finance,2024-06-06,2024-06-11,565878,300622.69,0.139,48,15435.08,Current,Low,0
L0000840,C000195,B0005,Personal Loan,2025-12-16,2025-12-21,298439,259268.88,0.229,48,9549.07,Current,Low,0
L0000841,C000620,B0013,Vehicle Finance,2024-11-12,2024-11-12,698858,524143.5,0.139,72,14363.09,Current,Low,0
L0000842,C000237,B0023,Home Loan,2024-07-01,2024-07-03,940894,771533.08,0.1125,120,13094.32,Current,Low,0
L0000843,C000439,B0035,Credit Facility,2024-04-21,2024-04-28,214579,21457.9,0.198,12,19856.89,Current,Low,0
L0000844,C001883,B0008,Credit Facility,2025-10-23,2025-10-26,169851,55201.57,0.216,12,15864.42,Current,Medium,0
L0000845,C000044,B0027,Vehicle Finance,2025-09-28,2025-10-06,577726,512731.82,0.139,72,11873.56,Current,Low,0
L0000846,C000998,B0012,Vehicle Finance,2025-04-07,2025-04-09,334499,271780.44,0.139,72,6874.7,Current,Low,0
L0000847,C000126,B0045,Personal Loan,2026-05-24,2026-06-03,267267,257244.49,0.229,24,13984.39,Current,Low,0
L0000848,C000170,B0051,Home Loan,2025-11-13,2025-11-16,1623159,1574464.23,0.1125,240,17031.09,Current,Low,0
L0000849,C000462,B0013,Personal Loan,2024-07-16,2024-07-18,196403,108021.65,0.229,48,6284.25,Current,Low,0
L0000850,C000545,B0019,Vehicle Finance,2026-01-18,2026-01-28,424932,386688.12,0.139,60,9865.41,Current,Low,0
L0000851,C001784,B0032,Personal Loan,2025-06-25,2025-06-26,237844,191464.42,0.229,60,6691.28,Current,Low,0
L0000852,C001235,B0060,Personal Loan,2025-05-14,2025-05-22,174683,137999.57,0.229,60,4914.37,Current,Low,0
L0000853,C000269,B0023,Personal Loan,2025-04-16,2025-04-16,79399,7939.9,0.229,12,7465.73,Current,Low,0
L0000854,C001937,B0060,Personal Loan,2026-06-26,2026-07-06,189388,189388.0,0.229,24,9909.48,Current,Low,0
L0000855,C000928,B0054,Personal Loan,2026-05-11,2026-05-16,142306,136969.52,0.229,48,4553.32,Current,Low,0
L0000856,C000969,B0059,Credit Facility,2023-10-09,2023-10-11,16500,1650.0,0.198,12,1526.89,Current,Low,0
L0000857,C001261,B0031,Personal Loan,2024-07-03,2024-07-09,113086,72375.04,0.229,60,3181.45,Current,Low,0
L0000858,C001211,B0060,Personal Loan,2026-05-25,2026-05-29,162908,150689.9,0.229,24,8523.94,Current,Low,0
L0000859,C001829,B0026,Personal Loan,2026-02-25,2026-02-26,114179,99906.62,0.229,36,4413.89,Defaulted,Low,90
L0000860,C000044,B0041,Personal Loan,2026-01-22,2026-01-30,279504,254348.64,0.229,60,7863.3,Current,Low,0
L0000861,C001066,B0055,Business Loan,2025-04-20,2025-04-20,552964,345602.5,0.183,36,20074.29,Current,Medium,0
L0000862,C001468,B0045,Vehicle Finance,2024-07-31,2024-08-01,393731,280533.34,0.139,72,8092.05,Current,Low,0
L0000863,C000047,B0019,Personal Loan,2024-12-30,2025-01-07,11069,8080.37,0.229,60,311.4,Current,Low,0
L0000864,C001351,B0022,Vehicle Finance,2026-01-10,2026-01-13,188110,166947.62,0.184,48,5565.13,Current,High,0
L0000865,C000153,B0037,Vehicle Finance,2026-01-30,2026-01-30,184469,163716.24,0.157,48,5199.6,Defaulted,Medium,90
L0000866,C001461,B0044,Home Loan,2025-09-16,2025-09-21,1813578,1677559.65,0.1305,120,27132.18,Current,Medium,0
L0000867,C000945,B0034,Personal Loan,2023-03-29,2023-04-03,101630,27313.06,0.229,48,3251.83,Current,Low,0
L0000868,C001948,B0038,Personal Loan,2026-04-21,2026-04-26,340264,263704.6,0.229,12,31994.37,Current,Low,0
L0000869,C001331,B0023,Personal Loan,2026-05-22,2026-05-27,290602,281883.94,0.229,60,8175.52,Current,Low,0
L0000870,C001455,B0056,Vehicle Finance,2025-06-03,2025-06-08,81699,61784.87,0.139,48,2228.45,Current,Low,0
L0000871,C000682,B0040,Credit Facility,2026-02-18,2026-02-21,60803,49402.44,0.198,24,3088.68,Current,Low,0
L0000872,C000692,B0022,Personal Loan,2025-08-22,2025-08-29,288429,209111.02,0.247,36,11422.17,Current,Medium,0
L0000873,C001810,B0022,Home Loan,2026-02-12,2026-02-15,870859,849087.53,0.1125,180,10035.3,Current,Low,0
L0000874,C000333,B0055,Vehicle Finance,2025-10-29,2025-10-31,337405,299446.94,0.139,72,6934.43,Current,Low,0
L0000875,C000590,B0022,Business Loan,2026-04-30,2026-05-04,596270,578381.9,0.183,60,15238.82,Current,Medium,0
L0000876,C001192,B0032,Personal Loan,2024-09-30,2024-10-07,48670,33338.95,0.247,60,1419.98,Current,Medium,0
L0000877,C000847,B0033,Personal Loan,2026-05-27,2026-05-28,293516,278840.2,0.247,36,11623.62,Current,Medium,0
L0000878,C000197,B0009,Vehicle Finance,2026-03-11,2026-03-15,473066,437586.05,0.139,48,12903.51,Current,Low,0
L0000879,C001264,B0031,Home Loan,2026-03-20,2026-03-26,1599614,1551625.58,0.1305,120,23931.15,Current,Medium,0
L0000880,C000707,B0011,Business Loan,2026-06-12,2026-06-22,506316,496822.57,0.165,48,14479.12,Current,Low,0
L0000881,C000493,B0012,Personal Loan,2024-10-08,2024-10-13,172771,118348.14,0.229,60,4860.57,Current,Low,0
L0000882,C000583,B0009,Business Loan,2026-02-18,2026-02-25,698425,611121.88,0.183,36,25354.97,Current,Medium,0
L0000883,C000533,B0057,Personal Loan,2025-06-19,2025-06-27,138642,104848.01,0.229,48,4436.09,Current,Low,0
L0000884,C001318,B0009,Credit Facility,2025-03-13,2025-03-20,85697,8569.7,0.243,12,8115.92,Current,High,0
L0000885,C000872,B0046,Personal Loan,2024-11-14,2024-11-23,307614,30761.4,0.229,12,28924.35,In Arrears,Low,30
L0000886,C001146,B0044,Vehicle Finance,2025-03-29,2025-04-08,654657,470534.72,0.139,48,17856.65,Current,Low,0
L0000887,C001475,B0022,Home Loan,2025-11-23,2025-11-23,1825883,1752847.68,0.1125,180,21040.46,In Arrears,Low,60
L0000888,C000061,B0060,Vehicle Finance,2026-02-11,2026-02-11,262513,242824.53,0.139,60,6094.62,Current,Low,0
L0000889,C000694,B0002,Personal Loan,2026-02-03,2026-02-09,153254,95783.75,0.229,12,14410.18,Current,Low,0
L0000890,C001308,B0059,Vehicle Finance,2026-04-02,2026-04-08,462790,436758.06,0.139,48,12623.22,Current,Low,0
L0000891,C000196,B0041,Credit Facility,2024-11-20,2024-11-24,135735,13573.5,0.216,12,12677.92,Current,Medium,0
L0000892,C001822,B0037,Home Loan,2025-11-14,2025-11-24,1225176,1151665.44,0.1125,120,17050.65,Current,Low,0
L0000893,C000164,B0022,Vehicle Finance,2023-06-29,2023-07-08,630555,346805.25,0.184,72,14524.52,Current,High,0
L0000894,C001473,B0058,Personal Loan,2025-07-23,2025-07-24,186035,144177.12,0.229,48,5952.51,Current,Low,0
L0000895,C000968,B0053,Business Loan,2025-10-06,2025-10-11,1099863,951381.49,0.165,60,27039.61,Current,Low,0
L0000896,C000677,B0007,Personal Loan,2026-01-24,2026-01-29,220849,187721.65,0.247,36,8745.91,Defaulted,Medium,90
L0000897,C000747,B0035,Business Loan,2023-10-12,2023-10-20,468446,236565.23,0.165,60,11516.52,Current,Low,0
L0000898,C001887,B0028,Personal Loan,2026-05-11,2026-05-18,278862,270496.14,0.229,60,7845.24,Current,Low,0
L0000899,C000197,B0037,Personal Loan,2025-05-26,2025-05-30,131253,96799.09,0.229,48,4199.66,Current,Low,0
L0000900,C000319,B0001,Personal Loan,2024-11-20,2024-11-28,291484,182177.5,0.247,48,9616.06,Current,Medium,0
L0000901,C001071,B0054,Credit Facility,2025-11-08,2025-11-16,163011,114107.7,0.216,24,8424.54,Current,Medium,0
L0000902,C001848,B0044,Personal Loan,2023-12-01,2023-12-07,297346,124513.64,0.229,48,9514.09,Current,Low,0
L0000903,C000398,B0009,Vehicle Finance,2026-06-11,2026-06-20,156918,154564.23,0.139,60,3643.08,Current,Low,0
L0000904,C000137,B0011,Business Loan,2026-04-13,2026-04-18,938492,885701.82,0.165,48,26838.07,Current,Low,0
L0000905,C001929,B0017,Vehicle Finance,2026-03-04,2026-03-06,673949,640251.55,0.184,72,15524.08,Current,High,0
L0000906,C001721,B0013,Credit Facility,2025-09-16,2025-09-18,141940,88712.5,0.198,24,7210.29,Current,Low,0
L0000907,C000977,B0051,Personal Loan,2025-08-23,2025-08-25,195984,34297.2,0.229,12,18428.0,Current,Low,0
L0000908,C001462,B0010,Home Loan,2024-11-03,2024-11-03,2340307,1989260.95,0.1305,120,35012.35,Current,Medium,0
L0000909,C000243,B0033,Home Loan,2026-04-14,2026-04-17,374817,369194.74,0.1125,180,4319.18,Current,Low,0
L0000910,C000402,B0016,Home Loan,2024-06-29,2024-06-29,1837731,1608014.62,0.1575,180,26671.13,Current,High,0
L0000911,C000735,B0044,Home Loan,2025-11-13,2025-11-17,2283871,2192516.16,0.1125,180,26318.06,Current,Low,0
L0000912,C000368,B0043,Personal Loan,2024-08-04,2024-08-14,87487,49758.23,0.274,48,3019.15,Current,High,0
L0000913,C001420,B0011,Business Loan,2025-12-07,2025-12-17,652754,567080.04,0.21,48,20212.98,Current,High,0
L0000914,C001759,B0029,Vehicle Finance,2025-11-07,2025-11-14,368630,313335.5,0.184,48,10905.71,In Arrears,High,45
L0000915,C000667,B0009,Personal Loan,2026-06-02,2026-06-12,284856,277734.6,0.229,36,11011.86,Current,Low,0
L0000916,C000991,B0044,Credit Facility,2026-04-02,2026-04-04,200345,177806.19,0.216,24,10354.0,In Arrears,Medium,45
L0000917,C001869,B0034,Home Loan,2026-04-24,2026-04-27,1712922,1687228.17,0.1125,180,19738.76,Current,Low,0
L0000918,C000480,B0021,Personal Loan,2024-08-02,2024-08-09,219649,124925.37,0.247,48,7246.23,Current,Medium,0
L0000919,C000053,B0058,Personal Loan,2026-04-02,2026-04-09,95559,88392.07,0.229,36,3694.08,Current,Low,0
L0000920,C001153,B0057,Personal Loan,2026-05-28,2026-06-02,92852,91111.02,0.229,48,2970.96,Current,Low,0
L0000921,C001132,B0002,Personal Loan,2025-09-15,2025-09-20,17202,13976.62,0.247,48,567.49,Current,Medium,0
L0000922,C000997,B0025,Home Loan,2024-06-29,2024-07-02,1324503,1165562.64,0.1305,180,16801.77,Current,Medium,0
L0000923,C000406,B0025,Business Loan,2024-05-08,2024-05-09,1136469,693246.09,0.183,60,29044.63,Current,Medium,0
L0000924,C000282,B0008,Personal Loan,2025-04-30,2025-05-02,298087,29808.7,0.229,12,28028.54,Current,Low,0
L0000925,C001989,B0056,Home Loan,2025-05-20,2025-05-27,723564,685576.89,0.1125,240,7592.04,Current,Low,0
L0000926,C001293,B0025,Vehicle Finance,2025-06-08,2025-06-12,121022,91522.89,0.139,48,3301.04,Current,Low,0
L0000927,C000287,B0040,Personal Loan,2025-08-27,2025-09-01,122673,99671.81,0.229,48,3925.13,Current,Low,0
L0000928,C000668,B0007,Personal Loan,2026-03-25,2026-03-29,190989,176664.83,0.247,48,6300.73,Current,Medium,0
L0000929,C000082,B0038,Personal Loan,2026-05-19,2026-05-19,57696,55965.12,0.229,60,1623.16,Current,Low,0
L0000930,C001051,B0025,Vehicle Finance,2024-10-23,2024-11-02,159795,99871.88,0.139,48,4358.62,Current,Low,0
L0000931,C001271,B0038,Vehicle Finance,2025-03-28,2025-04-06,608561,494455.81,0.139,72,12507.29,Current,Low,0
L0000932,C001464,B0030,Home Loan,2024-03-06,2024-03-15,2293374,1811765.46,0.1125,120,31916.64,Current,Low,0
L0000933,C000203,B0020,Personal Loan,2026-03-07,2026-03-17,265605,239044.5,0.229,36,10267.66,Current,Low,0
L0000934,C000091,B0053,Vehicle Finance,2024-02-24,2024-02-25,670213,427260.79,0.139,72,13774.37,Current,Low,0
L0000935,C001240,B0060,Credit Facility,2025-12-11,2025-12-11,230280,109383.0,0.216,12,21508.61,Current,Medium,0
L0000936,C001989,B0056,Vehicle Finance,2025-06-17,2025-06-19,381952,319884.8,0.139,72,7849.97,Current,Low,0
L0000937,C000532,B0024,Personal Loan,2026-05-19,2026-05-25,220708,212431.45,0.229,48,7061.93,Current,Low,0
L0000938,C001597,B0034,Vehicle Finance,2025-10-03,2025-10-10,292127,242830.57,0.139,48,7968.16,Current,Low,0
L0000939,C000995,B0051,Personal Loan,2026-01-14,2026-01-16,327120,179916.0,0.247,12,31043.26,Current,Medium,0
L0000940,C000958,B0056,Home Loan,2026-05-11,2026-05-13,2002790,1987769.08,0.1125,240,21014.39,Current,Low,0
L0000941,C000794,B0059,Personal Loan,2023-12-22,2023-12-29,302493,126668.94,0.229,48,9678.78,Current,Low,0
L0000942,C001440,B0023,Business Loan,2025-11-15,2025-11-23,186579,164189.52,0.165,60,4586.96,Current,Low,0
L0000943,C001966,B0035,Personal Loan,2026-03-17,2026-03-20,297141,207998.7,0.247,12,28198.29,Current,Medium,0
L0000944,C000326,B0042,Personal Loan,2026-01-29,2026-01-30,221152,121633.6,0.247,12,20987.03,Current,Medium,0
L0000945,C001555,B0005,Personal Loan,2022-12-15,2022-12-22,86331,16726.63,0.229,48,2762.31,Current,Low,0
L0000946,C001604,B0025,Credit Facility,2023-07-15,2023-07-23,244045,24404.5,0.243,24,12939.5,Current,High,0
L0000947,C000349,B0019,Vehicle Finance,2023-05-24,2023-06-01,605325,185380.78,0.139,48,16511.05,Current,Low,0
L0000948,C001698,B0010,Home Loan,2025-12-26,2025-12-28,1576621,1535234.7,0.1125,240,16542.79,In Arrears,Low,15
L0000949,C000006,B0033,Home Loan,2026-06-29,2026-06-29,1778358,1765020.32,0.1125,120,24749.22,Current,Low,0
L0000950,C000880,B0022,Personal Loan,2024-05-31,2024-06-06,277169,103938.38,0.229,36,10714.69,Current,Low,0
L0000951,C001067,B0026,Business Loan,2022-11-03,2022-11-13,973700,170397.5,0.183,48,28755.3,Current,Medium,0
L0000952,C000468,B0022,Home Loan,2026-06-01,2026-06-08,1537326,1529639.37,0.1125,180,17715.29,Current,Low,0
L0000953,C001290,B0001,Personal Loan,2025-06-29,2025-07-05,299122,231819.55,0.229,48,9570.92,Current,Low,0
L0000954,C000626,B0031,Personal Loan,2026-01-17,2026-01-22,83014,45657.7,0.247,12,7877.92,Current,Medium,0
L0000955,C000042,B0010,Credit Facility,2026-02-13,2026-02-23,120233,105203.88,0.198,36,4456.05,Current,Low,0
L0000956,C000955,B0007,Personal Loan,2026-05-30,2026-06-09,331110,318693.38,0.247,24,17622.04,In Arrears,Medium,45
L0000957,C000403,B0037,Business Loan,2025-06-12,2025-06-13,106188,71676.9,0.165,36,3759.52,Current,Low,0
L0000958,C000213,B0023,Vehicle Finance,2026-01-01,2026-01-11,214818,198706.65,0.157,72,4624.39,Current,Medium,0
L0000959,C001676,B0009,Vehicle Finance,2025-06-08,2025-06-18,94536,71492.85,0.139,48,2578.6,Current,Low,0
L0000960,C000324,B0029,Personal Loan,2023-07-28,2023-08-06,75271,35753.72,0.229,60,2117.6,Current,Low,0
L0000961,C001618,B0038,Vehicle Finance,2024-02-02,2024-02-04,674731,307846.02,0.139,48,18404.19,Current,Low,0
L0000962,C000875,B0004,Home Loan,2026-05-26,2026-05-28,724925,714051.12,0.1305,120,10845.3,Current,Medium,0
L0000963,C001085,B0022,Business Loan,2026-06-04,2026-06-04,734546,707000.53,0.165,24,36141.39,Current,Low,0
L0000964,C000116,B0019,Personal Loan,2025-10-27,2025-11-03,52655,36858.5,0.247,24,2802.36,In Arrears,Medium,60
L0000965,C000099,B0044,Credit Facility,2023-01-04,2023-01-13,191294,19129.4,0.198,12,17702.12,Current,Low,0
L0000966,C001267,B0022,Vehicle Finance,2026-06-14,2026-06-15,344863,340552.21,0.157,72,7423.87,Current,Medium,0
L0000967,C001538,B0023,Personal Loan,2026-06-26,2026-07-04,218493,218493.0,0.229,24,11432.36,Current,Low,0
L0000968,C000141,B0043,Personal Loan,2026-04-06,2026-04-06,165326,157886.33,0.229,60,4651.12,Current,Low,0
L0000969,C001011,B0049,Personal Loan,2026-03-24,2026-03-28,284529,199170.3,0.229,12,26753.71,Current,Low,0
L0000970,C001097,B0057,Vehicle Finance,2025-08-27,2025-08-27,147915,117407.53,0.139,48,4034.58,Current,Low,0
L0000971,C001986,B0019,Business Loan,2025-12-11,2025-12-12,751193,554004.84,0.183,24,37611.61,Current,Medium,0
L0000972,C001880,B0030,Credit Facility,2025-07-31,2025-08-06,70853,41626.14,0.198,24,3599.2,Current,Low,0
L0000973,C000530,B0032,Credit Facility,2025-05-15,2025-05-24,246190,116940.25,0.216,24,12723.3,Current,Medium,0
L0000974,C001945,B0008,Personal Loan,2025-12-28,2026-01-07,315438,287048.58,0.274,60,9707.56,Current,High,0
L0000975,C000037,B0003,Vehicle Finance,2023-06-15,2023-06-25,84668,45509.05,0.139,72,1740.12,Current,Low,0
L0000976,C000519,B0019,Personal Loan,2023-04-19,2023-04-29,50352,5035.2,0.247,24,2679.79,Current,Medium,0
L0000977,C000229,B0012,Home Loan,2025-08-15,2025-08-22,369742,349406.19,0.1575,180,5366.09,Current,High,0
L0000978,C000533,B0046,Home Loan,2025-02-25,2025-03-05,615883,566612.36,0.1125,180,7097.09,Current,Low,0
L0000979,C001644,B0040,Home Loan,2025-03-18,2025-03-21,2332896,2192922.24,0.1125,240,24478.05,Current,Low,0
L0000980,C000212,B0012,Personal Loan,2023-06-04,2023-06-11,21932,2193.2,0.247,12,2081.32,Current,Medium,0
L0000981,C000625,B0018,Credit Facility,2025-02-18,2025-02-28,16811,6093.99,0.198,24,853.97,Current,Low,0
L0000982,C000070,B0018,Personal Loan,2025-10-25,2025-10-26,122436,81113.85,0.229,24,6406.3,Current,Low,0
L0000983,C000093,B0054,Personal Loan,2022-12-30,2023-01-03,50744,5074.4,0.229,24,2655.11,Current,Low,0
L0000984,C000662,B0044,Personal Loan,2024-12-22,2024-12-30,182884,96014.1,0.247,36,7242.45,Current,Medium,0
L0000985,C000635,B0004,Credit Facility,2026-02-13,2026-02-15,205007,128129.38,0.198,12,18971.1,Current,Low,0
L0000986,C001389,B0056,Personal Loan,2024-12-15,2024-12-16,150026,43132.47,0.229,24,7849.91,Current,Low,0
L0000987,C001382,B0027,Home Loan,2023-10-09,2023-10-16,799395,700469.87,0.1125,240,8387.7,Current,Low,0
L0000988,C000423,B0039,Credit Facility,2026-06-08,2026-06-11,39544,38555.4,0.216,36,1502.03,Current,Medium,0
L0000989,C000097,B0043,Personal Loan,2025-10-09,2025-10-13,297084,230240.1,0.229,36,11484.56,Current,Low,0
L0000990,C000027,B0022,Personal Loan,2024-11-01,2024-11-06,284171,28417.1,0.247,12,26967.45,Current,Medium,0
L0000991,C001216,B0032,Personal Loan,2023-10-22,2023-10-30,280318,28031.8,0.229,24,14667.27,Current,Low,0
L0000992,C000020,B0014,Vehicle Finance,2026-01-09,2026-01-09,467986,432887.05,0.157,72,10074.34,Current,Medium,0
L0000993,C000807,B0014,Home Loan,2024-10-18,2024-10-23,696434,586745.65,0.1575,120,11557.91,Current,High,0
L0000994,C001070,B0041,Home Loan,2024-02-15,2024-02-23,490140,436837.27,0.1305,240,5759.83,In Arrears,Medium,15
L0000995,C000460,B0011,Home Loan,2025-10-09,2025-10-11,1356179,1295150.94,0.1125,180,15627.86,Current,Low,0
L0000996,C001034,B0045,Personal Loan,2026-03-25,2026-04-02,178159,164797.08,0.247,36,7055.33,Current,Medium,0
L0000997,C001453,B0007,Vehicle Finance,2025-12-31,2026-01-05,235094,217461.95,0.157,72,5060.87,Current,Medium,0
L0000998,C000611,B0034,Vehicle Finance,2025-11-21,2025-11-24,632917,569625.3,0.184,72,14578.92,Current,High,0
L0000999,C001439,B0002,Personal Loan,2024-11-17,2024-11-18,142830,99981.0,0.229,60,4018.24,Current,Low,0
L0001000,C000856,B0028,Vehicle Finance,2023-07-04,2023-07-07,626023,203457.47,0.139,48,17075.62,Current,Low,0
