TransactionID,AccountID,TransactionDate,TransactionTime,TransactionType,TransactionAmount,Channel,TransactionStatus,MerchantCategory,Province
T000000001,A0003102,2025-02-09,10:31:42,Debit Order,674.73,Card,Successful,N/A,North West
T000000002,A0002210,2026-05-03,06:27:11,Card Purchase,533.52,Branch,Successful,Healthcare,Gauteng
T000000003,A0000835,2026-06-10,09:15:15,Bank Fee,234.79,Card,Successful,N/A,KwaZulu-Natal
T000000004,A0000481,2026-07-29,15:42:35,Deposit,4976.48,POS,Successful,N/A,Mpumalanga
T000000005,A0001614,2026-04-29,15:35:28,Withdrawal,788.38,POS,Successful,N/A,Gauteng
T000000006,A0001308,2026-01-19,20:38:25,Debit Order,412.76,Card,Successful,N/A,Gauteng
T000000007,A0000204,2025-07-28,22:11:37,Card Purchase,366.8,Card,Successful,Entertainment,Limpopo
T000000008,A0000007,2026-02-10,19:12:11,Transfer,603.23,Branch,Successful,N/A,KwaZulu-Natal
T000000009,A0000842,2026-05-30,16:34:51,Bank Fee,6370.1,POS,Successful,N/A,Gauteng
T000000010,A0000704,2026-07-14,08:38:39,Payment,378.74,Mobile App,Successful,Utilities,Gauteng
T000000011,A0002496,2025-12-15,15:39:16,Debit Order,623.03,ATM,Successful,N/A,KwaZulu-Natal
T000000012,A0000467,2026-07-10,08:03:15,Payment,336.17,Mobile App,Successful,Groceries,Gauteng
T000000013,A0002125,2025-06-23,11:47:25,Transfer,193.07,Internet Banking,Failed,N/A,Eastern Cape
T000000014,A0002566,2026-06-19,20:48:31,Deposit,1629.02,Card,Successful,N/A,Gauteng
T000000015,A0002309,2023-08-27,14:33:14,Deposit,791.95,Branch,Failed,N/A,KwaZulu-Natal
T000000016,A0002863,2024-10-08,12:57:20,Card Purchase,1577.22,Card,Successful,Telecoms,KwaZulu-Natal
T000000017,A0002015,2025-11-12,06:00:18,Deposit,4737.24,Branch,Successful,N/A,Gauteng
T000000018,A0001803,2026-07-23,13:44:11,Card Purchase,629.37,Branch,Successful,Education,KwaZulu-Natal
T000000019,A0002749,2026-04-21,18:34:22,Card Purchase,1367.82,Mobile App,Successful,Utilities,Western Cape
T000000020,A0002529,2026-05-23,22:04:08,Transfer,211.11,Card,Successful,N/A,KwaZulu-Natal
T000000021,A0003093,2026-02-12,09:46:04,Card Purchase,599.14,POS,Successful,Fuel,Gauteng
T000000022,A0002033,2025-07-23,08:50:57,Transfer,525.7,Card,Successful,N/A,Gauteng
T000000023,A0002229,2026-06-10,19:29:47,Interest,1810.07,ATM,Successful,N/A,Western Cape
T000000024,A0003097,2025-03-20,08:32:49,Card Purchase,1199.09,Branch,Successful,Groceries,Free State
T000000025,A0001485,2026-01-10,07:09:31,Card Purchase,1432.75,Internet Banking,Successful,Groceries,Eastern Cape
T000000026,A0000065,2026-05-17,14:08:59,Card Purchase,96.72,Card,Successful,Retail,Western Cape
T000000027,A0001813,2026-04-27,16:35:12,Debit Order,218.51,POS,Successful,N/A,Western Cape
T000000028,A0000113,2026-07-20,13:52:52,Transfer,178.55,ATM,Successful,N/A,Gauteng
T000000029,A0001895,2026-01-07,08:10:32,Payment,421.91,Card,Successful,Telecoms,Free State
T000000030,A0002630,2026-04-29,15:58:27,Withdrawal,810.19,ATM,Successful,N/A,Gauteng
T000000031,A0002840,2026-05-24,15:17:18,Transfer,1149.2,Internet Banking,Successful,N/A,Limpopo
T000000032,A0001832,2026-06-12,06:02:59,Card Purchase,217.39,ATM,Successful,Restaurants,Eastern Cape
T000000033,A0002289,2026-06-08,14:43:45,Card Purchase,467.88,Card,Successful,Utilities,Western Cape
T000000034,A0002841,2026-06-25,12:36:28,Deposit,550.58,Card,Successful,N/A,Gauteng
T000000035,A0002100,2026-04-10,08:30:41,Card Purchase,1149.38,Internet Banking,Successful,Utilities,Western Cape
T000000036,A0001283,2026-05-25,11:20:22,Transfer,3249.13,Card,Successful,N/A,KwaZulu-Natal
T000000037,A0001217,2026-07-29,19:51:02,Card Purchase,2201.5,Card,Successful,Other,KwaZulu-Natal
T000000038,A0000866,2025-02-15,15:26:39,Debit Order,439.52,Mobile App,Successful,N/A,Gauteng
T000000039,A0002797,2025-05-26,15:40:49,Card Purchase,135.39,Card,Successful,Education,Eastern Cape
T000000040,A0001040,2025-12-01,21:59:36,Deposit,3317.14,ATM,Successful,N/A,Gauteng
T000000041,A0001782,2023-12-21,21:07:33,Card Purchase,1258.42,POS,Successful,Other,Western Cape
T000000042,A0002716,2026-04-12,11:24:40,Debit Order,772.71,Branch,Successful,N/A,Limpopo
T000000043,A0001866,2024-12-16,21:46:10,Withdrawal,1136.7,Card,Successful,N/A,Western Cape
T000000044,A0000576,2026-03-19,10:02:01,Transfer,166.64,Card,Successful,N/A,Western Cape
T000000045,A0000331,2026-07-08,16:10:03,Card Purchase,2666.84,Mobile App,Successful,Healthcare,Gauteng
T000000046,A0000036,2025-11-16,14:42:35,Card Purchase,429.46,Mobile App,Successful,Other,Gauteng
T000000047,A0000492,2026-03-26,22:22:35,Payment,502.97,Card,Successful,Travel,KwaZulu-Natal
T000000048,A0003189,2026-07-31,18:48:28,Transfer,3177.65,Mobile App,Successful,N/A,Western Cape
T000000049,A0003186,2025-10-07,08:15:56,Card Purchase,541.05,Mobile App,Successful,Education,KwaZulu-Natal
T000000050,A0002609,2026-02-19,10:51:22,Debit Order,705.87,Card,Successful,N/A,Eastern Cape
T000000051,A0001032,2026-02-28,13:45:37,Card Purchase,623.67,Branch,Successful,Fuel,Gauteng
T000000052,A0000611,2025-12-04,20:27:10,Card Purchase,1421.28,POS,Successful,Fuel,Western Cape
T000000053,A0001046,2024-08-21,16:41:26,Transfer,417.61,Mobile App,Successful,N/A,Gauteng
T000000054,A0002369,2026-07-17,17:30:18,Debit Order,664.42,POS,Successful,N/A,Free State
T000000055,A0002285,2026-07-14,22:52:12,Payment,681.4,ATM,Successful,Groceries,Free State
T000000056,A0000205,2026-06-06,15:12:26,Debit Order,1354.44,POS,Successful,N/A,KwaZulu-Natal
T000000057,A0001958,2026-03-21,16:23:50,Transfer,658.9,Mobile App,Successful,N/A,Gauteng
T000000058,A0003185,2025-11-08,13:45:29,Payment,1252.52,Card,Successful,Restaurants,Gauteng
T000000059,A0000597,2026-07-22,11:51:33,Card Purchase,16416.03,Mobile App,Successful,Groceries,Mpumalanga
T000000060,A0001237,2025-07-31,19:53:03,Deposit,19794.57,Mobile App,Successful,N/A,Mpumalanga
T000000061,A0000092,2025-10-31,15:48:26,Transfer,2361.21,POS,Successful,N/A,KwaZulu-Natal
T000000062,A0001065,2025-08-20,09:38:28,Card Purchase,116.14,POS,Successful,Utilities,Eastern Cape
T000000063,A0000775,2024-09-21,18:50:08,Card Purchase,937.46,Branch,Successful,Fuel,Western Cape
T000000064,A0001675,2026-01-19,15:12:41,Card Purchase,235.48,POS,Successful,Utilities,Gauteng
T000000065,A0002529,2026-02-08,11:21:30,Deposit,3212.71,Mobile App,Successful,N/A,KwaZulu-Natal
T000000066,A0000033,2026-07-28,21:05:28,Payment,241.09,POS,Successful,Groceries,Northern Cape
T000000067,A0002182,2026-06-18,18:48:15,Deposit,1464.72,POS,Successful,N/A,Western Cape
T000000068,A0002521,2026-07-27,18:13:43,Debit Order,230.07,Mobile App,Successful,N/A,KwaZulu-Natal
T000000069,A0000884,2026-05-28,22:40:49,Card Purchase,1594.85,Card,Successful,Groceries,KwaZulu-Natal
T000000070,A0000316,2026-07-30,21:18:57,Withdrawal,255.29,Internet Banking,Successful,N/A,KwaZulu-Natal
T000000071,A0000541,2025-10-31,20:20:33,Bank Fee,610.47,Mobile App,Successful,N/A,KwaZulu-Natal
T000000072,A0002151,2026-06-19,13:18:51,Card Purchase,3260.83,Mobile App,Successful,Retail,Gauteng
T000000073,A0002302,2026-05-26,17:17:20,Transfer,1113.01,Mobile App,Successful,N/A,Western Cape
T000000074,A0002096,2025-12-09,18:34:19,Card Purchase,489.26,POS,Successful,Fuel,Mpumalanga
T000000075,A0003077,2025-09-16,15:30:34,Card Purchase,261.57,ATM,Successful,Utilities,Gauteng
T000000076,A0000346,2026-07-04,22:54:24,Withdrawal,252.58,Card,Successful,N/A,KwaZulu-Natal
T000000077,A0000845,2026-06-02,11:59:21,Payment,1003.27,Card,Successful,Entertainment,Gauteng
T000000078,A0003079,2026-06-28,21:08:10,Card Purchase,2956.87,Card,Successful,Restaurants,Gauteng
T000000079,A0001040,2026-06-12,13:53:05,Debit Order,2093.21,Mobile App,Successful,N/A,Gauteng
T000000080,A0000624,2024-08-27,22:08:11,Card Purchase,348.27,ATM,Failed,Restaurants,KwaZulu-Natal
T000000081,A0002675,2026-07-20,06:41:37,Card Purchase,803.24,POS,Successful,Utilities,Western Cape
T000000082,A0001920,2025-12-01,15:10:38,Transfer,532.89,ATM,Successful,N/A,Limpopo
T000000083,A0000400,2026-07-26,16:31:28,Card Purchase,655.54,Mobile App,Successful,Retail,Western Cape
T000000084,A0001180,2026-07-04,22:44:09,Transfer,148.16,Mobile App,Successful,N/A,North West
T000000085,A0002554,2026-01-10,11:25:38,Card Purchase,5758.42,POS,Successful,Retail,Gauteng
T000000086,A0000206,2026-06-03,10:41:46,Deposit,3670.74,ATM,Successful,N/A,Gauteng
T000000087,A0001077,2026-01-20,09:58:00,Transfer,4449.92,POS,Successful,N/A,KwaZulu-Natal
T000000088,A0002411,2024-09-27,21:56:50,Transfer,734.76,POS,Successful,N/A,Gauteng
T000000089,A0001954,2026-07-25,15:13:19,Deposit,5009.35,Card,Successful,N/A,Eastern Cape
T000000090,A0001537,2025-12-11,22:55:23,Deposit,3373.5,POS,Successful,N/A,Gauteng
T000000091,A0000347,2025-07-14,21:35:35,Card Purchase,741.31,Mobile App,Successful,Healthcare,Gauteng
T000000092,A0002587,2025-11-21,09:00:10,Deposit,8954.1,ATM,Successful,N/A,Western Cape
T000000093,A0000389,2026-06-14,10:13:48,Card Purchase,300.05,Card,Successful,Telecoms,KwaZulu-Natal
T000000094,A0002781,2023-09-21,06:08:07,Payment,685.42,Internet Banking,Successful,Utilities,Gauteng
T000000095,A0001012,2026-02-07,16:41:15,Withdrawal,394.94,POS,Successful,N/A,Gauteng
T000000096,A0002903,2025-10-21,22:59:46,Payment,95.26,POS,Successful,Travel,Limpopo
T000000097,A0001928,2025-06-21,20:34:21,Transfer,169.43,POS,Successful,N/A,Gauteng
T000000098,A0000363,2026-03-10,21:10:08,Payment,837.38,Mobile App,Successful,Utilities,Western Cape
T000000099,A0002771,2026-07-30,09:35:40,Payment,1668.31,POS,Successful,Travel,KwaZulu-Natal
T000000100,A0000864,2025-11-17,20:44:21,Transfer,624.86,POS,Successful,N/A,Western Cape
T000000101,A0001597,2025-08-24,15:47:17,Transfer,439.09,Mobile App,Successful,N/A,Western Cape
T000000102,A0000094,2026-05-17,08:09:13,Debit Order,284.82,Mobile App,Successful,N/A,Eastern Cape
T000000103,A0002101,2026-07-31,20:19:12,Transfer,1741.1,Card,Successful,N/A,Gauteng
T000000104,A0003135,2025-05-07,09:07:07,Card Purchase,2057.76,ATM,Successful,Restaurants,Gauteng
T000000105,A0000866,2026-04-27,15:37:23,Transfer,468.79,Internet Banking,Successful,N/A,Gauteng
T000000106,A0002476,2025-11-23,22:02:04,Withdrawal,440.79,ATM,Successful,N/A,KwaZulu-Natal
T000000107,A0000596,2026-07-07,10:29:35,Interest,366.88,Branch,Successful,N/A,Eastern Cape
T000000108,A0002828,2023-10-17,15:31:49,Withdrawal,457.35,Mobile App,Successful,N/A,Western Cape
T000000109,A0001678,2025-12-31,12:08:58,Transfer,1828.61,Card,Successful,N/A,KwaZulu-Natal
T000000110,A0001602,2025-10-08,06:43:11,Card Purchase,1602.95,Branch,Successful,Telecoms,Limpopo
T000000111,A0002391,2025-12-05,18:10:54,Transfer,677.5,Mobile App,Successful,N/A,Western Cape
T000000112,A0002218,2026-06-29,10:20:59,Card Purchase,1005.36,Mobile App,Successful,Groceries,Limpopo
T000000113,A0002287,2026-06-11,12:03:27,Debit Order,1429.98,Mobile App,Successful,N/A,Free State
T000000114,A0000064,2026-07-27,15:58:21,Payment,454.96,POS,Successful,Restaurants,North West
T000000115,A0000448,2025-08-10,08:15:48,Payment,684.12,ATM,Successful,Telecoms,Gauteng
T000000116,A0001139,2025-01-13,12:56:24,Payment,199.61,Internet Banking,Successful,Restaurants,Western Cape
T000000117,A0001009,2025-09-04,19:11:03,Debit Order,255.05,Card,Successful,N/A,Limpopo
T000000118,A0002916,2024-10-30,06:36:12,Payment,162.14,ATM,Successful,Telecoms,Gauteng
T000000119,A0003126,2026-06-13,10:47:55,Transfer,1107.7,POS,Successful,N/A,Gauteng
T000000120,A0002809,2025-12-17,15:01:31,Card Purchase,105.66,Card,Successful,Other,Mpumalanga
T000000121,A0002086,2026-07-31,10:13:26,Payment,885.07,Internet Banking,Failed,Entertainment,Gauteng
T000000122,A0001828,2026-07-24,16:37:40,Card Purchase,310.11,Card,Successful,Groceries,Mpumalanga
T000000123,A0002590,2026-07-03,11:52:43,Card Purchase,1705.25,Card,Successful,Telecoms,Western Cape
T000000124,A0002670,2026-03-31,11:08:37,Withdrawal,2296.57,POS,Successful,N/A,Western Cape
T000000125,A0000051,2026-05-05,21:49:12,Deposit,2136.83,Internet Banking,Successful,N/A,Gauteng
T000000126,A0002725,2026-03-28,09:19:07,Withdrawal,761.81,Internet Banking,Successful,N/A,KwaZulu-Natal
T000000127,A0001475,2026-07-22,13:34:44,Card Purchase,196.88,Mobile App,Successful,Groceries,KwaZulu-Natal
T000000128,A0001425,2026-06-19,10:12:24,Card Purchase,770.42,ATM,Successful,Utilities,Gauteng
T000000129,A0003114,2026-07-09,20:44:01,Bank Fee,1370.15,Mobile App,Successful,N/A,Limpopo
T000000130,A0001661,2024-09-10,09:10:02,Withdrawal,686.81,Mobile App,Successful,N/A,Western Cape
T000000131,A0001359,2026-02-11,19:45:28,Transfer,544.75,Card,Successful,N/A,Gauteng
T000000132,A0002619,2026-05-09,17:52:34,Debit Order,624.77,POS,Successful,N/A,Gauteng
T000000133,A0000189,2026-04-09,16:25:16,Card Purchase,819.62,Mobile App,Successful,Fuel,North West
T000000134,A0001021,2026-07-29,22:14:15,Transfer,121.87,Branch,Successful,N/A,Western Cape
T000000135,A0000492,2025-11-03,10:17:50,Transfer,1059.73,Card,Successful,N/A,KwaZulu-Natal
T000000136,A0001020,2026-07-22,09:43:08,Card Purchase,768.74,Mobile App,Successful,Other,KwaZulu-Natal
T000000137,A0002277,2025-11-02,12:00:24,Card Purchase,120.4,Card,Successful,Healthcare,Gauteng
T000000138,A0000311,2026-07-05,18:52:42,Transfer,493.96,POS,Successful,N/A,Western Cape
T000000139,A0000682,2026-07-05,13:38:41,Card Purchase,128.9,Card,Successful,Fuel,Western Cape
T000000140,A0002838,2026-05-24,14:02:02,Transfer,342.36,POS,Successful,N/A,Gauteng
T000000141,A0000319,2024-11-01,21:16:50,Debit Order,249.5,Card,Successful,N/A,Free State
T000000142,A0001494,2024-05-23,07:41:06,Bank Fee,313.49,Branch,Successful,N/A,Gauteng
T000000143,A0000043,2026-01-01,15:00:54,Card Purchase,673.37,Branch,Successful,Utilities,Gauteng
T000000144,A0000169,2026-07-31,10:45:47,Card Purchase,1326.66,Card,Successful,Entertainment,Mpumalanga
T000000145,A0001608,2026-01-29,12:52:12,Card Purchase,3940.08,Mobile App,Successful,Restaurants,Eastern Cape
T000000146,A0001260,2025-08-15,11:22:56,Card Purchase,1480.99,POS,Successful,Restaurants,Gauteng
T000000147,A0002308,2026-02-28,06:36:42,Card Purchase,9269.64,Mobile App,Successful,Other,Western Cape
T000000148,A0000575,2025-10-02,14:22:59,Payment,122.57,Mobile App,Successful,Travel,Gauteng
T000000149,A0001505,2026-01-23,15:45:31,Card Purchase,479.05,POS,Successful,Telecoms,Western Cape
T000000150,A0002089,2026-06-07,07:29:54,Interest,295.27,Mobile App,Successful,N/A,Mpumalanga
T000000151,A0001480,2026-07-03,15:51:04,Withdrawal,1214.83,ATM,Successful,N/A,Eastern Cape
T000000152,A0000255,2023-09-18,16:40:42,Payment,262.83,Internet Banking,Successful,Fuel,Mpumalanga
T000000153,A0000534,2026-01-22,09:51:57,Interest,2422.44,Card,Successful,N/A,Limpopo
T000000154,A0002649,2026-06-18,22:52:46,Bank Fee,204.5,Internet Banking,Successful,N/A,Mpumalanga
T000000155,A0002457,2026-07-15,20:56:13,Card Purchase,786.53,Card,Successful,Restaurants,Limpopo
T000000156,A0000136,2026-05-20,09:53:53,Card Purchase,390.79,Branch,Successful,Travel,Mpumalanga
T000000157,A0003017,2024-11-20,13:42:49,Card Purchase,222.03,Internet Banking,Successful,Telecoms,Western Cape
T000000158,A0002251,2026-04-16,13:28:15,Deposit,4145.2,Mobile App,Successful,N/A,Western Cape
T000000159,A0002716,2026-03-23,20:48:21,Payment,980.13,Card,Successful,Travel,Limpopo
T000000160,A0001801,2026-05-26,21:37:36,Payment,1394.24,Mobile App,Successful,Other,Western Cape
T000000161,A0002355,2025-06-26,21:35:24,Card Purchase,334.81,Card,Successful,Groceries,Gauteng
T000000162,A0000694,2026-03-21,06:53:00,Withdrawal,1408.2,Mobile App,Successful,N/A,Gauteng
T000000163,A0001589,2026-05-31,14:43:41,Debit Order,2043.43,POS,Successful,N/A,Gauteng
T000000164,A0000412,2026-06-01,20:24:47,Transfer,733.86,Card,Successful,N/A,Northern Cape
T000000165,A0000019,2024-07-30,20:18:48,Debit Order,366.43,Mobile App,Successful,N/A,Gauteng
T000000166,A0002858,2026-06-29,19:03:32,Interest,593.67,Card,Successful,N/A,Gauteng
T000000167,A0000463,2026-07-02,09:31:55,Card Purchase,767.1,Card,Successful,Education,Free State
T000000168,A0001830,2025-08-22,17:16:15,Card Purchase,478.06,Internet Banking,Successful,Groceries,Gauteng
T000000169,A0003096,2026-07-27,22:11:33,Transfer,691.98,Internet Banking,Successful,N/A,Free State
T000000170,A0000006,2025-07-21,13:23:02,Transfer,2066.52,ATM,Successful,N/A,Gauteng
T000000171,A0000651,2026-04-11,14:34:55,Transfer,1263.72,Mobile App,Successful,N/A,Western Cape
T000000172,A0001552,2026-07-16,17:00:34,Deposit,3183.47,Internet Banking,Successful,N/A,Eastern Cape
T000000173,A0002470,2026-07-15,21:43:51,Interest,1387.09,Card,Failed,N/A,Free State
T000000174,A0000884,2026-07-17,06:05:31,Card Purchase,354.78,ATM,Successful,Travel,KwaZulu-Natal
T000000175,A0003085,2025-02-09,15:39:32,Transfer,2187.81,Card,Successful,N/A,Gauteng
T000000176,A0001053,2024-12-18,14:12:29,Transfer,3475.31,ATM,Successful,N/A,Western Cape
T000000177,A0001381,2025-06-13,16:27:50,Card Purchase,2190.57,ATM,Successful,Restaurants,Gauteng
T000000178,A0001260,2025-08-19,07:50:40,Card Purchase,465.82,Card,Successful,Healthcare,Gauteng
T000000179,A0000482,2025-05-03,18:01:01,Transfer,6195.21,Branch,Successful,N/A,Free State
T000000180,A0003104,2026-06-28,08:23:31,Card Purchase,463.72,Card,Successful,Other,Gauteng
T000000181,A0001912,2026-04-24,07:12:07,Debit Order,292.35,Mobile App,Successful,N/A,KwaZulu-Natal
T000000182,A0002826,2026-07-24,22:44:00,Transfer,461.57,Mobile App,Successful,N/A,Gauteng
T000000183,A0000504,2026-06-08,18:29:03,Payment,292.77,Internet Banking,Successful,Travel,Eastern Cape
T000000184,A0000673,2025-07-17,07:06:26,Card Purchase,159.81,Card,Successful,Entertainment,Gauteng
T000000185,A0000509,2026-06-04,19:36:22,Bank Fee,1010.42,Mobile App,Successful,N/A,North West
T000000186,A0001484,2026-07-26,18:45:19,Card Purchase,1147.55,Card,Failed,Education,Eastern Cape
T000000187,A0001693,2026-06-28,12:11:03,Payment,490.97,Mobile App,Successful,Entertainment,Free State
T000000188,A0002490,2026-07-27,20:59:54,Card Purchase,1809.8,Internet Banking,Successful,Education,KwaZulu-Natal
T000000189,A0001622,2026-07-28,08:33:15,Card Purchase,954.39,POS,Successful,Restaurants,Northern Cape
T000000190,A0000104,2026-05-05,13:56:07,Card Purchase,155.21,Card,Successful,Other,KwaZulu-Natal
T000000191,A0000328,2025-07-02,21:24:42,Interest,574.39,ATM,Successful,N/A,North West
T000000192,A0001090,2026-03-11,21:31:12,Transfer,2202.6,POS,Successful,N/A,Gauteng
T000000193,A0000738,2026-07-21,17:23:04,Card Purchase,1360.06,POS,Successful,Telecoms,KwaZulu-Natal
T000000194,A0001849,2026-07-28,09:16:32,Debit Order,1605.25,Mobile App,Successful,N/A,Free State
T000000195,A0000847,2026-03-30,11:28:23,Card Purchase,427.52,Card,Successful,Retail,Western Cape
T000000196,A0001095,2026-07-29,18:54:50,Payment,563.96,Mobile App,Successful,Telecoms,Western Cape
T000000197,A0003152,2026-01-05,12:38:36,Card Purchase,214.07,Internet Banking,Successful,Travel,KwaZulu-Natal
T000000198,A0001024,2026-07-30,19:07:59,Transfer,1781.62,Mobile App,Successful,N/A,Western Cape
T000000199,A0002009,2026-05-16,11:31:20,Withdrawal,2344.82,Mobile App,Successful,N/A,KwaZulu-Natal
T000000200,A0002089,2026-05-03,22:48:05,Withdrawal,1033.96,POS,Successful,N/A,Mpumalanga
T000000201,A0002118,2026-07-13,22:30:17,Interest,2261.66,Mobile App,Successful,N/A,KwaZulu-Natal
T000000202,A0002820,2026-07-28,22:33:17,Payment,318.63,POS,Successful,Healthcare,Western Cape
T000000203,A0002983,2026-06-12,12:17:59,Deposit,4187.86,Card,Successful,N/A,Western Cape
T000000204,A0000700,2026-07-03,22:03:40,Card Purchase,232.54,Mobile App,Successful,Education,Gauteng
T000000205,A0002222,2025-11-13,15:07:30,Transfer,81.91,Branch,Successful,N/A,Western Cape
T000000206,A0002272,2025-06-07,13:58:01,Debit Order,9130.77,ATM,Successful,N/A,Western Cape
T000000207,A0000322,2026-05-26,15:06:24,Card Purchase,144.26,Card,Successful,Other,Eastern Cape
T000000208,A0001844,2026-05-15,18:33:59,Card Purchase,56.75,Card,Successful,Groceries,Gauteng
T000000209,A0002201,2026-06-13,15:52:41,Card Purchase,199.27,Mobile App,Successful,Education,KwaZulu-Natal
T000000210,A0001592,2026-07-29,16:23:23,Card Purchase,1380.32,Card,Successful,Fuel,Eastern Cape
T000000211,A0000336,2026-01-13,17:55:51,Card Purchase,3307.97,Mobile App,Successful,Entertainment,Western Cape
T000000212,A0000177,2026-07-02,18:41:57,Interest,623.23,Branch,Successful,N/A,Gauteng
T000000213,A0002748,2025-02-21,22:53:50,Card Purchase,2043.06,Branch,Successful,Education,Gauteng
T000000214,A0001699,2026-04-20,11:17:46,Transfer,3670.69,POS,Successful,N/A,Western Cape
T000000215,A0002654,2026-03-26,20:31:00,Card Purchase,313.96,Mobile App,Successful,Fuel,Gauteng
T000000216,A0002419,2026-06-27,20:49:22,Card Purchase,565.97,Mobile App,Successful,Healthcare,KwaZulu-Natal
T000000217,A0000193,2026-05-14,07:32:28,Debit Order,571.05,Mobile App,Successful,N/A,Free State
T000000218,A0000247,2026-05-23,21:50:41,Card Purchase,329.95,Mobile App,Successful,Telecoms,Gauteng
T000000219,A0002407,2025-10-01,19:10:02,Deposit,658.76,Mobile App,Successful,N/A,Western Cape
T000000220,A0001267,2026-07-10,22:36:56,Card Purchase,178.19,Card,Successful,Groceries,KwaZulu-Natal
T000000221,A0002769,2025-11-12,10:38:09,Transfer,2764.49,Branch,Successful,N/A,Gauteng
T000000222,A0000447,2025-09-02,14:04:41,Card Purchase,2869.23,ATM,Successful,Telecoms,Gauteng
T000000223,A0002658,2025-11-21,09:23:45,Payment,4718.94,ATM,Successful,Healthcare,Free State
T000000224,A0000310,2025-11-13,09:32:12,Payment,1250.72,Internet Banking,Successful,Other,Eastern Cape
T000000225,A0002707,2026-07-24,15:11:00,Deposit,5187.33,Mobile App,Successful,N/A,Free State
T000000226,A0002898,2026-06-23,16:12:37,Card Purchase,611.0,Card,Successful,Travel,KwaZulu-Natal
T000000227,A0000348,2026-04-19,12:47:51,Payment,1423.74,POS,Successful,Telecoms,KwaZulu-Natal
T000000228,A0000047,2026-05-24,20:22:34,Card Purchase,350.79,ATM,Successful,Utilities,Gauteng
T000000229,A0001805,2025-05-22,12:30:55,Debit Order,943.35,ATM,Successful,N/A,Gauteng
T000000230,A0002898,2026-06-09,16:14:33,Card Purchase,303.68,POS,Successful,Other,KwaZulu-Natal
T000000231,A0000494,2026-07-19,07:46:31,Payment,1161.94,Card,Successful,Fuel,Gauteng
T000000232,A0002571,2026-07-03,11:26:19,Card Purchase,672.69,Card,Successful,Groceries,Western Cape
T000000233,A0001609,2026-07-11,17:15:02,Payment,437.14,Mobile App,Successful,Retail,KwaZulu-Natal
T000000234,A0001256,2026-06-07,18:58:18,Card Purchase,6149.4,Card,Successful,Education,Gauteng
T000000235,A0001338,2026-07-29,21:51:27,Transfer,301.3,Mobile App,Successful,N/A,Eastern Cape
T000000236,A0002776,2026-05-31,13:47:43,Card Purchase,2074.06,Internet Banking,Successful,Telecoms,Western Cape
T000000237,A0000932,2026-07-31,18:03:51,Withdrawal,781.93,ATM,Successful,N/A,Gauteng
T000000238,A0000617,2024-05-11,14:46:18,Card Purchase,370.82,Card,Successful,Telecoms,Gauteng
T000000239,A0002188,2025-05-02,20:28:30,Payment,97.16,Card,Successful,Groceries,Mpumalanga
T000000240,A0001665,2026-06-13,15:01:31,Transfer,4830.93,Internet Banking,Successful,N/A,Gauteng
T000000241,A0001305,2026-06-10,12:35:13,Transfer,671.69,Internet Banking,Successful,N/A,Gauteng
T000000242,A0001596,2026-05-20,18:03:47,Card Purchase,436.99,POS,Successful,Telecoms,Gauteng
T000000243,A0000717,2024-04-09,08:58:04,Card Purchase,1627.35,Mobile App,Successful,Entertainment,Eastern Cape
T000000244,A0003076,2025-10-13,14:58:24,Payment,395.56,POS,Successful,Fuel,Eastern Cape
T000000245,A0000067,2025-10-31,21:34:27,Card Purchase,440.78,Card,Successful,Groceries,KwaZulu-Natal
T000000246,A0002131,2026-01-19,07:26:29,Payment,660.52,POS,Successful,Entertainment,Gauteng
T000000247,A0002818,2025-01-07,08:24:35,Debit Order,7567.08,Mobile App,Successful,N/A,KwaZulu-Natal
T000000248,A0001074,2026-01-24,07:00:19,Deposit,1625.82,Branch,Successful,N/A,Gauteng
T000000249,A0000812,2026-06-16,21:19:24,Card Purchase,812.75,Internet Banking,Successful,Retail,KwaZulu-Natal
T000000250,A0002559,2026-05-06,20:59:48,Transfer,16270.69,Branch,Successful,N/A,Eastern Cape
T000000251,A0001596,2026-04-10,09:55:11,Transfer,1770.47,POS,Successful,N/A,Gauteng
T000000252,A0000367,2026-07-30,17:30:52,Card Purchase,296.47,Card,Successful,Other,Gauteng
T000000253,A0002752,2026-05-30,21:59:38,Bank Fee,319.49,Mobile App,Successful,N/A,Gauteng
T000000254,A0002345,2026-05-06,11:01:31,Card Purchase,523.7,POS,Successful,Retail,Gauteng
T000000255,A0001889,2026-07-28,11:35:55,Deposit,1921.34,ATM,Successful,N/A,Gauteng
T000000256,A0001414,2026-05-25,19:04:05,Card Purchase,1145.9,Mobile App,Successful,Retail,Gauteng
T000000257,A0002465,2026-03-26,14:54:01,Payment,236.89,Card,Successful,Education,Gauteng
T000000258,A0002023,2026-07-25,17:18:15,Transfer,1832.16,Mobile App,Successful,N/A,KwaZulu-Natal
T000000259,A0000838,2026-07-10,15:56:19,Payment,270.79,ATM,Successful,Education,Free State
T000000260,A0002418,2025-11-12,12:33:04,Withdrawal,43.1,ATM,Successful,N/A,Western Cape
T000000261,A0000343,2026-07-12,15:44:47,Withdrawal,918.31,Card,Successful,N/A,Western Cape
T000000262,A0002483,2024-08-02,13:32:00,Withdrawal,1702.77,Branch,Successful,N/A,Limpopo
T000000263,A0001424,2025-12-11,15:07:31,Card Purchase,101.93,Card,Successful,Other,KwaZulu-Natal
T000000264,A0002041,2024-07-15,17:23:17,Payment,514.94,Mobile App,Successful,Education,Western Cape
T000000265,A0000910,2026-07-30,14:28:06,Payment,433.86,Card,Successful,Telecoms,KwaZulu-Natal
T000000266,A0002285,2026-03-25,22:40:09,Debit Order,981.96,Internet Banking,Successful,N/A,Free State
T000000267,A0000491,2026-01-03,06:02:09,Payment,1080.24,Branch,Successful,Groceries,KwaZulu-Natal
T000000268,A0000443,2025-10-11,07:14:08,Card Purchase,470.27,Internet Banking,Successful,Utilities,Gauteng
T000000269,A0000320,2026-04-12,12:52:16,Card Purchase,1320.79,Mobile App,Successful,Travel,Mpumalanga
T000000270,A0001625,2025-08-09,08:59:55,Card Purchase,1348.67,Card,Successful,Telecoms,Eastern Cape
T000000271,A0003025,2026-06-23,09:34:37,Card Purchase,2344.74,Mobile App,Successful,Fuel,Gauteng
T000000272,A0000125,2025-09-03,12:22:21,Interest,2763.21,Card,Successful,N/A,Western Cape
T000000273,A0001020,2026-07-07,07:53:05,Card Purchase,1453.61,Card,Successful,Utilities,KwaZulu-Natal
T000000274,A0002819,2023-12-01,10:18:16,Card Purchase,5119.98,Internet Banking,Successful,Restaurants,Eastern Cape
T000000275,A0000114,2025-10-22,17:47:51,Card Purchase,826.38,Mobile App,Successful,Utilities,KwaZulu-Natal
T000000276,A0000582,2026-01-22,06:09:28,Card Purchase,125.13,Internet Banking,Successful,Education,Eastern Cape
T000000277,A0001858,2026-05-23,15:01:52,Payment,1504.29,Card,Successful,Education,Eastern Cape
T000000278,A0000773,2026-07-05,12:26:54,Payment,423.37,Card,Successful,Restaurants,Western Cape
T000000279,A0001430,2024-07-27,21:43:38,Transfer,138.22,POS,Successful,N/A,Gauteng
T000000280,A0002741,2026-04-08,07:58:55,Transfer,969.7,ATM,Successful,N/A,Gauteng
T000000281,A0002184,2025-04-29,15:51:50,Transfer,1742.46,Internet Banking,Successful,N/A,Western Cape
T000000282,A0000720,2026-04-06,08:14:10,Card Purchase,529.42,Mobile App,Successful,Restaurants,Western Cape
T000000283,A0000762,2026-07-16,20:19:09,Card Purchase,233.87,POS,Successful,Entertainment,Gauteng
T000000284,A0001384,2026-07-31,21:45:03,Interest,2411.58,Mobile App,Successful,N/A,Gauteng
T000000285,A0002183,2026-07-05,13:06:17,Deposit,7033.91,Card,Successful,N/A,Gauteng
T000000286,A0002222,2026-07-26,19:36:38,Card Purchase,261.28,Card,Successful,Entertainment,Western Cape
T000000287,A0001602,2025-02-12,15:49:12,Transfer,150.38,Branch,Successful,N/A,Limpopo
T000000288,A0001613,2026-01-20,06:59:15,Deposit,244.77,Mobile App,Successful,N/A,Gauteng
T000000289,A0001494,2026-05-19,22:40:52,Card Purchase,222.95,Internet Banking,Successful,Travel,Gauteng
T000000290,A0003063,2026-07-29,21:55:08,Transfer,99.27,Card,Successful,N/A,KwaZulu-Natal
T000000291,A0002625,2024-11-26,10:45:31,Card Purchase,549.24,POS,Successful,Travel,Gauteng
T000000292,A0002953,2026-07-23,18:46:13,Card Purchase,331.22,POS,Successful,Other,North West
T000000293,A0000514,2026-01-22,09:46:34,Debit Order,1103.0,Card,Successful,N/A,Mpumalanga
T000000294,A0000210,2026-03-09,16:56:43,Transfer,1222.25,Card,Successful,N/A,Gauteng
T000000295,A0001835,2025-06-03,17:19:50,Card Purchase,204.41,Mobile App,Successful,Retail,Western Cape
T000000296,A0002340,2026-07-30,11:30:22,Withdrawal,211.84,Internet Banking,Successful,N/A,Gauteng
T000000297,A0001456,2025-08-24,11:37:16,Transfer,609.19,Mobile App,Successful,N/A,Free State
T000000298,A0000268,2025-08-13,22:27:55,Debit Order,153.99,POS,Successful,N/A,Western Cape
T000000299,A0002095,2025-10-01,15:47:28,Deposit,18107.62,Mobile App,Successful,N/A,Gauteng
T000000300,A0000010,2026-05-05,11:52:28,Card Purchase,134.91,Branch,Successful,Education,KwaZulu-Natal
T000000301,A0001667,2026-03-27,13:19:30,Card Purchase,366.25,Branch,Successful,Groceries,Mpumalanga
T000000302,A0001350,2025-02-20,19:18:56,Transfer,399.61,Branch,Successful,N/A,Western Cape
T000000303,A0000278,2025-10-02,17:02:27,Payment,1302.98,Card,Successful,Groceries,Gauteng
T000000304,A0002589,2026-07-22,13:55:04,Transfer,529.0,Card,Successful,N/A,KwaZulu-Natal
T000000305,A0001465,2026-07-14,16:07:28,Card Purchase,385.55,Internet Banking,Successful,Groceries,Gauteng
T000000306,A0001642,2025-10-23,17:43:36,Debit Order,209.23,Mobile App,Successful,N/A,Gauteng
T000000307,A0000708,2026-04-11,06:26:37,Card Purchase,677.56,ATM,Successful,Restaurants,KwaZulu-Natal
T000000308,A0001610,2026-06-26,21:20:24,Card Purchase,1062.19,Mobile App,Successful,Healthcare,Gauteng
T000000309,A0002281,2026-07-17,19:51:57,Transfer,990.63,Mobile App,Successful,N/A,Mpumalanga
T000000310,A0003158,2025-06-07,06:19:59,Card Purchase,1118.71,POS,Successful,Groceries,Northern Cape
T000000311,A0001532,2026-02-22,16:04:16,Card Purchase,233.09,Internet Banking,Successful,Education,North West
T000000312,A0001235,2026-07-09,20:29:04,Payment,485.42,Internet Banking,Successful,Retail,Gauteng
T000000313,A0001510,2024-01-05,14:01:19,Card Purchase,6018.49,Card,Successful,Utilities,KwaZulu-Natal
T000000314,A0002383,2025-04-01,10:13:59,Transfer,1041.02,ATM,Successful,N/A,Gauteng
T000000315,A0000315,2026-06-10,15:45:18,Withdrawal,1201.58,Internet Banking,Successful,N/A,KwaZulu-Natal
T000000316,A0001795,2023-09-07,06:01:06,Card Purchase,7712.98,Mobile App,Successful,Travel,Western Cape
T000000317,A0001589,2026-07-01,19:40:25,Transfer,684.35,Mobile App,Successful,N/A,Gauteng
T000000318,A0002357,2026-07-30,19:21:04,Debit Order,186.27,POS,Successful,N/A,Western Cape
T000000319,A0002675,2026-06-22,18:27:46,Card Purchase,430.95,Card,Successful,Healthcare,Western Cape
T000000320,A0000302,2025-12-19,22:48:40,Card Purchase,150.2,POS,Successful,Education,Western Cape
T000000321,A0002771,2026-04-25,16:12:20,Transfer,871.25,Mobile App,Successful,N/A,KwaZulu-Natal
T000000322,A0002853,2026-06-22,17:28:59,Transfer,699.3,ATM,Successful,N/A,Gauteng
T000000323,A0002965,2024-10-19,09:45:20,Withdrawal,1271.84,ATM,Successful,N/A,Gauteng
T000000324,A0001002,2026-03-19,19:33:31,Card Purchase,1953.68,Internet Banking,Successful,Utilities,Western Cape
T000000325,A0000892,2024-12-15,20:55:10,Payment,111.41,POS,Successful,Travel,Free State
T000000326,A0001587,2026-07-19,09:54:32,Transfer,524.03,ATM,Successful,N/A,Western Cape
T000000327,A0001440,2026-07-08,12:15:40,Card Purchase,363.75,Card,Successful,Utilities,KwaZulu-Natal
T000000328,A0000590,2025-08-13,19:06:54,Deposit,3504.38,Card,Successful,N/A,KwaZulu-Natal
T000000329,A0002429,2026-05-27,16:48:36,Card Purchase,1219.64,Branch,Successful,Telecoms,Gauteng
T000000330,A0001383,2026-04-19,22:48:33,Payment,2163.52,Mobile App,Successful,Education,Free State
T000000331,A0000441,2025-10-01,14:32:45,Payment,302.96,Mobile App,Successful,Retail,Free State
T000000332,A0000436,2025-08-23,22:28:28,Card Purchase,1196.85,Card,Successful,Telecoms,Limpopo
T000000333,A0000008,2026-05-06,18:26:12,Payment,612.5,Mobile App,Successful,Education,KwaZulu-Natal
T000000334,A0001132,2026-05-16,20:35:51,Transfer,7206.69,Mobile App,Successful,N/A,Western Cape
T000000335,A0000123,2026-07-01,21:44:59,Transfer,310.81,POS,Successful,N/A,Limpopo
T000000336,A0000174,2025-03-19,08:43:05,Card Purchase,3040.37,Branch,Successful,Restaurants,Gauteng
T000000337,A0001445,2026-06-02,16:05:21,Deposit,4148.86,POS,Successful,N/A,Western Cape
T000000338,A0001197,2024-10-03,14:14:03,Debit Order,731.78,Mobile App,Successful,N/A,Gauteng
T000000339,A0000828,2025-05-19,09:53:34,Card Purchase,1175.2,POS,Successful,Education,Western Cape
T000000340,A0001908,2026-07-17,16:37:56,Transfer,191.34,ATM,Successful,N/A,Gauteng
T000000341,A0003183,2026-03-25,08:15:34,Withdrawal,1464.05,Mobile App,Successful,N/A,Western Cape
T000000342,A0003067,2026-07-31,22:57:42,Debit Order,666.65,ATM,Successful,N/A,Gauteng
T000000343,A0002793,2025-06-09,10:56:30,Card Purchase,1918.21,ATM,Successful,Education,Western Cape
T000000344,A0002201,2026-06-15,07:26:27,Card Purchase,269.98,Card,Successful,Restaurants,KwaZulu-Natal
T000000345,A0000002,2026-02-28,06:38:32,Withdrawal,903.04,Mobile App,Successful,N/A,Gauteng
T000000346,A0001510,2026-07-20,19:41:27,Transfer,109.61,Mobile App,Successful,N/A,KwaZulu-Natal
T000000347,A0000155,2026-04-24,14:20:37,Withdrawal,180.01,ATM,Successful,N/A,KwaZulu-Natal
T000000348,A0000541,2025-10-17,15:02:01,Card Purchase,1377.51,Mobile App,Successful,Other,KwaZulu-Natal
T000000349,A0000655,2025-08-23,12:59:54,Debit Order,511.38,Mobile App,Successful,N/A,North West
T000000350,A0001812,2025-07-08,22:36:29,Payment,256.78,ATM,Successful,Travel,Gauteng
T000000351,A0000170,2026-07-01,10:24:31,Card Purchase,1398.25,Mobile App,Successful,Retail,Eastern Cape
T000000352,A0001701,2026-03-12,22:52:42,Card Purchase,694.5,Mobile App,Successful,Groceries,KwaZulu-Natal
T000000353,A0001463,2024-06-25,12:27:54,Deposit,2158.1,POS,Successful,N/A,Free State
T000000354,A0002485,2025-10-13,10:32:27,Card Purchase,478.63,Mobile App,Successful,Utilities,Gauteng
T000000355,A0002034,2025-11-11,15:19:49,Withdrawal,1283.71,Card,Successful,N/A,Eastern Cape
T000000356,A0000601,2026-03-04,06:56:58,Deposit,11317.45,Mobile App,Successful,N/A,Eastern Cape
T000000357,A0001515,2026-03-25,10:26:14,Transfer,928.29,Branch,Successful,N/A,Gauteng
T000000358,A0000913,2026-06-23,14:58:31,Payment,1757.32,Mobile App,Successful,Utilities,KwaZulu-Natal
T000000359,A0001269,2024-01-01,17:04:25,Payment,411.08,Card,Successful,Telecoms,Gauteng
T000000360,A0001091,2025-10-12,08:53:04,Debit Order,309.08,Card,Successful,N/A,Western Cape
T000000361,A0002030,2026-06-19,19:26:48,Debit Order,732.47,Card,Successful,N/A,Western Cape
T000000362,A0001205,2026-05-07,22:08:56,Bank Fee,274.2,Mobile App,Successful,N/A,Gauteng
T000000363,A0002385,2026-07-24,16:49:11,Card Purchase,645.53,Branch,Successful,Fuel,Gauteng
T000000364,A0002028,2026-07-30,16:17:24,Debit Order,141.75,Internet Banking,Successful,N/A,Western Cape
T000000365,A0001995,2025-10-12,17:35:30,Card Purchase,39.37,Mobile App,Successful,Entertainment,Western Cape
T000000366,A0001721,2026-07-03,17:23:47,Deposit,9609.88,Mobile App,Successful,N/A,Eastern Cape
T000000367,A0000079,2025-08-14,22:51:58,Transfer,3454.55,Mobile App,Successful,N/A,Western Cape
T000000368,A0000145,2025-11-10,20:31:37,Withdrawal,952.39,Card,Successful,N/A,Mpumalanga
T000000369,A0001758,2026-03-15,06:10:20,Deposit,2844.97,ATM,Successful,N/A,Eastern Cape
T000000370,A0001760,2024-08-08,12:14:11,Card Purchase,1103.18,Mobile App,Successful,Retail,KwaZulu-Natal
T000000371,A0002425,2026-01-15,11:39:13,Bank Fee,395.93,Card,Successful,N/A,Eastern Cape
T000000372,A0000300,2026-05-30,19:05:53,Card Purchase,1290.2,Card,Successful,Healthcare,Western Cape
T000000373,A0002475,2026-01-05,10:11:40,Card Purchase,597.24,Mobile App,Successful,Utilities,Northern Cape
T000000374,A0001931,2026-01-31,22:25:01,Card Purchase,600.65,Mobile App,Successful,Retail,Mpumalanga
T000000375,A0000929,2025-01-16,06:46:32,Card Purchase,436.33,ATM,Successful,Education,Gauteng
T000000376,A0000667,2025-12-14,19:10:55,Card Purchase,2957.74,Branch,Successful,Groceries,Gauteng
T000000377,A0001699,2025-08-26,19:00:35,Bank Fee,176.52,Mobile App,Successful,N/A,Western Cape
T000000378,A0002226,2025-06-25,22:53:54,Card Purchase,827.77,ATM,Successful,Other,North West
T000000379,A0000770,2026-02-18,13:41:29,Withdrawal,2736.43,Mobile App,Successful,N/A,KwaZulu-Natal
T000000380,A0000222,2026-07-15,07:27:48,Card Purchase,470.26,POS,Successful,Education,Mpumalanga
T000000381,A0002260,2025-07-10,19:04:10,Bank Fee,2007.69,Mobile App,Successful,N/A,Gauteng
T000000382,A0001280,2026-02-14,07:29:04,Transfer,4795.78,Mobile App,Successful,N/A,Western Cape
T000000383,A0002152,2026-02-10,14:30:19,Transfer,260.21,Mobile App,Successful,N/A,KwaZulu-Natal
T000000384,A0001752,2026-07-22,12:16:42,Debit Order,423.92,ATM,Successful,N/A,KwaZulu-Natal
T000000385,A0002442,2026-07-26,13:05:17,Debit Order,787.68,Internet Banking,Successful,N/A,Western Cape
T000000386,A0001117,2026-02-15,10:55:10,Card Purchase,1220.83,Card,Successful,Travel,Mpumalanga
T000000387,A0000277,2024-11-14,14:55:14,Withdrawal,627.43,POS,Successful,N/A,KwaZulu-Natal
T000000388,A0000012,2026-07-16,22:29:06,Debit Order,353.28,Card,Successful,N/A,Eastern Cape
T000000389,A0002450,2025-09-14,07:45:29,Interest,210.69,POS,Successful,N/A,Eastern Cape
T000000390,A0001359,2025-08-18,07:50:29,Interest,430.33,ATM,Successful,N/A,Gauteng
T000000391,A0001557,2026-07-01,12:14:41,Card Purchase,449.88,Branch,Successful,Other,Gauteng
T000000392,A0002059,2026-06-11,19:55:30,Card Purchase,539.36,Card,Successful,Entertainment,KwaZulu-Natal
T000000393,A0003140,2026-07-29,18:12:09,Card Purchase,261.5,Mobile App,Successful,Healthcare,Gauteng
T000000394,A0001808,2026-04-21,20:38:53,Debit Order,945.2,Card,Successful,N/A,Gauteng
T000000395,A0000948,2026-05-21,08:16:16,Withdrawal,395.68,ATM,Successful,N/A,Western Cape
T000000396,A0002204,2026-07-15,15:27:15,Transfer,445.42,ATM,Successful,N/A,KwaZulu-Natal
T000000397,A0002956,2026-06-05,21:54:10,Withdrawal,1425.49,ATM,Successful,N/A,Gauteng
T000000398,A0000224,2026-03-19,10:49:12,Card Purchase,185.16,POS,Successful,Groceries,North West
T000000399,A0002325,2026-03-11,11:32:56,Payment,245.55,Mobile App,Successful,Healthcare,Western Cape
T000000400,A0001306,2026-07-20,16:17:21,Transfer,4195.72,POS,Successful,N/A,KwaZulu-Natal
T000000401,A0002126,2024-05-03,17:13:44,Deposit,5609.19,POS,Successful,N/A,Eastern Cape
T000000402,A0000147,2026-03-13,09:12:50,Payment,603.61,Mobile App,Successful,Other,Western Cape
T000000403,A0003157,2026-07-13,22:49:33,Debit Order,268.56,POS,Successful,N/A,Gauteng
T000000404,A0001754,2026-07-04,21:09:43,Deposit,937.68,POS,Successful,N/A,Western Cape
T000000405,A0001145,2026-07-04,18:35:12,Transfer,157.61,Card,Successful,N/A,North West
T000000406,A0000411,2026-04-25,22:11:41,Deposit,10062.58,Mobile App,Successful,N/A,Mpumalanga
T000000407,A0001102,2026-07-06,16:14:30,Card Purchase,227.72,Mobile App,Successful,Groceries,KwaZulu-Natal
T000000408,A0001042,2026-06-21,17:54:47,Card Purchase,1478.97,POS,Successful,Retail,Western Cape
T000000409,A0001114,2026-07-23,20:14:05,Bank Fee,607.25,Mobile App,Successful,N/A,Limpopo
T000000410,A0001842,2025-04-13,10:09:07,Payment,839.88,Branch,Successful,Travel,KwaZulu-Natal
T000000411,A0001773,2026-03-25,15:21:38,Payment,470.03,POS,Successful,Other,Western Cape
T000000412,A0000444,2025-12-09,13:43:44,Payment,431.17,Card,Successful,Fuel,KwaZulu-Natal
T000000413,A0000912,2025-04-15,19:24:41,Card Purchase,1877.47,Card,Successful,Telecoms,Gauteng
T000000414,A0001982,2025-07-10,07:35:41,Card Purchase,311.3,POS,Successful,Travel,Limpopo
T000000415,A0001634,2025-12-22,22:41:53,Transfer,214.33,POS,Successful,N/A,KwaZulu-Natal
T000000416,A0000494,2026-06-29,18:20:08,Card Purchase,136.28,Card,Successful,Entertainment,Gauteng
T000000417,A0002089,2026-07-29,12:34:06,Transfer,507.52,ATM,Successful,N/A,Mpumalanga
T000000418,A0002277,2026-04-02,20:22:52,Deposit,2567.77,Mobile App,Successful,N/A,Gauteng
T000000419,A0001254,2026-07-28,20:29:43,Payment,3416.7,ATM,Successful,Utilities,Western Cape
T000000420,A0000636,2026-06-24,18:26:38,Debit Order,492.19,Branch,Successful,N/A,Gauteng
T000000421,A0001548,2026-03-05,19:12:40,Bank Fee,1029.44,ATM,Successful,N/A,Limpopo
T000000422,A0000265,2024-10-26,21:15:57,Transfer,116.34,Mobile App,Successful,N/A,Eastern Cape
T000000423,A0002026,2026-07-20,10:28:40,Transfer,1019.85,Mobile App,Successful,N/A,Western Cape
T000000424,A0001115,2025-02-13,07:25:28,Deposit,3632.02,POS,Successful,N/A,Western Cape
T000000425,A0002995,2024-12-19,18:58:38,Deposit,1598.68,ATM,Successful,N/A,Limpopo
T000000426,A0000619,2026-07-15,07:19:11,Payment,666.67,Mobile App,Successful,Utilities,KwaZulu-Natal
T000000427,A0000527,2026-05-03,15:06:33,Transfer,131.12,POS,Successful,N/A,Western Cape
T000000428,A0002426,2026-07-25,15:50:26,Card Purchase,2275.22,Branch,Successful,Utilities,KwaZulu-Natal
T000000429,A0001028,2025-04-24,16:46:11,Card Purchase,1501.54,Internet Banking,Successful,Entertainment,Western Cape
T000000430,A0000231,2026-06-05,09:27:42,Bank Fee,336.68,Card,Successful,N/A,Gauteng
T000000431,A0002105,2026-07-27,07:47:59,Card Purchase,1982.46,POS,Successful,Groceries,Eastern Cape
T000000432,A0002869,2025-10-14,15:13:06,Transfer,2375.79,Card,Successful,N/A,Gauteng
T000000433,A0000932,2026-07-31,18:56:11,Withdrawal,511.45,Card,Successful,N/A,Gauteng
T000000434,A0000061,2026-07-22,22:07:30,Deposit,3520.02,Internet Banking,Successful,N/A,North West
T000000435,A0001358,2023-03-03,13:28:03,Interest,449.88,Mobile App,Successful,N/A,Western Cape
T000000436,A0001237,2025-04-09,21:49:09,Card Purchase,2630.96,Mobile App,Failed,Healthcare,Mpumalanga
T000000437,A0001129,2026-07-02,16:45:36,Transfer,983.0,Internet Banking,Successful,N/A,Gauteng
T000000438,A0002980,2025-12-11,10:25:01,Card Purchase,1019.14,POS,Successful,Travel,Mpumalanga
T000000439,A0001746,2026-04-19,15:51:33,Debit Order,75.64,POS,Successful,N/A,Western Cape
T000000440,A0002891,2026-04-28,13:42:22,Interest,246.98,Card,Successful,N/A,Western Cape
T000000441,A0002785,2026-07-27,08:26:23,Withdrawal,2277.82,Card,Successful,N/A,Free State
T000000442,A0002564,2025-12-01,17:27:47,Card Purchase,483.61,Card,Successful,Education,Free State
T000000443,A0002625,2025-08-13,13:29:26,Transfer,2141.73,Internet Banking,Successful,N/A,Gauteng
T000000444,A0002418,2025-09-18,19:18:59,Card Purchase,745.04,POS,Successful,Fuel,Western Cape
T000000445,A0000798,2025-03-20,20:54:03,Card Purchase,87.26,POS,Successful,Groceries,KwaZulu-Natal
T000000446,A0001252,2026-04-28,20:07:24,Transfer,17367.29,Card,Successful,N/A,Gauteng
T000000447,A0001130,2025-03-19,17:35:03,Card Purchase,578.73,POS,Successful,Healthcare,Free State
T000000448,A0000165,2026-07-17,22:48:24,Deposit,3782.21,POS,Successful,N/A,Western Cape
T000000449,A0001035,2026-02-19,18:26:56,Card Purchase,40.06,Internet Banking,Successful,Healthcare,KwaZulu-Natal
T000000450,A0001093,2026-04-08,17:39:19,Card Purchase,684.17,Internet Banking,Successful,Other,KwaZulu-Natal
T000000451,A0003145,2026-03-03,18:19:49,Transfer,854.64,Internet Banking,Successful,N/A,Western Cape
T000000452,A0001217,2026-07-27,15:22:31,Card Purchase,1591.6,Branch,Successful,Travel,KwaZulu-Natal
T000000453,A0000398,2024-09-19,18:37:42,Payment,132.03,Internet Banking,Successful,Restaurants,Gauteng
T000000454,A0002372,2026-04-24,11:18:17,Card Purchase,3961.36,Internet Banking,Successful,Utilities,Western Cape
T000000455,A0000837,2026-07-11,06:01:09,Card Purchase,1631.47,Internet Banking,Successful,Education,KwaZulu-Natal
T000000456,A0001166,2026-06-10,07:45:34,Withdrawal,5978.98,Mobile App,Successful,N/A,Gauteng
T000000457,A0000892,2026-03-01,10:45:18,Deposit,3235.58,Branch,Successful,N/A,Free State
T000000458,A0002926,2026-07-20,10:13:31,Card Purchase,801.52,Card,Successful,Utilities,Eastern Cape
T000000459,A0001606,2026-05-05,09:17:58,Deposit,8496.83,POS,Successful,N/A,Gauteng
T000000460,A0000275,2026-07-05,20:35:20,Transfer,1838.19,Mobile App,Successful,N/A,Gauteng
T000000461,A0001634,2026-04-02,11:33:47,Card Purchase,517.06,Internet Banking,Successful,Groceries,KwaZulu-Natal
T000000462,A0002796,2024-11-19,19:14:16,Debit Order,72.78,Internet Banking,Successful,N/A,Free State
T000000463,A0002990,2024-10-25,19:38:57,Card Purchase,826.52,Internet Banking,Successful,Healthcare,Free State
T000000464,A0002169,2025-12-23,16:31:26,Debit Order,551.86,POS,Successful,N/A,Gauteng
T000000465,A0002033,2025-02-05,12:19:21,Bank Fee,886.13,Card,Successful,N/A,Gauteng
T000000466,A0001637,2026-06-29,19:54:59,Card Purchase,1630.22,Branch,Successful,Telecoms,Western Cape
T000000467,A0000464,2025-12-03,06:08:27,Payment,4304.38,POS,Successful,Healthcare,Gauteng
T000000468,A0003051,2026-07-22,14:06:45,Transfer,968.87,Branch,Successful,N/A,KwaZulu-Natal
T000000469,A0003081,2026-07-15,11:05:54,Card Purchase,1547.96,Card,Successful,Other,Gauteng
T000000470,A0000918,2025-09-16,09:05:10,Bank Fee,1996.73,ATM,Successful,N/A,Limpopo
T000000471,A0001618,2026-02-06,19:44:17,Deposit,18710.51,Mobile App,Successful,N/A,Eastern Cape
T000000472,A0000747,2024-05-21,08:05:11,Card Purchase,1618.89,POS,Successful,Retail,Western Cape
T000000473,A0001387,2025-09-30,16:46:24,Card Purchase,221.55,Internet Banking,Successful,Utilities,Western Cape
T000000474,A0000191,2024-02-19,09:46:02,Withdrawal,868.65,Mobile App,Successful,N/A,Western Cape
T000000475,A0001977,2026-05-15,15:12:26,Card Purchase,910.73,ATM,Successful,Telecoms,Eastern Cape
T000000476,A0002210,2026-01-26,06:21:22,Debit Order,1119.4,POS,Successful,N/A,Gauteng
T000000477,A0000578,2026-06-08,07:16:18,Deposit,5513.59,Mobile App,Successful,N/A,Mpumalanga
T000000478,A0000973,2026-04-05,12:04:55,Deposit,3927.35,POS,Successful,N/A,Free State
T000000479,A0003056,2026-04-12,18:58:15,Transfer,446.33,Mobile App,Successful,N/A,Limpopo
T000000480,A0000743,2025-09-26,09:45:41,Transfer,1291.93,Mobile App,Successful,N/A,North West
T000000481,A0001767,2026-07-26,17:07:04,Card Purchase,805.67,ATM,Successful,Groceries,Gauteng
T000000482,A0002343,2026-07-24,15:49:47,Interest,696.15,Internet Banking,Successful,N/A,Gauteng
T000000483,A0001572,2026-06-28,11:54:17,Bank Fee,106.15,Internet Banking,Successful,N/A,Free State
T000000484,A0000262,2025-10-03,08:09:23,Card Purchase,838.15,ATM,Successful,Telecoms,Gauteng
T000000485,A0002992,2025-04-10,11:10:20,Debit Order,13480.86,Card,Successful,N/A,Mpumalanga
T000000486,A0001288,2025-11-18,08:20:03,Debit Order,365.04,Card,Successful,N/A,Gauteng
T000000487,A0001371,2025-10-04,21:23:19,Card Purchase,383.17,Mobile App,Successful,Healthcare,Eastern Cape
T000000488,A0000913,2025-12-10,09:04:01,Card Purchase,9089.43,POS,Successful,Restaurants,KwaZulu-Natal
T000000489,A0000234,2026-07-27,06:28:28,Payment,406.23,Branch,Successful,Other,Western Cape
T000000490,A0001909,2025-12-11,15:42:33,Payment,62.74,ATM,Successful,Fuel,Gauteng
T000000491,A0000682,2026-07-15,17:10:27,Card Purchase,550.43,Card,Successful,Fuel,Western Cape
T000000492,A0000363,2026-05-30,18:22:36,Bank Fee,5146.99,Card,Successful,N/A,Western Cape
T000000493,A0002912,2026-05-15,07:56:11,Card Purchase,103.09,Internet Banking,Successful,Utilities,Gauteng
T000000494,A0000781,2025-10-22,15:16:46,Withdrawal,318.62,Card,Successful,N/A,Eastern Cape
T000000495,A0000401,2026-02-01,15:11:22,Card Purchase,209.63,Card,Successful,Entertainment,KwaZulu-Natal
T000000496,A0000226,2026-07-02,18:20:05,Deposit,5815.83,Mobile App,Successful,N/A,Gauteng
T000000497,A0000341,2026-01-15,15:39:29,Card Purchase,5218.9,Mobile App,Successful,Retail,Free State
T000000498,A0001570,2026-06-09,20:23:24,Transfer,258.54,POS,Successful,N/A,Eastern Cape
T000000499,A0001782,2025-05-24,09:36:05,Transfer,3789.8,POS,Successful,N/A,Western Cape
T000000500,A0000620,2024-12-22,14:00:50,Payment,5455.63,Card,Successful,Telecoms,Western Cape
T000000501,A0000557,2026-01-15,12:36:39,Debit Order,2019.2,Card,Successful,N/A,KwaZulu-Natal
T000000502,A0001517,2026-07-12,10:23:45,Debit Order,1520.46,Card,Successful,N/A,Western Cape
T000000503,A0001855,2026-06-29,14:43:39,Debit Order,509.53,ATM,Successful,N/A,Eastern Cape
T000000504,A0001025,2026-07-06,07:45:49,Interest,524.28,Mobile App,Successful,N/A,KwaZulu-Natal
T000000505,A0000823,2026-07-07,19:15:13,Transfer,769.86,Internet Banking,Successful,N/A,Western Cape
T000000506,A0002836,2026-03-14,12:29:42,Transfer,484.7,Internet Banking,Successful,N/A,Gauteng
T000000507,A0000326,2025-07-03,09:10:27,Transfer,567.17,Internet Banking,Successful,N/A,KwaZulu-Natal
T000000508,A0002722,2025-12-18,19:35:20,Deposit,424.92,POS,Successful,N/A,Gauteng
T000000509,A0002429,2025-06-10,21:53:53,Card Purchase,1029.29,Mobile App,Successful,Fuel,Gauteng
T000000510,A0001530,2024-08-19,17:57:51,Bank Fee,1072.4,ATM,Successful,N/A,KwaZulu-Natal
T000000511,A0000898,2025-07-23,16:29:41,Withdrawal,2253.43,Card,Successful,N/A,Gauteng
T000000512,A0001871,2026-06-18,18:57:22,Debit Order,2259.93,Internet Banking,Successful,N/A,Gauteng
T000000513,A0003119,2023-12-01,08:14:33,Transfer,527.24,Card,Successful,N/A,Eastern Cape
T000000514,A0002560,2024-03-30,19:05:26,Transfer,218.61,POS,Successful,N/A,Limpopo
T000000515,A0003187,2026-05-14,06:38:49,Transfer,432.84,Mobile App,Successful,N/A,KwaZulu-Natal
T000000516,A0000841,2026-04-20,20:14:28,Debit Order,678.38,ATM,Successful,N/A,Western Cape
T000000517,A0003120,2024-12-06,22:07:03,Card Purchase,305.1,ATM,Successful,Utilities,KwaZulu-Natal
T000000518,A0000542,2026-06-20,16:09:00,Withdrawal,163.83,Mobile App,Successful,N/A,Gauteng
T000000519,A0001270,2026-02-23,07:00:46,Interest,699.26,Card,Successful,N/A,Western Cape
T000000520,A0001163,2026-07-31,22:20:30,Card Purchase,170.89,POS,Successful,Retail,Mpumalanga
T000000521,A0002602,2025-07-25,20:54:59,Transfer,741.78,ATM,Successful,N/A,North West
T000000522,A0001364,2026-07-28,16:29:51,Card Purchase,1717.01,Card,Successful,Retail,Limpopo
T000000523,A0000142,2026-04-29,07:57:20,Card Purchase,1611.68,Card,Successful,Retail,Northern Cape
T000000524,A0002360,2025-09-26,06:07:18,Withdrawal,367.5,ATM,Successful,N/A,Gauteng
T000000525,A0001527,2025-05-20,18:16:14,Interest,1066.27,Mobile App,Successful,N/A,Gauteng
T000000526,A0000256,2026-06-22,13:08:19,Transfer,946.09,POS,Successful,N/A,KwaZulu-Natal
T000000527,A0000782,2026-06-21,14:39:21,Card Purchase,730.94,POS,Failed,Fuel,Gauteng
T000000528,A0003027,2025-08-11,06:30:59,Withdrawal,150.42,Mobile App,Successful,N/A,Eastern Cape
T000000529,A0000074,2026-05-26,17:54:20,Card Purchase,166.2,Card,Successful,Healthcare,Gauteng
T000000530,A0001893,2025-09-25,10:57:53,Payment,309.96,Card,Successful,Other,KwaZulu-Natal
T000000531,A0001383,2026-02-23,22:25:00,Withdrawal,166.88,Card,Successful,N/A,Free State
T000000532,A0000910,2026-07-31,12:43:46,Debit Order,2311.12,POS,Successful,N/A,KwaZulu-Natal
T000000533,A0002080,2025-01-05,06:47:31,Transfer,1532.36,Mobile App,Successful,N/A,Limpopo
T000000534,A0001409,2026-04-11,14:49:21,Card Purchase,912.29,ATM,Successful,Telecoms,KwaZulu-Natal
T000000535,A0000101,2026-07-30,10:36:21,Card Purchase,177.92,Mobile App,Failed,Other,Gauteng
T000000536,A0000967,2025-08-13,10:17:43,Card Purchase,1275.22,Mobile App,Successful,Education,Mpumalanga
T000000537,A0002325,2025-07-27,08:38:14,Payment,867.71,Card,Successful,Retail,Western Cape
T000000538,A0003088,2025-05-14,13:57:33,Debit Order,3271.6,Card,Successful,N/A,Gauteng
T000000539,A0002426,2026-06-30,11:51:22,Deposit,3680.13,Mobile App,Successful,N/A,KwaZulu-Natal
T000000540,A0002955,2026-01-04,07:06:20,Card Purchase,705.53,Mobile App,Successful,Travel,Gauteng
T000000541,A0000429,2026-07-29,12:25:09,Debit Order,1557.23,POS,Successful,N/A,Limpopo
T000000542,A0002609,2025-11-10,09:26:24,Card Purchase,451.58,Mobile App,Successful,Restaurants,Eastern Cape
T000000543,A0001356,2025-03-08,09:45:23,Transfer,1082.79,Card,Successful,N/A,Western Cape
T000000544,A0002365,2026-07-23,21:05:24,Payment,1078.56,POS,Successful,Fuel,KwaZulu-Natal
T000000545,A0001092,2026-05-12,22:41:43,Card Purchase,2703.19,Card,Successful,Retail,KwaZulu-Natal
T000000546,A0002023,2026-06-16,10:57:21,Card Purchase,2486.14,POS,Successful,Healthcare,KwaZulu-Natal
T000000547,A0003184,2026-07-11,14:07:50,Payment,2800.27,Mobile App,Successful,Restaurants,Western Cape
T000000548,A0001286,2024-06-13,22:13:36,Payment,2048.11,Card,Successful,Entertainment,Western Cape
T000000549,A0002196,2025-06-14,12:49:46,Payment,134.53,Mobile App,Successful,Retail,Gauteng
T000000550,A0000483,2025-10-01,13:29:32,Debit Order,397.78,Internet Banking,Successful,N/A,KwaZulu-Natal
T000000551,A0001209,2025-01-10,21:14:14,Card Purchase,206.9,Mobile App,Successful,Travel,Gauteng
T000000552,A0000756,2024-12-29,19:09:28,Card Purchase,103.79,Card,Successful,Travel,Gauteng
T000000553,A0001634,2026-07-11,20:58:00,Card Purchase,186.62,ATM,Successful,Utilities,KwaZulu-Natal
T000000554,A0001098,2026-03-20,14:14:32,Bank Fee,3429.89,Card,Successful,N/A,Gauteng
T000000555,A0002411,2025-10-25,08:24:45,Card Purchase,9208.49,POS,Successful,Other,Gauteng
T000000556,A0002758,2024-12-30,16:58:00,Card Purchase,1596.77,Mobile App,Successful,Fuel,Western Cape
T000000557,A0000405,2026-06-07,21:49:16,Card Purchase,759.26,Mobile App,Successful,Restaurants,KwaZulu-Natal
T000000558,A0000777,2025-05-15,13:25:23,Card Purchase,216.12,Mobile App,Successful,Education,Gauteng
T000000559,A0002171,2025-12-08,13:05:36,Card Purchase,598.74,Mobile App,Successful,Retail,Western Cape
T000000560,A0001615,2026-07-08,19:54:08,Card Purchase,542.41,Internet Banking,Successful,Retail,KwaZulu-Natal
T000000561,A0002772,2024-10-27,19:45:22,Withdrawal,2591.81,Mobile App,Successful,N/A,Free State
T000000562,A0000786,2026-04-06,19:49:47,Bank Fee,3047.1,POS,Successful,N/A,Gauteng
T000000563,A0000048,2026-07-02,13:31:31,Deposit,3714.86,Card,Successful,N/A,Eastern Cape
T000000564,A0000680,2025-08-21,12:38:50,Transfer,429.97,Mobile App,Successful,N/A,Free State
T000000565,A0002745,2024-11-26,06:46:21,Card Purchase,87.25,Mobile App,Successful,Groceries,Limpopo
T000000566,A0001670,2024-02-16,17:41:40,Card Purchase,1718.44,ATM,Successful,Fuel,KwaZulu-Natal
T000000567,A0001196,2025-03-11,11:18:34,Card Purchase,279.27,POS,Successful,Fuel,Western Cape
T000000568,A0000797,2026-05-08,12:40:52,Deposit,326.43,POS,Successful,N/A,Gauteng
T000000569,A0001220,2024-07-02,09:02:42,Card Purchase,661.22,POS,Successful,Other,Western Cape
T000000570,A0001696,2025-12-29,07:44:09,Card Purchase,2289.44,Mobile App,Successful,Education,Gauteng
T000000571,A0000230,2023-09-25,14:10:03,Card Purchase,2248.73,Mobile App,Successful,Other,Gauteng
T000000572,A0000298,2026-03-02,18:46:31,Bank Fee,463.27,Card,Successful,N/A,Gauteng
T000000573,A0003021,2026-07-31,22:24:58,Debit Order,3403.89,POS,Successful,N/A,KwaZulu-Natal
T000000574,A0001539,2026-07-23,13:48:59,Debit Order,1053.38,Mobile App,Successful,N/A,KwaZulu-Natal
T000000575,A0001747,2025-10-30,10:26:43,Card Purchase,1317.2,Card,Failed,Education,KwaZulu-Natal
T000000576,A0002693,2026-04-20,18:30:25,Transfer,2008.65,Internet Banking,Successful,N/A,Gauteng
T000000577,A0002719,2025-08-17,14:23:36,Card Purchase,642.32,Card,Successful,Retail,Eastern Cape
T000000578,A0000634,2026-07-02,13:06:48,Card Purchase,408.91,POS,Successful,Telecoms,Western Cape
T000000579,A0000464,2025-11-24,18:50:35,Transfer,811.23,Mobile App,Successful,N/A,Gauteng
T000000580,A0000959,2026-06-20,10:26:40,Deposit,927.47,Branch,Successful,N/A,Western Cape
T000000581,A0001104,2026-07-29,13:11:37,Debit Order,1463.95,Internet Banking,Successful,N/A,Western Cape
T000000582,A0001873,2026-03-08,20:33:34,Card Purchase,1431.67,Mobile App,Successful,Utilities,Northern Cape
T000000583,A0001263,2023-08-13,19:30:03,Deposit,6701.87,ATM,Successful,N/A,KwaZulu-Natal
T000000584,A0002277,2025-01-28,20:04:05,Transfer,316.2,POS,Successful,N/A,Gauteng
T000000585,A0000445,2026-07-03,21:24:04,Withdrawal,1226.55,Mobile App,Successful,N/A,KwaZulu-Natal
T000000586,A0002805,2026-05-19,11:11:26,Withdrawal,969.01,ATM,Successful,N/A,Gauteng
T000000587,A0000435,2026-07-29,15:06:25,Debit Order,2006.27,Mobile App,Successful,N/A,KwaZulu-Natal
T000000588,A0002898,2026-07-16,08:44:47,Interest,241.3,Internet Banking,Successful,N/A,KwaZulu-Natal
T000000589,A0002908,2025-11-02,19:02:49,Interest,886.91,Mobile App,Successful,N/A,Gauteng
T000000590,A0000829,2026-03-22,07:55:19,Debit Order,897.91,Mobile App,Successful,N/A,KwaZulu-Natal
T000000591,A0001687,2025-02-08,07:30:00,Card Purchase,2709.27,ATM,Successful,Restaurants,KwaZulu-Natal
T000000592,A0003182,2025-09-09,07:10:12,Payment,172.51,ATM,Successful,Entertainment,Gauteng
T000000593,A0003021,2026-07-30,06:09:41,Transfer,3792.18,Mobile App,Successful,N/A,KwaZulu-Natal
T000000594,A0001254,2026-07-09,19:43:47,Card Purchase,1311.47,Branch,Successful,Other,Western Cape
T000000595,A0000541,2026-02-21,14:17:25,Withdrawal,5296.42,ATM,Successful,N/A,KwaZulu-Natal
T000000596,A0001087,2026-06-26,17:12:38,Payment,286.82,Mobile App,Successful,Other,Limpopo
T000000597,A0003005,2026-03-28,13:22:12,Deposit,1392.17,Card,Successful,N/A,Free State
T000000598,A0003155,2024-11-10,17:32:35,Transfer,524.8,Branch,Successful,N/A,KwaZulu-Natal
T000000599,A0002167,2026-07-07,22:46:20,Card Purchase,281.08,POS,Successful,Fuel,KwaZulu-Natal
T000000600,A0000728,2026-03-23,12:00:47,Card Purchase,291.2,ATM,Successful,Retail,Gauteng
T000000601,A0000644,2026-07-18,13:35:17,Transfer,855.1,Mobile App,Successful,N/A,Western Cape
T000000602,A0002897,2025-12-12,16:19:42,Transfer,448.17,ATM,Successful,N/A,Eastern Cape
T000000603,A0002829,2026-01-28,22:41:39,Payment,202.22,Mobile App,Successful,Retail,KwaZulu-Natal
T000000604,A0001875,2026-07-21,19:45:01,Transfer,855.7,Mobile App,Successful,N/A,Gauteng
T000000605,A0003041,2026-07-06,09:48:02,Withdrawal,471.83,ATM,Successful,N/A,Gauteng
T000000606,A0001933,2026-01-29,10:50:50,Withdrawal,456.23,POS,Successful,N/A,Limpopo
T000000607,A0001673,2025-09-24,15:32:03,Debit Order,1320.06,Card,Successful,N/A,Gauteng
T000000608,A0002739,2026-06-12,13:27:10,Deposit,3453.6,POS,Successful,N/A,Gauteng
T000000609,A0001022,2026-07-23,13:33:16,Bank Fee,840.81,Internet Banking,Successful,N/A,KwaZulu-Natal
T000000610,A0000751,2024-08-29,18:14:20,Transfer,1426.07,Branch,Successful,N/A,Mpumalanga
T000000611,A0001964,2026-02-10,16:49:17,Transfer,1611.82,Card,Successful,N/A,Limpopo
T000000612,A0001088,2025-05-02,10:40:06,Transfer,1945.05,Internet Banking,Successful,N/A,Gauteng
T000000613,A0000515,2025-10-17,19:39:21,Card Purchase,436.69,Card,Successful,Groceries,KwaZulu-Natal
T000000614,A0000301,2024-10-25,20:18:05,Card Purchase,382.4,ATM,Successful,Telecoms,Western Cape
T000000615,A0001082,2026-07-24,19:29:54,Card Purchase,96.18,Internet Banking,Successful,Groceries,Gauteng
T000000616,A0000153,2026-07-28,20:28:42,Debit Order,2717.07,Internet Banking,Successful,N/A,Western Cape
T000000617,A0001027,2025-11-20,12:22:42,Payment,1486.63,Mobile App,Successful,Entertainment,Gauteng
T000000618,A0000082,2026-05-06,13:05:02,Card Purchase,2459.15,POS,Successful,Healthcare,KwaZulu-Natal
T000000619,A0002565,2026-07-06,09:43:02,Card Purchase,3965.92,Internet Banking,Successful,Telecoms,Western Cape
T000000620,A0001547,2026-05-09,07:22:18,Payment,175.75,POS,Successful,Groceries,Gauteng
T000000621,A0000135,2026-06-23,17:02:53,Debit Order,1157.31,ATM,Successful,N/A,Free State
T000000622,A0000301,2024-11-29,19:35:23,Card Purchase,352.45,Internet Banking,Successful,Retail,Western Cape
T000000623,A0000961,2025-08-22,07:58:05,Bank Fee,376.98,Internet Banking,Successful,N/A,Gauteng
T000000624,A0002051,2025-07-31,07:03:15,Withdrawal,1209.07,Internet Banking,Successful,N/A,Gauteng
T000000625,A0001392,2025-10-10,19:37:57,Card Purchase,271.58,Mobile App,Successful,Other,Gauteng
T000000626,A0001432,2025-12-20,09:23:32,Withdrawal,746.81,POS,Successful,N/A,Gauteng
T000000627,A0000876,2025-11-27,12:05:03,Payment,1544.78,Card,Successful,Utilities,Western Cape
T000000628,A0000268,2026-07-17,20:40:18,Card Purchase,152.99,Card,Successful,Entertainment,Western Cape
T000000629,A0002548,2026-04-18,21:08:34,Card Purchase,1834.36,Branch,Successful,Healthcare,Gauteng
T000000630,A0000563,2026-07-30,06:43:36,Transfer,1221.17,POS,Successful,N/A,Gauteng
T000000631,A0002052,2026-01-10,15:35:06,Card Purchase,190.48,ATM,Successful,Telecoms,Eastern Cape
T000000632,A0002908,2026-01-09,09:13:56,Card Purchase,2075.55,Mobile App,Successful,Travel,Gauteng
T000000633,A0002771,2026-02-24,11:34:38,Bank Fee,298.24,Mobile App,Successful,N/A,KwaZulu-Natal
T000000634,A0000764,2025-01-11,12:13:14,Card Purchase,3059.49,Mobile App,Successful,Entertainment,Eastern Cape
T000000635,A0000035,2026-04-22,19:14:51,Payment,347.28,ATM,Successful,Groceries,Eastern Cape
T000000636,A0002462,2025-07-27,14:14:44,Card Purchase,704.37,POS,Successful,Education,KwaZulu-Natal
T000000637,A0003004,2026-07-21,13:01:54,Transfer,1225.05,Card,Successful,N/A,Eastern Cape
T000000638,A0000043,2026-06-05,19:39:15,Card Purchase,424.08,Mobile App,Successful,Healthcare,Gauteng
T000000639,A0001006,2026-04-22,14:29:27,Debit Order,791.36,ATM,Successful,N/A,Mpumalanga
T000000640,A0001812,2026-02-27,18:21:00,Payment,382.54,POS,Successful,Entertainment,Gauteng
T000000641,A0001330,2026-06-29,17:58:40,Card Purchase,1653.99,Internet Banking,Successful,Restaurants,Gauteng
T000000642,A0002828,2023-11-29,14:02:37,Card Purchase,237.56,ATM,Successful,Retail,Western Cape
T000000643,A0001974,2026-07-10,09:41:38,Card Purchase,775.37,Card,Successful,Healthcare,KwaZulu-Natal
T000000644,A0002442,2026-05-12,13:40:59,Interest,2451.9,Mobile App,Successful,N/A,Western Cape
T000000645,A0002052,2026-05-06,13:51:22,Card Purchase,3633.8,Mobile App,Successful,Education,Eastern Cape
T000000646,A0002072,2025-08-29,08:29:30,Debit Order,128.75,Mobile App,Successful,N/A,Mpumalanga
T000000647,A0002386,2026-03-29,12:49:18,Withdrawal,146.85,ATM,Successful,N/A,Western Cape
T000000648,A0002294,2026-03-14,22:11:22,Card Purchase,306.35,Mobile App,Successful,Telecoms,Limpopo
T000000649,A0002973,2026-07-30,15:57:54,Card Purchase,487.9,Mobile App,Successful,Other,Western Cape
T000000650,A0000727,2025-10-18,12:04:00,Withdrawal,339.69,ATM,Successful,N/A,Gauteng
T000000651,A0001085,2025-12-18,07:24:17,Withdrawal,349.89,POS,Successful,N/A,Western Cape
T000000652,A0002646,2026-02-08,20:23:54,Transfer,472.95,Card,Successful,N/A,KwaZulu-Natal
T000000653,A0000269,2025-12-30,14:47:08,Bank Fee,201.17,POS,Successful,N/A,Free State
T000000654,A0001549,2025-10-24,19:27:12,Card Purchase,1549.01,Mobile App,Successful,Other,Gauteng
T000000655,A0000239,2024-06-01,21:11:56,Deposit,12400.48,POS,Successful,N/A,Gauteng
T000000656,A0002629,2024-09-18,21:16:35,Payment,5369.96,POS,Successful,Healthcare,Free State
T000000657,A0003113,2026-05-26,12:53:20,Interest,292.66,ATM,Successful,N/A,Limpopo
T000000658,A0001350,2025-02-25,17:48:10,Card Purchase,522.9,Mobile App,Successful,Entertainment,Western Cape
T000000659,A0002813,2026-03-28,20:15:59,Debit Order,459.19,POS,Successful,N/A,Gauteng
T000000660,A0000369,2026-06-22,16:41:55,Transfer,1791.97,Mobile App,Successful,N/A,Gauteng
T000000661,A0002619,2026-06-15,09:45:25,Withdrawal,302.13,Internet Banking,Successful,N/A,Gauteng
T000000662,A0001967,2026-04-01,13:53:40,Card Purchase,1567.74,POS,Successful,Utilities,North West
T000000663,A0002102,2024-11-13,12:02:56,Transfer,799.54,Mobile App,Successful,N/A,North West
T000000664,A0000658,2026-07-10,22:35:13,Debit Order,1086.96,POS,Successful,N/A,Limpopo
T000000665,A0001441,2025-10-24,11:59:06,Card Purchase,668.26,Mobile App,Successful,Utilities,Gauteng
T000000666,A0000038,2026-07-30,13:54:25,Card Purchase,1073.35,Card,Successful,Healthcare,Eastern Cape
T000000667,A0001831,2026-07-08,21:15:24,Deposit,2280.86,Internet Banking,Successful,N/A,Eastern Cape
T000000668,A0000933,2026-05-25,06:19:23,Transfer,570.1,ATM,Successful,N/A,Western Cape
T000000669,A0001302,2026-01-11,12:59:36,Transfer,409.25,Branch,Successful,N/A,Western Cape
T000000670,A0002604,2026-05-03,15:19:07,Transfer,1028.8,Card,Successful,N/A,Gauteng
T000000671,A0000750,2026-07-31,17:52:07,Transfer,3465.71,Card,Successful,N/A,Gauteng
T000000672,A0002329,2025-11-19,18:30:33,Debit Order,553.67,POS,Successful,N/A,Eastern Cape
T000000673,A0000838,2026-07-27,14:54:58,Transfer,147.54,Internet Banking,Successful,N/A,Free State
T000000674,A0001055,2026-06-24,10:58:43,Debit Order,1007.55,Card,Successful,N/A,Gauteng
T000000675,A0000196,2025-07-15,08:15:47,Payment,1106.06,Card,Successful,Entertainment,KwaZulu-Natal
T000000676,A0000168,2026-02-04,14:30:53,Card Purchase,373.86,Mobile App,Successful,Education,Free State
T000000677,A0001561,2026-03-12,08:51:26,Transfer,3540.08,Card,Successful,N/A,KwaZulu-Natal
T000000678,A0003008,2024-05-01,12:52:19,Card Purchase,590.79,Card,Failed,Utilities,Mpumalanga
T000000679,A0001545,2025-10-09,12:39:54,Payment,1234.22,Branch,Successful,Fuel,Gauteng
T000000680,A0000194,2026-05-31,18:42:02,Card Purchase,2908.23,Card,Successful,Fuel,North West
T000000681,A0001032,2026-04-07,17:53:59,Payment,292.19,POS,Successful,Groceries,Gauteng
T000000682,A0001841,2025-07-14,10:26:18,Card Purchase,334.55,Branch,Successful,Groceries,KwaZulu-Natal
T000000683,A0001750,2026-01-24,12:09:05,Transfer,114.01,Mobile App,Successful,N/A,Western Cape
T000000684,A0002698,2025-09-23,09:43:35,Transfer,189.42,ATM,Successful,N/A,Eastern Cape
T000000685,A0003098,2025-06-26,19:31:16,Deposit,502.54,ATM,Successful,N/A,Gauteng
T000000686,A0002164,2026-04-06,14:34:53,Card Purchase,2886.87,POS,Successful,Education,Gauteng
T000000687,A0000742,2025-12-17,16:11:22,Debit Order,1598.8,Card,Successful,N/A,Gauteng
T000000688,A0002960,2025-09-24,11:28:26,Bank Fee,732.71,ATM,Successful,N/A,Free State
T000000689,A0001490,2026-07-09,11:36:20,Withdrawal,948.1,Mobile App,Successful,N/A,KwaZulu-Natal
T000000690,A0002374,2025-10-21,07:44:28,Transfer,862.7,Mobile App,Successful,N/A,Eastern Cape
T000000691,A0003144,2026-07-18,16:57:20,Bank Fee,416.52,Internet Banking,Successful,N/A,Gauteng
T000000692,A0000067,2026-05-03,16:53:53,Debit Order,536.29,Card,Successful,N/A,KwaZulu-Natal
T000000693,A0000878,2025-02-20,12:31:31,Debit Order,720.45,Mobile App,Successful,N/A,KwaZulu-Natal
T000000694,A0002201,2026-06-08,15:31:38,Deposit,1155.04,POS,Successful,N/A,KwaZulu-Natal
T000000695,A0001345,2026-04-12,19:36:42,Debit Order,712.79,Mobile App,Successful,N/A,Gauteng
T000000696,A0002390,2026-05-19,16:28:53,Bank Fee,441.47,Mobile App,Successful,N/A,Gauteng
T000000697,A0000881,2025-09-28,12:10:16,Payment,550.57,Mobile App,Successful,Telecoms,North West
T000000698,A0002595,2025-08-04,11:40:53,Transfer,113.2,Mobile App,Successful,N/A,Gauteng
T000000699,A0003081,2026-07-06,11:34:00,Bank Fee,294.46,Branch,Successful,N/A,Gauteng
T000000700,A0000387,2025-10-30,18:25:56,Transfer,1458.79,ATM,Successful,N/A,Gauteng
T000000701,A0002563,2026-05-03,19:15:05,Card Purchase,744.53,Card,Successful,Groceries,KwaZulu-Natal
T000000702,A0002857,2026-07-05,08:38:14,Card Purchase,442.96,Card,Successful,Travel,Western Cape
T000000703,A0001638,2023-12-21,12:25:53,Withdrawal,5169.27,Mobile App,Successful,N/A,Western Cape
T000000704,A0000670,2026-06-06,19:09:41,Card Purchase,83.06,Card,Successful,Entertainment,Gauteng
T000000705,A0002629,2025-09-03,10:59:37,Card Purchase,520.45,Mobile App,Successful,Healthcare,Free State
T000000706,A0001766,2025-11-11,18:14:34,Card Purchase,963.25,Mobile App,Successful,Restaurants,Gauteng
T000000707,A0000460,2025-10-31,09:13:18,Transfer,1969.02,ATM,Successful,N/A,KwaZulu-Natal
T000000708,A0000752,2026-04-07,06:22:59,Card Purchase,951.91,Branch,Successful,Other,Gauteng
T000000709,A0000368,2022-05-30,10:25:32,Card Purchase,1668.8,POS,Successful,Telecoms,North West
T000000710,A0002894,2026-05-14,13:48:27,Transfer,469.27,Internet Banking,Successful,N/A,Gauteng
T000000711,A0000612,2025-11-08,19:23:28,Transfer,2179.44,Mobile App,Successful,N/A,Gauteng
T000000712,A0000396,2026-01-13,18:06:13,Debit Order,415.65,Mobile App,Successful,N/A,Gauteng
T000000713,A0000121,2024-11-25,20:09:22,Card Purchase,1643.1,Mobile App,Successful,Retail,Eastern Cape
T000000714,A0000109,2025-12-21,18:31:06,Card Purchase,103.64,Card,Successful,Utilities,Free State
T000000715,A0001940,2026-07-05,22:33:13,Bank Fee,644.03,POS,Successful,N/A,Eastern Cape
T000000716,A0000540,2026-03-12,22:19:03,Card Purchase,1507.22,Mobile App,Successful,Telecoms,Gauteng
T000000717,A0002601,2026-03-19,18:03:44,Transfer,530.56,Mobile App,Successful,N/A,Limpopo
T000000718,A0001739,2025-10-18,22:58:38,Card Purchase,562.61,Card,Successful,Education,Western Cape
T000000719,A0000510,2026-04-20,18:33:13,Withdrawal,189.34,Mobile App,Failed,N/A,Western Cape
T000000720,A0001649,2025-06-03,14:18:39,Payment,253.36,Mobile App,Successful,Entertainment,Gauteng
T000000721,A0002340,2026-07-27,21:08:18,Debit Order,478.99,Mobile App,Successful,N/A,Gauteng
T000000722,A0000293,2026-05-24,07:16:00,Withdrawal,157.93,Branch,Successful,N/A,Western Cape
T000000723,A0001866,2024-09-18,21:54:53,Payment,3805.32,Card,Successful,Entertainment,Western Cape
T000000724,A0000969,2026-05-23,12:41:56,Bank Fee,101.86,POS,Successful,N/A,Northern Cape
T000000725,A0000418,2026-05-17,08:45:37,Payment,167.91,Mobile App,Successful,Telecoms,KwaZulu-Natal
T000000726,A0000516,2025-07-11,13:58:03,Card Purchase,282.68,Mobile App,Successful,Healthcare,KwaZulu-Natal
T000000727,A0001445,2026-06-28,09:13:49,Debit Order,92.0,POS,Successful,N/A,Western Cape
T000000728,A0000060,2026-05-28,14:39:32,Withdrawal,2013.08,Mobile App,Successful,N/A,Gauteng
T000000729,A0002124,2025-07-20,13:51:13,Card Purchase,312.3,Mobile App,Successful,Education,Gauteng
T000000730,A0002752,2025-06-08,21:30:29,Deposit,620.63,Card,Successful,N/A,Gauteng
T000000731,A0002859,2026-04-10,19:08:50,Transfer,136.42,Mobile App,Successful,N/A,Gauteng
T000000732,A0002621,2026-01-23,09:03:25,Card Purchase,1426.54,POS,Successful,Other,Western Cape
T000000733,A0003086,2024-08-28,15:15:53,Card Purchase,654.78,Branch,Successful,Travel,Eastern Cape
T000000734,A0000247,2026-04-29,21:22:51,Transfer,2578.28,Mobile App,Successful,N/A,Gauteng
T000000735,A0001186,2026-04-24,17:52:16,Card Purchase,176.54,Mobile App,Successful,Travel,Western Cape
T000000736,A0000391,2026-06-19,07:24:26,Transfer,346.66,POS,Successful,N/A,Eastern Cape
T000000737,A0002809,2026-07-25,06:46:39,Withdrawal,242.3,Mobile App,Successful,N/A,Mpumalanga
T000000738,A0000050,2026-05-15,09:22:53,Payment,2978.48,POS,Successful,Groceries,Gauteng
T000000739,A0002554,2025-10-07,11:04:11,Deposit,5612.12,Card,Successful,N/A,Gauteng
T000000740,A0000779,2026-06-04,06:56:04,Card Purchase,637.26,Mobile App,Successful,Education,Gauteng
T000000741,A0001881,2023-03-10,06:36:58,Card Purchase,94.09,ATM,Successful,Telecoms,Gauteng
T000000742,A0001218,2026-01-20,18:26:39,Card Purchase,131.21,POS,Successful,Restaurants,Gauteng
T000000743,A0000287,2026-07-09,12:14:06,Transfer,269.84,POS,Successful,N/A,KwaZulu-Natal
T000000744,A0000130,2026-03-02,18:43:51,Deposit,5387.01,ATM,Successful,N/A,KwaZulu-Natal
T000000745,A0000088,2024-07-22,15:02:25,Deposit,12422.93,Branch,Successful,N/A,Limpopo
T000000746,A0002060,2026-07-10,19:44:36,Card Purchase,670.63,ATM,Successful,Healthcare,KwaZulu-Natal
T000000747,A0001992,2025-10-22,16:40:17,Card Purchase,313.47,POS,Successful,Telecoms,Gauteng
T000000748,A0002068,2025-12-30,12:04:15,Card Purchase,1473.63,Internet Banking,Successful,Retail,KwaZulu-Natal
T000000749,A0002472,2026-05-27,20:56:48,Deposit,34666.72,Branch,Successful,N/A,Eastern Cape
T000000750,A0001252,2026-03-31,12:07:01,Card Purchase,919.15,Card,Successful,Other,Gauteng
T000000751,A0000785,2024-03-27,19:42:53,Interest,319.78,Card,Successful,N/A,Western Cape
T000000752,A0002541,2026-07-28,14:27:39,Card Purchase,443.82,Card,Successful,Utilities,Gauteng
T000000753,A0000372,2026-03-12,21:24:48,Payment,877.16,Branch,Successful,Other,Gauteng
T000000754,A0000903,2026-05-05,07:14:27,Debit Order,1373.16,ATM,Successful,N/A,Gauteng
T000000755,A0002128,2026-07-17,16:34:40,Card Purchase,507.55,Internet Banking,Successful,Education,Gauteng
T000000756,A0001052,2026-07-23,12:33:51,Debit Order,2312.43,Mobile App,Successful,N/A,Mpumalanga
T000000757,A0002424,2026-07-16,15:07:42,Card Purchase,1141.65,POS,Failed,Education,Western Cape
T000000758,A0002747,2026-06-19,16:36:04,Transfer,424.4,POS,Failed,N/A,Gauteng
T000000759,A0002353,2026-07-01,16:34:26,Transfer,863.98,Mobile App,Successful,N/A,Limpopo
T000000760,A0001788,2026-07-18,06:03:53,Debit Order,338.36,Card,Successful,N/A,Gauteng
T000000761,A0002164,2026-02-05,07:04:12,Payment,242.64,Mobile App,Successful,Travel,Gauteng
T000000762,A0002383,2025-05-07,20:15:39,Bank Fee,239.23,Mobile App,Successful,N/A,Gauteng
T000000763,A0001041,2023-09-07,21:40:10,Payment,2580.03,Card,Successful,Retail,KwaZulu-Natal
T000000764,A0000369,2026-02-15,11:47:06,Bank Fee,176.03,ATM,Successful,N/A,Gauteng
T000000765,A0001912,2025-02-12,09:31:46,Payment,1401.7,Mobile App,Successful,Restaurants,KwaZulu-Natal
T000000766,A0002741,2025-10-22,18:19:17,Debit Order,3196.65,Card,Successful,N/A,Gauteng
T000000767,A0000537,2026-06-05,13:47:14,Transfer,1126.46,Internet Banking,Successful,N/A,Gauteng
T000000768,A0002745,2026-01-27,22:07:38,Bank Fee,309.65,POS,Successful,N/A,Limpopo
T000000769,A0000827,2026-07-21,21:20:43,Card Purchase,290.95,ATM,Successful,Entertainment,Mpumalanga
T000000770,A0000332,2025-12-10,20:15:16,Withdrawal,1432.31,ATM,Successful,N/A,Gauteng
T000000771,A0002280,2024-11-11,17:14:49,Transfer,1048.44,ATM,Successful,N/A,Eastern Cape
T000000772,A0001442,2026-06-14,20:04:49,Interest,1102.61,Mobile App,Successful,N/A,Eastern Cape
T000000773,A0001361,2026-05-19,07:52:36,Card Purchase,1155.75,Mobile App,Successful,Healthcare,Western Cape
T000000774,A0002696,2025-11-14,10:44:55,Bank Fee,506.36,POS,Successful,N/A,KwaZulu-Natal
T000000775,A0002077,2026-07-14,15:17:24,Transfer,321.41,Card,Successful,N/A,Eastern Cape
T000000776,A0001957,2024-03-01,15:28:06,Payment,566.14,POS,Successful,Fuel,Northern Cape
T000000777,A0002700,2025-08-14,13:50:41,Deposit,10954.91,Mobile App,Successful,N/A,Free State
T000000778,A0002155,2026-07-24,08:15:04,Debit Order,577.38,Branch,Successful,N/A,Eastern Cape
T000000779,A0002547,2026-07-12,16:23:18,Debit Order,452.78,ATM,Successful,N/A,Gauteng
T000000780,A0001032,2024-11-23,17:55:23,Debit Order,889.64,ATM,Successful,N/A,Gauteng
T000000781,A0000250,2026-07-24,13:19:08,Card Purchase,195.11,Branch,Successful,Healthcare,Gauteng
T000000782,A0000693,2024-12-18,08:00:19,Debit Order,881.11,Branch,Successful,N/A,Western Cape
T000000783,A0001820,2025-08-24,06:03:04,Withdrawal,1631.86,Mobile App,Successful,N/A,Mpumalanga
T000000784,A0000913,2026-03-29,16:03:43,Card Purchase,1251.19,POS,Successful,Retail,KwaZulu-Natal
T000000785,A0001340,2026-02-03,19:26:18,Withdrawal,228.43,Mobile App,Successful,N/A,KwaZulu-Natal
T000000786,A0002612,2025-10-10,12:44:29,Debit Order,180.74,Mobile App,Successful,N/A,Limpopo
T000000787,A0001210,2026-06-03,09:26:46,Card Purchase,582.18,POS,Successful,Healthcare,North West
T000000788,A0000502,2025-01-12,18:36:20,Deposit,5671.28,Card,Successful,N/A,Limpopo
T000000789,A0001680,2026-07-02,22:42:18,Card Purchase,1623.59,Mobile App,Successful,Healthcare,KwaZulu-Natal
T000000790,A0002656,2025-03-17,06:44:39,Card Purchase,123.61,Mobile App,Successful,Restaurants,Gauteng
T000000791,A0002043,2026-07-16,07:55:28,Deposit,2161.34,POS,Successful,N/A,KwaZulu-Natal
T000000792,A0002854,2026-07-30,17:00:43,Card Purchase,594.79,Mobile App,Successful,Telecoms,Gauteng
T000000793,A0002839,2023-12-09,18:15:36,Transfer,377.11,Mobile App,Successful,N/A,Gauteng
T000000794,A0000105,2026-03-04,18:13:52,Card Purchase,195.44,Mobile App,Successful,Entertainment,Eastern Cape
T000000795,A0002630,2025-07-30,15:18:21,Debit Order,668.96,POS,Successful,N/A,Gauteng
T000000796,A0002852,2024-11-07,14:11:17,Card Purchase,459.92,Card,Successful,Other,Mpumalanga
T000000797,A0001794,2025-01-29,16:56:09,Payment,1619.32,Mobile App,Successful,Utilities,Limpopo
T000000798,A0000217,2026-06-17,10:06:37,Transfer,1366.69,Card,Successful,N/A,KwaZulu-Natal
T000000799,A0002370,2025-11-22,08:26:42,Card Purchase,695.07,ATM,Failed,Travel,Gauteng
T000000800,A0002189,2025-11-28,18:47:27,Deposit,8193.28,POS,Successful,N/A,Western Cape
T000000801,A0002299,2026-07-03,10:34:44,Card Purchase,334.02,Mobile App,Successful,Telecoms,Northern Cape
T000000802,A0002873,2025-05-31,09:44:58,Transfer,160.41,Card,Successful,N/A,KwaZulu-Natal
T000000803,A0001577,2025-03-30,12:15:46,Withdrawal,697.47,Mobile App,Successful,N/A,Gauteng
T000000804,A0002510,2026-06-10,12:48:43,Deposit,218.31,POS,Successful,N/A,Eastern Cape
T000000805,A0002609,2025-08-14,20:11:50,Deposit,551.38,ATM,Successful,N/A,Eastern Cape
T000000806,A0000910,2026-07-12,11:02:10,Bank Fee,290.41,POS,Successful,N/A,KwaZulu-Natal
T000000807,A0000570,2026-03-03,16:53:20,Payment,434.6,Branch,Successful,Education,Gauteng
T000000808,A0003064,2026-02-11,11:54:42,Transfer,515.66,POS,Successful,N/A,Western Cape
T000000809,A0001569,2026-05-15,09:22:10,Card Purchase,835.3,Card,Successful,Fuel,Gauteng
T000000810,A0001916,2026-03-17,10:04:39,Card Purchase,1439.3,Mobile App,Successful,Restaurants,Gauteng
T000000811,A0003048,2025-07-22,09:20:34,Payment,353.03,Internet Banking,Successful,Education,KwaZulu-Natal
T000000812,A0000541,2026-02-19,08:02:20,Payment,476.82,Mobile App,Successful,Restaurants,KwaZulu-Natal
T000000813,A0000423,2026-07-08,14:56:41,Transfer,1091.06,Card,Successful,N/A,Free State
T000000814,A0002422,2025-07-18,16:23:17,Card Purchase,56.04,POS,Successful,Healthcare,Gauteng
T000000815,A0000186,2026-07-07,16:37:56,Withdrawal,202.98,POS,Successful,N/A,Gauteng
T000000816,A0003174,2026-07-21,10:22:57,Payment,252.66,Card,Successful,Groceries,Gauteng
T000000817,A0000954,2026-04-18,19:19:55,Card Purchase,295.31,Internet Banking,Successful,Restaurants,Eastern Cape
T000000818,A0001837,2026-05-13,17:24:18,Debit Order,2856.11,POS,Successful,N/A,Gauteng
T000000819,A0002983,2026-06-11,08:43:33,Bank Fee,292.98,Mobile App,Successful,N/A,Western Cape
T000000820,A0000453,2026-07-18,08:21:23,Card Purchase,652.12,Internet Banking,Successful,Restaurants,Western Cape
T000000821,A0001607,2025-04-28,07:34:27,Transfer,233.33,POS,Successful,N/A,KwaZulu-Natal
T000000822,A0000920,2026-07-18,21:14:01,Card Purchase,432.89,POS,Successful,Healthcare,Western Cape
T000000823,A0002759,2026-07-22,07:02:59,Debit Order,2166.3,Mobile App,Successful,N/A,Gauteng
T000000824,A0000742,2026-05-18,20:00:52,Payment,1074.04,Mobile App,Successful,Travel,Gauteng
T000000825,A0002906,2026-07-23,20:31:45,Card Purchase,6535.63,ATM,Successful,Fuel,Gauteng
T000000826,A0002410,2026-07-25,12:14:30,Transfer,279.45,Card,Successful,N/A,Gauteng
T000000827,A0001549,2025-07-23,16:17:13,Card Purchase,3986.61,ATM,Successful,Entertainment,Gauteng
T000000828,A0001493,2025-05-06,07:59:35,Transfer,655.54,Internet Banking,Successful,N/A,Gauteng
T000000829,A0000274,2026-05-04,21:37:50,Card Purchase,1620.61,POS,Successful,Education,KwaZulu-Natal
T000000830,A0001363,2025-11-01,12:27:39,Transfer,2483.57,Branch,Successful,N/A,Western Cape
T000000831,A0002796,2026-01-26,20:48:20,Card Purchase,358.87,Mobile App,Successful,Fuel,Free State
T000000832,A0002042,2025-11-28,21:42:29,Payment,1448.11,Card,Successful,Education,Eastern Cape
T000000833,A0000086,2025-03-24,13:46:18,Card Purchase,97.46,POS,Successful,Other,Western Cape
T000000834,A0002500,2026-06-20,12:53:22,Transfer,150.26,ATM,Successful,N/A,KwaZulu-Natal
T000000835,A0002252,2025-10-22,13:11:14,Bank Fee,273.86,ATM,Successful,N/A,Western Cape
T000000836,A0002076,2024-11-04,11:44:24,Debit Order,3249.47,POS,Successful,N/A,KwaZulu-Natal
T000000837,A0000013,2026-07-12,08:26:57,Deposit,3487.06,POS,Successful,N/A,Gauteng
T000000838,A0000026,2026-06-11,18:00:50,Bank Fee,260.65,Mobile App,Successful,N/A,Gauteng
T000000839,A0000228,2024-01-26,11:34:06,Card Purchase,176.52,Mobile App,Successful,Education,Mpumalanga
T000000840,A0001065,2025-02-25,22:06:22,Deposit,1168.64,Internet Banking,Successful,N/A,Eastern Cape
T000000841,A0000160,2024-09-15,07:55:25,Card Purchase,324.37,ATM,Successful,Other,Mpumalanga
T000000842,A0002411,2025-02-03,13:05:48,Card Purchase,601.25,ATM,Successful,Education,Gauteng
T000000843,A0000210,2026-01-22,18:13:17,Card Purchase,1490.71,Internet Banking,Successful,Telecoms,Gauteng
T000000844,A0001660,2026-02-18,22:10:44,Card Purchase,463.15,Mobile App,Successful,Entertainment,Eastern Cape
T000000845,A0000088,2024-08-22,14:57:15,Card Purchase,4239.75,Card,Successful,Education,Limpopo
T000000846,A0000296,2024-01-23,22:49:30,Card Purchase,151.51,Branch,Successful,Telecoms,Gauteng
T000000847,A0001031,2026-06-05,11:29:43,Bank Fee,720.14,Mobile App,Successful,N/A,Mpumalanga
T000000848,A0000378,2025-01-28,07:50:33,Payment,965.54,Mobile App,Successful,Travel,North West
T000000849,A0000141,2026-06-06,17:12:38,Transfer,2165.77,Card,Successful,N/A,Western Cape
T000000850,A0002086,2026-04-28,13:56:48,Transfer,533.85,Mobile App,Successful,N/A,Gauteng
T000000851,A0000420,2026-05-14,20:03:42,Card Purchase,597.83,Mobile App,Successful,Utilities,KwaZulu-Natal
T000000852,A0001003,2026-01-16,14:22:39,Deposit,541.35,Internet Banking,Successful,N/A,Gauteng
T000000853,A0001953,2025-10-27,08:09:39,Card Purchase,799.24,ATM,Successful,Fuel,Limpopo
T000000854,A0000192,2025-02-09,14:56:49,Card Purchase,405.81,Card,Successful,Entertainment,Western Cape
T000000855,A0000350,2026-06-30,15:04:05,Card Purchase,236.46,POS,Successful,Education,Gauteng
T000000856,A0000567,2026-06-29,13:09:52,Transfer,983.22,Card,Successful,N/A,Gauteng
T000000857,A0000448,2025-04-20,22:09:02,Card Purchase,1111.93,Mobile App,Successful,Fuel,Gauteng
T000000858,A0002252,2024-10-11,12:49:37,Card Purchase,3096.34,ATM,Successful,Restaurants,Western Cape
T000000859,A0002175,2026-06-18,21:32:32,Payment,225.29,Mobile App,Successful,Restaurants,Mpumalanga
T000000860,A0001854,2026-03-02,19:42:05,Deposit,1028.18,Internet Banking,Successful,N/A,Limpopo
T000000861,A0000851,2025-10-13,08:13:44,Debit Order,375.58,Card,Successful,N/A,KwaZulu-Natal
T000000862,A0002981,2025-07-18,08:31:55,Card Purchase,618.05,ATM,Failed,Telecoms,Gauteng
T000000863,A0003103,2026-02-19,21:26:47,Card Purchase,178.98,Card,Successful,Telecoms,Eastern Cape
T000000864,A0000025,2025-06-17,22:30:48,Card Purchase,485.03,Mobile App,Successful,Education,Limpopo
T000000865,A0000189,2026-07-03,06:16:09,Debit Order,634.77,ATM,Successful,N/A,North West
T000000866,A0002844,2026-06-09,18:54:35,Interest,2764.3,ATM,Successful,N/A,Limpopo
T000000867,A0000393,2026-07-03,17:19:20,Transfer,354.97,POS,Successful,N/A,Free State
T000000868,A0002908,2026-06-11,12:36:06,Transfer,992.2,Card,Successful,N/A,Gauteng
T000000869,A0001034,2026-05-12,15:24:07,Debit Order,3293.36,ATM,Failed,N/A,Gauteng
T000000870,A0002556,2026-07-03,14:18:09,Deposit,27161.85,POS,Successful,N/A,KwaZulu-Natal
T000000871,A0002482,2025-03-27,20:52:40,Card Purchase,1682.09,Mobile App,Successful,Entertainment,Gauteng
T000000872,A0002265,2026-02-27,14:49:15,Deposit,12756.37,POS,Successful,N/A,Limpopo
T000000873,A0002021,2026-04-01,22:01:08,Card Purchase,125.89,Mobile App,Successful,Fuel,Mpumalanga
T000000874,A0002820,2026-07-08,13:25:06,Card Purchase,643.82,Branch,Successful,Fuel,Western Cape
T000000875,A0002059,2026-07-27,12:57:20,Card Purchase,535.56,Mobile App,Successful,Travel,KwaZulu-Natal
T000000876,A0002074,2026-07-29,14:55:03,Payment,205.9,POS,Successful,Fuel,Western Cape
T000000877,A0002401,2026-04-21,12:43:30,Card Purchase,208.78,Mobile App,Successful,Travel,Free State
T000000878,A0003131,2025-11-09,21:42:08,Deposit,1041.88,Card,Successful,N/A,Mpumalanga
T000000879,A0001116,2024-09-17,19:32:00,Transfer,729.28,POS,Successful,N/A,Eastern Cape
T000000880,A0001870,2025-09-08,07:42:12,Card Purchase,444.97,Internet Banking,Successful,Retail,Western Cape
T000000881,A0002992,2026-04-15,18:08:55,Transfer,6497.37,ATM,Successful,N/A,Mpumalanga
T000000882,A0003048,2025-12-04,11:12:05,Interest,577.26,Card,Successful,N/A,KwaZulu-Natal
T000000883,A0001831,2026-07-14,07:55:53,Debit Order,271.82,ATM,Successful,N/A,Eastern Cape
T000000884,A0001079,2025-02-17,12:37:52,Deposit,8280.2,POS,Successful,N/A,Free State
T000000885,A0002367,2025-02-19,19:32:54,Transfer,4413.31,Card,Successful,N/A,Free State
T000000886,A0002812,2025-12-07,18:08:47,Interest,535.76,Card,Successful,N/A,Western Cape
T000000887,A0002717,2025-08-02,10:47:21,Card Purchase,2460.77,Internet Banking,Successful,Education,Western Cape
T000000888,A0001028,2024-12-14,20:19:44,Payment,519.6,Card,Successful,Restaurants,Western Cape
T000000889,A0000655,2025-05-02,06:12:14,Deposit,2676.83,Branch,Successful,N/A,North West
T000000890,A0001956,2026-04-25,15:26:07,Withdrawal,594.65,Branch,Successful,N/A,KwaZulu-Natal
T000000891,A0002565,2026-07-01,16:16:24,Transfer,154.23,ATM,Successful,N/A,Western Cape
T000000892,A0000148,2026-03-26,14:11:29,Deposit,2069.66,Mobile App,Successful,N/A,KwaZulu-Natal
T000000893,A0001492,2026-04-09,09:16:21,Card Purchase,1119.54,Mobile App,Successful,Other,KwaZulu-Natal
T000000894,A0001326,2023-06-02,13:57:27,Interest,695.01,ATM,Successful,N/A,Northern Cape
T000000895,A0002528,2026-03-08,20:45:29,Debit Order,642.03,Mobile App,Successful,N/A,KwaZulu-Natal
T000000896,A0000566,2026-04-10,14:09:45,Transfer,508.48,ATM,Successful,N/A,Gauteng
T000000897,A0002535,2024-11-06,14:26:17,Transfer,496.67,POS,Successful,N/A,Limpopo
T000000898,A0002757,2024-11-23,16:32:15,Withdrawal,772.83,ATM,Successful,N/A,Eastern Cape
T000000899,A0000761,2026-04-16,14:18:13,Card Purchase,604.45,POS,Successful,Travel,Gauteng
T000000900,A0003010,2026-07-21,15:11:51,Debit Order,4019.79,POS,Successful,N/A,KwaZulu-Natal
T000000901,A0002477,2026-04-04,08:35:07,Card Purchase,377.97,Card,Successful,Utilities,Mpumalanga
T000000902,A0001586,2025-12-27,22:35:21,Card Purchase,671.87,POS,Successful,Other,Western Cape
T000000903,A0000027,2026-02-05,21:48:52,Transfer,916.34,Mobile App,Successful,N/A,Limpopo
T000000904,A0000413,2026-06-01,09:47:12,Payment,282.46,Mobile App,Successful,Fuel,Gauteng
T000000905,A0002765,2026-03-22,15:08:49,Transfer,633.85,Mobile App,Successful,N/A,Western Cape
T000000906,A0001512,2026-04-19,15:57:55,Card Purchase,1139.61,Mobile App,Successful,Other,Gauteng
T000000907,A0000483,2026-02-03,08:00:41,Debit Order,89.52,ATM,Successful,N/A,KwaZulu-Natal
T000000908,A0000725,2026-07-18,12:15:07,Payment,2205.62,Mobile App,Successful,Travel,Free State
T000000909,A0000240,2024-10-28,13:54:19,Payment,1299.13,Mobile App,Failed,Healthcare,Western Cape
T000000910,A0000211,2026-05-11,07:06:59,Debit Order,892.02,Mobile App,Successful,N/A,Western Cape
T000000911,A0002417,2024-10-04,09:15:52,Payment,1824.81,Card,Successful,Retail,Limpopo
T000000912,A0001606,2026-04-24,06:22:58,Transfer,5413.61,Internet Banking,Successful,N/A,Gauteng
T000000913,A0001647,2024-08-18,16:13:07,Transfer,627.91,Internet Banking,Successful,N/A,Free State
T000000914,A0001514,2026-06-25,09:00:27,Transfer,127.3,Mobile App,Successful,N/A,KwaZulu-Natal
T000000915,A0001471,2025-02-07,09:26:24,Card Purchase,3349.37,ATM,Successful,Fuel,Western Cape
T000000916,A0001867,2026-07-04,16:49:21,Interest,693.87,Card,Successful,N/A,Gauteng
T000000917,A0002184,2025-07-10,15:13:40,Card Purchase,1382.22,Internet Banking,Successful,Restaurants,Western Cape
T000000918,A0001894,2026-05-25,19:01:48,Debit Order,411.76,Card,Successful,N/A,Western Cape
T000000919,A0002609,2025-12-18,12:03:59,Payment,454.7,POS,Successful,Telecoms,Eastern Cape
T000000920,A0002750,2026-06-23,22:42:20,Transfer,305.46,Mobile App,Successful,N/A,Mpumalanga
T000000921,A0002369,2026-05-02,19:14:01,Deposit,5317.86,Mobile App,Failed,N/A,Free State
T000000922,A0001170,2026-04-12,18:10:24,Card Purchase,553.98,ATM,Successful,Healthcare,KwaZulu-Natal
T000000923,A0002923,2026-07-02,11:59:11,Card Purchase,622.18,Branch,Successful,Fuel,Western Cape
T000000924,A0000086,2026-02-13,18:07:26,Debit Order,333.99,ATM,Successful,N/A,Western Cape
T000000925,A0001671,2026-02-24,21:37:11,Debit Order,1939.51,Mobile App,Successful,N/A,Gauteng
T000000926,A0000999,2026-07-15,15:36:56,Card Purchase,3152.36,Card,Successful,Travel,Eastern Cape
T000000927,A0001206,2026-06-05,12:19:43,Withdrawal,443.23,Mobile App,Successful,N/A,Western Cape
T000000928,A0001364,2026-06-01,18:41:51,Card Purchase,504.47,Card,Successful,Fuel,Limpopo
T000000929,A0001639,2026-06-01,16:24:50,Payment,410.44,Card,Successful,Groceries,Free State
T000000930,A0000511,2026-07-16,18:25:14,Card Purchase,2320.38,ATM,Successful,Fuel,KwaZulu-Natal
T000000931,A0002853,2026-07-11,13:40:38,Card Purchase,736.35,Internet Banking,Successful,Fuel,Gauteng
T000000932,A0000793,2024-03-30,09:18:33,Card Purchase,1796.8,ATM,Successful,Healthcare,North West
T000000933,A0003129,2026-05-14,12:22:44,Debit Order,326.1,Mobile App,Successful,N/A,Gauteng
T000000934,A0000667,2025-12-11,18:46:02,Card Purchase,721.86,POS,Successful,Fuel,Gauteng
T000000935,A0002502,2024-12-28,22:03:30,Transfer,217.79,Internet Banking,Failed,N/A,Gauteng
T000000936,A0002695,2025-11-08,13:29:09,Card Purchase,1881.41,Mobile App,Successful,Telecoms,Gauteng
T000000937,A0000631,2026-04-04,13:43:13,Withdrawal,1651.57,Mobile App,Successful,N/A,Gauteng
T000000938,A0000044,2026-01-15,21:31:06,Transfer,3779.81,Mobile App,Successful,N/A,Gauteng
T000000939,A0001342,2026-05-17,11:09:48,Deposit,3238.0,Card,Failed,N/A,KwaZulu-Natal
T000000940,A0002531,2025-10-28,13:32:09,Card Purchase,137.55,POS,Successful,Restaurants,Western Cape
T000000941,A0000930,2026-07-09,12:34:08,Transfer,193.06,Mobile App,Successful,N/A,Gauteng
T000000942,A0003135,2025-11-26,19:29:48,Deposit,727.03,ATM,Successful,N/A,Gauteng
T000000943,A0001430,2025-07-18,18:15:34,Card Purchase,662.9,Branch,Successful,Healthcare,Gauteng
T000000944,A0000756,2025-01-19,10:29:23,Debit Order,701.13,Internet Banking,Successful,N/A,Gauteng
T000000945,A0003051,2026-07-10,08:20:04,Card Purchase,120.59,ATM,Successful,Restaurants,KwaZulu-Natal
T000000946,A0002403,2026-06-03,18:09:55,Card Purchase,2075.08,Card,Successful,Utilities,Western Cape
T000000947,A0001744,2026-07-04,12:44:53,Debit Order,2590.8,Mobile App,Successful,N/A,Free State
T000000948,A0001395,2026-07-29,07:12:27,Interest,497.87,POS,Successful,N/A,Western Cape
T000000949,A0002030,2026-07-30,20:32:29,Transfer,216.48,Internet Banking,Successful,N/A,Western Cape
T000000950,A0000973,2026-03-23,10:16:46,Interest,667.35,POS,Successful,N/A,Free State
T000000951,A0000020,2025-02-20,20:13:07,Withdrawal,1390.88,ATM,Successful,N/A,Eastern Cape
T000000952,A0002908,2026-03-01,13:45:49,Card Purchase,3746.86,ATM,Successful,Healthcare,Gauteng
T000000953,A0001233,2026-07-13,09:01:14,Payment,2148.76,Mobile App,Successful,Fuel,Northern Cape
T000000954,A0003030,2025-12-16,08:59:08,Withdrawal,32.43,POS,Successful,N/A,Western Cape
T000000955,A0002152,2026-04-11,08:28:39,Card Purchase,308.13,Internet Banking,Successful,Groceries,KwaZulu-Natal
T000000956,A0003177,2026-04-27,14:28:50,Card Purchase,679.03,Branch,Successful,Fuel,KwaZulu-Natal
T000000957,A0000279,2026-03-22,15:25:47,Debit Order,775.82,Card,Successful,N/A,Gauteng
T000000958,A0000889,2026-07-29,06:02:48,Debit Order,1988.69,ATM,Successful,N/A,Gauteng
T000000959,A0001038,2026-07-23,15:00:55,Card Purchase,4539.71,Internet Banking,Successful,Fuel,Western Cape
T000000960,A0000359,2026-07-26,19:10:52,Card Purchase,90.05,ATM,Successful,Other,Limpopo
T000000961,A0000052,2026-04-10,07:35:01,Card Purchase,622.23,Mobile App,Successful,Utilities,Gauteng
T000000962,A0000242,2026-04-25,08:57:44,Card Purchase,1300.9,Mobile App,Successful,Groceries,Gauteng
T000000963,A0000607,2025-06-29,12:58:51,Withdrawal,996.23,POS,Successful,N/A,KwaZulu-Natal
T000000964,A0000525,2025-09-27,16:51:31,Deposit,2475.94,Card,Successful,N/A,Mpumalanga
T000000965,A0000187,2026-05-01,19:55:41,Transfer,13002.01,ATM,Successful,N/A,Gauteng
T000000966,A0002022,2026-07-16,18:14:10,Card Purchase,84.33,Mobile App,Successful,Healthcare,Eastern Cape
T000000967,A0001569,2026-06-02,18:37:14,Card Purchase,272.66,Mobile App,Successful,Restaurants,Gauteng
T000000968,A0000012,2026-06-21,09:14:13,Transfer,2995.32,ATM,Successful,N/A,Eastern Cape
T000000969,A0001908,2025-11-14,06:31:27,Transfer,516.32,ATM,Successful,N/A,Gauteng
T000000970,A0003125,2026-07-01,15:21:09,Transfer,2439.77,Branch,Successful,N/A,North West
T000000971,A0002445,2026-06-06,11:37:39,Card Purchase,6145.51,Internet Banking,Successful,Groceries,Western Cape
T000000972,A0002282,2026-06-29,08:39:10,Withdrawal,658.68,ATM,Failed,N/A,Mpumalanga
T000000973,A0002514,2026-03-08,11:01:37,Withdrawal,1492.72,POS,Successful,N/A,Western Cape
T000000974,A0001898,2026-05-15,08:06:57,Debit Order,1669.17,Mobile App,Successful,N/A,Gauteng
T000000975,A0001566,2025-08-05,06:15:33,Card Purchase,1693.78,Mobile App,Successful,Restaurants,KwaZulu-Natal
T000000976,A0000246,2026-01-24,13:16:54,Payment,317.38,Internet Banking,Successful,Restaurants,Mpumalanga
T000000977,A0000894,2026-02-08,22:46:39,Card Purchase,6942.08,ATM,Successful,Healthcare,North West
T000000978,A0000030,2026-07-19,12:59:28,Debit Order,283.63,Mobile App,Failed,N/A,North West
T000000979,A0001074,2025-02-08,11:05:43,Card Purchase,1531.79,POS,Successful,Entertainment,Gauteng
T000000980,A0001850,2026-06-20,07:14:31,Debit Order,500.67,Card,Successful,N/A,Western Cape
T000000981,A0000672,2026-02-24,08:33:57,Card Purchase,1796.21,POS,Successful,Restaurants,Western Cape
T000000982,A0000437,2026-05-08,11:35:54,Card Purchase,1645.62,Branch,Successful,Retail,Western Cape
T000000983,A0002619,2026-04-28,16:51:51,Payment,3150.33,POS,Successful,Entertainment,Gauteng
T000000984,A0000101,2026-07-30,12:34:34,Interest,117.75,Mobile App,Successful,N/A,Gauteng
T000000985,A0000321,2026-05-21,10:34:00,Card Purchase,491.71,ATM,Successful,Retail,Eastern Cape
T000000986,A0001704,2026-01-27,06:00:39,Card Purchase,1214.6,Branch,Successful,Groceries,Eastern Cape
T000000987,A0001749,2025-10-01,11:32:03,Card Purchase,229.94,Mobile App,Successful,Restaurants,Western Cape
T000000988,A0001281,2026-06-11,19:24:58,Transfer,739.64,ATM,Successful,N/A,Western Cape
T000000989,A0001015,2026-06-13,19:56:14,Transfer,69.61,Mobile App,Successful,N/A,Gauteng
T000000990,A0002656,2025-11-19,16:38:51,Withdrawal,495.96,Internet Banking,Successful,N/A,Gauteng
T000000991,A0000914,2026-07-31,06:43:06,Withdrawal,4368.84,Mobile App,Successful,N/A,Free State
T000000992,A0002242,2026-04-28,10:15:34,Card Purchase,1194.34,Branch,Successful,Utilities,Eastern Cape
T000000993,A0002039,2026-06-16,17:22:02,Withdrawal,10803.43,ATM,Successful,N/A,Western Cape
T000000994,A0001151,2026-07-27,20:23:31,Transfer,1224.09,Internet Banking,Successful,N/A,KwaZulu-Natal
T000000995,A0003044,2026-06-04,11:41:51,Card Purchase,2054.7,Card,Failed,Utilities,Western Cape
T000000996,A0000984,2026-05-10,10:43:23,Deposit,4774.56,Card,Successful,N/A,KwaZulu-Natal
T000000997,A0002788,2026-02-19,13:46:55,Deposit,9325.39,POS,Successful,N/A,Gauteng
T000000998,A0002179,2026-04-23,19:30:42,Payment,721.24,ATM,Successful,Groceries,Western Cape
T000000999,A0002007,2024-09-16,15:13:32,Deposit,3544.17,ATM,Successful,N/A,Free State
T000001000,A0003141,2026-07-20,19:43:04,Transfer,245.59,Internet Banking,Successful,N/A,Gauteng
T000001001,A0002061,2025-11-13,15:28:57,Card Purchase,986.66,Mobile App,Successful,Education,Limpopo
T000001002,A0001101,2024-01-20,21:09:27,Withdrawal,540.68,POS,Successful,N/A,Free State
T000001003,A0002592,2026-03-08,20:20:19,Card Purchase,417.27,Card,Successful,Retail,Western Cape
T000001004,A0002948,2025-11-02,07:05:29,Card Purchase,797.23,Mobile App,Successful,Travel,Gauteng
T000001005,A0002277,2025-08-24,16:56:24,Debit Order,453.05,POS,Successful,N/A,Gauteng
T000001006,A0000252,2026-07-28,06:26:07,Transfer,9000.46,Mobile App,Successful,N/A,Western Cape
T000001007,A0002616,2026-06-13,17:39:14,Transfer,586.42,POS,Successful,N/A,KwaZulu-Natal
T000001008,A0003010,2026-07-26,07:25:27,Transfer,3310.0,Card,Successful,N/A,KwaZulu-Natal
T000001009,A0002528,2026-06-09,22:59:56,Transfer,801.96,Internet Banking,Successful,N/A,KwaZulu-Natal
T000001010,A0001353,2026-03-06,11:55:47,Card Purchase,2943.11,Card,Successful,Other,Mpumalanga
T000001011,A0001697,2026-07-27,07:35:48,Interest,515.63,Internet Banking,Successful,N/A,Free State
T000001012,A0000898,2026-07-28,08:00:48,Transfer,1631.19,POS,Successful,N/A,Gauteng
T000001013,A0001342,2026-07-19,06:12:48,Transfer,1408.32,Card,Successful,N/A,KwaZulu-Natal
T000001014,A0002837,2025-04-16,12:43:41,Bank Fee,956.51,ATM,Successful,N/A,Western Cape
T000001015,A0000810,2025-08-06,21:44:46,Card Purchase,129.44,Card,Successful,Education,Gauteng
T000001016,A0000081,2026-06-21,21:06:16,Payment,547.74,Card,Successful,Entertainment,KwaZulu-Natal
T000001017,A0002279,2026-05-29,07:06:03,Transfer,11876.67,ATM,Successful,N/A,Western Cape
T000001018,A0001894,2026-05-17,11:41:07,Transfer,892.15,POS,Successful,N/A,Western Cape
T000001019,A0000205,2026-05-05,21:27:03,Card Purchase,861.33,Branch,Successful,Entertainment,KwaZulu-Natal
T000001020,A0003056,2024-04-03,17:10:58,Card Purchase,608.16,Mobile App,Successful,Utilities,Limpopo
T000001021,A0002443,2026-05-11,22:05:03,Card Purchase,4430.6,Mobile App,Successful,Entertainment,Western Cape
T000001022,A0002069,2025-08-07,11:50:15,Payment,1060.58,Mobile App,Successful,Travel,Gauteng
T000001023,A0000562,2026-07-31,15:15:49,Interest,2627.88,POS,Successful,N/A,Western Cape
T000001024,A0000074,2026-03-20,08:20:21,Card Purchase,890.0,ATM,Successful,Utilities,Gauteng
T000001025,A0002738,2026-07-24,17:56:56,Transfer,1362.13,POS,Successful,N/A,Gauteng
T000001026,A0001196,2026-03-24,18:32:25,Transfer,1617.45,Mobile App,Successful,N/A,Western Cape
T000001027,A0002112,2026-07-21,09:25:33,Transfer,320.06,Mobile App,Successful,N/A,KwaZulu-Natal
T000001028,A0000998,2024-07-25,07:43:17,Card Purchase,591.44,ATM,Successful,Healthcare,Gauteng
T000001029,A0000028,2025-12-26,19:40:09,Withdrawal,2683.31,Card,Successful,N/A,Gauteng
T000001030,A0001898,2025-07-27,12:09:31,Deposit,3405.94,ATM,Successful,N/A,Gauteng
T000001031,A0003019,2023-10-14,06:44:40,Transfer,373.18,Branch,Successful,N/A,Gauteng
T000001032,A0001068,2025-02-12,17:01:05,Debit Order,1269.63,Mobile App,Successful,N/A,North West
T000001033,A0001247,2026-07-31,18:16:24,Withdrawal,3516.2,Mobile App,Successful,N/A,Mpumalanga
T000001034,A0000450,2025-02-06,11:44:31,Bank Fee,308.55,Mobile App,Successful,N/A,KwaZulu-Natal
T000001035,A0002285,2026-06-23,19:19:52,Card Purchase,2290.04,POS,Successful,Fuel,Free State
T000001036,A0000844,2026-07-26,13:43:13,Card Purchase,1251.81,POS,Successful,Travel,Mpumalanga
T000001037,A0000118,2025-08-06,19:30:18,Debit Order,2060.24,Branch,Successful,N/A,Eastern Cape
T000001038,A0002057,2026-07-21,22:50:38,Debit Order,2085.07,Mobile App,Successful,N/A,Eastern Cape
T000001039,A0000525,2026-05-17,19:11:43,Payment,842.57,Internet Banking,Successful,Other,Mpumalanga
T000001040,A0001706,2026-06-02,14:01:20,Deposit,8276.44,ATM,Successful,N/A,Free State
T000001041,A0001654,2025-09-28,13:27:23,Card Purchase,470.3,Branch,Successful,Fuel,Eastern Cape
T000001042,A0002477,2026-06-18,17:59:46,Payment,313.21,Card,Successful,Telecoms,Mpumalanga
T000001043,A0002978,2024-07-12,20:28:52,Debit Order,958.32,ATM,Successful,N/A,Mpumalanga
T000001044,A0002263,2026-06-16,21:00:41,Card Purchase,625.85,Branch,Successful,Healthcare,Limpopo
T000001045,A0000110,2025-05-22,06:31:56,Transfer,790.23,Internet Banking,Successful,N/A,Gauteng
T000001046,A0001285,2026-03-27,13:27:23,Card Purchase,226.86,POS,Successful,Restaurants,Free State
T000001047,A0000278,2025-06-18,16:41:13,Transfer,1756.09,POS,Successful,N/A,Gauteng
T000001048,A0001493,2025-08-17,07:05:44,Debit Order,768.56,Mobile App,Successful,N/A,Gauteng
T000001049,A0000090,2026-07-28,06:19:14,Transfer,366.51,ATM,Successful,N/A,KwaZulu-Natal
T000001050,A0001644,2025-11-19,17:45:40,Card Purchase,1302.2,Card,Successful,Healthcare,Western Cape
T000001051,A0000323,2025-10-17,06:08:29,Payment,1368.42,Card,Successful,Entertainment,Eastern Cape
T000001052,A0003031,2025-01-05,13:49:38,Payment,5495.85,POS,Successful,Healthcare,Eastern Cape
T000001053,A0001207,2026-05-30,15:18:36,Bank Fee,1091.93,POS,Successful,N/A,KwaZulu-Natal
T000001054,A0002555,2026-05-05,12:50:05,Deposit,3996.4,Card,Successful,N/A,KwaZulu-Natal
T000001055,A0002287,2024-10-09,11:40:26,Card Purchase,866.83,Mobile App,Successful,Other,Free State
T000001056,A0001480,2026-07-23,06:38:05,Payment,91.18,Card,Failed,Retail,Eastern Cape
T000001057,A0001137,2025-07-01,18:13:55,Card Purchase,1753.37,Branch,Successful,Entertainment,Gauteng
T000001058,A0001415,2023-07-06,14:31:39,Card Purchase,1433.76,ATM,Successful,Utilities,Mpumalanga
T000001059,A0003070,2026-07-04,07:15:22,Debit Order,2015.56,Mobile App,Successful,N/A,Eastern Cape
T000001060,A0001526,2024-03-16,13:32:07,Payment,6402.96,Internet Banking,Successful,Healthcare,Gauteng
T000001061,A0003189,2026-07-17,08:16:04,Bank Fee,593.23,ATM,Successful,N/A,Western Cape
T000001062,A0001908,2025-12-30,19:04:56,Withdrawal,1064.22,Mobile App,Successful,N/A,Gauteng
T000001063,A0001233,2026-05-21,06:12:54,Transfer,2851.54,Mobile App,Successful,N/A,Northern Cape
T000001064,A0000858,2026-05-23,14:44:38,Card Purchase,834.25,POS,Successful,Other,Gauteng
T000001065,A0002444,2025-11-24,15:14:10,Transfer,303.62,Branch,Successful,N/A,KwaZulu-Natal
T000001066,A0002162,2025-03-19,20:00:50,Transfer,1183.92,Card,Successful,N/A,Gauteng
T000001067,A0001365,2026-07-14,16:37:30,Debit Order,2410.89,Mobile App,Successful,N/A,Gauteng
T000001068,A0003119,2023-09-25,10:46:15,Debit Order,537.28,Branch,Successful,N/A,Eastern Cape
T000001069,A0001057,2026-02-20,12:32:23,Debit Order,219.36,Internet Banking,Successful,N/A,Gauteng
T000001070,A0003142,2025-03-21,13:12:24,Transfer,339.79,ATM,Successful,N/A,North West
T000001071,A0001519,2023-08-26,12:22:15,Transfer,403.81,ATM,Successful,N/A,Western Cape
T000001072,A0001554,2025-10-10,11:35:52,Card Purchase,461.69,Mobile App,Successful,Education,Northern Cape
T000001073,A0002898,2026-03-11,06:51:13,Deposit,2360.79,POS,Failed,N/A,KwaZulu-Natal
T000001074,A0001637,2026-06-07,12:15:09,Card Purchase,1421.45,ATM,Successful,Entertainment,Western Cape
T000001075,A0002428,2026-06-10,09:45:33,Debit Order,1409.13,Card,Successful,N/A,Mpumalanga
T000001076,A0003054,2025-09-15,07:08:38,Transfer,3834.77,Internet Banking,Successful,N/A,Eastern Cape
T000001077,A0000027,2026-05-29,19:24:06,Card Purchase,1759.34,Mobile App,Successful,Groceries,Limpopo
T000001078,A0000968,2025-11-04,16:44:28,Bank Fee,763.15,Mobile App,Successful,N/A,KwaZulu-Natal
T000001079,A0002383,2026-05-29,10:37:04,Payment,330.19,POS,Successful,Telecoms,Gauteng
T000001080,A0000486,2026-05-22,13:04:31,Debit Order,693.15,POS,Successful,N/A,Gauteng
T000001081,A0001339,2026-05-23,12:59:50,Interest,475.21,POS,Successful,N/A,KwaZulu-Natal
T000001082,A0002426,2026-07-18,16:31:42,Transfer,2048.19,Mobile App,Successful,N/A,KwaZulu-Natal
T000001083,A0000371,2026-06-14,21:53:24,Card Purchase,559.42,ATM,Successful,Other,KwaZulu-Natal
T000001084,A0002086,2026-04-21,18:16:52,Transfer,304.16,Card,Successful,N/A,Gauteng
T000001085,A0000089,2024-09-19,22:41:26,Debit Order,39.61,POS,Successful,N/A,Western Cape
T000001086,A0000319,2026-04-11,18:38:05,Card Purchase,3413.49,Card,Successful,Travel,Free State
T000001087,A0002970,2026-06-13,22:30:49,Payment,153.16,POS,Successful,Travel,Limpopo
T000001088,A0000441,2025-10-03,08:44:06,Bank Fee,419.77,Internet Banking,Successful,N/A,Free State
T000001089,A0003186,2026-01-22,11:32:43,Withdrawal,990.02,POS,Successful,N/A,KwaZulu-Natal
T000001090,A0003085,2026-01-15,20:10:40,Card Purchase,607.46,Internet Banking,Successful,Travel,Gauteng
T000001091,A0000441,2025-08-29,14:57:09,Card Purchase,906.42,Mobile App,Successful,Restaurants,Free State
T000001092,A0001294,2026-07-21,19:35:28,Deposit,7089.22,Card,Successful,N/A,Gauteng
T000001093,A0000840,2024-02-10,11:46:26,Card Purchase,306.5,ATM,Successful,Fuel,Northern Cape
T000001094,A0001284,2026-06-29,22:48:59,Card Purchase,891.98,ATM,Failed,Telecoms,Western Cape
T000001095,A0000992,2025-09-29,16:06:21,Transfer,248.87,POS,Successful,N/A,Gauteng
T000001096,A0001654,2024-08-02,12:18:46,Card Purchase,6047.32,Branch,Successful,Fuel,Eastern Cape
T000001097,A0002152,2026-06-12,19:29:26,Payment,169.85,Mobile App,Successful,Telecoms,KwaZulu-Natal
T000001098,A0000833,2025-10-10,07:09:29,Transfer,488.45,Card,Successful,N/A,Gauteng
T000001099,A0002023,2026-06-24,10:14:30,Card Purchase,1259.99,POS,Successful,Healthcare,KwaZulu-Natal
T000001100,A0002367,2025-03-30,12:42:58,Payment,488.95,Internet Banking,Successful,Restaurants,Free State
T000001101,A0001426,2026-06-05,22:06:09,Debit Order,1950.52,Mobile App,Successful,N/A,Western Cape
T000001102,A0001711,2025-09-15,14:34:27,Transfer,1100.28,Card,Successful,N/A,KwaZulu-Natal
T000001103,A0002894,2026-04-28,16:37:34,Bank Fee,1123.9,POS,Successful,N/A,Gauteng
T000001104,A0002336,2026-07-03,08:51:15,Payment,203.66,Mobile App,Successful,Groceries,Gauteng
T000001105,A0001385,2026-07-24,08:56:45,Withdrawal,1032.51,Card,Successful,N/A,Northern Cape
T000001106,A0000674,2026-07-02,09:00:39,Transfer,2614.38,Internet Banking,Successful,N/A,Gauteng
T000001107,A0000350,2026-06-27,08:38:05,Transfer,554.13,POS,Successful,N/A,Gauteng
T000001108,A0002264,2025-12-12,14:28:17,Transfer,1691.41,Mobile App,Successful,N/A,Gauteng
T000001109,A0000660,2024-12-24,12:08:37,Payment,310.63,Mobile App,Successful,Restaurants,Gauteng
T000001110,A0002434,2026-01-20,06:15:01,Payment,256.47,POS,Successful,Entertainment,Mpumalanga
T000001111,A0000516,2025-05-14,13:51:00,Transfer,129.09,ATM,Successful,N/A,KwaZulu-Natal
T000001112,A0002010,2026-07-17,18:57:23,Card Purchase,552.72,ATM,Successful,Fuel,Western Cape
T000001113,A0000743,2025-11-13,20:33:31,Debit Order,1004.07,Internet Banking,Successful,N/A,North West
T000001114,A0001273,2026-04-18,16:29:19,Card Purchase,1081.09,Card,Successful,Travel,KwaZulu-Natal
T000001115,A0000074,2026-07-13,21:48:54,Transfer,615.83,POS,Successful,N/A,Gauteng
T000001116,A0001361,2026-07-22,14:07:45,Deposit,12698.73,Branch,Successful,N/A,Western Cape
T000001117,A0002884,2026-01-26,06:28:27,Withdrawal,812.77,Card,Successful,N/A,Western Cape
T000001118,A0002385,2026-07-21,18:32:35,Transfer,793.96,Mobile App,Successful,N/A,Gauteng
T000001119,A0002532,2025-05-21,13:42:19,Card Purchase,1156.87,Mobile App,Successful,Travel,Gauteng
T000001120,A0001545,2025-12-18,19:56:32,Interest,781.84,Mobile App,Successful,N/A,Gauteng
T000001121,A0000042,2025-12-21,08:52:47,Card Purchase,154.11,POS,Successful,Retail,Limpopo
T000001122,A0000431,2026-02-18,12:27:03,Card Purchase,1191.81,ATM,Successful,Entertainment,Gauteng
T000001123,A0001869,2026-07-21,07:37:33,Card Purchase,35.03,Internet Banking,Successful,Fuel,Western Cape
T000001124,A0001510,2025-05-23,06:56:13,Card Purchase,147.22,Mobile App,Successful,Travel,KwaZulu-Natal
T000001125,A0002355,2026-02-26,12:53:36,Card Purchase,288.3,Branch,Successful,Retail,Gauteng
T000001126,A0003194,2023-08-29,13:34:03,Transfer,1465.86,Branch,Successful,N/A,Limpopo
T000001127,A0001117,2026-02-24,21:33:17,Transfer,1111.23,Card,Successful,N/A,Mpumalanga
T000001128,A0002005,2026-07-10,14:43:31,Debit Order,2490.79,Branch,Successful,N/A,Free State
T000001129,A0003136,2025-11-02,07:45:25,Transfer,149.52,Card,Successful,N/A,KwaZulu-Natal
T000001130,A0002777,2026-03-10,15:37:24,Payment,2006.66,POS,Successful,Telecoms,Western Cape
T000001131,A0001879,2026-07-29,06:44:50,Payment,442.93,Internet Banking,Successful,Utilities,Western Cape
T000001132,A0002063,2024-08-13,15:16:59,Transfer,640.61,Mobile App,Successful,N/A,Gauteng
T000001133,A0000920,2026-07-07,15:08:34,Withdrawal,238.4,Mobile App,Successful,N/A,Western Cape
T000001134,A0000217,2026-06-19,15:06:59,Debit Order,6546.52,Internet Banking,Successful,N/A,KwaZulu-Natal
T000001135,A0002662,2026-07-20,12:15:18,Transfer,586.8,Mobile App,Successful,N/A,Mpumalanga
T000001136,A0001712,2026-07-20,19:09:16,Transfer,338.26,POS,Successful,N/A,Western Cape
T000001137,A0001126,2026-07-11,22:12:23,Debit Order,1284.76,POS,Successful,N/A,Eastern Cape
T000001138,A0002318,2026-02-08,16:00:37,Interest,153.44,Mobile App,Successful,N/A,Gauteng
T000001139,A0000777,2023-11-06,07:40:11,Card Purchase,1342.55,Mobile App,Successful,Healthcare,Gauteng
T000001140,A0000464,2024-05-21,15:16:26,Interest,3751.55,Card,Successful,N/A,Gauteng
T000001141,A0003112,2025-08-22,13:56:14,Transfer,306.54,Card,Successful,N/A,KwaZulu-Natal
T000001142,A0001585,2026-01-18,18:13:49,Card Purchase,124.37,Card,Successful,Entertainment,Limpopo
T000001143,A0000749,2026-06-28,12:02:16,Card Purchase,1551.74,Card,Successful,Other,KwaZulu-Natal
T000001144,A0001594,2026-06-18,17:23:53,Payment,170.67,Mobile App,Successful,Healthcare,Limpopo
T000001145,A0001988,2026-07-30,17:49:43,Debit Order,868.01,ATM,Successful,N/A,Limpopo
T000001146,A0000528,2025-11-24,06:02:36,Debit Order,256.34,Card,Successful,N/A,Western Cape
T000001147,A0000350,2026-06-30,11:25:05,Withdrawal,508.76,Mobile App,Successful,N/A,Gauteng
T000001148,A0001989,2026-04-02,18:00:10,Card Purchase,612.18,Mobile App,Successful,Education,KwaZulu-Natal
T000001149,A0001036,2025-10-13,07:00:35,Card Purchase,445.08,Branch,Successful,Education,KwaZulu-Natal
T000001150,A0000820,2026-04-03,11:57:33,Card Purchase,233.89,ATM,Successful,Other,Western Cape
T000001151,A0001976,2026-07-19,14:02:55,Debit Order,3746.37,Internet Banking,Successful,N/A,Western Cape
T000001152,A0001002,2026-02-01,15:55:27,Card Purchase,959.48,Internet Banking,Failed,Restaurants,Western Cape
T000001153,A0002559,2026-06-24,13:34:07,Interest,941.31,Mobile App,Successful,N/A,Eastern Cape
T000001154,A0000195,2026-07-18,09:01:10,Debit Order,317.68,ATM,Successful,N/A,Gauteng
T000001155,A0002467,2026-06-11,07:05:19,Deposit,1373.71,Mobile App,Successful,N/A,Eastern Cape
T000001156,A0000386,2026-07-22,20:54:53,Card Purchase,180.63,Internet Banking,Successful,Healthcare,Gauteng
T000001157,A0001357,2026-07-20,08:52:42,Transfer,303.21,Card,Successful,N/A,KwaZulu-Natal
T000001158,A0003150,2026-06-25,18:33:47,Card Purchase,941.19,Branch,Successful,Entertainment,Gauteng
T000001159,A0000694,2025-07-25,18:24:15,Withdrawal,841.62,Card,Successful,N/A,Gauteng
T000001160,A0000055,2024-12-27,20:13:35,Transfer,1910.67,ATM,Successful,N/A,Gauteng
T000001161,A0001105,2026-07-18,07:45:17,Card Purchase,743.13,Branch,Successful,Education,Limpopo
T000001162,A0002043,2026-06-25,11:49:19,Payment,1020.08,Card,Successful,Fuel,KwaZulu-Natal
T000001163,A0000690,2026-02-03,12:32:26,Payment,267.49,Mobile App,Successful,Other,Gauteng
T000001164,A0001539,2026-07-25,07:47:40,Debit Order,976.53,Card,Successful,N/A,KwaZulu-Natal
T000001165,A0002645,2026-01-07,13:38:32,Card Purchase,1666.94,Card,Successful,Other,Eastern Cape
T000001166,A0002689,2025-10-22,19:36:34,Debit Order,444.43,Internet Banking,Successful,N/A,Gauteng
T000001167,A0001454,2025-03-25,22:11:30,Payment,284.75,POS,Successful,Healthcare,Gauteng
T000001168,A0002367,2025-06-15,21:07:50,Card Purchase,1419.53,Mobile App,Successful,Groceries,Free State
T000001169,A0000190,2025-11-21,14:00:33,Bank Fee,287.66,POS,Successful,N/A,Gauteng
T000001170,A0001115,2026-04-15,14:10:00,Card Purchase,728.08,Mobile App,Successful,Utilities,Western Cape
T000001171,A0000447,2025-07-22,17:39:02,Withdrawal,1000.26,ATM,Successful,N/A,Gauteng
T000001172,A0002016,2026-04-10,19:10:28,Card Purchase,748.92,ATM,Failed,Restaurants,Gauteng
T000001173,A0001860,2026-01-09,11:30:36,Card Purchase,78.46,Branch,Successful,Utilities,North West
T000001174,A0002500,2026-07-07,20:33:28,Debit Order,451.63,POS,Successful,N/A,KwaZulu-Natal
T000001175,A0002467,2026-07-18,15:07:28,Card Purchase,3116.88,POS,Successful,Telecoms,Eastern Cape
T000001176,A0001048,2026-02-23,15:48:47,Card Purchase,260.3,Mobile App,Successful,Healthcare,Limpopo
T000001177,A0000639,2026-07-26,11:07:21,Transfer,384.63,Card,Successful,N/A,Gauteng
T000001178,A0000436,2025-09-25,21:14:41,Debit Order,1030.55,Internet Banking,Successful,N/A,Limpopo
T000001179,A0002530,2024-10-06,15:22:07,Bank Fee,377.36,POS,Successful,N/A,Gauteng
T000001180,A0002073,2025-12-06,15:06:22,Debit Order,1113.64,Mobile App,Successful,N/A,KwaZulu-Natal
T000001181,A0001010,2025-05-07,21:17:44,Card Purchase,105.4,Mobile App,Successful,Education,KwaZulu-Natal
T000001182,A0001518,2026-02-18,18:48:25,Debit Order,1535.41,Mobile App,Successful,N/A,Mpumalanga
T000001183,A0002211,2025-12-13,12:54:08,Card Purchase,326.48,POS,Successful,Utilities,Western Cape
T000001184,A0003130,2026-01-29,21:05:00,Card Purchase,1148.84,POS,Successful,Travel,Gauteng
T000001185,A0002983,2026-07-30,21:38:18,Debit Order,1157.24,Mobile App,Successful,N/A,Western Cape
T000001186,A0001122,2026-07-24,17:19:10,Payment,612.75,ATM,Successful,Utilities,KwaZulu-Natal
T000001187,A0001245,2026-07-14,18:14:24,Bank Fee,540.91,Card,Successful,N/A,Gauteng
T000001188,A0003124,2025-07-28,16:10:28,Card Purchase,1901.94,ATM,Successful,Restaurants,Mpumalanga
T000001189,A0000751,2025-10-05,20:22:51,Payment,1079.25,Card,Successful,Utilities,Mpumalanga
T000001190,A0001175,2025-04-27,17:25:24,Card Purchase,3017.46,Internet Banking,Successful,Retail,Gauteng
T000001191,A0003088,2025-06-18,14:34:19,Transfer,1176.0,Branch,Successful,N/A,Gauteng
T000001192,A0002797,2025-06-14,10:26:05,Transfer,156.55,Mobile App,Successful,N/A,Eastern Cape
T000001193,A0000825,2026-04-15,19:53:36,Bank Fee,810.91,ATM,Successful,N/A,Western Cape
T000001194,A0002122,2026-04-08,08:07:13,Card Purchase,3623.66,Mobile App,Successful,Education,Free State
T000001195,A0001206,2026-07-08,19:30:29,Card Purchase,1157.56,POS,Successful,Restaurants,Western Cape
T000001196,A0002145,2026-04-03,14:06:15,Card Purchase,1781.65,Mobile App,Successful,Entertainment,Gauteng
T000001197,A0003167,2026-04-28,11:29:27,Transfer,3292.53,Card,Successful,N/A,Western Cape
T000001198,A0002922,2025-10-22,19:07:46,Transfer,233.46,Mobile App,Successful,N/A,Western Cape
T000001199,A0000125,2026-01-20,12:23:57,Withdrawal,479.73,POS,Successful,N/A,Western Cape
T000001200,A0001526,2024-12-21,16:20:44,Transfer,462.21,Internet Banking,Successful,N/A,Gauteng
T000001201,A0000865,2026-07-18,06:15:28,Debit Order,1418.5,Internet Banking,Successful,N/A,Gauteng
T000001202,A0003107,2026-05-02,18:39:54,Card Purchase,131.51,Mobile App,Successful,Retail,Limpopo
T000001203,A0000527,2026-07-20,21:47:05,Payment,460.64,Internet Banking,Successful,Other,Western Cape
T000001204,A0001950,2026-05-16,15:36:17,Card Purchase,1098.18,Branch,Successful,Entertainment,Free State
T000001205,A0003192,2024-10-08,07:24:24,Transfer,922.02,Card,Successful,N/A,Northern Cape
T000001206,A0001975,2026-06-30,20:56:05,Card Purchase,432.08,POS,Successful,Education,Mpumalanga
T000001207,A0000924,2025-04-19,09:34:28,Transfer,100.19,Internet Banking,Successful,N/A,Eastern Cape
T000001208,A0002429,2026-05-22,11:54:20,Card Purchase,450.29,POS,Successful,Fuel,Gauteng
T000001209,A0002367,2025-12-24,22:34:07,Payment,354.71,POS,Successful,Other,Free State
T000001210,A0000979,2025-06-16,16:04:31,Debit Order,515.12,POS,Successful,N/A,Mpumalanga
T000001211,A0002885,2026-02-09,21:21:50,Payment,2787.86,ATM,Successful,Travel,KwaZulu-Natal
T000001212,A0002996,2026-05-22,12:24:12,Card Purchase,255.88,Mobile App,Successful,Utilities,KwaZulu-Natal
T000001213,A0001612,2026-03-19,18:55:23,Withdrawal,2050.87,Mobile App,Successful,N/A,KwaZulu-Natal
T000001214,A0001309,2026-03-27,13:11:54,Transfer,4911.81,Mobile App,Successful,N/A,Mpumalanga
T000001215,A0002980,2025-11-02,12:52:27,Withdrawal,616.99,Mobile App,Successful,N/A,Mpumalanga
T000001216,A0000939,2026-05-25,10:41:02,Card Purchase,1469.65,Branch,Successful,Travel,Western Cape
T000001217,A0000012,2026-06-28,14:57:07,Deposit,1474.36,POS,Successful,N/A,Eastern Cape
T000001218,A0001577,2024-09-01,18:02:56,Transfer,180.49,Card,Successful,N/A,Gauteng
T000001219,A0001530,2025-06-30,21:24:55,Payment,5219.94,Card,Successful,Education,KwaZulu-Natal
T000001220,A0001830,2025-03-21,21:20:52,Card Purchase,79.73,Mobile App,Successful,Telecoms,Gauteng
T000001221,A0000283,2026-03-02,17:55:22,Payment,806.81,Card,Successful,Restaurants,Western Cape
T000001222,A0001061,2026-05-24,12:44:03,Card Purchase,852.08,Internet Banking,Successful,Groceries,Gauteng
T000001223,A0001671,2026-03-21,22:05:59,Transfer,550.95,POS,Successful,N/A,Gauteng
T000001224,A0000115,2026-07-31,10:44:10,Transfer,818.13,Mobile App,Successful,N/A,Gauteng
T000001225,A0002148,2026-06-26,08:21:36,Withdrawal,499.36,Mobile App,Successful,N/A,Gauteng
T000001226,A0001973,2026-06-22,10:17:12,Transfer,1865.56,Mobile App,Successful,N/A,Gauteng
T000001227,A0000266,2026-06-10,20:21:50,Card Purchase,230.43,POS,Successful,Restaurants,Gauteng
T000001228,A0002578,2026-05-20,21:31:34,Card Purchase,1494.74,Card,Successful,Telecoms,Gauteng
T000001229,A0000365,2026-03-04,21:32:27,Bank Fee,775.43,Mobile App,Successful,N/A,Eastern Cape
T000001230,A0000230,2025-09-07,22:13:39,Transfer,1228.92,Mobile App,Successful,N/A,Gauteng
T000001231,A0000709,2024-07-15,21:22:01,Card Purchase,808.52,Branch,Successful,Other,Gauteng
T000001232,A0002364,2026-07-28,18:10:20,Payment,2776.89,POS,Successful,Healthcare,Gauteng
T000001233,A0000454,2026-06-02,15:27:35,Card Purchase,657.42,Mobile App,Successful,Utilities,Western Cape
T000001234,A0003051,2026-06-07,09:56:27,Card Purchase,1895.74,POS,Successful,Education,KwaZulu-Natal
T000001235,A0000674,2026-04-29,07:20:44,Deposit,1891.38,Card,Successful,N/A,Gauteng
T000001236,A0002541,2026-05-05,15:55:15,Transfer,995.18,Card,Successful,N/A,Gauteng
T000001237,A0003084,2026-07-31,19:14:11,Card Purchase,1518.39,Internet Banking,Successful,Fuel,Gauteng
T000001238,A0001336,2026-06-20,07:16:57,Deposit,2135.46,Card,Successful,N/A,North West
T000001239,A0000738,2026-07-12,09:05:36,Debit Order,1563.15,POS,Successful,N/A,KwaZulu-Natal
T000001240,A0002817,2026-07-19,12:53:41,Debit Order,404.97,Mobile App,Successful,N/A,Gauteng
T000001241,A0003119,2024-01-06,22:51:07,Transfer,365.23,Branch,Successful,N/A,Eastern Cape
T000001242,A0000359,2026-05-25,09:47:43,Transfer,273.55,Internet Banking,Successful,N/A,Limpopo
T000001243,A0002824,2024-06-26,09:55:18,Deposit,3880.67,Card,Successful,N/A,Western Cape
T000001244,A0001442,2026-07-15,22:34:08,Debit Order,2003.91,Internet Banking,Successful,N/A,Eastern Cape
T000001245,A0002136,2025-11-05,16:58:40,Transfer,248.07,POS,Successful,N/A,KwaZulu-Natal
T000001246,A0001394,2026-07-23,11:56:02,Card Purchase,1114.49,ATM,Successful,Travel,North West
T000001247,A0001646,2025-12-22,17:22:20,Payment,650.6,Internet Banking,Successful,Utilities,North West
T000001248,A0000284,2025-07-17,06:35:28,Debit Order,719.66,Card,Successful,N/A,Western Cape
T000001249,A0001773,2025-01-27,22:17:08,Transfer,1495.27,Card,Successful,N/A,Western Cape
T000001250,A0002136,2025-12-28,22:47:16,Bank Fee,255.11,Card,Successful,N/A,KwaZulu-Natal
T000001251,A0001344,2026-02-27,17:41:48,Card Purchase,403.45,Internet Banking,Successful,Other,Western Cape
T000001252,A0002228,2026-07-30,10:54:42,Card Purchase,720.62,Card,Successful,Restaurants,Western Cape
T000001253,A0003126,2025-11-06,06:43:19,Debit Order,377.2,Branch,Successful,N/A,Gauteng
T000001254,A0001028,2024-11-25,18:41:33,Card Purchase,670.28,Mobile App,Successful,Groceries,Western Cape
T000001255,A0002543,2026-01-30,17:20:00,Payment,441.93,Internet Banking,Successful,Education,Western Cape
T000001256,A0000855,2026-07-16,16:53:32,Transfer,361.15,POS,Successful,N/A,Mpumalanga
T000001257,A0001475,2026-07-12,11:54:47,Card Purchase,2130.41,ATM,Successful,Retail,KwaZulu-Natal
T000001258,A0000891,2026-03-27,10:06:14,Card Purchase,1226.52,Mobile App,Successful,Telecoms,Western Cape
T000001259,A0002207,2026-07-22,20:38:22,Card Purchase,806.88,Card,Successful,Fuel,Mpumalanga
T000001260,A0002190,2026-07-20,09:40:09,Withdrawal,236.97,Mobile App,Successful,N/A,Gauteng
T000001261,A0001427,2026-03-04,08:22:34,Card Purchase,1348.31,Card,Successful,Groceries,Free State
T000001262,A0000197,2023-10-22,12:00:02,Withdrawal,1023.29,POS,Successful,N/A,KwaZulu-Natal
T000001263,A0001283,2026-06-29,10:49:08,Card Purchase,1562.92,ATM,Successful,Entertainment,KwaZulu-Natal
T000001264,A0000286,2026-02-03,08:18:38,Card Purchase,2142.98,Branch,Successful,Entertainment,Mpumalanga
T000001265,A0000214,2025-12-29,18:41:59,Transfer,368.07,Card,Successful,N/A,KwaZulu-Natal
T000001266,A0001242,2026-04-04,08:31:31,Card Purchase,523.32,Mobile App,Successful,Other,KwaZulu-Natal
T000001267,A0002121,2026-05-22,17:17:41,Transfer,383.27,Mobile App,Successful,N/A,Free State
T000001268,A0003159,2026-01-20,06:26:26,Card Purchase,254.54,POS,Successful,Travel,KwaZulu-Natal
T000001269,A0000486,2025-10-27,09:55:53,Payment,2945.92,Card,Successful,Restaurants,Gauteng
T000001270,A0000053,2025-07-10,13:29:06,Card Purchase,1067.28,Mobile App,Successful,Travel,Gauteng
T000001271,A0002335,2026-07-23,07:14:04,Interest,387.69,ATM,Successful,N/A,Mpumalanga
T000001272,A0002906,2026-07-22,08:52:29,Transfer,2367.17,Card,Successful,N/A,Gauteng
T000001273,A0002222,2026-04-22,15:45:17,Payment,5217.41,Internet Banking,Successful,Telecoms,Western Cape
T000001274,A0000344,2025-11-25,18:49:19,Card Purchase,979.71,POS,Successful,Other,Mpumalanga
T000001275,A0001387,2025-12-20,14:19:18,Debit Order,390.54,Mobile App,Successful,N/A,Western Cape
T000001276,A0002848,2024-09-29,22:45:07,Withdrawal,699.47,Internet Banking,Successful,N/A,Gauteng
T000001277,A0002792,2026-03-14,09:06:53,Debit Order,393.85,Card,Successful,N/A,Free State
T000001278,A0002710,2024-10-05,14:47:09,Card Purchase,3589.22,POS,Successful,Groceries,Gauteng
T000001279,A0000875,2026-07-28,14:35:54,Card Purchase,340.44,Mobile App,Successful,Utilities,Western Cape
T000001280,A0003083,2026-01-30,09:35:12,Card Purchase,1301.19,Card,Successful,Groceries,KwaZulu-Natal
T000001281,A0000325,2026-06-19,06:07:27,Payment,746.27,Card,Successful,Groceries,Western Cape
T000001282,A0000346,2026-05-12,13:52:23,Transfer,351.94,ATM,Successful,N/A,KwaZulu-Natal
T000001283,A0000118,2025-02-02,09:04:32,Card Purchase,302.66,Internet Banking,Successful,Telecoms,Eastern Cape
T000001284,A0000745,2024-10-02,17:02:42,Transfer,261.75,Card,Successful,N/A,Eastern Cape
T000001285,A0002147,2026-07-17,11:34:09,Transfer,970.58,Card,Successful,N/A,Gauteng
T000001286,A0000949,2025-12-04,21:43:42,Card Purchase,1089.06,Card,Successful,Utilities,Western Cape
T000001287,A0001464,2025-10-05,06:27:49,Card Purchase,56.23,Mobile App,Successful,Other,Eastern Cape
T000001288,A0000503,2026-06-14,14:25:08,Card Purchase,6783.9,Mobile App,Successful,Fuel,Eastern Cape
T000001289,A0001167,2026-04-05,19:18:05,Payment,804.62,Card,Successful,Retail,Eastern Cape
T000001290,A0002156,2026-05-14,12:28:07,Card Purchase,242.56,POS,Successful,Groceries,Western Cape
T000001291,A0001203,2025-06-19,09:59:33,Transfer,323.43,Mobile App,Successful,N/A,KwaZulu-Natal
T000001292,A0001916,2026-03-16,15:00:53,Card Purchase,558.11,Mobile App,Failed,Travel,Gauteng
T000001293,A0002960,2025-08-09,21:37:15,Withdrawal,507.89,Branch,Successful,N/A,Free State
T000001294,A0003165,2026-06-09,07:00:36,Deposit,1166.05,Mobile App,Successful,N/A,Gauteng
T000001295,A0001909,2026-04-10,22:21:30,Transfer,441.21,Card,Successful,N/A,Gauteng
T000001296,A0001364,2026-06-26,19:42:31,Transfer,1480.21,Card,Successful,N/A,Limpopo
T000001297,A0002223,2026-03-05,17:03:33,Withdrawal,838.54,POS,Successful,N/A,Gauteng
T000001298,A0001497,2026-07-06,10:51:52,Deposit,1791.72,Mobile App,Successful,N/A,Limpopo
T000001299,A0001735,2026-05-24,19:42:48,Bank Fee,517.34,Card,Successful,N/A,KwaZulu-Natal
T000001300,A0002966,2026-06-30,07:18:00,Debit Order,789.25,Card,Successful,N/A,Eastern Cape
T000001301,A0000648,2026-06-26,19:20:39,Transfer,277.34,ATM,Successful,N/A,Gauteng
T000001302,A0002696,2025-06-08,10:48:47,Transfer,563.07,Card,Successful,N/A,KwaZulu-Natal
T000001303,A0001074,2025-08-13,06:06:49,Withdrawal,155.05,ATM,Successful,N/A,Gauteng
T000001304,A0002124,2025-04-17,07:30:27,Card Purchase,550.12,Branch,Successful,Restaurants,Gauteng
T000001305,A0002776,2026-04-18,08:59:20,Interest,1423.52,Card,Successful,N/A,Western Cape
T000001306,A0000282,2026-07-30,16:09:36,Transfer,1882.7,Card,Successful,N/A,Limpopo
T000001307,A0002743,2026-04-03,18:48:25,Debit Order,317.58,Mobile App,Successful,N/A,Western Cape
T000001308,A0001546,2024-05-07,07:56:27,Card Purchase,1411.19,ATM,Successful,Travel,Western Cape
T000001309,A0001798,2026-01-10,18:07:57,Transfer,2216.91,POS,Successful,N/A,Western Cape
T000001310,A0002061,2026-02-25,08:24:22,Payment,74.0,Card,Successful,Fuel,Limpopo
T000001311,A0000435,2026-07-28,08:51:39,Interest,678.73,Mobile App,Failed,N/A,KwaZulu-Natal
T000001312,A0000354,2025-06-24,18:02:55,Card Purchase,981.75,Card,Successful,Education,Gauteng
T000001313,A0002004,2026-03-18,08:06:37,Deposit,6309.92,Branch,Successful,N/A,Limpopo
T000001314,A0001876,2025-04-28,09:18:11,Transfer,4085.01,Card,Successful,N/A,Limpopo
T000001315,A0001698,2025-06-12,17:37:00,Payment,231.54,ATM,Successful,Education,Western Cape
T000001316,A0000396,2026-01-20,20:23:09,Withdrawal,532.88,Branch,Successful,N/A,Gauteng
T000001317,A0001286,2024-06-21,13:05:01,Card Purchase,4242.68,ATM,Successful,Fuel,Western Cape
T000001318,A0002271,2026-06-17,11:24:00,Debit Order,82.42,Internet Banking,Successful,N/A,Mpumalanga
T000001319,A0002395,2026-07-24,12:31:20,Card Purchase,164.23,Internet Banking,Successful,Fuel,KwaZulu-Natal
T000001320,A0002383,2026-06-06,20:24:44,Transfer,1532.77,Mobile App,Successful,N/A,Gauteng
T000001321,A0003000,2026-06-04,06:39:28,Card Purchase,9087.4,POS,Successful,Travel,Western Cape
T000001322,A0000385,2026-03-03,21:15:45,Transfer,468.5,Mobile App,Successful,N/A,Eastern Cape
T000001323,A0001642,2025-10-24,17:10:16,Transfer,1781.24,Card,Successful,N/A,Gauteng
T000001324,A0001895,2026-07-06,19:17:14,Withdrawal,87.1,ATM,Successful,N/A,Free State
T000001325,A0001681,2026-06-01,18:01:43,Withdrawal,753.91,Card,Successful,N/A,Western Cape
T000001326,A0001377,2025-12-31,19:07:39,Deposit,4855.91,Mobile App,Successful,N/A,Western Cape
T000001327,A0002654,2026-06-02,11:31:26,Transfer,777.3,ATM,Successful,N/A,Gauteng
T000001328,A0001415,2024-01-21,06:04:54,Withdrawal,480.51,Branch,Successful,N/A,Mpumalanga
T000001329,A0000433,2026-05-11,09:33:33,Transfer,646.01,Mobile App,Successful,N/A,Western Cape
T000001330,A0002426,2026-07-28,07:06:23,Payment,337.37,Internet Banking,Successful,Restaurants,KwaZulu-Natal
T000001331,A0003173,2023-12-27,13:22:01,Card Purchase,657.37,ATM,Successful,Telecoms,Western Cape
T000001332,A0001966,2026-06-20,18:24:29,Transfer,444.33,Mobile App,Successful,N/A,Western Cape
T000001333,A0001289,2026-03-12,21:12:37,Card Purchase,940.14,Card,Successful,Education,Western Cape
T000001334,A0000120,2026-02-25,12:04:33,Interest,515.05,POS,Successful,N/A,Free State
T000001335,A0001003,2026-03-23,20:07:24,Debit Order,817.65,Mobile App,Successful,N/A,Gauteng
T000001336,A0001178,2026-07-01,10:17:10,Card Purchase,107.46,Mobile App,Successful,Utilities,North West
T000001337,A0002646,2026-04-06,19:35:37,Card Purchase,952.24,Card,Successful,Telecoms,KwaZulu-Natal
T000001338,A0002911,2025-09-09,06:24:35,Card Purchase,652.72,ATM,Successful,Education,North West
T000001339,A0002272,2023-07-24,13:11:50,Bank Fee,8322.59,Mobile App,Successful,N/A,Western Cape
T000001340,A0002457,2026-07-23,12:22:33,Deposit,4253.4,Card,Successful,N/A,Limpopo
T000001341,A0002403,2025-11-20,16:22:33,Card Purchase,613.91,Internet Banking,Successful,Other,Western Cape
T000001342,A0003159,2026-03-10,07:57:41,Transfer,355.27,POS,Successful,N/A,KwaZulu-Natal
T000001343,A0000539,2026-03-17,21:57:36,Deposit,3988.36,ATM,Successful,N/A,Gauteng
T000001344,A0001086,2026-01-13,11:56:14,Card Purchase,348.88,ATM,Successful,Fuel,Gauteng
T000001345,A0001146,2025-12-16,07:46:56,Transfer,3127.23,Card,Successful,N/A,Western Cape
T000001346,A0001431,2025-05-16,09:37:33,Payment,982.66,Card,Successful,Retail,KwaZulu-Natal
T000001347,A0002003,2026-05-22,17:35:49,Withdrawal,1184.36,Mobile App,Successful,N/A,KwaZulu-Natal
T000001348,A0002370,2026-06-03,13:22:00,Debit Order,743.21,Card,Successful,N/A,Gauteng
T000001349,A0002527,2026-04-17,15:37:10,Card Purchase,653.08,Mobile App,Successful,Utilities,Gauteng
T000001350,A0000069,2025-12-13,13:36:10,Card Purchase,1871.9,Mobile App,Successful,Groceries,North West
T000001351,A0000674,2026-02-03,21:29:45,Payment,412.38,Branch,Successful,Travel,Gauteng
T000001352,A0000312,2026-07-22,10:19:52,Card Purchase,239.75,Mobile App,Successful,Fuel,Gauteng
T000001353,A0001529,2026-05-08,07:07:37,Debit Order,405.1,POS,Successful,N/A,Gauteng
T000001354,A0001469,2026-07-09,09:20:17,Card Purchase,1237.49,Mobile App,Successful,Restaurants,Western Cape
T000001355,A0001175,2025-08-31,11:40:19,Card Purchase,375.84,ATM,Successful,Groceries,Gauteng
T000001356,A0002273,2025-09-02,14:01:11,Debit Order,1197.55,POS,Successful,N/A,Gauteng
T000001357,A0000145,2025-10-26,16:39:35,Transfer,974.54,Card,Successful,N/A,Mpumalanga
T000001358,A0001747,2026-03-02,07:50:53,Card Purchase,1097.89,POS,Failed,Travel,KwaZulu-Natal
T000001359,A0000499,2026-07-16,07:09:09,Card Purchase,89.04,POS,Successful,Groceries,Western Cape
T000001360,A0003173,2024-11-09,21:24:32,Transfer,1247.04,Card,Successful,N/A,Western Cape
T000001361,A0003082,2026-07-24,14:49:23,Payment,114.35,ATM,Successful,Other,KwaZulu-Natal
T000001362,A0002819,2026-06-06,12:32:26,Card Purchase,219.92,POS,Successful,Travel,Eastern Cape
T000001363,A0002032,2026-05-05,20:06:19,Withdrawal,501.55,ATM,Successful,N/A,Gauteng
T000001364,A0001492,2026-04-12,20:16:54,Deposit,3141.71,Mobile App,Successful,N/A,KwaZulu-Natal
T000001365,A0002259,2024-10-01,20:20:08,Transfer,668.34,Card,Successful,N/A,Western Cape
T000001366,A0000015,2024-03-18,18:16:32,Card Purchase,1372.33,Branch,Successful,Retail,Northern Cape
T000001367,A0001904,2024-06-10,07:14:11,Transfer,898.21,Mobile App,Successful,N/A,Free State
T000001368,A0002243,2026-07-29,16:59:28,Withdrawal,724.69,Internet Banking,Successful,N/A,Western Cape
T000001369,A0002663,2026-06-14,09:09:04,Card Purchase,4055.86,Branch,Successful,Education,Western Cape
T000001370,A0001557,2026-07-10,08:08:09,Transfer,3360.0,POS,Successful,N/A,Gauteng
T000001371,A0000028,2026-07-28,15:11:29,Debit Order,413.64,Mobile App,Successful,N/A,Gauteng
T000001372,A0000913,2025-12-25,17:24:54,Transfer,974.63,Mobile App,Successful,N/A,KwaZulu-Natal
T000001373,A0000456,2025-11-16,06:54:35,Bank Fee,454.11,Mobile App,Successful,N/A,Free State
T000001374,A0003165,2026-06-24,19:25:01,Card Purchase,524.13,Internet Banking,Successful,Retail,Gauteng
T000001375,A0000596,2026-07-12,08:03:45,Debit Order,351.49,Mobile App,Successful,N/A,Eastern Cape
T000001376,A0000130,2026-06-11,09:21:53,Card Purchase,536.49,Mobile App,Successful,Education,KwaZulu-Natal
T000001377,A0001198,2026-04-09,11:04:24,Card Purchase,1492.26,ATM,Successful,Telecoms,Gauteng
T000001378,A0002402,2026-03-20,22:31:35,Card Purchase,831.66,Mobile App,Successful,Groceries,Western Cape
T000001379,A0000532,2026-05-04,19:19:32,Transfer,1979.05,Card,Successful,N/A,Gauteng
T000001380,A0002845,2026-05-12,14:41:57,Transfer,1092.41,Card,Successful,N/A,Western Cape
T000001381,A0001145,2026-05-30,07:02:11,Card Purchase,3300.01,Branch,Successful,Education,North West
T000001382,A0000341,2026-05-13,22:37:45,Debit Order,941.1,ATM,Successful,N/A,Free State
T000001383,A0002016,2026-05-15,15:55:40,Card Purchase,1299.1,Internet Banking,Successful,Restaurants,Gauteng
T000001384,A0000279,2025-12-13,13:42:08,Transfer,1309.17,Mobile App,Successful,N/A,Gauteng
T000001385,A0002393,2026-05-14,15:59:59,Payment,598.3,Card,Successful,Groceries,Free State
T000001386,A0001518,2025-11-04,08:57:26,Card Purchase,784.24,Mobile App,Successful,Restaurants,Mpumalanga
T000001387,A0000321,2026-06-26,07:07:47,Debit Order,576.05,Internet Banking,Successful,N/A,Eastern Cape
T000001388,A0000515,2026-04-30,08:24:55,Card Purchase,757.4,POS,Successful,Retail,KwaZulu-Natal
T000001389,A0002236,2025-12-22,13:31:47,Card Purchase,448.75,POS,Successful,Telecoms,Eastern Cape
T000001390,A0001850,2025-08-05,19:21:33,Card Purchase,451.01,Card,Successful,Groceries,Western Cape
T000001391,A0001691,2026-03-13,08:06:09,Deposit,6861.21,POS,Successful,N/A,Gauteng
T000001392,A0002693,2026-03-28,14:32:53,Card Purchase,2805.98,Mobile App,Successful,Healthcare,Gauteng
T000001393,A0001454,2026-04-08,06:11:56,Payment,500.99,Card,Successful,Healthcare,Gauteng
T000001394,A0002996,2025-12-03,22:02:35,Transfer,770.61,Internet Banking,Successful,N/A,KwaZulu-Natal
T000001395,A0001273,2026-04-20,16:12:20,Transfer,399.6,POS,Successful,N/A,KwaZulu-Natal
T000001396,A0000707,2025-05-06,16:30:45,Transfer,71.36,Card,Successful,N/A,Limpopo
T000001397,A0003162,2026-06-03,14:13:39,Card Purchase,585.95,Card,Successful,Restaurants,Northern Cape
T000001398,A0001419,2025-10-25,13:07:19,Card Purchase,881.58,Mobile App,Successful,Groceries,Gauteng
T000001399,A0002575,2026-02-10,16:04:48,Deposit,1610.19,POS,Successful,N/A,KwaZulu-Natal
T000001400,A0000538,2025-11-13,15:58:48,Withdrawal,587.45,Internet Banking,Successful,N/A,Western Cape
T000001401,A0002628,2025-07-12,22:18:04,Card Purchase,772.31,ATM,Successful,Groceries,KwaZulu-Natal
T000001402,A0002664,2026-07-22,10:03:15,Transfer,84.3,Card,Successful,N/A,Gauteng
T000001403,A0000180,2025-11-25,19:39:49,Withdrawal,1232.8,Mobile App,Successful,N/A,KwaZulu-Natal
T000001404,A0000923,2024-12-12,17:59:47,Deposit,1444.85,Mobile App,Successful,N/A,Gauteng
T000001405,A0000003,2026-04-23,12:12:02,Payment,1515.59,Card,Successful,Restaurants,Eastern Cape
T000001406,A0000210,2026-02-08,19:33:07,Card Purchase,671.39,POS,Successful,Travel,Gauteng
T000001407,A0002733,2026-07-23,16:29:44,Transfer,855.4,POS,Successful,N/A,Western Cape
T000001408,A0002683,2025-11-26,07:44:01,Card Purchase,216.82,POS,Successful,Travel,Gauteng
T000001409,A0000814,2026-05-24,09:25:19,Card Purchase,125.7,Branch,Successful,Utilities,KwaZulu-Natal
T000001410,A0000864,2025-12-16,21:19:53,Deposit,1974.26,POS,Successful,N/A,Western Cape
T000001411,A0001808,2026-04-09,21:12:30,Card Purchase,5289.75,POS,Successful,Telecoms,Gauteng
T000001412,A0003056,2024-04-24,13:11:42,Card Purchase,1474.9,POS,Successful,Other,Limpopo
T000001413,A0002848,2026-02-24,13:26:04,Card Purchase,833.92,Mobile App,Successful,Entertainment,Gauteng
T000001414,A0002983,2026-06-25,14:35:57,Withdrawal,1099.17,ATM,Successful,N/A,Western Cape
T000001415,A0000187,2025-09-28,12:22:36,Transfer,2937.36,Card,Successful,N/A,Gauteng
T000001416,A0000731,2026-03-15,18:42:24,Payment,73.99,Internet Banking,Successful,Other,Western Cape
T000001417,A0003180,2025-06-26,06:38:01,Card Purchase,1733.87,Internet Banking,Successful,Groceries,Gauteng
T000001418,A0002363,2026-07-24,19:16:01,Debit Order,55.87,ATM,Successful,N/A,Gauteng
T000001419,A0002491,2026-07-19,14:48:13,Card Purchase,883.11,Internet Banking,Successful,Entertainment,Limpopo
T000001420,A0000462,2023-12-03,20:00:26,Card Purchase,432.17,Mobile App,Reversed,Groceries,KwaZulu-Natal
T000001421,A0000685,2026-06-24,17:46:59,Transfer,1745.04,Mobile App,Successful,N/A,KwaZulu-Natal
T000001422,A0000183,2025-09-29,16:15:27,Bank Fee,340.77,Internet Banking,Successful,N/A,Gauteng
T000001423,A0001600,2026-06-06,21:24:30,Deposit,1172.85,Card,Successful,N/A,Mpumalanga
T000001424,A0002224,2026-03-27,12:48:49,Transfer,873.66,POS,Successful,N/A,Limpopo
T000001425,A0002407,2026-05-20,06:55:17,Card Purchase,687.36,Mobile App,Successful,Groceries,Western Cape
T000001426,A0002225,2024-02-19,16:50:51,Deposit,14098.07,ATM,Successful,N/A,KwaZulu-Natal
T000001427,A0000405,2026-06-07,17:31:27,Transfer,2866.96,Mobile App,Successful,N/A,KwaZulu-Natal
T000001428,A0001648,2023-08-09,09:45:25,Transfer,1148.95,ATM,Successful,N/A,Limpopo
T000001429,A0002521,2026-07-15,17:21:14,Payment,609.97,Mobile App,Successful,Restaurants,KwaZulu-Natal
T000001430,A0002336,2026-02-08,16:46:09,Card Purchase,457.39,Mobile App,Successful,Utilities,Gauteng
T000001431,A0002888,2026-07-28,16:49:28,Payment,876.02,Mobile App,Successful,Telecoms,Gauteng
T000001432,A0001783,2026-07-18,13:17:50,Payment,54.7,Internet Banking,Successful,Healthcare,KwaZulu-Natal
T000001433,A0001556,2025-11-07,21:08:42,Card Purchase,2391.52,Mobile App,Successful,Telecoms,Gauteng
T000001434,A0000524,2026-06-07,14:43:41,Card Purchase,909.31,Card,Successful,Groceries,North West
T000001435,A0001032,2025-11-05,20:48:35,Deposit,5186.12,Internet Banking,Successful,N/A,Gauteng
T000001436,A0000289,2026-07-10,16:51:14,Card Purchase,126.41,ATM,Successful,Healthcare,Mpumalanga
T000001437,A0002267,2026-07-13,19:37:42,Transfer,447.62,POS,Successful,N/A,Gauteng
T000001438,A0000712,2026-07-28,15:18:13,Card Purchase,805.37,ATM,Successful,Restaurants,North West
T000001439,A0001064,2026-07-01,10:53:37,Payment,3364.64,Mobile App,Successful,Education,Western Cape
T000001440,A0002990,2025-10-16,08:56:17,Deposit,2666.3,POS,Successful,N/A,Free State
T000001441,A0001104,2025-08-10,14:16:45,Debit Order,190.12,ATM,Successful,N/A,Western Cape
T000001442,A0003195,2026-07-13,11:44:11,Transfer,136.58,POS,Successful,N/A,Limpopo
T000001443,A0001636,2026-07-22,11:15:53,Card Purchase,615.36,Mobile App,Successful,Utilities,Western Cape
T000001444,A0000571,2026-07-30,20:06:20,Card Purchase,584.77,Card,Successful,Groceries,Mpumalanga
T000001445,A0002994,2024-09-21,18:20:12,Payment,2930.33,Card,Successful,Utilities,Gauteng
T000001446,A0001445,2025-12-18,21:22:26,Interest,347.2,Branch,Successful,N/A,Western Cape
T000001447,A0002752,2025-07-16,13:18:09,Card Purchase,1599.26,Mobile App,Successful,Education,Gauteng
T000001448,A0001047,2026-04-01,21:43:18,Withdrawal,1008.88,Branch,Successful,N/A,KwaZulu-Natal
T000001449,A0001979,2026-07-05,14:22:38,Debit Order,1214.65,ATM,Successful,N/A,Western Cape
T000001450,A0001187,2023-02-09,12:09:29,Withdrawal,800.23,Card,Successful,N/A,Gauteng
T000001451,A0001459,2026-06-10,17:01:50,Transfer,265.18,Mobile App,Successful,N/A,Gauteng
T000001452,A0000028,2026-03-10,15:43:50,Deposit,2567.62,Mobile App,Successful,N/A,Gauteng
T000001453,A0001582,2026-02-24,22:31:33,Debit Order,427.85,POS,Successful,N/A,KwaZulu-Natal
T000001454,A0002691,2026-06-20,20:17:36,Transfer,707.73,POS,Successful,N/A,Mpumalanga
T000001455,A0000005,2026-07-19,17:54:45,Card Purchase,562.56,ATM,Successful,Entertainment,Gauteng
T000001456,A0001339,2026-07-12,13:43:06,Transfer,558.77,ATM,Successful,N/A,KwaZulu-Natal
T000001457,A0001525,2026-06-29,12:05:09,Withdrawal,119.29,Card,Successful,N/A,Limpopo
T000001458,A0001038,2026-06-12,18:21:08,Card Purchase,646.05,Internet Banking,Successful,Groceries,Western Cape
T000001459,A0002306,2026-03-14,12:43:33,Payment,612.75,POS,Successful,Retail,North West
T000001460,A0001835,2025-08-12,09:38:41,Debit Order,1059.99,Mobile App,Successful,N/A,Western Cape
T000001461,A0001603,2025-04-10,13:43:26,Bank Fee,201.26,Branch,Successful,N/A,Gauteng
T000001462,A0002767,2026-06-27,10:42:52,Payment,99.72,Card,Successful,Travel,Western Cape
T000001463,A0001875,2026-06-03,15:38:08,Transfer,309.41,ATM,Successful,N/A,Gauteng
T000001464,A0000750,2026-07-13,07:17:25,Card Purchase,899.09,Card,Successful,Utilities,Gauteng
T000001465,A0002846,2024-02-27,21:10:34,Card Purchase,446.62,ATM,Successful,Retail,Gauteng
T000001466,A0000605,2026-06-13,15:22:35,Card Purchase,491.48,Branch,Successful,Utilities,Gauteng
T000001467,A0001801,2026-05-30,20:22:57,Debit Order,328.19,POS,Successful,N/A,Western Cape
T000001468,A0002425,2025-12-24,17:45:08,Interest,388.74,POS,Successful,N/A,Eastern Cape
T000001469,A0000296,2025-02-01,17:01:11,Card Purchase,243.1,Internet Banking,Successful,Utilities,Gauteng
T000001470,A0002072,2025-11-29,12:17:14,Card Purchase,913.19,Internet Banking,Successful,Other,Mpumalanga
T000001471,A0002139,2025-11-23,11:09:05,Card Purchase,596.43,Mobile App,Successful,Other,Limpopo
T000001472,A0002426,2026-07-20,12:39:15,Withdrawal,1149.77,POS,Successful,N/A,KwaZulu-Natal
T000001473,A0002560,2024-11-29,12:36:05,Withdrawal,598.27,Card,Successful,N/A,Limpopo
T000001474,A0002493,2026-05-15,19:11:51,Payment,1248.97,Card,Successful,Other,Gauteng
T000001475,A0001811,2026-03-31,21:15:02,Card Purchase,1001.09,Mobile App,Successful,Utilities,Western Cape
T000001476,A0001105,2026-07-30,07:29:38,Transfer,2225.69,Card,Successful,N/A,Limpopo
T000001477,A0001258,2026-06-25,16:49:03,Transfer,601.48,Mobile App,Successful,N/A,Mpumalanga
T000001478,A0002036,2026-05-31,08:45:10,Card Purchase,541.58,Mobile App,Successful,Education,Mpumalanga
T000001479,A0000039,2025-12-10,18:39:38,Debit Order,627.43,Card,Successful,N/A,Limpopo
T000001480,A0002969,2026-07-22,10:19:47,Card Purchase,1218.13,Mobile App,Successful,Education,Northern Cape
T000001481,A0000871,2023-11-23,14:35:51,Transfer,288.14,POS,Successful,N/A,KwaZulu-Natal
T000001482,A0000716,2025-06-05,13:29:07,Debit Order,821.12,POS,Successful,N/A,KwaZulu-Natal
T000001483,A0002348,2026-04-15,16:11:55,Transfer,1304.08,Mobile App,Successful,N/A,Western Cape
T000001484,A0001283,2026-06-02,12:23:19,Payment,2476.64,ATM,Successful,Travel,KwaZulu-Natal
T000001485,A0002696,2026-07-14,15:26:16,Card Purchase,380.29,Internet Banking,Successful,Healthcare,KwaZulu-Natal
T000001486,A0000858,2026-06-26,20:12:44,Card Purchase,706.38,Card,Successful,Education,Gauteng
T000001487,A0001560,2026-07-01,07:25:03,Withdrawal,54.15,ATM,Successful,N/A,North West
T000001488,A0003078,2026-04-26,22:14:34,Card Purchase,717.26,Card,Successful,Telecoms,Gauteng
T000001489,A0001787,2025-05-11,14:57:23,Card Purchase,713.52,Mobile App,Successful,Retail,Gauteng
T000001490,A0000322,2026-05-03,06:39:40,Transfer,651.91,POS,Successful,N/A,Eastern Cape
T000001491,A0002828,2022-05-13,12:35:41,Deposit,853.73,ATM,Successful,N/A,Western Cape
T000001492,A0003103,2025-07-15,18:16:23,Transfer,233.71,ATM,Successful,N/A,Eastern Cape
T000001493,A0001103,2026-06-12,14:21:02,Transfer,2778.06,POS,Successful,N/A,Gauteng
T000001494,A0000810,2025-03-30,19:07:00,Payment,515.91,POS,Successful,Groceries,Gauteng
T000001495,A0002301,2026-06-04,14:49:45,Withdrawal,528.93,Mobile App,Successful,N/A,KwaZulu-Natal
T000001496,A0002469,2026-03-31,12:12:43,Card Purchase,2663.47,Mobile App,Successful,Retail,Gauteng
T000001497,A0003009,2025-08-15,07:24:57,Withdrawal,94.65,Mobile App,Successful,N/A,Northern Cape
T000001498,A0001646,2025-04-27,08:13:53,Transfer,470.08,Branch,Successful,N/A,North West
T000001499,A0000697,2026-06-15,09:47:41,Card Purchase,642.52,Card,Successful,Other,Gauteng
T000001500,A0002289,2025-08-27,06:49:56,Payment,1160.4,ATM,Successful,Education,Western Cape
T000001501,A0002673,2026-03-08,06:06:08,Card Purchase,3002.35,Internet Banking,Successful,Other,Western Cape
T000001502,A0000622,2025-06-20,13:16:13,Transfer,1110.48,Card,Successful,N/A,Gauteng
T000001503,A0002904,2025-08-25,21:59:18,Deposit,954.18,Mobile App,Successful,N/A,Gauteng
T000001504,A0002613,2024-07-01,15:19:44,Bank Fee,1344.06,POS,Successful,N/A,Eastern Cape
T000001505,A0000530,2026-07-20,15:40:06,Card Purchase,342.09,ATM,Successful,Education,Gauteng
T000001506,A0001147,2025-03-23,17:47:21,Debit Order,1696.29,ATM,Successful,N/A,KwaZulu-Natal
T000001507,A0002462,2025-10-06,21:49:06,Card Purchase,298.36,Internet Banking,Successful,Other,KwaZulu-Natal
T000001508,A0003103,2026-06-18,07:52:24,Card Purchase,2668.52,Card,Successful,Entertainment,Eastern Cape
T000001509,A0001988,2026-07-31,11:13:14,Debit Order,1776.38,POS,Successful,N/A,Limpopo
T000001510,A0001379,2026-05-24,17:42:19,Card Purchase,560.77,Card,Successful,Other,Eastern Cape
T000001511,A0001374,2026-07-29,06:07:55,Debit Order,231.04,Mobile App,Successful,N/A,Gauteng
T000001512,A0000338,2026-07-12,22:51:34,Debit Order,787.78,ATM,Successful,N/A,Gauteng
T000001513,A0003104,2026-06-27,15:34:41,Transfer,41.82,ATM,Successful,N/A,Gauteng
T000001514,A0001903,2026-07-26,20:01:50,Transfer,290.06,Card,Successful,N/A,Gauteng
T000001515,A0000133,2026-01-18,21:49:20,Card Purchase,79.96,Internet Banking,Successful,Healthcare,Mpumalanga
T000001516,A0001324,2026-05-01,21:26:20,Debit Order,1413.87,POS,Successful,N/A,Gauteng
T000001517,A0001754,2026-07-07,12:21:31,Card Purchase,637.38,Internet Banking,Successful,Education,Western Cape
T000001518,A0000145,2026-02-15,18:22:27,Card Purchase,335.57,Mobile App,Successful,Travel,Mpumalanga
T000001519,A0002237,2025-07-12,13:21:53,Interest,287.62,Mobile App,Successful,N/A,Gauteng
T000001520,A0002474,2026-03-14,10:23:43,Bank Fee,330.69,Mobile App,Successful,N/A,Mpumalanga
T000001521,A0001774,2026-07-31,13:21:13,Deposit,3423.16,Mobile App,Successful,N/A,KwaZulu-Natal
T000001522,A0000928,2026-02-16,15:27:39,Transfer,371.72,Mobile App,Successful,N/A,Gauteng
T000001523,A0002896,2026-07-30,17:15:40,Transfer,509.33,POS,Successful,N/A,KwaZulu-Natal
T000001524,A0002262,2026-07-16,15:01:09,Payment,4303.89,Card,Successful,Restaurants,Gauteng
T000001525,A0000347,2026-05-13,06:36:18,Debit Order,6469.32,Mobile App,Successful,N/A,Gauteng
T000001526,A0000709,2022-09-30,10:09:56,Card Purchase,66.87,Branch,Successful,Healthcare,Gauteng
T000001527,A0000136,2026-01-18,16:16:47,Deposit,6264.4,Card,Successful,N/A,Mpumalanga
T000001528,A0001701,2026-04-06,22:38:45,Withdrawal,1517.14,Mobile App,Successful,N/A,KwaZulu-Natal
T000001529,A0000636,2026-07-29,20:58:59,Card Purchase,392.55,Card,Successful,Fuel,Gauteng
T000001530,A0002507,2026-07-07,07:52:06,Withdrawal,3109.17,Mobile App,Successful,N/A,Gauteng
T000001531,A0002193,2025-04-17,21:12:48,Bank Fee,447.76,Mobile App,Successful,N/A,Free State
T000001532,A0000436,2025-12-24,13:54:07,Deposit,2108.69,Branch,Successful,N/A,Limpopo
T000001533,A0000938,2026-06-08,15:46:35,Transfer,537.17,Internet Banking,Successful,N/A,KwaZulu-Natal
T000001534,A0001486,2025-10-20,11:38:41,Card Purchase,470.63,Internet Banking,Successful,Travel,Mpumalanga
T000001535,A0002339,2025-01-17,17:03:44,Card Purchase,1612.91,POS,Successful,Fuel,Western Cape
T000001536,A0001624,2024-12-23,07:16:25,Card Purchase,523.19,Branch,Successful,Healthcare,Eastern Cape
T000001537,A0000749,2025-11-02,13:34:28,Withdrawal,346.37,Card,Successful,N/A,KwaZulu-Natal
T000001538,A0000659,2026-07-27,19:14:56,Card Purchase,2685.18,Branch,Successful,Education,Northern Cape
T000001539,A0002523,2026-07-23,10:34:05,Debit Order,1279.28,POS,Successful,N/A,Western Cape
T000001540,A0000306,2025-02-26,19:05:51,Card Purchase,656.69,POS,Successful,Healthcare,Gauteng
T000001541,A0002178,2026-07-09,12:33:13,Transfer,155.82,Card,Successful,N/A,Northern Cape
T000001542,A0001880,2026-05-30,18:37:10,Payment,1860.86,Mobile App,Successful,Fuel,KwaZulu-Natal
T000001543,A0001175,2025-08-16,14:45:01,Transfer,483.26,POS,Successful,N/A,Gauteng
T000001544,A0000088,2025-02-26,21:11:09,Card Purchase,3286.88,POS,Successful,Telecoms,Limpopo
T000001545,A0002465,2025-09-19,14:18:44,Debit Order,305.26,Mobile App,Successful,N/A,Gauteng
T000001546,A0002976,2025-09-10,19:59:37,Card Purchase,352.21,Card,Successful,Entertainment,Eastern Cape
T000001547,A0001974,2026-07-14,07:29:57,Payment,1819.27,Internet Banking,Successful,Retail,KwaZulu-Natal
T000001548,A0001332,2026-07-31,14:22:22,Card Purchase,1141.44,ATM,Successful,Fuel,Limpopo
T000001549,A0002219,2026-06-05,11:58:34,Deposit,3548.94,Internet Banking,Successful,N/A,Western Cape
T000001550,A0000302,2025-05-27,20:00:58,Transfer,322.61,POS,Successful,N/A,Western Cape
T000001551,A0001165,2026-04-10,08:09:55,Card Purchase,172.4,Internet Banking,Successful,Fuel,Gauteng
T000001552,A0000659,2026-06-04,22:00:23,Transfer,1838.08,Card,Successful,N/A,Northern Cape
T000001553,A0001949,2026-06-25,11:10:18,Transfer,449.52,Mobile App,Reversed,N/A,North West
T000001554,A0000490,2026-02-08,14:28:13,Payment,445.23,ATM,Successful,Utilities,Gauteng
T000001555,A0002356,2025-03-23,17:46:19,Card Purchase,917.27,Mobile App,Successful,Education,Eastern Cape
T000001556,A0002161,2025-06-16,20:24:13,Payment,431.82,Mobile App,Successful,Education,Gauteng
T000001557,A0002035,2023-10-25,12:49:52,Withdrawal,310.2,Internet Banking,Successful,N/A,Gauteng
T000001558,A0001930,2026-04-15,09:39:33,Transfer,142.9,Mobile App,Successful,N/A,KwaZulu-Natal
T000001559,A0002004,2025-12-29,06:39:46,Card Purchase,2835.14,Mobile App,Successful,Healthcare,Limpopo
T000001560,A0002764,2025-09-12,19:16:54,Card Purchase,393.11,Card,Successful,Groceries,Free State
T000001561,A0001202,2026-06-12,10:10:17,Card Purchase,6510.04,Branch,Successful,Groceries,Limpopo
T000001562,A0002021,2026-03-22,06:02:06,Bank Fee,644.21,POS,Successful,N/A,Mpumalanga
T000001563,A0001529,2026-06-13,16:02:00,Card Purchase,505.49,Internet Banking,Successful,Education,Gauteng
T000001564,A0002000,2025-10-28,20:00:48,Debit Order,2221.62,Mobile App,Successful,N/A,KwaZulu-Natal
T000001565,A0000743,2026-02-04,22:52:03,Card Purchase,1236.91,Internet Banking,Successful,Other,North West
T000001566,A0002634,2024-04-04,15:32:00,Payment,515.18,Mobile App,Successful,Healthcare,Western Cape
T000001567,A0001909,2026-03-27,09:00:51,Payment,1914.36,Branch,Successful,Education,Gauteng
T000001568,A0000829,2026-05-20,10:32:22,Debit Order,469.77,Mobile App,Successful,N/A,KwaZulu-Natal
T000001569,A0000338,2026-07-03,18:10:38,Payment,572.38,ATM,Successful,Other,Gauteng
T000001570,A0001631,2024-10-01,12:08:27,Debit Order,2224.36,Card,Successful,N/A,Limpopo
T000001571,A0000639,2026-06-05,11:13:10,Transfer,395.31,POS,Successful,N/A,Gauteng
T000001572,A0002929,2026-05-23,17:19:03,Card Purchase,1037.56,Card,Successful,Retail,Gauteng
T000001573,A0002871,2026-06-25,21:41:07,Transfer,1478.46,ATM,Successful,N/A,Gauteng
T000001574,A0001939,2025-11-06,10:14:38,Card Purchase,188.2,Internet Banking,Successful,Healthcare,Western Cape
T000001575,A0001766,2025-01-10,20:46:15,Card Purchase,443.74,POS,Successful,Telecoms,Gauteng
T000001576,A0001260,2025-07-01,22:00:29,Debit Order,258.32,POS,Successful,N/A,Gauteng
T000001577,A0000438,2025-06-13,15:55:44,Card Purchase,499.46,Card,Successful,Fuel,Western Cape
T000001578,A0002847,2026-05-20,12:23:16,Card Purchase,4847.9,ATM,Successful,Groceries,Mpumalanga
T000001579,A0000313,2026-05-17,07:55:18,Transfer,440.13,POS,Successful,N/A,KwaZulu-Natal
T000001580,A0002400,2024-02-25,06:10:20,Transfer,2424.7,Mobile App,Successful,N/A,Gauteng
T000001581,A0000906,2026-04-30,07:10:59,Payment,249.8,Internet Banking,Successful,Fuel,Western Cape
T000001582,A0002308,2025-10-15,12:08:28,Bank Fee,2964.13,Mobile App,Successful,N/A,Western Cape
T000001583,A0003194,2025-07-23,21:45:27,Debit Order,310.63,Mobile App,Successful,N/A,Limpopo
T000001584,A0001420,2026-05-04,21:17:05,Withdrawal,256.64,POS,Successful,N/A,Western Cape
T000001585,A0002383,2025-04-05,13:45:08,Debit Order,88.86,Mobile App,Successful,N/A,Gauteng
T000001586,A0002204,2026-07-20,11:44:02,Card Purchase,1950.83,Mobile App,Failed,Retail,KwaZulu-Natal
T000001587,A0001496,2025-02-06,11:29:37,Deposit,9757.18,Mobile App,Successful,N/A,Gauteng
T000001588,A0001958,2025-12-24,11:49:42,Transfer,5372.13,ATM,Successful,N/A,Gauteng
T000001589,A0001706,2026-07-18,17:26:51,Bank Fee,3499.57,POS,Successful,N/A,Free State
T000001590,A0001823,2026-07-27,18:19:51,Withdrawal,1359.12,Mobile App,Successful,N/A,Eastern Cape
T000001591,A0002038,2026-05-09,19:44:00,Withdrawal,737.65,POS,Successful,N/A,Western Cape
T000001592,A0000590,2026-07-04,21:26:07,Card Purchase,934.77,Internet Banking,Successful,Utilities,KwaZulu-Natal
T000001593,A0001105,2025-10-29,08:46:20,Card Purchase,294.99,Card,Successful,Healthcare,Limpopo
T000001594,A0002012,2026-05-23,08:27:17,Transfer,2274.03,Mobile App,Successful,N/A,Western Cape
T000001595,A0000663,2026-04-13,07:03:11,Debit Order,2463.79,Branch,Successful,N/A,Mpumalanga
T000001596,A0001256,2025-10-09,22:59:14,Card Purchase,679.57,Card,Successful,Retail,Gauteng
T000001597,A0001837,2026-06-05,19:24:06,Card Purchase,1653.91,POS,Successful,Other,Gauteng
T000001598,A0001150,2026-05-28,15:19:48,Card Purchase,244.41,Mobile App,Successful,Telecoms,KwaZulu-Natal
T000001599,A0002882,2026-03-26,19:54:45,Transfer,480.38,Card,Successful,N/A,Gauteng
T000001600,A0003158,2025-11-08,14:31:13,Payment,1829.36,Mobile App,Successful,Fuel,Northern Cape
T000001601,A0002035,2024-02-21,11:17:41,Card Purchase,248.87,Mobile App,Successful,Entertainment,Gauteng
T000001602,A0001557,2026-07-28,21:30:50,Payment,195.1,ATM,Successful,Retail,Gauteng
T000001603,A0000157,2026-07-22,16:53:29,Card Purchase,1440.04,Internet Banking,Successful,Groceries,Limpopo
T000001604,A0002567,2026-05-22,15:43:18,Card Purchase,233.97,Mobile App,Successful,Telecoms,Gauteng
T000001605,A0000066,2026-03-07,10:34:29,Payment,965.98,POS,Successful,Utilities,KwaZulu-Natal
T000001606,A0002476,2026-07-24,10:12:02,Card Purchase,853.54,Mobile App,Successful,Restaurants,KwaZulu-Natal
T000001607,A0000435,2026-07-31,13:13:03,Card Purchase,1751.69,Mobile App,Successful,Travel,KwaZulu-Natal
T000001608,A0002354,2026-03-18,14:09:28,Interest,2620.8,Mobile App,Successful,N/A,Limpopo
T000001609,A0001900,2025-06-25,13:45:23,Bank Fee,344.87,POS,Successful,N/A,Western Cape
T000001610,A0001016,2026-06-17,06:00:24,Card Purchase,258.94,POS,Successful,Other,Gauteng
T000001611,A0000085,2025-03-31,06:37:34,Transfer,697.98,ATM,Successful,N/A,Free State
T000001612,A0001325,2025-12-10,17:44:20,Bank Fee,8159.66,POS,Successful,N/A,Gauteng
T000001613,A0003138,2026-05-06,09:18:14,Card Purchase,1414.4,Card,Successful,Retail,KwaZulu-Natal
T000001614,A0001036,2025-09-11,17:53:54,Transfer,506.27,Branch,Successful,N/A,KwaZulu-Natal
T000001615,A0000973,2026-06-05,11:11:28,Card Purchase,269.98,Card,Successful,Utilities,Free State
T000001616,A0002945,2025-02-09,10:31:26,Debit Order,237.25,POS,Successful,N/A,Western Cape
T000001617,A0001455,2026-06-08,13:37:12,Deposit,795.08,Mobile App,Successful,N/A,Western Cape
T000001618,A0000153,2026-07-21,17:56:31,Debit Order,1151.22,ATM,Successful,N/A,Western Cape
T000001619,A0000703,2024-08-25,17:35:00,Payment,3190.55,Internet Banking,Successful,Retail,Free State
T000001620,A0000492,2026-02-10,20:05:17,Payment,247.66,Branch,Successful,Retail,KwaZulu-Natal
T000001621,A0002124,2025-12-05,12:15:35,Debit Order,108.74,ATM,Successful,N/A,Gauteng
T000001622,A0002641,2025-06-08,20:19:45,Card Purchase,240.27,Card,Successful,Utilities,Mpumalanga
T000001623,A0002643,2026-07-18,22:55:32,Card Purchase,1288.66,Branch,Successful,Retail,Gauteng
T000001624,A0001741,2026-07-25,19:41:07,Payment,5526.4,Mobile App,Successful,Entertainment,Eastern Cape
T000001625,A0001357,2026-07-23,06:32:43,Card Purchase,1930.09,Card,Successful,Education,KwaZulu-Natal
T000001626,A0001781,2026-07-03,18:34:44,Debit Order,1153.3,POS,Successful,N/A,Limpopo
T000001627,A0002748,2025-03-16,18:25:15,Payment,1108.27,Mobile App,Successful,Restaurants,Gauteng
T000001628,A0002701,2026-04-18,20:51:14,Payment,150.68,ATM,Successful,Restaurants,KwaZulu-Natal
T000001629,A0002779,2025-08-20,10:36:14,Transfer,721.6,ATM,Successful,N/A,Gauteng
T000001630,A0000539,2026-07-11,09:43:20,Card Purchase,286.71,Branch,Successful,Restaurants,Gauteng
T000001631,A0001624,2025-12-18,11:43:41,Card Purchase,165.14,ATM,Successful,Groceries,Eastern Cape
T000001632,A0002000,2026-05-16,21:36:50,Card Purchase,824.72,Card,Successful,Telecoms,KwaZulu-Natal
T000001633,A0000414,2026-07-30,21:25:08,Card Purchase,184.86,Internet Banking,Successful,Travel,Western Cape
T000001634,A0001644,2025-02-24,21:55:10,Deposit,351.37,ATM,Successful,N/A,Western Cape
T000001635,A0002360,2026-03-10,21:39:24,Bank Fee,288.85,Branch,Successful,N/A,Gauteng
T000001636,A0002873,2025-09-29,17:19:58,Withdrawal,429.85,Card,Successful,N/A,KwaZulu-Natal
T000001637,A0000404,2024-12-11,14:12:30,Deposit,4339.53,Internet Banking,Successful,N/A,Gauteng
T000001638,A0000556,2026-07-15,09:26:04,Debit Order,1457.45,Internet Banking,Successful,N/A,KwaZulu-Natal
T000001639,A0001930,2026-06-17,10:19:35,Transfer,2216.38,Card,Successful,N/A,KwaZulu-Natal
T000001640,A0001057,2025-12-26,21:18:33,Payment,1182.64,Mobile App,Successful,Telecoms,Gauteng
T000001641,A0003115,2026-07-31,15:48:23,Debit Order,557.58,Internet Banking,Successful,N/A,Western Cape
T000001642,A0001291,2026-02-24,11:14:24,Card Purchase,1446.76,Card,Successful,Retail,KwaZulu-Natal
T000001643,A0002175,2026-07-07,14:35:19,Card Purchase,567.02,ATM,Successful,Telecoms,Mpumalanga
T000001644,A0001018,2026-04-30,15:54:50,Card Purchase,6218.91,Mobile App,Successful,Fuel,Mpumalanga
T000001645,A0001556,2025-12-18,09:21:23,Card Purchase,342.69,ATM,Successful,Retail,Gauteng
T000001646,A0002019,2023-10-10,21:12:22,Deposit,2843.51,POS,Successful,N/A,Gauteng
T000001647,A0000498,2026-01-17,17:29:42,Debit Order,670.5,Card,Successful,N/A,KwaZulu-Natal
T000001648,A0001533,2026-06-20,07:09:59,Transfer,208.79,Branch,Successful,N/A,Eastern Cape
T000001649,A0000502,2025-06-17,20:20:11,Card Purchase,2467.92,Card,Successful,Other,Limpopo
T000001650,A0003020,2026-01-15,17:20:31,Card Purchase,72.91,Mobile App,Successful,Education,Western Cape
T000001651,A0001680,2026-03-28,15:16:59,Deposit,8133.55,Branch,Successful,N/A,KwaZulu-Natal
T000001652,A0000905,2026-07-25,12:41:56,Transfer,179.85,Mobile App,Successful,N/A,KwaZulu-Natal
T000001653,A0003025,2026-07-27,16:17:39,Debit Order,2851.45,Mobile App,Successful,N/A,Gauteng
T000001654,A0003080,2025-04-21,16:38:00,Transfer,4986.94,ATM,Successful,N/A,Gauteng
T000001655,A0001208,2025-07-06,13:30:55,Payment,147.53,Card,Successful,Travel,KwaZulu-Natal
T000001656,A0002750,2025-12-13,21:18:58,Deposit,10103.52,Mobile App,Successful,N/A,Mpumalanga
T000001657,A0000100,2026-07-19,09:36:19,Card Purchase,1276.7,Card,Successful,Fuel,Gauteng
T000001658,A0000100,2026-06-07,17:22:42,Card Purchase,344.77,Mobile App,Successful,Travel,Gauteng
T000001659,A0000767,2026-04-14,18:47:05,Transfer,3654.66,POS,Successful,N/A,Western Cape
T000001660,A0002515,2025-10-03,16:25:57,Card Purchase,164.05,Card,Failed,Retail,Western Cape
T000001661,A0002907,2026-05-19,07:20:31,Transfer,809.21,POS,Successful,N/A,Northern Cape
T000001662,A0001192,2024-12-31,17:27:21,Card Purchase,153.02,Mobile App,Successful,Groceries,Gauteng
T000001663,A0000760,2026-06-19,12:59:51,Debit Order,642.28,Branch,Successful,N/A,Mpumalanga
T000001664,A0000464,2026-04-26,15:33:05,Card Purchase,7119.66,Mobile App,Successful,Groceries,Gauteng
T000001665,A0001208,2025-07-23,20:34:50,Card Purchase,853.02,Mobile App,Successful,Groceries,KwaZulu-Natal
T000001666,A0000607,2025-02-22,17:19:44,Withdrawal,347.15,Mobile App,Successful,N/A,KwaZulu-Natal
T000001667,A0002021,2026-03-26,11:45:40,Transfer,370.93,Mobile App,Successful,N/A,Mpumalanga
T000001668,A0002931,2026-06-17,07:32:52,Card Purchase,7629.51,Mobile App,Successful,Healthcare,Gauteng
T000001669,A0001740,2025-07-29,18:53:58,Deposit,853.26,Mobile App,Successful,N/A,Eastern Cape
T000001670,A0002025,2026-01-14,19:11:43,Debit Order,58.1,Card,Successful,N/A,Gauteng
T000001671,A0001472,2026-07-30,22:05:26,Payment,1813.75,Internet Banking,Successful,Healthcare,Gauteng
T000001672,A0002618,2026-07-24,06:34:10,Card Purchase,1235.77,Branch,Successful,Fuel,KwaZulu-Natal
T000001673,A0000222,2026-07-07,18:45:00,Withdrawal,272.72,ATM,Successful,N/A,Mpumalanga
T000001674,A0002121,2026-06-26,15:14:17,Card Purchase,1239.12,Card,Successful,Retail,Free State
T000001675,A0000633,2026-06-09,17:08:30,Card Purchase,1462.98,ATM,Successful,Restaurants,Gauteng
T000001676,A0002656,2025-11-02,08:45:53,Card Purchase,734.84,ATM,Successful,Travel,Gauteng
T000001677,A0003066,2025-01-15,14:05:30,Card Purchase,341.24,Mobile App,Successful,Utilities,KwaZulu-Natal
T000001678,A0001165,2025-11-06,20:53:40,Card Purchase,562.54,Mobile App,Successful,Other,Gauteng
T000001679,A0000701,2025-06-14,10:00:38,Card Purchase,289.75,Mobile App,Successful,Telecoms,Gauteng
T000001680,A0001186,2026-01-09,14:57:10,Card Purchase,934.07,Card,Successful,Telecoms,Western Cape
T000001681,A0001648,2024-07-03,10:18:58,Card Purchase,96.7,Card,Successful,Utilities,Limpopo
T000001682,A0003031,2024-05-13,13:36:18,Payment,502.17,Mobile App,Successful,Groceries,Eastern Cape
T000001683,A0001953,2025-08-28,09:48:20,Deposit,4089.93,Mobile App,Successful,N/A,Limpopo
T000001684,A0001862,2026-01-28,18:23:00,Card Purchase,457.95,Mobile App,Successful,Fuel,Gauteng
T000001685,A0002656,2024-12-30,08:00:31,Deposit,1261.01,POS,Successful,N/A,Gauteng
T000001686,A0002660,2025-11-21,09:42:24,Card Purchase,1797.22,ATM,Successful,Retail,Gauteng
T000001687,A0002423,2026-03-12,22:56:26,Card Purchase,797.9,Mobile App,Successful,Utilities,Gauteng
T000001688,A0001070,2023-01-23,14:01:37,Transfer,1274.54,Branch,Successful,N/A,Western Cape
T000001689,A0000136,2026-06-08,09:50:26,Card Purchase,540.77,Mobile App,Successful,Education,Mpumalanga
T000001690,A0001973,2026-03-02,07:57:43,Deposit,1803.46,Mobile App,Successful,N/A,Gauteng
T000001691,A0000728,2025-11-03,10:13:47,Deposit,11700.8,Branch,Successful,N/A,Gauteng
T000001692,A0000449,2026-05-26,21:38:20,Transfer,702.77,POS,Successful,N/A,Gauteng
T000001693,A0003076,2025-09-15,09:59:59,Card Purchase,535.86,Card,Successful,Groceries,Eastern Cape
T000001694,A0002654,2026-06-29,07:58:27,Debit Order,590.58,POS,Successful,N/A,Gauteng
T000001695,A0003018,2026-02-04,10:29:59,Card Purchase,2029.64,Card,Successful,Other,KwaZulu-Natal
T000001696,A0000372,2025-08-23,16:02:48,Deposit,1161.38,Mobile App,Successful,N/A,Gauteng
T000001697,A0002204,2026-07-10,06:46:53,Card Purchase,237.33,Mobile App,Successful,Groceries,KwaZulu-Natal
T000001698,A0003053,2026-07-28,14:28:51,Card Purchase,1619.54,Card,Successful,Restaurants,Western Cape
T000001699,A0001146,2025-08-23,15:52:21,Transfer,523.97,ATM,Successful,N/A,Western Cape
T000001700,A0000970,2025-10-10,08:15:21,Deposit,2361.32,Mobile App,Successful,N/A,Limpopo
T000001701,A0001333,2025-11-30,08:54:00,Card Purchase,648.42,Branch,Successful,Fuel,Gauteng
T000001702,A0001516,2026-01-16,06:20:45,Deposit,1939.73,ATM,Successful,N/A,Mpumalanga
T000001703,A0003149,2026-07-19,21:56:46,Payment,2062.71,Mobile App,Successful,Utilities,KwaZulu-Natal
T000001704,A0002374,2026-04-23,21:21:12,Bank Fee,103.66,Mobile App,Successful,N/A,Eastern Cape
T000001705,A0000699,2026-06-30,20:12:16,Card Purchase,1075.42,POS,Successful,Telecoms,Gauteng
T000001706,A0001210,2026-05-20,10:31:51,Card Purchase,463.33,Card,Successful,Travel,North West
T000001707,A0002790,2026-07-15,15:07:51,Transfer,249.79,Card,Successful,N/A,KwaZulu-Natal
T000001708,A0001304,2024-05-12,17:23:45,Deposit,2966.98,Mobile App,Successful,N/A,Eastern Cape
T000001709,A0002729,2026-07-25,06:00:46,Transfer,623.62,Card,Successful,N/A,Free State
T000001710,A0002304,2025-06-29,09:17:55,Transfer,2197.0,Card,Successful,N/A,KwaZulu-Natal
T000001711,A0001367,2026-01-08,08:21:22,Payment,331.8,Card,Successful,Telecoms,Western Cape
T000001712,A0002721,2026-07-13,17:28:00,Bank Fee,174.35,Card,Successful,N/A,Gauteng
T000001713,A0000644,2026-07-02,08:04:11,Transfer,309.05,Internet Banking,Successful,N/A,Western Cape
T000001714,A0002668,2026-03-25,11:13:49,Transfer,515.33,POS,Successful,N/A,KwaZulu-Natal
T000001715,A0003063,2026-02-07,06:43:50,Transfer,170.79,Internet Banking,Failed,N/A,KwaZulu-Natal
T000001716,A0000525,2025-07-08,11:51:36,Card Purchase,1576.75,POS,Successful,Education,Mpumalanga
T000001717,A0000413,2026-04-19,07:24:55,Transfer,180.32,Card,Successful,N/A,Gauteng
T000001718,A0001877,2026-03-07,21:15:48,Card Purchase,722.6,Card,Successful,Groceries,Gauteng
T000001719,A0001155,2025-02-06,16:04:30,Deposit,1323.43,Card,Successful,N/A,Mpumalanga
T000001720,A0002630,2026-07-25,10:29:45,Withdrawal,236.35,Mobile App,Successful,N/A,Gauteng
T000001721,A0001788,2026-04-27,17:00:16,Debit Order,898.15,Card,Successful,N/A,Gauteng
T000001722,A0002498,2026-07-08,10:39:56,Payment,942.86,Mobile App,Successful,Utilities,KwaZulu-Natal
T000001723,A0003128,2025-11-27,10:22:53,Card Purchase,342.59,Card,Successful,Restaurants,KwaZulu-Natal
T000001724,A0002609,2025-08-10,22:21:30,Card Purchase,152.86,ATM,Successful,Travel,Eastern Cape
T000001725,A0001173,2026-03-26,06:55:15,Withdrawal,998.05,ATM,Successful,N/A,Limpopo
T000001726,A0001226,2026-05-10,15:20:18,Transfer,1709.6,POS,Successful,N/A,Eastern Cape
T000001727,A0001690,2025-01-19,21:08:36,Card Purchase,2798.6,Mobile App,Successful,Groceries,Gauteng
T000001728,A0000499,2026-01-29,17:55:34,Withdrawal,689.3,Mobile App,Successful,N/A,Western Cape
T000001729,A0001728,2026-04-29,13:41:19,Deposit,1047.95,POS,Successful,N/A,KwaZulu-Natal
T000001730,A0002224,2026-06-23,17:57:20,Transfer,892.44,ATM,Successful,N/A,Limpopo
T000001731,A0001522,2025-06-19,09:41:40,Deposit,1896.53,ATM,Successful,N/A,KwaZulu-Natal
T000001732,A0001644,2025-12-08,07:37:04,Bank Fee,406.67,POS,Successful,N/A,Western Cape
T000001733,A0001840,2025-11-28,21:49:23,Card Purchase,1005.5,POS,Successful,Entertainment,KwaZulu-Natal
T000001734,A0002321,2024-08-07,15:19:16,Card Purchase,137.81,Branch,Successful,Other,Free State
T000001735,A0000608,2026-07-25,11:37:45,Payment,1066.28,Card,Successful,Other,Gauteng
T000001736,A0002739,2026-04-04,17:17:01,Card Purchase,5111.23,Mobile App,Successful,Travel,Gauteng
T000001737,A0000336,2026-03-17,20:12:53,Payment,7868.58,Card,Successful,Restaurants,Western Cape
T000001738,A0000768,2026-04-11,16:11:04,Card Purchase,293.59,Mobile App,Successful,Groceries,KwaZulu-Natal
T000001739,A0000506,2026-06-03,12:32:13,Withdrawal,1301.87,Mobile App,Successful,N/A,Western Cape
T000001740,A0002388,2026-05-03,19:29:14,Transfer,288.97,Card,Successful,N/A,Free State
T000001741,A0001413,2025-12-18,16:52:24,Bank Fee,1143.75,Mobile App,Successful,N/A,Free State
T000001742,A0002889,2026-07-26,18:00:51,Transfer,383.05,Branch,Successful,N/A,Mpumalanga
T000001743,A0000823,2026-03-27,18:45:59,Payment,1059.47,Internet Banking,Successful,Fuel,Western Cape
T000001744,A0001544,2026-06-21,14:02:17,Withdrawal,1017.37,Mobile App,Successful,N/A,Eastern Cape
T000001745,A0000951,2026-06-23,19:54:39,Debit Order,633.31,Branch,Successful,N/A,Gauteng
T000001746,A0001597,2025-05-12,17:17:06,Transfer,558.47,Mobile App,Successful,N/A,Western Cape
T000001747,A0001040,2025-08-19,17:07:06,Transfer,453.15,Card,Successful,N/A,Gauteng
T000001748,A0000580,2026-07-25,16:14:40,Card Purchase,1615.8,Mobile App,Successful,Other,Gauteng
T000001749,A0000126,2025-11-02,07:03:17,Transfer,472.35,Internet Banking,Successful,N/A,North West
T000001750,A0001062,2026-06-01,10:22:56,Card Purchase,112.54,Card,Successful,Healthcare,KwaZulu-Natal
T000001751,A0000457,2026-06-20,18:49:34,Withdrawal,456.16,Branch,Successful,N/A,Gauteng
T000001752,A0001351,2026-07-01,08:23:18,Bank Fee,1087.46,Mobile App,Successful,N/A,Eastern Cape
T000001753,A0001962,2026-03-04,22:20:13,Withdrawal,736.57,Internet Banking,Successful,N/A,Gauteng
T000001754,A0002674,2025-09-07,11:47:32,Card Purchase,303.57,POS,Successful,Other,Mpumalanga
T000001755,A0000564,2026-06-26,13:21:51,Card Purchase,2743.34,Mobile App,Successful,Restaurants,Western Cape
T000001756,A0001323,2025-03-03,15:02:35,Payment,747.75,POS,Successful,Entertainment,KwaZulu-Natal
T000001757,A0001834,2026-06-30,17:02:47,Debit Order,830.17,POS,Successful,N/A,KwaZulu-Natal
T000001758,A0001086,2025-03-16,15:28:52,Bank Fee,104.74,ATM,Successful,N/A,Gauteng
T000001759,A0002142,2026-07-26,16:38:37,Card Purchase,5898.34,Card,Successful,Education,KwaZulu-Natal
T000001760,A0002870,2026-04-15,16:56:51,Card Purchase,1439.7,Mobile App,Successful,Fuel,Mpumalanga
T000001761,A0002465,2026-05-26,14:16:43,Transfer,738.64,Mobile App,Successful,N/A,Gauteng
T000001762,A0001137,2026-06-26,11:31:43,Deposit,1343.77,ATM,Successful,N/A,Gauteng
T000001763,A0002547,2026-05-24,08:43:56,Deposit,3813.56,Branch,Successful,N/A,Gauteng
T000001764,A0002888,2026-07-02,10:54:09,Deposit,1242.21,ATM,Successful,N/A,Gauteng
T000001765,A0002936,2026-05-03,19:57:38,Bank Fee,964.94,ATM,Successful,N/A,Gauteng
T000001766,A0000344,2025-05-05,13:09:37,Card Purchase,185.53,Card,Successful,Groceries,Mpumalanga
T000001767,A0000147,2026-02-22,16:56:12,Debit Order,3630.32,Mobile App,Successful,N/A,Western Cape
T000001768,A0002725,2026-06-14,06:21:33,Transfer,876.73,Mobile App,Successful,N/A,KwaZulu-Natal
T000001769,A0002512,2025-10-08,06:23:06,Transfer,1232.69,POS,Successful,N/A,North West
T000001770,A0001060,2026-06-20,14:12:18,Card Purchase,285.92,Internet Banking,Successful,Restaurants,Limpopo
T000001771,A0002475,2025-12-02,19:40:03,Card Purchase,753.4,Card,Successful,Healthcare,Northern Cape
T000001772,A0001269,2025-08-23,11:10:21,Card Purchase,1500.96,ATM,Successful,Travel,Gauteng
T000001773,A0002727,2026-05-22,16:10:00,Transfer,2693.05,Card,Successful,N/A,Gauteng
T000001774,A0000404,2024-08-11,21:42:55,Deposit,2234.84,ATM,Successful,N/A,Gauteng
T000001775,A0003119,2025-03-29,14:43:40,Card Purchase,766.47,Mobile App,Successful,Fuel,Eastern Cape
T000001776,A0002897,2026-07-30,11:03:50,Debit Order,608.62,Card,Successful,N/A,Eastern Cape
T000001777,A0002343,2026-07-26,22:11:15,Debit Order,508.58,Card,Successful,N/A,Gauteng
T000001778,A0001660,2026-05-09,08:08:07,Payment,207.27,Mobile App,Successful,Travel,Eastern Cape
T000001779,A0002535,2025-05-19,10:50:56,Transfer,330.91,POS,Successful,N/A,Limpopo
T000001780,A0001227,2025-12-27,16:16:41,Payment,1200.2,Card,Successful,Telecoms,KwaZulu-Natal
T000001781,A0001860,2025-09-17,09:18:38,Withdrawal,910.6,Mobile App,Successful,N/A,North West
T000001782,A0002147,2026-07-27,09:52:43,Transfer,570.27,POS,Failed,N/A,Gauteng
T000001783,A0001958,2025-08-09,15:48:43,Card Purchase,350.45,Mobile App,Successful,Healthcare,Gauteng
T000001784,A0000067,2025-07-30,12:21:14,Card Purchase,429.73,ATM,Successful,Travel,KwaZulu-Natal
T000001785,A0001202,2026-07-06,20:40:22,Transfer,404.64,POS,Successful,N/A,Limpopo
T000001786,A0001153,2026-07-02,18:53:13,Deposit,645.64,Card,Failed,N/A,Gauteng
T000001787,A0001489,2026-06-22,06:40:50,Payment,1109.55,Card,Successful,Groceries,Western Cape
T000001788,A0000924,2025-03-02,11:08:25,Transfer,359.09,ATM,Successful,N/A,Eastern Cape
T000001789,A0002812,2026-02-12,22:02:56,Card Purchase,1833.75,Mobile App,Successful,Healthcare,Western Cape
T000001790,A0001562,2026-06-01,19:36:15,Transfer,1088.71,Mobile App,Successful,N/A,Limpopo
T000001791,A0000950,2025-08-30,14:49:19,Transfer,1044.99,Internet Banking,Successful,N/A,Eastern Cape
T000001792,A0000829,2026-06-28,13:18:16,Card Purchase,2420.16,Mobile App,Successful,Restaurants,KwaZulu-Natal
T000001793,A0001070,2025-10-05,19:59:34,Payment,227.33,Mobile App,Successful,Groceries,Western Cape
T000001794,A0002651,2026-07-30,11:33:17,Card Purchase,440.25,Card,Successful,Healthcare,Gauteng
T000001795,A0000828,2024-11-05,16:03:24,Withdrawal,4042.63,POS,Successful,N/A,Western Cape
T000001796,A0000775,2026-07-12,06:39:54,Bank Fee,367.68,Internet Banking,Successful,N/A,Western Cape
T000001797,A0000944,2026-07-11,10:05:58,Deposit,2337.08,Mobile App,Successful,N/A,Gauteng
T000001798,A0000183,2025-09-21,20:30:01,Transfer,1412.5,Mobile App,Successful,N/A,Gauteng
T000001799,A0003122,2024-03-07,17:32:17,Interest,143.61,Branch,Successful,N/A,Western Cape
T000001800,A0000865,2026-07-11,08:22:18,Card Purchase,336.12,POS,Successful,Entertainment,Gauteng
T000001801,A0002900,2026-05-23,06:47:46,Bank Fee,519.67,Card,Successful,N/A,Gauteng
T000001802,A0000412,2026-05-02,09:51:29,Card Purchase,3977.24,Card,Successful,Groceries,Northern Cape
T000001803,A0000712,2026-06-02,06:13:15,Deposit,3694.19,Internet Banking,Successful,N/A,North West
T000001804,A0001866,2025-02-13,13:28:48,Card Purchase,4178.66,Mobile App,Successful,Retail,Western Cape
T000001805,A0001755,2026-06-05,22:40:30,Transfer,1249.67,Internet Banking,Successful,N/A,Gauteng
T000001806,A0003175,2026-06-30,20:39:25,Debit Order,343.69,ATM,Successful,N/A,Western Cape
T000001807,A0003091,2026-06-22,06:32:28,Payment,983.39,Mobile App,Successful,Telecoms,Western Cape
T000001808,A0000413,2026-07-01,17:57:02,Payment,1073.56,POS,Successful,Restaurants,Gauteng
T000001809,A0001225,2026-05-26,18:52:44,Transfer,591.13,POS,Successful,N/A,Free State
T000001810,A0002809,2026-01-05,11:28:35,Card Purchase,601.87,POS,Successful,Entertainment,Mpumalanga
T000001811,A0001926,2024-11-12,17:26:43,Card Purchase,178.22,POS,Successful,Entertainment,Gauteng
T000001812,A0001005,2025-06-01,22:24:37,Card Purchase,250.42,POS,Successful,Restaurants,North West
T000001813,A0001628,2025-10-19,14:19:01,Withdrawal,439.41,ATM,Successful,N/A,Western Cape
T000001814,A0000067,2025-01-08,21:01:26,Withdrawal,456.62,ATM,Successful,N/A,KwaZulu-Natal
T000001815,A0002679,2024-08-03,06:34:39,Withdrawal,1022.37,POS,Successful,N/A,Limpopo
T000001816,A0000508,2026-07-13,22:50:39,Interest,1092.81,Card,Successful,N/A,Northern Cape
T000001817,A0001165,2026-06-27,08:25:31,Card Purchase,697.83,Card,Successful,Travel,Gauteng
T000001818,A0001096,2024-02-20,22:35:23,Transfer,657.48,POS,Successful,N/A,KwaZulu-Natal
T000001819,A0000891,2026-05-28,08:43:40,Deposit,11429.4,Mobile App,Successful,N/A,Western Cape
T000001820,A0001015,2026-04-29,09:51:18,Bank Fee,637.95,POS,Successful,N/A,Gauteng
T000001821,A0002147,2026-07-14,22:14:45,Withdrawal,689.1,ATM,Successful,N/A,Gauteng
T000001822,A0000710,2026-07-14,19:31:26,Deposit,3127.56,Card,Successful,N/A,Western Cape
T000001823,A0000629,2026-02-05,21:34:01,Transfer,1351.5,Card,Successful,N/A,Free State
T000001824,A0000753,2026-07-17,11:26:11,Transfer,872.17,Mobile App,Successful,N/A,Western Cape
T000001825,A0002451,2026-03-16,21:51:43,Deposit,734.44,Card,Successful,N/A,Western Cape
T000001826,A0000192,2026-05-31,21:10:49,Debit Order,358.74,Card,Successful,N/A,Western Cape
T000001827,A0002063,2026-07-06,22:20:32,Card Purchase,96.31,Mobile App,Successful,Restaurants,Gauteng
T000001828,A0002272,2025-05-21,06:57:04,Withdrawal,5682.46,Branch,Successful,N/A,Western Cape
T000001829,A0000973,2026-04-29,11:25:14,Payment,1041.31,Card,Successful,Entertainment,Free State
T000001830,A0001940,2026-07-16,16:59:51,Card Purchase,927.47,ATM,Successful,Travel,Eastern Cape
T000001831,A0000256,2026-05-29,17:08:45,Transfer,203.12,Card,Successful,N/A,KwaZulu-Natal
T000001832,A0000314,2025-04-25,22:12:26,Withdrawal,110.61,POS,Successful,N/A,Gauteng
T000001833,A0003193,2025-01-15,06:34:05,Card Purchase,1586.05,POS,Successful,Entertainment,KwaZulu-Natal
T000001834,A0002184,2025-07-21,17:17:59,Payment,596.11,Branch,Successful,Utilities,Western Cape
T000001835,A0001455,2026-06-03,13:44:09,Payment,2866.88,Card,Successful,Groceries,Western Cape
T000001836,A0001270,2025-05-09,14:29:24,Deposit,3250.6,ATM,Successful,N/A,Western Cape
T000001837,A0002489,2023-09-05,20:17:34,Card Purchase,491.32,ATM,Successful,Telecoms,Western Cape
T000001838,A0002891,2026-07-16,15:11:08,Deposit,1794.36,POS,Successful,N/A,Western Cape
T000001839,A0000365,2026-04-27,17:37:08,Card Purchase,402.85,Mobile App,Successful,Restaurants,Eastern Cape
T000001840,A0001025,2026-07-23,20:43:52,Card Purchase,2445.98,Branch,Successful,Other,KwaZulu-Natal
T000001841,A0000700,2026-06-25,10:18:50,Withdrawal,1444.62,POS,Successful,N/A,Gauteng
T000001842,A0002136,2025-12-22,20:20:42,Card Purchase,1644.66,POS,Successful,Other,KwaZulu-Natal
T000001843,A0001726,2026-07-31,15:50:44,Transfer,3274.33,Internet Banking,Successful,N/A,Gauteng
T000001844,A0000767,2025-10-08,06:11:00,Card Purchase,3386.0,Mobile App,Successful,Retail,Western Cape
T000001845,A0002242,2026-03-01,15:09:43,Debit Order,271.95,Internet Banking,Successful,N/A,Eastern Cape
T000001846,A0001114,2026-07-31,11:47:29,Transfer,247.15,POS,Successful,N/A,Limpopo
T000001847,A0002162,2026-07-12,11:34:58,Withdrawal,713.19,Mobile App,Successful,N/A,Gauteng
T000001848,A0000824,2025-11-04,12:38:33,Card Purchase,402.24,Internet Banking,Successful,Utilities,KwaZulu-Natal
T000001849,A0001693,2026-06-08,22:41:31,Card Purchase,1382.61,Internet Banking,Successful,Telecoms,Free State
T000001850,A0002403,2026-02-06,10:44:59,Card Purchase,258.81,Card,Successful,Retail,Western Cape
T000001851,A0001967,2026-05-30,13:15:15,Transfer,5091.65,Mobile App,Successful,N/A,North West
T000001852,A0002765,2026-05-14,10:20:47,Debit Order,781.67,Mobile App,Successful,N/A,Western Cape
T000001853,A0002813,2026-01-16,14:08:49,Transfer,266.1,Card,Successful,N/A,Gauteng
T000001854,A0003013,2026-03-07,17:19:23,Transfer,215.58,Mobile App,Successful,N/A,Gauteng
T000001855,A0002401,2025-12-16,12:08:23,Deposit,13145.3,ATM,Successful,N/A,Free State
T000001856,A0001720,2026-06-30,16:32:01,Card Purchase,521.97,Mobile App,Successful,Utilities,Mpumalanga
T000001857,A0003087,2025-02-21,19:17:21,Withdrawal,4754.59,POS,Successful,N/A,Gauteng
T000001858,A0000544,2025-03-25,08:47:00,Withdrawal,334.41,POS,Successful,N/A,Western Cape
T000001859,A0001122,2026-07-09,21:20:41,Card Purchase,1334.26,Mobile App,Successful,Restaurants,KwaZulu-Natal
T000001860,A0001036,2024-05-04,19:10:40,Card Purchase,817.47,ATM,Successful,Other,KwaZulu-Natal
T000001861,A0000078,2026-06-21,16:38:42,Card Purchase,6185.46,Card,Successful,Retail,Eastern Cape
T000001862,A0001996,2025-07-07,22:56:29,Payment,524.17,Internet Banking,Successful,Other,Limpopo
T000001863,A0001916,2026-07-20,12:20:40,Card Purchase,255.88,Mobile App,Successful,Restaurants,Gauteng
T000001864,A0001405,2026-07-29,20:22:07,Card Purchase,3521.97,Card,Successful,Telecoms,Eastern Cape
T000001865,A0001303,2025-06-27,11:08:36,Debit Order,2230.1,Internet Banking,Successful,N/A,Gauteng
T000001866,A0000042,2026-02-26,07:42:06,Card Purchase,108.58,POS,Successful,Utilities,Limpopo
T000001867,A0000794,2024-11-03,15:55:13,Card Purchase,1523.85,POS,Successful,Entertainment,Eastern Cape
T000001868,A0000530,2025-12-13,17:23:06,Transfer,1225.69,Card,Successful,N/A,Gauteng
T000001869,A0000851,2026-06-28,12:26:47,Card Purchase,1794.37,Mobile App,Successful,Fuel,KwaZulu-Natal
T000001870,A0001492,2026-02-07,13:47:23,Card Purchase,423.52,Card,Successful,Other,KwaZulu-Natal
T000001871,A0003080,2025-11-25,11:54:14,Card Purchase,892.41,ATM,Successful,Healthcare,Gauteng
T000001872,A0000396,2026-06-27,06:36:11,Card Purchase,1644.67,Mobile App,Successful,Entertainment,Gauteng
T000001873,A0002004,2026-01-23,22:23:41,Transfer,983.64,Mobile App,Successful,N/A,Limpopo
T000001874,A0002261,2024-09-08,21:42:59,Card Purchase,156.56,POS,Successful,Groceries,Western Cape
T000001875,A0002330,2026-06-12,12:19:52,Payment,472.39,Mobile App,Successful,Other,Western Cape
T000001876,A0000312,2026-05-30,10:57:57,Card Purchase,1354.62,Internet Banking,Successful,Travel,Gauteng
T000001877,A0002576,2026-07-23,22:08:53,Card Purchase,208.49,Mobile App,Successful,Travel,Mpumalanga
T000001878,A0001165,2025-05-18,19:05:33,Payment,663.54,POS,Successful,Healthcare,Gauteng
T000001879,A0001675,2025-08-08,12:24:55,Card Purchase,251.78,Mobile App,Successful,Education,Gauteng
T000001880,A0000313,2025-05-12,07:18:42,Debit Order,679.28,Mobile App,Successful,N/A,KwaZulu-Natal
T000001881,A0000001,2026-03-06,10:56:04,Card Purchase,1726.43,Mobile App,Successful,Entertainment,Western Cape
T000001882,A0002534,2024-12-09,14:14:27,Transfer,548.19,Internet Banking,Successful,N/A,Gauteng
T000001883,A0000377,2026-03-29,14:54:53,Card Purchase,783.57,Mobile App,Successful,Fuel,Northern Cape
T000001884,A0001063,2025-09-03,22:46:11,Card Purchase,973.8,Card,Successful,Travel,Eastern Cape
T000001885,A0002806,2024-01-10,18:41:32,Card Purchase,239.73,Card,Successful,Other,Gauteng
T000001886,A0000089,2024-10-22,21:40:44,Transfer,5625.93,Branch,Successful,N/A,Western Cape
T000001887,A0000310,2025-08-09,06:31:17,Transfer,639.53,Card,Successful,N/A,Eastern Cape
T000001888,A0003129,2026-03-04,07:45:52,Debit Order,3091.67,Internet Banking,Successful,N/A,Gauteng
T000001889,A0000375,2026-04-24,13:02:38,Card Purchase,838.15,ATM,Successful,Restaurants,Gauteng
T000001890,A0001482,2025-10-05,14:55:52,Transfer,628.96,Branch,Successful,N/A,Gauteng
T000001891,A0003181,2026-07-21,14:21:54,Withdrawal,253.77,ATM,Successful,N/A,Limpopo
T000001892,A0002236,2024-07-21,15:07:26,Card Purchase,5573.87,Branch,Successful,Education,Eastern Cape
T000001893,A0002523,2026-07-29,19:37:15,Card Purchase,539.78,Internet Banking,Successful,Other,Western Cape
T000001894,A0002708,2026-04-01,07:41:50,Card Purchase,251.58,Mobile App,Successful,Retail,Eastern Cape
T000001895,A0003057,2025-08-07,10:21:36,Debit Order,789.98,Mobile App,Successful,N/A,Western Cape
T000001896,A0002214,2026-07-13,18:57:21,Card Purchase,128.59,POS,Successful,Entertainment,Western Cape
T000001897,A0002199,2026-07-01,18:36:39,Interest,317.66,Mobile App,Successful,N/A,North West
T000001898,A0001441,2026-01-27,19:46:13,Transfer,605.36,Mobile App,Successful,N/A,Gauteng
T000001899,A0000407,2026-07-28,21:37:38,Card Purchase,242.02,ATM,Successful,Utilities,KwaZulu-Natal
T000001900,A0002630,2025-10-24,15:19:59,Card Purchase,942.47,ATM,Successful,Telecoms,Gauteng
T000001901,A0000140,2026-07-27,21:15:52,Card Purchase,202.78,Branch,Successful,Restaurants,Limpopo
T000001902,A0001974,2026-07-06,14:39:14,Withdrawal,351.99,Mobile App,Successful,N/A,KwaZulu-Natal
T000001903,A0000882,2026-04-04,13:23:30,Debit Order,765.98,Internet Banking,Successful,N/A,Gauteng
T000001904,A0003059,2026-05-21,07:13:34,Card Purchase,682.67,Card,Successful,Retail,Free State
T000001905,A0002083,2025-03-12,15:26:59,Debit Order,483.28,Mobile App,Successful,N/A,Mpumalanga
T000001906,A0001125,2025-12-27,15:43:07,Transfer,2377.61,POS,Successful,N/A,Western Cape
T000001907,A0000667,2026-04-14,18:08:03,Card Purchase,969.21,Branch,Successful,Education,Gauteng
T000001908,A0000306,2025-03-31,08:35:58,Payment,941.38,Mobile App,Successful,Groceries,Gauteng
T000001909,A0002946,2026-02-13,22:22:48,Card Purchase,66.49,Mobile App,Successful,Entertainment,Limpopo
T000001910,A0000623,2026-06-10,12:24:01,Transfer,748.9,Branch,Successful,N/A,Gauteng
T000001911,A0001786,2026-03-06,17:27:18,Transfer,528.52,Mobile App,Successful,N/A,Gauteng
T000001912,A0002870,2026-05-02,11:21:34,Card Purchase,926.06,Mobile App,Successful,Healthcare,Mpumalanga
T000001913,A0002389,2026-03-27,06:49:55,Withdrawal,476.06,POS,Successful,N/A,Gauteng
T000001914,A0002284,2024-12-08,21:00:59,Card Purchase,236.45,ATM,Successful,Telecoms,Gauteng
T000001915,A0001834,2026-04-09,06:17:39,Transfer,447.72,Mobile App,Successful,N/A,KwaZulu-Natal
T000001916,A0002924,2026-06-07,09:23:38,Transfer,172.38,POS,Successful,N/A,Mpumalanga
T000001917,A0003167,2025-12-19,13:39:24,Transfer,984.57,Card,Successful,N/A,Western Cape
T000001918,A0000001,2026-03-03,08:25:24,Payment,184.44,Card,Successful,Entertainment,Western Cape
T000001919,A0002987,2026-07-16,21:36:29,Bank Fee,302.88,Internet Banking,Successful,N/A,Eastern Cape
T000001920,A0000033,2024-10-30,09:24:23,Debit Order,1781.95,ATM,Successful,N/A,Northern Cape
T000001921,A0002863,2024-06-29,06:09:50,Bank Fee,108.13,ATM,Successful,N/A,KwaZulu-Natal
T000001922,A0001848,2026-03-26,09:51:36,Transfer,625.88,Card,Successful,N/A,Gauteng
T000001923,A0000747,2026-05-19,17:30:28,Card Purchase,635.99,Branch,Successful,Travel,Western Cape
T000001924,A0003141,2026-07-20,08:39:28,Card Purchase,2012.43,Internet Banking,Successful,Other,Gauteng
T000001925,A0002026,2026-06-04,20:02:22,Card Purchase,226.15,Mobile App,Successful,Travel,Western Cape
T000001926,A0003103,2026-05-18,16:53:18,Transfer,1177.52,Card,Successful,N/A,Eastern Cape
T000001927,A0002294,2026-06-11,14:26:13,Payment,359.53,Branch,Successful,Retail,Limpopo
T000001928,A0002488,2026-07-31,15:56:55,Card Purchase,228.28,Card,Reversed,Retail,Western Cape
T000001929,A0001097,2026-05-27,11:25:32,Payment,86.25,Internet Banking,Successful,Healthcare,KwaZulu-Natal
T000001930,A0000800,2026-05-26,09:44:19,Card Purchase,184.0,POS,Successful,Retail,Gauteng
T000001931,A0000711,2025-04-28,21:13:04,Debit Order,189.11,Internet Banking,Successful,N/A,KwaZulu-Natal
T000001932,A0003186,2026-01-21,20:59:08,Withdrawal,608.96,Internet Banking,Successful,N/A,KwaZulu-Natal
T000001933,A0001830,2025-05-10,22:39:07,Debit Order,659.47,POS,Successful,N/A,Gauteng
T000001934,A0002945,2026-01-10,22:18:32,Debit Order,690.45,ATM,Successful,N/A,Western Cape
T000001935,A0001690,2025-06-11,18:18:00,Withdrawal,210.83,Mobile App,Successful,N/A,Gauteng
T000001936,A0000317,2025-11-19,08:58:46,Card Purchase,835.8,Mobile App,Successful,Telecoms,Gauteng
T000001937,A0003134,2024-10-27,15:37:24,Card Purchase,290.47,Branch,Successful,Utilities,Gauteng
T000001938,A0000350,2026-07-16,12:36:12,Debit Order,642.56,Card,Successful,N/A,Gauteng
T000001939,A0001240,2026-04-11,20:24:09,Transfer,469.18,Branch,Successful,N/A,Limpopo
T000001940,A0002670,2025-12-17,13:58:33,Payment,1391.79,Internet Banking,Successful,Utilities,Western Cape
T000001941,A0003097,2026-01-21,15:39:01,Transfer,323.82,Card,Successful,N/A,Free State
T000001942,A0001941,2026-07-07,14:48:02,Debit Order,920.16,Mobile App,Successful,N/A,Gauteng
T000001943,A0002509,2025-10-30,06:13:37,Card Purchase,1302.3,Card,Successful,Education,Limpopo
T000001944,A0001338,2026-06-17,17:05:17,Card Purchase,1451.93,Mobile App,Reversed,Other,Eastern Cape
T000001945,A0002704,2026-07-17,08:12:06,Card Purchase,3020.02,ATM,Successful,Travel,Western Cape
T000001946,A0002928,2026-04-22,08:07:25,Payment,626.84,POS,Successful,Fuel,Western Cape
T000001947,A0002082,2026-06-05,18:31:45,Payment,967.73,Mobile App,Successful,Education,KwaZulu-Natal
T000001948,A0000447,2025-06-01,20:04:58,Debit Order,1049.49,Mobile App,Successful,N/A,Gauteng
T000001949,A0002162,2025-05-25,06:42:57,Payment,692.08,Mobile App,Successful,Retail,Gauteng
T000001950,A0002871,2025-07-01,11:21:04,Debit Order,1250.05,POS,Successful,N/A,Gauteng
T000001951,A0000972,2026-02-05,21:31:45,Card Purchase,866.64,POS,Successful,Retail,Gauteng
T000001952,A0001323,2024-09-12,14:16:27,Debit Order,154.16,Internet Banking,Successful,N/A,KwaZulu-Natal
T000001953,A0002988,2024-10-01,07:13:47,Deposit,514.05,Mobile App,Successful,N/A,Eastern Cape
T000001954,A0001259,2024-08-03,15:50:26,Card Purchase,538.59,POS,Successful,Other,KwaZulu-Natal
T000001955,A0003107,2026-06-01,18:36:56,Debit Order,316.34,Branch,Successful,N/A,Limpopo
T000001956,A0000293,2024-12-27,11:17:29,Card Purchase,1678.8,POS,Successful,Telecoms,Western Cape
T000001957,A0002816,2025-07-19,08:59:34,Card Purchase,4005.3,POS,Successful,Retail,Gauteng
T000001958,A0002812,2026-01-25,20:10:09,Debit Order,369.63,Mobile App,Successful,N/A,Western Cape
T000001959,A0001446,2026-07-16,17:46:43,Transfer,90.94,ATM,Successful,N/A,Gauteng
T000001960,A0000583,2026-06-14,16:46:41,Withdrawal,428.81,Mobile App,Successful,N/A,Western Cape
T000001961,A0000221,2026-05-17,22:23:05,Withdrawal,294.15,Mobile App,Successful,N/A,Free State
T000001962,A0000955,2024-11-13,08:05:22,Transfer,1540.49,Internet Banking,Successful,N/A,Western Cape
T000001963,A0000703,2025-12-17,20:08:11,Card Purchase,302.71,Mobile App,Failed,Groceries,Free State
T000001964,A0002232,2024-09-24,22:59:36,Card Purchase,1382.63,Mobile App,Successful,Entertainment,KwaZulu-Natal
T000001965,A0001511,2024-12-08,13:11:06,Deposit,3466.09,POS,Successful,N/A,Gauteng
T000001966,A0003158,2026-01-21,17:45:59,Card Purchase,3121.87,Mobile App,Successful,Travel,Northern Cape
T000001967,A0001035,2025-12-28,14:23:57,Payment,1454.28,POS,Successful,Fuel,KwaZulu-Natal
T000001968,A0001400,2026-07-23,10:50:37,Withdrawal,92.87,ATM,Successful,N/A,Western Cape
T000001969,A0000158,2026-03-08,11:35:51,Card Purchase,113.07,Card,Successful,Restaurants,KwaZulu-Natal
T000001970,A0001920,2026-07-08,20:12:03,Card Purchase,588.78,Mobile App,Successful,Retail,Limpopo
T000001971,A0000376,2026-03-21,19:09:05,Card Purchase,406.04,ATM,Successful,Restaurants,KwaZulu-Natal
T000001972,A0002091,2025-10-04,09:38:39,Card Purchase,66.87,Card,Successful,Retail,Western Cape
T000001973,A0000810,2025-04-06,15:22:52,Debit Order,2096.88,Internet Banking,Successful,N/A,Gauteng
T000001974,A0002454,2026-04-20,19:31:19,Deposit,1042.85,Mobile App,Successful,N/A,Eastern Cape
T000001975,A0000280,2025-11-28,07:21:22,Transfer,1132.28,Mobile App,Successful,N/A,Gauteng
T000001976,A0001548,2025-04-13,16:38:44,Card Purchase,302.92,Card,Successful,Healthcare,Limpopo
T000001977,A0001257,2024-08-02,10:32:53,Card Purchase,315.67,Card,Successful,Other,Western Cape
T000001978,A0002448,2024-05-31,18:30:38,Withdrawal,976.63,Branch,Successful,N/A,Gauteng
T000001979,A0001680,2025-11-07,07:31:25,Withdrawal,226.79,POS,Successful,N/A,KwaZulu-Natal
T000001980,A0001391,2026-07-31,14:29:34,Bank Fee,378.13,ATM,Successful,N/A,Western Cape
T000001981,A0000787,2025-12-31,13:00:29,Card Purchase,1139.37,POS,Successful,Restaurants,Free State
T000001982,A0001831,2026-07-26,14:15:57,Deposit,1967.74,ATM,Successful,N/A,Eastern Cape
T000001983,A0000312,2026-05-30,07:36:45,Card Purchase,415.72,Mobile App,Successful,Groceries,Gauteng
T000001984,A0000627,2025-12-14,12:14:07,Transfer,988.69,Card,Successful,N/A,KwaZulu-Natal
T000001985,A0000435,2026-07-30,06:47:14,Card Purchase,2345.63,Card,Successful,Healthcare,KwaZulu-Natal
T000001986,A0003133,2026-07-29,14:13:00,Bank Fee,480.45,Mobile App,Successful,N/A,KwaZulu-Natal
T000001987,A0002591,2026-05-04,15:15:33,Card Purchase,553.86,Card,Successful,Restaurants,Western Cape
T000001988,A0002290,2026-07-17,07:19:04,Transfer,262.31,Mobile App,Successful,N/A,Gauteng
T000001989,A0000492,2026-06-09,11:41:14,Card Purchase,699.06,Card,Reversed,Education,KwaZulu-Natal
T000001990,A0001290,2025-09-26,13:54:32,Debit Order,1297.89,Card,Successful,N/A,Gauteng
T000001991,A0001007,2024-08-27,15:50:56,Card Purchase,368.07,Internet Banking,Successful,Travel,Gauteng
T000001992,A0001021,2026-07-28,09:40:49,Deposit,1684.68,Mobile App,Successful,N/A,Western Cape
T000001993,A0002388,2026-06-21,12:16:23,Card Purchase,191.82,Internet Banking,Successful,Fuel,Free State
T000001994,A0001254,2026-03-22,15:21:41,Card Purchase,2110.25,Card,Failed,Retail,Western Cape
T000001995,A0000214,2024-12-17,15:05:15,Transfer,369.76,Branch,Successful,N/A,KwaZulu-Natal
T000001996,A0001996,2026-01-11,16:34:12,Card Purchase,106.97,Mobile App,Successful,Retail,Limpopo
T000001997,A0001919,2026-06-03,07:20:35,Card Purchase,546.53,Card,Successful,Fuel,Gauteng
T000001998,A0001758,2025-10-03,21:01:24,Card Purchase,1599.34,Card,Successful,Other,Eastern Cape
T000001999,A0002401,2025-12-06,07:42:44,Transfer,425.41,ATM,Successful,N/A,Free State
T000002000,A0002232,2025-02-17,12:22:40,Card Purchase,815.79,Branch,Successful,Telecoms,KwaZulu-Natal
T000002001,A0002038,2026-05-06,12:50:53,Card Purchase,465.69,Card,Successful,Retail,Western Cape
T000002002,A0001821,2026-07-17,16:06:00,Debit Order,890.89,Internet Banking,Successful,N/A,Western Cape
T000002003,A0000293,2026-03-26,08:50:00,Payment,846.75,Mobile App,Successful,Other,Western Cape
T000002004,A0001923,2026-07-01,13:47:17,Deposit,3697.12,POS,Successful,N/A,Western Cape
T000002005,A0002403,2026-02-08,07:41:55,Debit Order,555.42,Branch,Successful,N/A,Western Cape
T000002006,A0001088,2025-08-26,11:16:34,Card Purchase,371.98,Card,Successful,Groceries,Gauteng
T000002007,A0000644,2026-07-19,13:23:46,Card Purchase,621.88,Mobile App,Successful,Utilities,Western Cape
T000002008,A0000204,2025-10-05,18:47:25,Transfer,2165.39,Card,Successful,N/A,Limpopo
T000002009,A0000203,2024-02-07,12:10:43,Transfer,55.37,Mobile App,Successful,N/A,Western Cape
T000002010,A0002249,2026-07-24,07:58:32,Card Purchase,407.34,Mobile App,Successful,Other,Gauteng
T000002011,A0000459,2026-06-13,17:44:40,Card Purchase,1127.52,Mobile App,Successful,Travel,Gauteng
T000002012,A0002638,2025-05-26,09:41:52,Debit Order,511.54,Mobile App,Successful,N/A,Eastern Cape
T000002013,A0001584,2026-05-29,17:02:08,Withdrawal,602.53,Card,Successful,N/A,Free State
T000002014,A0001517,2026-07-01,20:09:02,Payment,1908.78,Card,Successful,Travel,Western Cape
T000002015,A0000731,2024-11-02,09:40:01,Transfer,452.0,Card,Successful,N/A,Western Cape
T000002016,A0000455,2026-07-07,11:42:51,Card Purchase,127.38,Mobile App,Successful,Education,Gauteng
T000002017,A0001105,2026-06-28,09:13:42,Transfer,1119.4,POS,Successful,N/A,Limpopo
T000002018,A0003049,2026-05-28,20:11:26,Card Purchase,395.41,Branch,Successful,Travel,Gauteng
T000002019,A0002784,2026-07-31,08:59:13,Debit Order,480.06,ATM,Successful,N/A,Gauteng
T000002020,A0002142,2025-12-06,13:18:04,Debit Order,465.25,Mobile App,Successful,N/A,KwaZulu-Natal
T000002021,A0001558,2025-09-15,17:17:41,Withdrawal,589.19,ATM,Successful,N/A,Western Cape
T000002022,A0000738,2026-07-19,11:41:15,Payment,183.57,POS,Successful,Entertainment,KwaZulu-Natal
T000002023,A0000008,2026-06-24,12:39:23,Debit Order,732.01,Branch,Successful,N/A,KwaZulu-Natal
T000002024,A0002366,2025-12-07,18:17:21,Withdrawal,957.49,Card,Successful,N/A,KwaZulu-Natal
T000002025,A0001157,2026-07-03,08:08:10,Card Purchase,1080.94,Mobile App,Successful,Groceries,Western Cape
T000002026,A0001873,2026-03-04,17:10:31,Transfer,1511.24,Mobile App,Successful,N/A,Northern Cape
T000002027,A0002715,2025-06-01,13:49:01,Deposit,1255.14,POS,Successful,N/A,Eastern Cape
T000002028,A0003064,2025-03-30,18:02:47,Withdrawal,346.71,ATM,Successful,N/A,Western Cape
T000002029,A0001720,2026-06-19,15:43:41,Debit Order,776.07,Card,Successful,N/A,Mpumalanga
T000002030,A0001124,2026-07-06,08:28:27,Bank Fee,432.34,Card,Successful,N/A,Gauteng
T000002031,A0001665,2026-01-21,13:00:44,Transfer,4551.08,Mobile App,Successful,N/A,Gauteng
T000002032,A0000444,2025-03-07,17:13:07,Transfer,274.72,POS,Successful,N/A,KwaZulu-Natal
T000002033,A0002079,2026-02-08,12:32:57,Payment,1957.51,Mobile App,Successful,Telecoms,Gauteng
T000002034,A0002321,2026-04-10,21:15:34,Withdrawal,526.53,Branch,Successful,N/A,Free State
T000002035,A0002782,2026-07-18,07:00:39,Debit Order,927.9,Internet Banking,Successful,N/A,Gauteng
T000002036,A0001833,2026-03-19,21:14:38,Card Purchase,673.56,Mobile App,Successful,Restaurants,Gauteng
T000002037,A0001837,2026-05-07,11:26:07,Card Purchase,7907.0,ATM,Successful,Travel,Gauteng
T000002038,A0001497,2026-06-18,10:32:24,Card Purchase,867.65,Mobile App,Successful,Restaurants,Limpopo
T000002039,A0002468,2026-07-17,09:19:43,Payment,296.6,ATM,Successful,Fuel,Western Cape
T000002040,A0000946,2026-02-23,13:27:13,Interest,497.55,Mobile App,Successful,N/A,Gauteng
T000002041,A0002308,2026-02-07,12:50:23,Card Purchase,3386.66,Card,Successful,Travel,Western Cape
T000002042,A0001220,2026-07-15,19:41:28,Withdrawal,513.64,Mobile App,Successful,N/A,Western Cape
T000002043,A0002776,2026-04-20,10:18:44,Deposit,14215.31,Card,Successful,N/A,Western Cape
T000002044,A0001931,2026-02-10,07:56:27,Transfer,352.68,Mobile App,Successful,N/A,Mpumalanga
T000002045,A0001175,2025-10-15,15:04:35,Payment,2598.48,ATM,Successful,Other,Gauteng
T000002046,A0001450,2024-10-14,22:54:39,Deposit,972.23,Mobile App,Successful,N/A,Eastern Cape
T000002047,A0002156,2025-07-22,20:19:46,Payment,2485.95,Internet Banking,Successful,Education,Western Cape
T000002048,A0001248,2025-10-08,07:12:41,Card Purchase,218.04,Card,Successful,Restaurants,Gauteng
T000002049,A0001667,2026-04-15,20:30:56,Card Purchase,91.92,Mobile App,Successful,Education,Mpumalanga
T000002050,A0002375,2026-06-26,10:59:56,Card Purchase,108.79,Internet Banking,Successful,Telecoms,Mpumalanga
T000002051,A0000406,2026-02-09,06:53:09,Card Purchase,522.23,Branch,Successful,Healthcare,KwaZulu-Natal
T000002052,A0000591,2025-09-07,12:36:28,Transfer,695.47,Internet Banking,Successful,N/A,Free State
T000002053,A0003155,2025-11-19,12:13:31,Payment,355.71,Mobile App,Successful,Restaurants,KwaZulu-Natal
T000002054,A0001699,2025-08-06,11:11:11,Card Purchase,153.58,Card,Successful,Travel,Western Cape
T000002055,A0001023,2025-12-08,18:31:06,Debit Order,501.0,Mobile App,Successful,N/A,Western Cape
T000002056,A0001176,2025-03-25,08:30:49,Card Purchase,575.98,ATM,Successful,Telecoms,Gauteng
T000002057,A0002190,2026-07-07,11:54:35,Withdrawal,166.61,Mobile App,Successful,N/A,Gauteng
T000002058,A0001416,2026-04-15,15:51:23,Transfer,164.25,POS,Successful,N/A,KwaZulu-Natal
T000002059,A0002076,2025-07-02,15:57:19,Interest,1764.73,Mobile App,Successful,N/A,KwaZulu-Natal
T000002060,A0002045,2025-04-12,13:07:15,Debit Order,568.89,Card,Successful,N/A,Eastern Cape
T000002061,A0002087,2025-04-03,22:49:43,Card Purchase,2818.58,Mobile App,Successful,Education,Western Cape
T000002062,A0002186,2026-05-10,18:11:59,Card Purchase,89.41,Branch,Successful,Healthcare,North West
T000002063,A0001237,2025-03-21,21:56:47,Payment,872.93,Card,Successful,Entertainment,Mpumalanga
T000002064,A0000012,2026-06-11,22:55:24,Payment,854.78,Mobile App,Successful,Education,Eastern Cape
T000002065,A0000043,2026-05-18,22:42:21,Card Purchase,2547.09,Card,Successful,Utilities,Gauteng
T000002066,A0002110,2026-03-31,07:25:09,Deposit,3487.97,Mobile App,Successful,N/A,KwaZulu-Natal
T000002067,A0002078,2026-03-29,21:10:21,Card Purchase,486.6,Card,Successful,Education,Western Cape
T000002068,A0000562,2026-07-31,09:00:01,Payment,1022.99,Card,Successful,Restaurants,Western Cape
T000002069,A0000147,2026-04-08,18:07:23,Card Purchase,4243.2,Card,Successful,Education,Western Cape
T000002070,A0001751,2025-12-06,11:38:23,Card Purchase,552.34,POS,Successful,Other,Gauteng
T000002071,A0001028,2026-06-18,16:20:54,Card Purchase,991.11,Card,Successful,Utilities,Western Cape
T000002072,A0002944,2026-03-07,17:29:33,Bank Fee,835.05,Internet Banking,Successful,N/A,Gauteng
T000002073,A0001206,2026-06-05,19:00:33,Withdrawal,253.22,Mobile App,Successful,N/A,Western Cape
T000002074,A0000798,2024-06-29,22:24:29,Withdrawal,283.11,Mobile App,Failed,N/A,KwaZulu-Natal
T000002075,A0003070,2026-07-22,14:13:25,Card Purchase,147.86,Internet Banking,Reversed,Healthcare,Eastern Cape
T000002076,A0002868,2026-01-04,09:34:16,Payment,285.93,ATM,Successful,Entertainment,Gauteng
T000002077,A0001691,2025-12-02,16:31:19,Debit Order,413.53,Card,Successful,N/A,Gauteng
T000002078,A0000331,2025-09-27,20:37:48,Withdrawal,65.36,Mobile App,Successful,N/A,Gauteng
T000002079,A0002860,2026-05-03,19:33:55,Transfer,472.18,Mobile App,Successful,N/A,Gauteng
T000002080,A0002242,2026-04-06,12:52:48,Transfer,2719.64,ATM,Successful,N/A,Eastern Cape
T000002081,A0001264,2026-05-21,15:52:02,Transfer,4289.23,Card,Successful,N/A,Gauteng
T000002082,A0001642,2026-03-21,14:14:18,Payment,46.82,Card,Successful,Education,Gauteng
T000002083,A0000898,2026-05-28,22:37:15,Card Purchase,829.94,ATM,Successful,Healthcare,Gauteng
T000002084,A0001647,2026-07-23,11:41:02,Deposit,4539.31,POS,Successful,N/A,Free State
T000002085,A0001908,2026-06-21,18:55:42,Bank Fee,639.63,Card,Successful,N/A,Gauteng
T000002086,A0000595,2025-10-24,19:48:04,Card Purchase,408.74,Internet Banking,Successful,Groceries,Eastern Cape
T000002087,A0001281,2026-06-01,22:35:07,Transfer,90.51,Card,Successful,N/A,Western Cape
T000002088,A0002356,2025-07-27,06:01:28,Card Purchase,2206.67,Card,Successful,Entertainment,Eastern Cape
T000002089,A0001511,2024-04-10,22:58:22,Debit Order,185.29,Internet Banking,Successful,N/A,Gauteng
T000002090,A0002327,2026-01-20,10:15:32,Withdrawal,655.84,POS,Successful,N/A,KwaZulu-Natal
T000002091,A0002888,2026-06-08,06:18:58,Transfer,543.12,Mobile App,Successful,N/A,Gauteng
T000002092,A0002296,2026-05-11,10:40:16,Deposit,20497.92,Internet Banking,Successful,N/A,Free State
T000002093,A0001870,2025-10-09,10:36:51,Card Purchase,5205.02,POS,Successful,Travel,Western Cape
T000002094,A0002196,2025-08-28,21:14:44,Payment,620.43,Mobile App,Successful,Other,Gauteng
T000002095,A0002994,2024-04-21,08:54:19,Bank Fee,1109.0,Mobile App,Successful,N/A,Gauteng
T000002096,A0002301,2024-05-19,15:13:35,Payment,79.24,ATM,Successful,Fuel,KwaZulu-Natal
T000002097,A0000193,2025-09-28,18:13:17,Transfer,1699.4,Mobile App,Successful,N/A,Free State
T000002098,A0000838,2026-07-12,07:51:22,Card Purchase,841.53,Card,Successful,Healthcare,Free State
T000002099,A0000712,2026-06-20,08:56:53,Transfer,2104.78,Branch,Successful,N/A,North West
T000002100,A0002290,2025-02-08,18:57:41,Card Purchase,1698.53,ATM,Successful,Retail,Gauteng
T000002101,A0000251,2026-03-05,16:09:47,Debit Order,111.92,Branch,Successful,N/A,Gauteng
T000002102,A0000164,2025-06-25,15:16:04,Payment,351.11,POS,Successful,Restaurants,Gauteng
T000002103,A0003053,2026-06-09,19:37:14,Card Purchase,774.36,Card,Successful,Telecoms,Western Cape
T000002104,A0000453,2026-07-03,06:57:40,Card Purchase,721.99,ATM,Successful,Telecoms,Western Cape
T000002105,A0000970,2026-05-24,08:07:57,Debit Order,182.19,ATM,Successful,N/A,Limpopo
T000002106,A0002899,2026-07-05,13:23:14,Payment,416.84,POS,Successful,Entertainment,Limpopo
T000002107,A0003077,2026-06-25,14:52:45,Card Purchase,1203.4,Mobile App,Successful,Restaurants,Gauteng
T000002108,A0001534,2026-02-03,20:21:14,Card Purchase,1382.5,POS,Successful,Travel,KwaZulu-Natal
T000002109,A0001395,2026-07-24,06:13:20,Transfer,2816.81,Mobile App,Successful,N/A,Western Cape
T000002110,A0000436,2026-05-07,07:32:16,Card Purchase,217.88,Mobile App,Successful,Fuel,Limpopo
T000002111,A0000969,2026-04-14,14:38:06,Card Purchase,319.48,POS,Successful,Retail,Northern Cape
T000002112,A0002475,2026-03-12,09:31:01,Interest,752.44,POS,Successful,N/A,Northern Cape
T000002113,A0001338,2025-10-05,06:50:34,Debit Order,740.96,Internet Banking,Successful,N/A,Eastern Cape
T000002114,A0000540,2024-05-08,14:12:03,Card Purchase,667.6,Internet Banking,Successful,Retail,Gauteng
T000002115,A0000087,2026-03-10,12:27:58,Transfer,1259.54,Mobile App,Successful,N/A,Limpopo
T000002116,A0001325,2025-09-07,20:21:33,Card Purchase,578.94,Mobile App,Successful,Groceries,Gauteng
T000002117,A0001028,2025-01-19,17:26:45,Transfer,536.55,Mobile App,Successful,N/A,Western Cape
T000002118,A0001757,2024-11-27,22:14:45,Card Purchase,1422.18,Mobile App,Successful,Retail,KwaZulu-Natal
T000002119,A0002434,2025-11-09,10:35:24,Payment,1285.87,Mobile App,Successful,Utilities,Mpumalanga
T000002120,A0001374,2026-05-28,15:21:19,Card Purchase,322.0,Mobile App,Successful,Education,Gauteng
T000002121,A0001646,2026-04-09,22:05:18,Transfer,2261.78,Mobile App,Successful,N/A,North West
T000002122,A0002797,2026-02-26,17:53:07,Debit Order,534.89,Mobile App,Successful,N/A,Eastern Cape
T000002123,A0002979,2026-05-09,21:37:45,Transfer,241.47,Card,Successful,N/A,KwaZulu-Natal
T000002124,A0003076,2026-02-22,21:31:24,Debit Order,392.47,Mobile App,Successful,N/A,Eastern Cape
T000002125,A0003056,2024-06-05,20:16:36,Debit Order,531.9,POS,Successful,N/A,Limpopo
T000002126,A0002597,2023-09-17,12:56:03,Card Purchase,8334.33,Internet Banking,Successful,Travel,Eastern Cape
T000002127,A0000767,2025-09-27,10:00:26,Transfer,3449.5,Branch,Successful,N/A,Western Cape
T000002128,A0002547,2026-07-28,12:00:54,Card Purchase,1318.57,Mobile App,Successful,Travel,Gauteng
T000002129,A0001037,2026-03-26,19:10:59,Payment,1058.97,POS,Successful,Utilities,Gauteng
T000002130,A0003109,2026-07-11,17:26:27,Deposit,3565.24,Mobile App,Successful,N/A,Gauteng
T000002131,A0003093,2026-04-23,11:40:54,Card Purchase,1529.37,Mobile App,Successful,Telecoms,Gauteng
T000002132,A0000246,2025-09-10,14:53:39,Payment,1883.88,Card,Successful,Entertainment,Mpumalanga
T000002133,A0002120,2026-04-17,12:30:46,Card Purchase,1451.05,Card,Successful,Fuel,Gauteng
T000002134,A0003017,2026-04-10,09:13:22,Card Purchase,274.51,Card,Successful,Entertainment,Western Cape
T000002135,A0000392,2026-07-15,09:16:10,Card Purchase,881.94,Mobile App,Successful,Healthcare,Free State
T000002136,A0001285,2026-04-12,12:45:50,Card Purchase,496.83,ATM,Successful,Restaurants,Free State
T000002137,A0001410,2024-12-16,12:38:52,Card Purchase,282.95,Branch,Successful,Utilities,KwaZulu-Natal
T000002138,A0001425,2026-03-17,19:57:34,Withdrawal,340.36,Mobile App,Successful,N/A,Gauteng
T000002139,A0001214,2024-11-03,11:11:16,Deposit,3132.43,Card,Successful,N/A,Northern Cape
T000002140,A0003075,2026-06-05,16:21:38,Card Purchase,1341.16,Card,Successful,Retail,KwaZulu-Natal
T000002141,A0002701,2026-03-22,17:27:15,Transfer,828.34,POS,Successful,N/A,KwaZulu-Natal
T000002142,A0000617,2025-05-22,15:16:50,Card Purchase,713.58,Mobile App,Successful,Healthcare,Gauteng
T000002143,A0002924,2026-06-17,19:15:34,Card Purchase,2106.65,Mobile App,Successful,Telecoms,Mpumalanga
T000002144,A0000853,2026-06-05,07:17:20,Debit Order,1928.92,POS,Successful,N/A,Gauteng
T000002145,A0001858,2026-03-28,19:50:36,Payment,5012.28,Card,Successful,Other,Eastern Cape
T000002146,A0002164,2026-07-09,18:10:52,Debit Order,108.09,POS,Successful,N/A,Gauteng
T000002147,A0000701,2025-05-01,13:09:21,Card Purchase,493.5,Mobile App,Successful,Groceries,Gauteng
T000002148,A0002185,2024-05-11,08:48:35,Debit Order,153.04,Card,Successful,N/A,Gauteng
T000002149,A0000062,2025-01-20,16:32:07,Bank Fee,226.33,Internet Banking,Successful,N/A,North West
T000002150,A0001433,2026-06-04,12:36:57,Payment,1341.01,Card,Successful,Travel,Gauteng
T000002151,A0001106,2025-02-12,07:29:17,Card Purchase,963.74,POS,Successful,Other,Western Cape
T000002152,A0001828,2026-06-18,06:22:02,Card Purchase,1226.22,Branch,Successful,Education,Mpumalanga
T000002153,A0002978,2025-03-07,18:39:37,Payment,294.53,POS,Successful,Healthcare,Mpumalanga
T000002154,A0001473,2026-07-24,10:58:58,Transfer,1902.99,ATM,Successful,N/A,Eastern Cape
T000002155,A0000021,2025-08-16,17:40:24,Transfer,651.67,ATM,Successful,N/A,Western Cape
T000002156,A0002567,2026-04-27,17:29:32,Payment,163.12,POS,Successful,Healthcare,Gauteng
T000002157,A0001279,2026-02-28,17:40:33,Payment,534.51,ATM,Successful,Other,KwaZulu-Natal
T000002158,A0001210,2026-05-25,08:21:01,Payment,689.83,Mobile App,Successful,Entertainment,North West
T000002159,A0001278,2026-01-20,21:57:53,Transfer,1345.99,Mobile App,Successful,N/A,Northern Cape
T000002160,A0000149,2025-07-18,15:22:16,Transfer,2059.29,ATM,Successful,N/A,Western Cape
T000002161,A0002632,2026-04-12,14:34:55,Payment,1136.43,Mobile App,Successful,Other,Eastern Cape
T000002162,A0001153,2025-12-18,16:37:39,Deposit,787.33,POS,Successful,N/A,Gauteng
T000002163,A0002610,2024-11-08,16:43:02,Transfer,778.85,Mobile App,Successful,N/A,Western Cape
T000002164,A0000443,2025-11-14,16:54:18,Card Purchase,1370.71,Mobile App,Successful,Entertainment,Gauteng
T000002165,A0001182,2025-09-22,07:20:03,Card Purchase,488.07,Card,Successful,Utilities,KwaZulu-Natal
T000002166,A0000087,2025-10-02,07:59:09,Card Purchase,578.56,POS,Successful,Entertainment,Limpopo
T000002167,A0000557,2025-06-13,22:45:58,Payment,645.68,ATM,Successful,Entertainment,KwaZulu-Natal
T000002168,A0000206,2026-05-14,11:16:29,Debit Order,1234.82,Card,Successful,N/A,Gauteng
T000002169,A0001909,2026-07-29,18:57:39,Transfer,1169.92,ATM,Successful,N/A,Gauteng
T000002170,A0002128,2026-06-16,21:38:23,Transfer,292.46,POS,Successful,N/A,Gauteng
T000002171,A0003117,2026-07-31,20:23:16,Debit Order,334.01,Card,Successful,N/A,Northern Cape
T000002172,A0001622,2026-07-15,08:57:17,Deposit,2009.19,Mobile App,Successful,N/A,Northern Cape
T000002173,A0002403,2026-03-15,17:53:53,Payment,1692.27,Branch,Successful,Retail,Western Cape
T000002174,A0001329,2026-07-24,17:11:29,Payment,620.35,Mobile App,Successful,Education,KwaZulu-Natal
T000002175,A0000383,2026-05-23,11:35:09,Bank Fee,1412.56,Branch,Successful,N/A,Western Cape
T000002176,A0000447,2026-03-16,17:21:06,Bank Fee,927.8,POS,Successful,N/A,Gauteng
T000002177,A0001778,2024-08-23,19:05:23,Debit Order,964.56,Mobile App,Successful,N/A,KwaZulu-Natal
T000002178,A0002157,2026-06-24,16:45:47,Card Purchase,1420.83,Card,Successful,Fuel,Western Cape
T000002179,A0001594,2025-10-30,10:21:28,Card Purchase,2876.18,Card,Successful,Utilities,Limpopo
T000002180,A0001768,2025-09-02,20:32:18,Withdrawal,351.26,Card,Successful,N/A,KwaZulu-Natal
T000002181,A0000632,2026-06-16,06:16:45,Card Purchase,444.57,Card,Successful,Travel,North West
T000002182,A0001745,2026-06-17,17:10:22,Transfer,794.81,POS,Successful,N/A,Gauteng
T000002183,A0001312,2025-10-08,07:40:39,Payment,3768.93,Branch,Successful,Entertainment,Gauteng
T000002184,A0001639,2026-05-29,18:37:13,Deposit,8918.93,Card,Successful,N/A,Free State
T000002185,A0003108,2026-06-02,06:34:02,Card Purchase,1212.67,Card,Successful,Travel,Gauteng
T000002186,A0002179,2026-02-09,09:55:25,Deposit,1630.56,Card,Successful,N/A,Western Cape
T000002187,A0000900,2025-12-13,16:50:14,Card Purchase,4478.46,ATM,Failed,Groceries,Western Cape
T000002188,A0002375,2026-07-03,07:11:50,Bank Fee,1115.34,Mobile App,Successful,N/A,Mpumalanga
T000002189,A0001711,2025-12-18,09:08:29,Interest,1012.39,Internet Banking,Successful,N/A,KwaZulu-Natal
T000002190,A0002262,2026-07-25,12:30:56,Debit Order,2534.31,Internet Banking,Successful,N/A,Gauteng
T000002191,A0000546,2026-07-30,19:15:00,Bank Fee,652.75,Card,Successful,N/A,Eastern Cape
T000002192,A0001246,2026-05-06,22:08:21,Transfer,2570.44,Card,Successful,N/A,Gauteng
T000002193,A0002175,2026-06-15,22:41:55,Card Purchase,299.63,Internet Banking,Successful,Travel,Mpumalanga
T000002194,A0000540,2026-04-20,07:52:49,Transfer,1090.51,Mobile App,Successful,N/A,Gauteng
T000002195,A0000003,2025-12-25,22:04:10,Payment,765.61,Branch,Successful,Retail,Eastern Cape
T000002196,A0000843,2026-05-25,09:00:21,Debit Order,4303.91,ATM,Successful,N/A,KwaZulu-Natal
T000002197,A0000867,2024-06-18,11:04:14,Debit Order,901.83,ATM,Successful,N/A,Gauteng
T000002198,A0001473,2026-05-29,16:30:44,Interest,900.04,Internet Banking,Successful,N/A,Eastern Cape
T000002199,A0002795,2025-06-01,16:10:15,Payment,98.88,ATM,Successful,Fuel,Gauteng
T000002200,A0001186,2025-08-22,20:15:26,Withdrawal,2684.94,Internet Banking,Successful,N/A,Western Cape
T000002201,A0000785,2025-05-09,09:09:34,Deposit,4991.93,Internet Banking,Successful,N/A,Western Cape
T000002202,A0002842,2026-06-27,15:23:35,Payment,239.65,POS,Successful,Groceries,Western Cape
T000002203,A0000825,2026-06-20,22:33:12,Deposit,2948.49,Card,Successful,N/A,Western Cape
T000002204,A0000090,2026-07-31,07:01:44,Deposit,13493.24,Card,Successful,N/A,KwaZulu-Natal
T000002205,A0002241,2025-12-24,17:41:52,Transfer,1375.95,ATM,Successful,N/A,Mpumalanga
T000002206,A0002288,2026-05-15,22:15:17,Transfer,711.5,Mobile App,Successful,N/A,Eastern Cape
T000002207,A0001035,2026-07-14,20:16:43,Withdrawal,1673.47,Card,Successful,N/A,KwaZulu-Natal
T000002208,A0001115,2025-04-24,21:40:00,Transfer,548.36,Branch,Successful,N/A,Western Cape
T000002209,A0002437,2026-02-15,08:29:58,Transfer,1081.43,Internet Banking,Successful,N/A,KwaZulu-Natal
T000002210,A0002924,2026-07-22,22:54:28,Card Purchase,1998.68,Mobile App,Successful,Entertainment,Mpumalanga
T000002211,A0002391,2025-03-17,17:54:18,Payment,840.22,Branch,Successful,Restaurants,Western Cape
T000002212,A0003140,2026-07-30,14:26:08,Payment,668.25,POS,Successful,Groceries,Gauteng
T000002213,A0003018,2026-03-24,10:51:07,Transfer,3319.43,Card,Successful,N/A,KwaZulu-Natal
T000002214,A0001443,2026-07-25,10:34:52,Card Purchase,1444.79,Internet Banking,Successful,Retail,Gauteng
T000002215,A0000845,2026-07-22,13:19:46,Withdrawal,1719.47,Mobile App,Successful,N/A,Gauteng
T000002216,A0003013,2026-05-03,06:33:59,Transfer,393.35,Mobile App,Successful,N/A,Gauteng
T000002217,A0003139,2026-07-02,20:41:59,Transfer,978.47,ATM,Successful,N/A,KwaZulu-Natal
T000002218,A0000228,2025-07-03,12:28:07,Transfer,8576.0,POS,Successful,N/A,Mpumalanga
T000002219,A0001769,2026-02-21,11:19:19,Deposit,5862.75,Internet Banking,Successful,N/A,Mpumalanga
T000002220,A0000145,2025-12-17,10:42:42,Card Purchase,191.49,Mobile App,Successful,Travel,Mpumalanga
T000002221,A0002828,2024-11-15,13:24:06,Transfer,199.83,POS,Successful,N/A,Western Cape
T000002222,A0003045,2025-01-14,21:22:32,Transfer,302.27,Card,Successful,N/A,Western Cape
T000002223,A0000954,2025-01-20,09:24:11,Payment,925.53,ATM,Successful,Education,Eastern Cape
T000002224,A0000992,2026-07-20,15:58:01,Deposit,12979.09,POS,Successful,N/A,Gauteng
T000002225,A0001807,2026-06-04,08:00:13,Withdrawal,949.27,Card,Successful,N/A,Western Cape
T000002226,A0001835,2026-03-18,16:06:51,Card Purchase,1124.97,POS,Successful,Education,Western Cape
T000002227,A0002747,2026-03-23,07:24:12,Payment,688.21,Card,Successful,Education,Gauteng
T000002228,A0000005,2026-07-07,19:43:16,Withdrawal,334.28,Card,Successful,N/A,Gauteng
T000002229,A0001139,2026-02-13,06:17:08,Transfer,247.48,POS,Successful,N/A,Western Cape
T000002230,A0001285,2026-06-09,14:03:17,Card Purchase,117.9,Mobile App,Successful,Other,Free State
T000002231,A0001809,2026-01-22,15:43:59,Payment,1203.02,Mobile App,Successful,Other,Eastern Cape
T000002232,A0000770,2026-05-10,09:42:35,Deposit,7141.09,POS,Failed,N/A,KwaZulu-Natal
T000002233,A0000561,2026-07-24,20:11:10,Card Purchase,960.93,Internet Banking,Successful,Groceries,Gauteng
T000002234,A0001268,2024-11-04,21:30:15,Card Purchase,3717.43,ATM,Successful,Groceries,Western Cape
T000002235,A0001271,2024-05-02,22:10:52,Payment,306.14,Mobile App,Successful,Entertainment,Gauteng
T000002236,A0001505,2026-04-29,17:31:11,Deposit,7148.8,Mobile App,Successful,N/A,Western Cape
T000002237,A0001937,2026-03-28,16:15:38,Deposit,1219.45,Card,Successful,N/A,Free State
T000002238,A0002452,2025-08-16,08:11:02,Bank Fee,383.89,Internet Banking,Successful,N/A,Mpumalanga
T000002239,A0001522,2025-08-04,18:51:26,Card Purchase,1304.55,POS,Successful,Education,KwaZulu-Natal
T000002240,A0001697,2024-09-07,19:01:21,Card Purchase,158.76,POS,Successful,Healthcare,Free State
T000002241,A0000305,2026-04-14,18:49:19,Withdrawal,1581.51,Internet Banking,Successful,N/A,Gauteng
T000002242,A0001559,2026-07-19,17:27:44,Card Purchase,97.3,Branch,Successful,Groceries,Gauteng
T000002243,A0001284,2026-07-13,09:25:55,Transfer,704.02,POS,Successful,N/A,Western Cape
T000002244,A0001813,2026-06-12,07:22:20,Card Purchase,761.06,Card,Successful,Fuel,Western Cape
T000002245,A0002119,2026-07-15,06:22:15,Transfer,601.52,Branch,Successful,N/A,KwaZulu-Natal
T000002246,A0002368,2024-07-11,08:32:35,Bank Fee,994.97,ATM,Successful,N/A,Western Cape
T000002247,A0002996,2026-04-30,21:05:31,Payment,1419.97,Mobile App,Successful,Fuel,KwaZulu-Natal
T000002248,A0002006,2024-11-02,16:53:55,Withdrawal,763.46,Card,Successful,N/A,KwaZulu-Natal
T000002249,A0002764,2025-09-23,22:46:31,Withdrawal,1425.77,POS,Successful,N/A,Free State
T000002250,A0002020,2025-11-22,18:03:41,Withdrawal,3102.31,Internet Banking,Successful,N/A,Gauteng
T000002251,A0002851,2026-04-17,08:39:56,Card Purchase,4144.85,Card,Successful,Telecoms,KwaZulu-Natal
T000002252,A0001457,2026-07-10,18:58:32,Bank Fee,461.13,Card,Successful,N/A,Free State
T000002253,A0001554,2026-06-08,08:50:55,Card Purchase,125.77,Mobile App,Successful,Education,Northern Cape
T000002254,A0001230,2026-07-30,10:46:27,Card Purchase,870.74,Mobile App,Successful,Healthcare,Gauteng
T000002255,A0000676,2025-10-25,17:52:24,Payment,228.93,Card,Successful,Travel,Western Cape
T000002256,A0001920,2026-01-19,20:31:54,Payment,2988.06,POS,Successful,Healthcare,Limpopo
T000002257,A0001521,2026-05-06,19:29:28,Withdrawal,440.96,ATM,Successful,N/A,Mpumalanga
T000002258,A0001739,2026-07-22,09:58:19,Card Purchase,1925.24,POS,Successful,Fuel,Western Cape
T000002259,A0001012,2024-07-05,14:00:05,Payment,274.14,Internet Banking,Successful,Healthcare,Gauteng
T000002260,A0001772,2024-12-12,20:47:42,Deposit,6929.52,Card,Successful,N/A,Western Cape
T000002261,A0000910,2026-07-16,13:29:43,Interest,1131.28,POS,Successful,N/A,KwaZulu-Natal
T000002262,A0002972,2026-05-19,14:15:21,Card Purchase,192.86,Internet Banking,Successful,Education,Mpumalanga
T000002263,A0001917,2026-06-21,19:41:42,Transfer,2941.52,Card,Successful,N/A,Gauteng
T000002264,A0000860,2026-04-29,18:43:17,Card Purchase,13160.2,Mobile App,Successful,Fuel,Western Cape
T000002265,A0001783,2026-05-04,12:07:59,Card Purchase,436.75,Branch,Successful,Entertainment,KwaZulu-Natal
T000002266,A0001086,2025-04-01,16:26:31,Withdrawal,3782.71,Card,Successful,N/A,Gauteng
T000002267,A0000483,2025-06-25,13:26:23,Interest,61.82,Mobile App,Successful,N/A,KwaZulu-Natal
T000002268,A0002190,2026-07-20,13:12:46,Payment,2770.76,Branch,Failed,Telecoms,Gauteng
T000002269,A0000792,2026-07-19,19:27:53,Withdrawal,247.28,POS,Successful,N/A,Gauteng
T000002270,A0000881,2025-05-01,10:20:38,Payment,1189.56,Branch,Successful,Fuel,North West
T000002271,A0001636,2025-12-01,12:02:44,Card Purchase,1273.57,ATM,Successful,Utilities,Western Cape
T000002272,A0000538,2025-03-27,22:11:50,Interest,158.63,Mobile App,Successful,N/A,Western Cape
T000002273,A0001109,2025-10-01,17:52:21,Payment,653.76,Branch,Successful,Other,Eastern Cape
T000002274,A0002212,2025-05-06,06:07:19,Card Purchase,635.29,Mobile App,Successful,Travel,Gauteng
T000002275,A0001737,2026-06-24,13:16:15,Debit Order,214.21,ATM,Successful,N/A,Gauteng
T000002276,A0002083,2025-03-22,08:02:28,Debit Order,290.37,Mobile App,Successful,N/A,Mpumalanga
T000002277,A0001828,2026-05-26,07:17:04,Transfer,359.93,Mobile App,Successful,N/A,Mpumalanga
T000002278,A0000889,2026-02-22,17:02:38,Deposit,9303.41,Mobile App,Successful,N/A,Gauteng
T000002279,A0002151,2026-02-24,21:35:12,Withdrawal,842.22,ATM,Successful,N/A,Gauteng
T000002280,A0003039,2026-07-05,10:47:05,Card Purchase,386.52,Internet Banking,Successful,Travel,Gauteng
T000002281,A0002683,2025-12-02,16:07:13,Debit Order,1304.76,Card,Successful,N/A,Gauteng
T000002282,A0002512,2026-05-01,13:14:25,Debit Order,556.71,Mobile App,Successful,N/A,North West
T000002283,A0000209,2026-05-07,20:55:20,Card Purchase,361.88,ATM,Successful,Groceries,Mpumalanga
T000002284,A0000716,2025-09-11,07:27:51,Transfer,1295.56,Internet Banking,Successful,N/A,KwaZulu-Natal
T000002285,A0001662,2026-06-15,18:57:34,Deposit,12144.3,POS,Successful,N/A,Gauteng
T000002286,A0002186,2026-05-26,18:40:32,Transfer,88.22,POS,Successful,N/A,North West
T000002287,A0000600,2025-07-26,13:03:50,Transfer,6075.24,Internet Banking,Successful,N/A,KwaZulu-Natal
T000002288,A0003181,2026-07-19,07:45:51,Debit Order,380.26,Mobile App,Successful,N/A,Limpopo
T000002289,A0002564,2025-09-10,14:25:16,Debit Order,483.92,Card,Successful,N/A,Free State
T000002290,A0002186,2026-07-05,20:57:17,Debit Order,129.71,ATM,Successful,N/A,North West
T000002291,A0001599,2026-04-05,18:50:49,Transfer,370.32,ATM,Successful,N/A,Western Cape
T000002292,A0002788,2025-07-20,07:06:39,Card Purchase,257.34,POS,Successful,Telecoms,Gauteng
T000002293,A0002562,2026-06-27,12:05:12,Card Purchase,5619.91,ATM,Successful,Entertainment,Western Cape
T000002294,A0002485,2026-05-28,20:12:16,Withdrawal,882.57,Mobile App,Successful,N/A,Gauteng
T000002295,A0000117,2026-03-31,16:35:47,Card Purchase,254.62,Internet Banking,Successful,Entertainment,Western Cape
T000002296,A0002183,2026-05-09,12:09:02,Card Purchase,674.21,ATM,Successful,Groceries,Gauteng
T000002297,A0000377,2026-07-17,10:45:16,Card Purchase,543.06,Card,Successful,Groceries,Northern Cape
T000002298,A0001186,2025-10-19,21:19:49,Card Purchase,3631.87,Mobile App,Successful,Utilities,Western Cape
T000002299,A0001842,2025-07-11,21:50:15,Debit Order,1581.82,Internet Banking,Successful,N/A,KwaZulu-Natal
T000002300,A0003160,2026-02-08,18:07:55,Card Purchase,1855.75,POS,Successful,Other,Gauteng
T000002301,A0002905,2025-09-09,15:53:32,Deposit,2067.98,Internet Banking,Successful,N/A,Gauteng
T000002302,A0002111,2025-10-05,12:47:58,Debit Order,1872.6,Branch,Successful,N/A,Western Cape
T000002303,A0000905,2026-07-17,07:54:11,Debit Order,414.59,Mobile App,Successful,N/A,KwaZulu-Natal
T000002304,A0000043,2025-10-28,11:51:45,Transfer,6825.02,Card,Successful,N/A,Gauteng
T000002305,A0002452,2025-12-22,19:25:13,Debit Order,243.39,Mobile App,Successful,N/A,Mpumalanga
T000002306,A0000353,2025-07-26,10:55:31,Debit Order,398.08,Mobile App,Successful,N/A,Gauteng
T000002307,A0001271,2025-05-16,16:27:07,Card Purchase,168.66,POS,Successful,Utilities,Gauteng
T000002308,A0001504,2025-05-27,11:27:10,Transfer,1935.07,Card,Successful,N/A,Western Cape
T000002309,A0001014,2023-07-13,15:10:26,Card Purchase,2590.99,Card,Successful,Restaurants,Limpopo
T000002310,A0000317,2025-01-31,07:37:12,Payment,12383.77,Mobile App,Successful,Other,Gauteng
T000002311,A0002889,2026-07-22,21:02:00,Transfer,718.23,POS,Successful,N/A,Mpumalanga
T000002312,A0002859,2026-03-29,22:09:11,Card Purchase,3603.42,Mobile App,Successful,Telecoms,Gauteng
T000002313,A0001601,2026-07-30,17:06:26,Transfer,2655.2,POS,Successful,N/A,Gauteng
T000002314,A0000694,2025-04-24,17:54:50,Card Purchase,319.02,Card,Successful,Utilities,Gauteng
T000002315,A0001603,2024-09-30,14:09:03,Card Purchase,2530.76,Mobile App,Successful,Telecoms,Gauteng
T000002316,A0001770,2026-07-25,18:12:59,Transfer,2248.89,Mobile App,Successful,N/A,KwaZulu-Natal
T000002317,A0002679,2024-10-15,10:15:55,Payment,926.88,Mobile App,Successful,Healthcare,Limpopo
T000002318,A0000182,2025-08-27,21:19:59,Card Purchase,1004.49,POS,Successful,Entertainment,Western Cape
T000002319,A0000216,2024-02-08,06:34:31,Withdrawal,446.64,Card,Successful,N/A,Gauteng
T000002320,A0000478,2025-12-20,21:52:02,Payment,1682.14,Mobile App,Successful,Other,Gauteng
T000002321,A0002840,2026-04-11,17:56:45,Debit Order,368.13,ATM,Successful,N/A,Limpopo
T000002322,A0000251,2026-07-29,15:10:53,Transfer,851.11,Mobile App,Successful,N/A,Gauteng
T000002323,A0000645,2026-07-24,14:58:23,Card Purchase,169.16,Mobile App,Successful,Restaurants,KwaZulu-Natal
T000002324,A0001275,2026-06-23,17:14:11,Deposit,4423.64,POS,Successful,N/A,Gauteng
T000002325,A0001256,2025-03-17,18:51:52,Card Purchase,1057.58,Card,Successful,Groceries,Gauteng
T000002326,A0001943,2025-11-21,12:32:59,Debit Order,1028.82,Card,Successful,N/A,Gauteng
T000002327,A0000927,2025-08-11,11:46:54,Transfer,542.31,Card,Successful,N/A,Mpumalanga
T000002328,A0001747,2026-06-16,13:31:49,Interest,387.24,ATM,Successful,N/A,KwaZulu-Natal
T000002329,A0001520,2025-08-05,14:33:17,Deposit,5019.64,Card,Successful,N/A,Western Cape
T000002330,A0001287,2026-07-22,08:10:06,Bank Fee,379.71,Card,Successful,N/A,Gauteng
T000002331,A0000037,2025-04-21,20:43:39,Withdrawal,702.38,Card,Successful,N/A,Gauteng
T000002332,A0002641,2024-01-15,08:10:33,Card Purchase,1052.78,Card,Successful,Other,Mpumalanga
T000002333,A0002931,2026-03-15,13:59:11,Card Purchase,5973.21,Internet Banking,Successful,Retail,Gauteng
T000002334,A0002972,2026-05-11,14:43:59,Withdrawal,1345.38,POS,Successful,N/A,Mpumalanga
T000002335,A0001222,2026-07-31,20:52:47,Debit Order,822.66,ATM,Successful,N/A,Limpopo
T000002336,A0001666,2026-05-19,17:33:51,Debit Order,1355.27,ATM,Successful,N/A,KwaZulu-Natal
T000002337,A0002042,2024-04-23,11:03:16,Withdrawal,2422.75,Internet Banking,Successful,N/A,Eastern Cape
T000002338,A0001523,2022-09-16,22:54:39,Card Purchase,870.14,Internet Banking,Successful,Groceries,Gauteng
T000002339,A0002988,2024-08-26,20:18:36,Card Purchase,58.26,ATM,Successful,Fuel,Eastern Cape
T000002340,A0002895,2026-06-23,19:19:31,Card Purchase,398.61,ATM,Successful,Retail,Western Cape
T000002341,A0000051,2026-02-23,07:53:25,Card Purchase,752.87,Internet Banking,Successful,Fuel,Gauteng
T000002342,A0001052,2026-06-14,12:48:57,Transfer,2160.31,Card,Successful,N/A,Mpumalanga
T000002343,A0000573,2026-05-31,17:33:56,Card Purchase,480.85,Mobile App,Successful,Education,Limpopo
T000002344,A0002399,2024-07-11,15:18:17,Withdrawal,827.4,Card,Successful,N/A,Gauteng
T000002345,A0000393,2026-07-08,13:31:31,Card Purchase,1577.84,POS,Successful,Healthcare,Free State
T000002346,A0002012,2025-10-27,18:49:28,Debit Order,1979.9,Card,Successful,N/A,Western Cape
T000002347,A0000298,2026-05-09,18:31:23,Transfer,545.16,Card,Successful,N/A,Gauteng
T000002348,A0000019,2025-08-02,07:14:58,Card Purchase,1836.74,Card,Successful,Telecoms,Gauteng
T000002349,A0000175,2026-05-22,13:26:55,Card Purchase,362.39,Mobile App,Successful,Entertainment,Gauteng
T000002350,A0001680,2025-10-26,07:39:54,Card Purchase,160.08,Mobile App,Successful,Other,KwaZulu-Natal
T000002351,A0001480,2026-07-04,12:03:26,Transfer,1251.12,Branch,Successful,N/A,Eastern Cape
T000002352,A0003145,2025-12-25,22:16:03,Card Purchase,2333.41,Mobile App,Successful,Fuel,Western Cape
T000002353,A0000969,2026-06-20,09:33:16,Card Purchase,161.18,Mobile App,Successful,Education,Northern Cape
T000002354,A0001569,2026-05-30,22:34:11,Transfer,456.75,ATM,Successful,N/A,Gauteng
T000002355,A0001828,2026-06-17,11:30:23,Payment,2912.16,ATM,Successful,Healthcare,Mpumalanga
T000002356,A0003132,2026-07-10,10:10:54,Bank Fee,829.92,Mobile App,Successful,N/A,Western Cape
T000002357,A0000573,2026-01-21,07:28:31,Card Purchase,270.14,Mobile App,Successful,Education,Limpopo
T000002358,A0000129,2026-03-31,15:31:38,Withdrawal,1117.09,Mobile App,Successful,N/A,Gauteng
T000002359,A0003144,2026-06-19,21:20:17,Card Purchase,273.27,Card,Successful,Other,Gauteng
T000002360,A0001389,2025-10-29,08:09:02,Deposit,5905.57,POS,Successful,N/A,Western Cape
T000002361,A0001306,2026-05-29,09:34:20,Card Purchase,4552.63,Mobile App,Successful,Travel,KwaZulu-Natal
T000002362,A0002146,2026-01-19,06:33:38,Transfer,529.32,Card,Successful,N/A,Gauteng
T000002363,A0002584,2025-09-24,16:12:44,Transfer,526.62,Mobile App,Successful,N/A,Gauteng
T000002364,A0001415,2025-11-04,06:11:37,Bank Fee,1023.91,Mobile App,Successful,N/A,Mpumalanga
T000002365,A0000369,2026-02-20,12:56:41,Payment,825.98,Card,Successful,Healthcare,Gauteng
T000002366,A0003001,2026-04-17,09:28:20,Card Purchase,212.97,POS,Successful,Retail,Free State
T000002367,A0003130,2026-03-23,11:13:20,Transfer,3145.42,Card,Successful,N/A,Gauteng
T000002368,A0001533,2026-07-28,12:53:31,Card Purchase,278.46,POS,Successful,Entertainment,Eastern Cape
T000002369,A0000291,2026-04-17,11:11:22,Payment,1336.46,Mobile App,Successful,Restaurants,Northern Cape
T000002370,A0001504,2024-10-27,15:34:54,Debit Order,473.43,Mobile App,Successful,N/A,Western Cape
T000002371,A0002639,2025-11-12,10:54:56,Bank Fee,255.16,Card,Successful,N/A,Western Cape
T000002372,A0002828,2024-12-28,14:16:30,Debit Order,403.86,POS,Successful,N/A,Western Cape
T000002373,A0001685,2025-12-27,13:04:25,Card Purchase,1321.73,ATM,Successful,Restaurants,Gauteng
T000002374,A0003115,2026-07-31,13:02:27,Bank Fee,318.97,Internet Banking,Successful,N/A,Western Cape
T000002375,A0001731,2026-07-12,09:12:16,Card Purchase,465.55,Card,Successful,Restaurants,Gauteng
T000002376,A0000091,2026-05-16,09:25:24,Transfer,964.51,POS,Successful,N/A,Free State
T000002377,A0001281,2026-03-05,12:18:41,Card Purchase,228.13,ATM,Successful,Restaurants,Western Cape
T000002378,A0000803,2024-03-12,17:55:44,Bank Fee,777.25,Card,Successful,N/A,Gauteng
T000002379,A0000619,2026-03-09,21:29:15,Card Purchase,560.64,Internet Banking,Successful,Fuel,KwaZulu-Natal
T000002380,A0000363,2025-05-01,19:28:31,Card Purchase,591.35,Mobile App,Successful,Utilities,Western Cape
T000002381,A0001900,2024-09-04,14:53:42,Withdrawal,1173.34,Mobile App,Successful,N/A,Western Cape
T000002382,A0000316,2026-07-31,16:11:38,Card Purchase,267.41,Mobile App,Successful,Groceries,KwaZulu-Natal
T000002383,A0002531,2025-09-06,09:21:42,Debit Order,2464.35,POS,Successful,N/A,Western Cape
T000002384,A0001682,2026-07-11,21:58:54,Card Purchase,175.56,Mobile App,Successful,Healthcare,Gauteng
T000002385,A0001008,2026-06-26,19:59:55,Deposit,756.38,ATM,Successful,N/A,Limpopo
T000002386,A0000144,2025-10-23,16:58:42,Deposit,2835.41,Branch,Successful,N/A,Gauteng
T000002387,A0001933,2025-12-21,09:01:32,Payment,384.56,Mobile App,Successful,Education,Limpopo
T000002388,A0001558,2025-12-28,08:35:37,Payment,1884.42,ATM,Successful,Travel,Western Cape
T000002389,A0002823,2026-04-23,06:55:09,Debit Order,263.99,Mobile App,Successful,N/A,Gauteng
T000002390,A0003049,2026-04-04,12:55:02,Card Purchase,227.71,Internet Banking,Successful,Entertainment,Gauteng
T000002391,A0002723,2026-05-11,11:33:58,Debit Order,249.35,POS,Failed,N/A,Gauteng
T000002392,A0002602,2025-01-22,15:13:46,Interest,785.04,Internet Banking,Successful,N/A,North West
T000002393,A0002843,2025-03-03,12:17:56,Transfer,3075.15,POS,Successful,N/A,Gauteng
T000002394,A0002771,2025-10-09,15:06:20,Bank Fee,319.37,POS,Successful,N/A,KwaZulu-Natal
T000002395,A0002586,2025-05-30,18:07:34,Deposit,2160.96,Card,Successful,N/A,Eastern Cape
T000002396,A0001678,2025-10-29,19:07:29,Withdrawal,864.56,POS,Successful,N/A,KwaZulu-Natal
T000002397,A0001897,2026-02-06,09:48:05,Payment,139.18,Mobile App,Successful,Entertainment,Free State
T000002398,A0000978,2026-07-24,11:31:13,Card Purchase,656.35,Card,Successful,Entertainment,Limpopo
T000002399,A0002233,2026-07-16,06:15:07,Transfer,330.39,Branch,Successful,N/A,Eastern Cape
T000002400,A0001674,2026-03-26,13:22:31,Card Purchase,984.9,Internet Banking,Successful,Telecoms,Mpumalanga
T000002401,A0002502,2024-11-08,22:55:48,Transfer,378.82,ATM,Successful,N/A,Gauteng
T000002402,A0001987,2026-07-29,12:55:42,Bank Fee,1532.93,POS,Successful,N/A,Gauteng
T000002403,A0002209,2024-11-04,09:39:47,Transfer,852.97,ATM,Successful,N/A,KwaZulu-Natal
T000002404,A0002081,2025-06-13,06:04:56,Withdrawal,1111.1,Mobile App,Successful,N/A,Western Cape
T000002405,A0001799,2026-02-06,21:05:01,Deposit,203.58,Card,Successful,N/A,Western Cape
T000002406,A0003181,2026-07-17,19:09:58,Deposit,6311.55,Card,Successful,N/A,Limpopo
T000002407,A0000700,2026-05-08,20:35:06,Debit Order,707.46,Mobile App,Successful,N/A,Gauteng
T000002408,A0002870,2026-04-13,14:35:15,Debit Order,985.16,Card,Successful,N/A,Mpumalanga
T000002409,A0002038,2026-05-17,10:18:27,Debit Order,239.5,POS,Successful,N/A,Western Cape
T000002410,A0001966,2025-06-01,10:38:16,Interest,7163.06,Branch,Successful,N/A,Western Cape
T000002411,A0000585,2026-06-12,15:09:53,Card Purchase,1490.11,Mobile App,Successful,Healthcare,Free State
T000002412,A0000325,2024-04-08,10:43:02,Transfer,316.79,Card,Successful,N/A,Western Cape
T000002413,A0003132,2026-04-01,10:12:53,Withdrawal,548.17,Card,Successful,N/A,Western Cape
T000002414,A0000454,2026-05-21,07:58:00,Deposit,1904.82,Card,Successful,N/A,Western Cape
T000002415,A0000227,2026-06-24,07:44:35,Withdrawal,397.21,ATM,Successful,N/A,Eastern Cape
T000002416,A0002759,2026-07-18,16:08:06,Deposit,2871.38,POS,Successful,N/A,Gauteng
T000002417,A0001006,2026-05-26,15:58:22,Deposit,2157.75,POS,Successful,N/A,Mpumalanga
T000002418,A0002813,2025-12-16,18:44:05,Withdrawal,1535.41,Mobile App,Successful,N/A,Gauteng
T000002419,A0002174,2026-05-13,19:30:31,Bank Fee,448.59,POS,Successful,N/A,Western Cape
T000002420,A0000806,2026-07-14,08:23:12,Card Purchase,10237.99,POS,Successful,Education,Gauteng
T000002421,A0000215,2026-07-27,07:18:49,Card Purchase,446.41,Card,Successful,Fuel,Gauteng
T000002422,A0000476,2025-03-09,16:58:07,Card Purchase,2788.44,Branch,Successful,Retail,Eastern Cape
T000002423,A0001899,2025-10-07,09:31:57,Debit Order,65.04,Card,Successful,N/A,Western Cape
T000002424,A0002828,2023-12-16,11:11:48,Card Purchase,512.52,Mobile App,Successful,Retail,Western Cape
T000002425,A0001186,2026-02-27,13:56:22,Card Purchase,541.47,Branch,Successful,Restaurants,Western Cape
T000002426,A0002663,2026-06-23,18:26:06,Card Purchase,312.92,Internet Banking,Successful,Healthcare,Western Cape
T000002427,A0002948,2026-03-29,15:35:28,Transfer,1008.63,Mobile App,Successful,N/A,Gauteng
T000002428,A0002500,2026-07-23,06:50:03,Deposit,7525.22,Card,Successful,N/A,KwaZulu-Natal
T000002429,A0002689,2025-04-20,22:55:55,Interest,111.52,Mobile App,Successful,N/A,Gauteng
T000002430,A0001089,2026-05-27,17:52:31,Payment,1189.53,POS,Successful,Utilities,Western Cape
T000002431,A0000749,2025-08-27,12:39:06,Debit Order,6094.61,Branch,Successful,N/A,KwaZulu-Natal
T000002432,A0000856,2026-02-25,19:10:52,Payment,3273.37,ATM,Successful,Other,Free State
T000002433,A0001272,2026-04-12,21:03:56,Bank Fee,613.27,POS,Successful,N/A,Western Cape
T000002434,A0002838,2026-04-20,09:57:56,Deposit,12955.03,Card,Successful,N/A,Gauteng
T000002435,A0000467,2026-05-17,15:57:25,Card Purchase,1706.26,Internet Banking,Successful,Entertainment,Gauteng
T000002436,A0003158,2026-05-29,17:09:45,Transfer,3892.86,Internet Banking,Failed,N/A,Northern Cape
T000002437,A0003121,2026-07-12,10:42:47,Deposit,3109.71,Mobile App,Successful,N/A,Gauteng
T000002438,A0000159,2026-07-04,16:28:56,Card Purchase,389.81,Card,Successful,Groceries,Gauteng
T000002439,A0001146,2026-01-05,10:34:06,Bank Fee,2431.24,Mobile App,Successful,N/A,Western Cape
T000002440,A0000061,2026-03-30,08:54:39,Bank Fee,103.39,Mobile App,Successful,N/A,North West
T000002441,A0002144,2026-05-12,09:10:36,Payment,624.06,Branch,Successful,Entertainment,Limpopo
T000002442,A0001479,2026-06-23,10:52:09,Payment,491.45,ATM,Successful,Healthcare,Gauteng
T000002443,A0002093,2026-07-29,06:03:38,Card Purchase,874.06,Card,Successful,Entertainment,Limpopo
T000002444,A0002641,2023-11-27,14:19:05,Withdrawal,728.88,Mobile App,Successful,N/A,Mpumalanga
T000002445,A0000325,2025-09-12,07:22:55,Card Purchase,255.93,Card,Successful,Travel,Western Cape
T000002446,A0002755,2026-07-12,10:22:23,Transfer,2114.68,Internet Banking,Successful,N/A,Gauteng
T000002447,A0001977,2026-06-26,19:09:01,Card Purchase,139.34,POS,Successful,Travel,Eastern Cape
T000002448,A0002175,2026-07-11,08:55:25,Interest,94.63,Card,Successful,N/A,Mpumalanga
T000002449,A0002047,2026-06-08,06:42:17,Debit Order,289.0,POS,Successful,N/A,Northern Cape
T000002450,A0002700,2025-08-03,20:40:28,Withdrawal,108.42,POS,Successful,N/A,Free State
T000002451,A0002860,2026-05-04,16:16:57,Deposit,14858.9,POS,Successful,N/A,Gauteng
T000002452,A0001609,2026-07-15,16:57:07,Card Purchase,1108.25,Internet Banking,Successful,Retail,KwaZulu-Natal
T000002453,A0002250,2024-07-02,07:29:46,Transfer,2650.71,Internet Banking,Successful,N/A,Gauteng
T000002454,A0000861,2025-01-13,10:54:50,Card Purchase,497.86,ATM,Successful,Entertainment,Free State
T000002455,A0001107,2025-10-10,09:27:02,Card Purchase,479.58,Card,Successful,Travel,Western Cape
T000002456,A0002296,2026-07-30,06:11:35,Deposit,50627.25,Card,Successful,N/A,Free State
T000002457,A0001345,2026-04-28,10:06:18,Payment,1606.86,ATM,Successful,Telecoms,Gauteng
T000002458,A0001176,2025-05-06,11:02:54,Withdrawal,696.65,Mobile App,Successful,N/A,Gauteng
T000002459,A0003144,2026-06-17,06:38:21,Card Purchase,212.35,Internet Banking,Successful,Entertainment,Gauteng
T000002460,A0000509,2026-07-14,20:50:05,Deposit,10014.66,ATM,Successful,N/A,North West
T000002461,A0001290,2026-05-15,17:57:35,Payment,494.06,Mobile App,Successful,Telecoms,Gauteng
T000002462,A0001513,2025-11-12,06:34:35,Debit Order,1029.12,Internet Banking,Successful,N/A,Western Cape
T000002463,A0001277,2026-02-26,12:44:47,Withdrawal,485.64,Card,Successful,N/A,Mpumalanga
T000002464,A0000481,2026-07-17,11:16:02,Transfer,1098.41,POS,Successful,N/A,Mpumalanga
T000002465,A0001072,2026-07-26,12:19:50,Transfer,791.54,Card,Successful,N/A,KwaZulu-Natal
T000002466,A0000668,2026-03-25,19:51:13,Deposit,1272.4,POS,Successful,N/A,North West
T000002467,A0002870,2026-05-15,19:32:58,Withdrawal,297.92,Branch,Successful,N/A,Mpumalanga
T000002468,A0000066,2026-04-05,20:53:07,Bank Fee,8601.05,Mobile App,Successful,N/A,KwaZulu-Natal
T000002469,A0000346,2026-06-19,13:41:11,Card Purchase,449.62,Card,Successful,Other,KwaZulu-Natal
T000002470,A0002566,2026-01-14,06:32:17,Debit Order,777.8,ATM,Successful,N/A,Gauteng
T000002471,A0000100,2026-06-27,06:49:29,Deposit,3166.82,Mobile App,Successful,N/A,Gauteng
T000002472,A0001028,2025-02-15,06:25:19,Card Purchase,95.78,Branch,Successful,Fuel,Western Cape
T000002473,A0002345,2026-07-02,21:41:53,Transfer,226.65,Mobile App,Successful,N/A,Gauteng
T000002474,A0000461,2026-07-22,14:18:46,Card Purchase,557.59,Mobile App,Successful,Education,Western Cape
T000002475,A0002415,2026-07-29,21:56:51,Card Purchase,1279.86,POS,Successful,Retail,Eastern Cape
T000002476,A0003126,2026-04-05,10:36:03,Card Purchase,335.29,Mobile App,Successful,Education,Gauteng
T000002477,A0001446,2026-06-30,13:02:50,Card Purchase,181.4,Mobile App,Successful,Groceries,Gauteng
T000002478,A0002979,2026-01-21,13:52:38,Transfer,966.92,Branch,Successful,N/A,KwaZulu-Natal
T000002479,A0000342,2024-02-09,13:48:24,Card Purchase,303.54,Internet Banking,Successful,Groceries,Gauteng
T000002480,A0000426,2026-07-13,07:04:15,Card Purchase,180.82,POS,Successful,Telecoms,Limpopo
T000002481,A0002226,2026-05-10,20:17:06,Deposit,16411.69,Mobile App,Successful,N/A,North West
T000002482,A0000232,2025-11-12,16:35:53,Bank Fee,178.53,Card,Successful,N/A,Western Cape
T000002483,A0002651,2026-07-25,17:38:55,Deposit,3210.67,POS,Successful,N/A,Gauteng
T000002484,A0000134,2026-02-27,19:26:09,Debit Order,976.43,Card,Successful,N/A,Northern Cape
T000002485,A0002683,2026-06-05,09:32:12,Bank Fee,4739.23,Card,Successful,N/A,Gauteng
T000002486,A0002937,2025-04-22,18:38:22,Payment,536.51,ATM,Successful,Education,Western Cape
T000002487,A0001293,2026-06-28,06:20:11,Payment,357.96,Internet Banking,Successful,Entertainment,Gauteng
T000002488,A0003190,2025-03-01,06:23:28,Transfer,4492.23,ATM,Successful,N/A,Gauteng
T000002489,A0001556,2026-04-03,18:41:23,Card Purchase,669.68,Internet Banking,Successful,Education,Gauteng
T000002490,A0002388,2025-11-24,20:02:33,Deposit,304.7,POS,Successful,N/A,Free State
T000002491,A0002062,2026-05-27,10:55:50,Card Purchase,106.76,Mobile App,Successful,Travel,Gauteng
T000002492,A0000081,2025-06-02,15:44:46,Transfer,136.7,Internet Banking,Successful,N/A,KwaZulu-Natal
T000002493,A0000220,2026-05-23,17:35:03,Card Purchase,2108.34,Internet Banking,Successful,Telecoms,Western Cape
T000002494,A0001094,2025-01-13,21:14:09,Card Purchase,497.95,Mobile App,Successful,Travel,Gauteng
T000002495,A0002935,2024-03-13,08:30:15,Deposit,5268.32,POS,Successful,N/A,Free State
T000002496,A0003001,2026-07-27,08:21:03,Bank Fee,553.9,Mobile App,Successful,N/A,Free State
T000002497,A0002658,2026-04-05,10:51:38,Card Purchase,108.13,Branch,Successful,Education,Free State
T000002498,A0002604,2026-07-28,10:41:26,Card Purchase,465.33,POS,Successful,Restaurants,Gauteng
T000002499,A0000372,2026-06-17,07:38:16,Transfer,2696.03,Mobile App,Successful,N/A,Gauteng
T000002500,A0002375,2026-07-02,15:08:51,Transfer,440.1,ATM,Successful,N/A,Mpumalanga
T000002501,A0001172,2023-02-28,07:36:34,Transfer,401.0,POS,Successful,N/A,Gauteng
T000002502,A0001962,2026-05-03,11:29:55,Transfer,1572.63,Card,Successful,N/A,Gauteng
T000002503,A0001187,2025-08-01,14:53:19,Card Purchase,533.93,Mobile App,Successful,Entertainment,Gauteng
T000002504,A0001776,2026-05-27,07:27:21,Debit Order,6029.72,Mobile App,Successful,N/A,Western Cape
T000002505,A0001579,2026-07-07,18:16:04,Transfer,146.23,Card,Successful,N/A,Mpumalanga
T000002506,A0001218,2026-03-28,08:18:55,Deposit,4058.94,POS,Successful,N/A,Gauteng
T000002507,A0002878,2026-06-24,14:01:09,Card Purchase,119.82,Mobile App,Successful,Travel,Western Cape
T000002508,A0001943,2026-01-16,12:26:51,Payment,4810.2,Mobile App,Reversed,Healthcare,Gauteng
T000002509,A0000761,2026-04-13,13:32:08,Transfer,256.89,Mobile App,Successful,N/A,Gauteng
T000002510,A0001890,2025-07-04,08:11:28,Debit Order,192.12,Branch,Successful,N/A,Free State
T000002511,A0000230,2023-08-08,21:28:46,Card Purchase,484.64,POS,Successful,Healthcare,Gauteng
T000002512,A0002533,2026-07-26,08:37:48,Transfer,151.59,Mobile App,Successful,N/A,Gauteng
T000002513,A0001249,2026-07-20,14:22:24,Bank Fee,197.9,Card,Successful,N/A,Limpopo
T000002514,A0001055,2026-01-10,08:13:53,Deposit,2187.74,Mobile App,Successful,N/A,Gauteng
T000002515,A0001285,2026-04-27,09:41:41,Debit Order,548.39,POS,Successful,N/A,Free State
T000002516,A0001085,2024-07-19,18:39:47,Card Purchase,99.95,Card,Successful,Healthcare,Western Cape
T000002517,A0003070,2026-05-19,09:44:46,Card Purchase,110.64,ATM,Successful,Groceries,Eastern Cape
T000002518,A0001078,2026-03-18,11:42:21,Bank Fee,549.1,Mobile App,Successful,N/A,KwaZulu-Natal
T000002519,A0002633,2026-04-25,07:47:56,Transfer,1756.45,ATM,Successful,N/A,Western Cape
T000002520,A0000125,2026-07-13,16:41:29,Card Purchase,4190.89,Card,Successful,Groceries,Western Cape
T000002521,A0003031,2025-11-27,08:37:37,Card Purchase,1049.11,ATM,Successful,Utilities,Eastern Cape
T000002522,A0001738,2025-11-12,20:15:01,Card Purchase,376.36,Mobile App,Successful,Utilities,Western Cape
T000002523,A0001042,2026-07-27,22:25:01,Transfer,284.06,Card,Successful,N/A,Western Cape
T000002524,A0000183,2025-10-26,11:33:08,Card Purchase,865.96,ATM,Successful,Education,Gauteng
T000002525,A0001654,2025-09-14,07:28:24,Card Purchase,437.35,Internet Banking,Successful,Other,Eastern Cape
T000002526,A0000855,2026-07-01,18:12:18,Transfer,1566.11,Branch,Successful,N/A,Mpumalanga
T000002527,A0001974,2026-06-30,21:07:20,Debit Order,448.93,Mobile App,Successful,N/A,KwaZulu-Natal
T000002528,A0003161,2025-04-24,08:49:50,Deposit,2938.96,ATM,Successful,N/A,KwaZulu-Natal
T000002529,A0000941,2026-07-04,10:21:17,Withdrawal,1372.31,Mobile App,Successful,N/A,KwaZulu-Natal
T000002530,A0003083,2025-06-26,07:09:05,Card Purchase,484.37,Mobile App,Failed,Travel,KwaZulu-Natal
T000002531,A0001943,2026-05-20,17:50:05,Transfer,1060.69,POS,Successful,N/A,Gauteng
T000002532,A0000350,2026-06-18,12:41:23,Deposit,2457.08,POS,Successful,N/A,Gauteng
T000002533,A0001534,2026-05-07,12:51:34,Transfer,1334.66,Internet Banking,Successful,N/A,KwaZulu-Natal
T000002534,A0000075,2024-12-23,20:00:45,Payment,1585.55,ATM,Successful,Other,Gauteng
T000002535,A0000443,2026-06-06,09:45:35,Debit Order,240.88,Mobile App,Successful,N/A,Gauteng
T000002536,A0002889,2026-07-21,09:18:42,Debit Order,948.77,Card,Successful,N/A,Mpumalanga
T000002537,A0001810,2026-06-06,10:32:24,Debit Order,524.01,ATM,Successful,N/A,Gauteng
T000002538,A0002448,2026-04-19,07:09:12,Transfer,11476.35,Internet Banking,Successful,N/A,Gauteng
T000002539,A0000578,2026-01-13,06:14:15,Bank Fee,9152.21,Internet Banking,Successful,N/A,Mpumalanga
T000002540,A0000514,2026-07-28,18:02:48,Card Purchase,383.28,Branch,Successful,Healthcare,Mpumalanga
T000002541,A0000408,2026-07-11,14:24:23,Payment,1421.45,ATM,Successful,Utilities,Gauteng
T000002542,A0001984,2026-07-26,21:27:03,Card Purchase,323.67,Internet Banking,Successful,Telecoms,Gauteng
T000002543,A0001837,2026-06-29,12:55:05,Debit Order,340.92,POS,Successful,N/A,Gauteng
T000002544,A0002472,2026-06-26,19:50:51,Bank Fee,443.67,Mobile App,Successful,N/A,Eastern Cape
T000002545,A0001855,2026-05-27,20:22:09,Debit Order,2278.51,ATM,Successful,N/A,Eastern Cape
T000002546,A0001962,2026-07-08,10:28:30,Card Purchase,362.41,ATM,Successful,Fuel,Gauteng
T000002547,A0002461,2026-07-29,20:02:35,Card Purchase,3623.45,Branch,Successful,Travel,Mpumalanga
T000002548,A0000931,2023-07-19,15:41:25,Card Purchase,440.42,Mobile App,Successful,Travel,Eastern Cape
T000002549,A0001086,2024-06-17,06:57:33,Transfer,1845.37,POS,Successful,N/A,Gauteng
T000002550,A0003181,2026-07-20,22:08:21,Deposit,4604.5,Mobile App,Successful,N/A,Limpopo
T000002551,A0001428,2026-06-07,19:18:24,Card Purchase,2075.15,ATM,Successful,Groceries,Gauteng
T000002552,A0001949,2025-09-23,19:04:44,Bank Fee,1126.69,Internet Banking,Successful,N/A,North West
T000002553,A0002059,2026-07-06,06:51:57,Debit Order,796.53,Card,Successful,N/A,KwaZulu-Natal
T000002554,A0002594,2026-07-05,22:21:01,Card Purchase,247.13,POS,Successful,Retail,Gauteng
T000002555,A0002362,2026-02-01,21:56:25,Card Purchase,780.89,Mobile App,Successful,Restaurants,Limpopo
T000002556,A0001196,2024-12-11,19:58:09,Transfer,577.13,POS,Successful,N/A,Western Cape
T000002557,A0000929,2024-06-19,09:40:59,Payment,794.65,ATM,Successful,Retail,Gauteng
T000002558,A0001741,2026-07-28,15:07:29,Transfer,2425.01,Card,Successful,N/A,Eastern Cape
T000002559,A0001967,2026-04-19,21:59:41,Debit Order,1387.75,Mobile App,Successful,N/A,North West
T000002560,A0000684,2026-07-23,17:36:05,Card Purchase,614.45,Card,Successful,Other,Gauteng
T000002561,A0002482,2026-04-10,21:18:46,Card Purchase,831.59,POS,Successful,Education,Gauteng
T000002562,A0001865,2026-06-11,06:49:02,Card Purchase,1088.11,Card,Successful,Travel,Gauteng
T000002563,A0001435,2026-01-12,07:58:25,Withdrawal,721.14,POS,Successful,N/A,Gauteng
T000002564,A0001275,2026-07-04,08:55:53,Deposit,12688.95,Mobile App,Successful,N/A,Gauteng
T000002565,A0000828,2025-05-16,07:36:12,Transfer,575.0,Mobile App,Successful,N/A,Western Cape
T000002566,A0000034,2026-04-17,22:59:07,Card Purchase,2030.95,Internet Banking,Successful,Other,Gauteng
T000002567,A0002042,2025-09-17,22:42:18,Card Purchase,674.88,POS,Successful,Groceries,Eastern Cape
T000002568,A0000784,2026-02-04,21:12:10,Card Purchase,838.39,Mobile App,Successful,Other,Western Cape
T000002569,A0000827,2026-04-09,15:42:28,Transfer,149.75,Mobile App,Successful,N/A,Mpumalanga
T000002570,A0000858,2026-07-11,16:20:11,Transfer,330.18,Card,Successful,N/A,Gauteng
T000002571,A0000603,2026-06-14,22:59:14,Card Purchase,251.05,Mobile App,Successful,Retail,Eastern Cape
T000002572,A0000773,2026-07-23,13:45:45,Deposit,2417.04,Card,Successful,N/A,Western Cape
T000002573,A0000326,2025-10-10,21:59:57,Transfer,1069.73,Mobile App,Successful,N/A,KwaZulu-Natal
T000002574,A0000952,2024-04-30,21:31:56,Payment,720.18,Mobile App,Successful,Travel,KwaZulu-Natal
T000002575,A0002372,2026-04-30,20:46:28,Interest,1930.9,Branch,Successful,N/A,Western Cape
T000002576,A0000803,2024-08-09,20:40:25,Payment,171.99,POS,Successful,Retail,Gauteng
T000002577,A0000998,2026-05-16,07:22:12,Card Purchase,611.2,Mobile App,Successful,Fuel,Gauteng
T000002578,A0001469,2026-06-18,16:56:19,Card Purchase,1160.67,Card,Successful,Groceries,Western Cape
T000002579,A0001917,2026-02-11,16:31:09,Deposit,7280.41,Mobile App,Successful,N/A,Gauteng
T000002580,A0001389,2026-06-19,20:08:17,Card Purchase,1304.27,Mobile App,Successful,Restaurants,Western Cape
T000002581,A0002830,2026-07-28,18:50:54,Card Purchase,2818.49,Mobile App,Successful,Restaurants,Eastern Cape
T000002582,A0001028,2025-01-26,18:28:31,Debit Order,319.45,Mobile App,Successful,N/A,Western Cape
T000002583,A0002367,2025-02-02,10:39:43,Transfer,113.41,Mobile App,Successful,N/A,Free State
T000002584,A0002204,2026-07-19,09:33:15,Card Purchase,1034.59,Card,Successful,Other,KwaZulu-Natal
T000002585,A0000178,2026-05-30,14:41:53,Payment,3725.65,Mobile App,Successful,Travel,Free State
T000002586,A0001572,2026-04-21,10:15:15,Deposit,4183.74,Card,Successful,N/A,Free State
T000002587,A0001073,2026-07-05,16:12:38,Transfer,1616.0,Card,Successful,N/A,Western Cape
T000002588,A0001528,2026-05-12,13:36:10,Interest,1926.09,Mobile App,Successful,N/A,KwaZulu-Natal
T000002589,A0001455,2026-07-02,16:44:28,Debit Order,943.98,Card,Successful,N/A,Western Cape
T000002590,A0002794,2025-05-24,14:21:23,Deposit,11924.39,Mobile App,Successful,N/A,KwaZulu-Natal
T000002591,A0002111,2026-04-14,18:09:11,Card Purchase,1316.01,Internet Banking,Successful,Restaurants,Western Cape
T000002592,A0002593,2025-06-07,21:20:41,Transfer,858.35,POS,Successful,N/A,Limpopo
T000002593,A0003035,2024-04-08,09:08:34,Deposit,9664.94,Branch,Successful,N/A,Gauteng
T000002594,A0003034,2026-03-13,16:41:00,Debit Order,2308.24,Mobile App,Successful,N/A,Gauteng
T000002595,A0000757,2026-07-27,17:49:18,Transfer,439.55,Mobile App,Successful,N/A,KwaZulu-Natal
T000002596,A0002941,2026-05-21,09:53:11,Card Purchase,425.65,Mobile App,Successful,Travel,Limpopo
T000002597,A0003024,2025-02-22,19:59:17,Payment,707.58,Card,Successful,Entertainment,Free State
T000002598,A0000343,2025-04-04,09:16:55,Card Purchase,417.15,POS,Successful,Utilities,Western Cape
T000002599,A0000947,2026-04-22,07:03:56,Card Purchase,679.95,Internet Banking,Successful,Restaurants,Free State
T000002600,A0002678,2026-07-31,15:20:28,Card Purchase,890.86,Mobile App,Successful,Other,Gauteng
T000002601,A0002320,2026-06-19,06:12:12,Payment,988.53,POS,Successful,Retail,Free State
T000002602,A0002817,2026-07-22,12:20:37,Transfer,2440.56,POS,Successful,N/A,Gauteng
T000002603,A0002349,2025-09-12,19:23:26,Withdrawal,482.4,Mobile App,Successful,N/A,KwaZulu-Natal
T000002604,A0003105,2026-05-08,09:49:45,Debit Order,2554.91,Mobile App,Successful,N/A,Gauteng
T000002605,A0002315,2025-10-22,15:36:32,Card Purchase,872.18,POS,Successful,Healthcare,Northern Cape
T000002606,A0001154,2026-06-25,09:16:02,Withdrawal,779.65,ATM,Successful,N/A,Western Cape
T000002607,A0000096,2025-07-28,12:51:06,Debit Order,257.51,POS,Successful,N/A,KwaZulu-Natal
T000002608,A0000842,2025-01-28,17:58:19,Card Purchase,772.31,Mobile App,Successful,Education,Gauteng
T000002609,A0000262,2026-06-21,12:53:20,Card Purchase,338.18,Internet Banking,Successful,Telecoms,Gauteng
T000002610,A0002745,2025-11-15,17:41:03,Card Purchase,108.08,Branch,Successful,Fuel,Limpopo
T000002611,A0000091,2026-07-05,21:07:47,Debit Order,764.1,Mobile App,Successful,N/A,Free State
T000002612,A0001871,2026-05-07,21:20:08,Payment,237.21,Mobile App,Successful,Entertainment,Gauteng
T000002613,A0001454,2026-05-02,15:14:52,Card Purchase,308.18,Internet Banking,Failed,Telecoms,Gauteng
T000002614,A0001102,2026-03-19,19:25:42,Debit Order,1781.58,Internet Banking,Successful,N/A,KwaZulu-Natal
T000002615,A0000325,2025-10-03,20:39:16,Withdrawal,1382.7,Mobile App,Successful,N/A,Western Cape
T000002616,A0000090,2026-07-26,14:03:22,Transfer,2494.43,Card,Successful,N/A,KwaZulu-Natal
T000002617,A0001904,2025-03-07,21:15:45,Transfer,469.48,Branch,Successful,N/A,Free State
T000002618,A0000224,2024-09-14,16:23:34,Withdrawal,175.8,Card,Successful,N/A,North West
T000002619,A0002978,2025-04-26,21:29:14,Bank Fee,1812.93,Branch,Successful,N/A,Mpumalanga
T000002620,A0001021,2026-07-29,19:51:47,Transfer,520.01,Internet Banking,Successful,N/A,Western Cape
T000002621,A0000391,2026-07-13,19:10:32,Transfer,723.93,Branch,Successful,N/A,Eastern Cape
T000002622,A0002175,2026-06-26,13:37:05,Card Purchase,303.44,Mobile App,Successful,Travel,Mpumalanga
T000002623,A0003187,2026-07-27,16:56:13,Transfer,99.03,Card,Successful,N/A,KwaZulu-Natal
T000002624,A0000135,2024-01-24,06:04:01,Card Purchase,7345.33,Mobile App,Successful,Entertainment,Free State
T000002625,A0002575,2026-04-06,06:37:37,Card Purchase,503.71,POS,Successful,Travel,KwaZulu-Natal
T000002626,A0000567,2025-09-22,16:13:44,Card Purchase,388.06,Mobile App,Successful,Utilities,Gauteng
T000002627,A0003006,2025-11-12,17:40:44,Card Purchase,865.14,Mobile App,Successful,Fuel,KwaZulu-Natal
T000002628,A0002142,2026-01-10,11:09:13,Card Purchase,487.17,ATM,Failed,Retail,KwaZulu-Natal
T000002629,A0001225,2026-04-15,13:00:59,Debit Order,568.28,POS,Successful,N/A,Free State
T000002630,A0002995,2025-06-25,16:48:06,Payment,118.58,Branch,Successful,Retail,Limpopo
T000002631,A0002859,2025-12-14,18:22:31,Debit Order,151.41,Mobile App,Successful,N/A,Gauteng
T000002632,A0000073,2026-07-31,11:01:41,Card Purchase,431.74,Card,Successful,Fuel,Mpumalanga
T000002633,A0000938,2026-01-15,10:16:06,Transfer,198.95,Mobile App,Successful,N/A,KwaZulu-Natal
T000002634,A0001448,2024-04-20,17:48:19,Card Purchase,465.76,Mobile App,Successful,Entertainment,Gauteng
T000002635,A0002118,2026-06-30,19:29:05,Withdrawal,767.64,Card,Successful,N/A,KwaZulu-Natal
T000002636,A0001001,2025-03-20,12:31:27,Transfer,1278.39,Mobile App,Successful,N/A,Gauteng
T000002637,A0002331,2026-06-11,17:41:52,Transfer,803.5,Card,Successful,N/A,Mpumalanga
T000002638,A0000878,2025-12-12,11:25:43,Card Purchase,632.53,Internet Banking,Successful,Telecoms,KwaZulu-Natal
T000002639,A0000018,2026-07-01,10:54:19,Transfer,941.64,Mobile App,Successful,N/A,Gauteng
T000002640,A0001540,2026-05-25,18:22:26,Withdrawal,212.34,Card,Successful,N/A,KwaZulu-Natal
T000002641,A0002321,2025-10-21,21:06:14,Transfer,332.64,Mobile App,Successful,N/A,Free State
T000002642,A0001523,2024-09-08,13:02:31,Deposit,2072.39,Branch,Successful,N/A,Gauteng
T000002643,A0000517,2026-06-06,07:00:12,Card Purchase,266.3,Card,Successful,Restaurants,Gauteng
T000002644,A0000324,2026-06-13,21:55:23,Debit Order,408.37,ATM,Successful,N/A,KwaZulu-Natal
T000002645,A0001833,2025-10-05,20:27:05,Card Purchase,923.22,POS,Successful,Travel,Gauteng
T000002646,A0002456,2025-11-28,10:33:39,Transfer,2897.59,ATM,Successful,N/A,North West
T000002647,A0002543,2026-05-26,18:41:56,Interest,612.69,Mobile App,Successful,N/A,Western Cape
T000002648,A0002535,2024-04-08,19:29:38,Withdrawal,1131.93,POS,Successful,N/A,Limpopo
T000002649,A0001784,2025-06-03,14:47:02,Card Purchase,368.65,Internet Banking,Successful,Restaurants,Mpumalanga
T000002650,A0002549,2026-07-30,10:57:53,Card Purchase,265.3,Card,Successful,Retail,Gauteng
T000002651,A0001976,2026-07-09,10:24:23,Payment,2690.95,ATM,Successful,Utilities,Western Cape
T000002652,A0000568,2025-12-19,10:08:07,Bank Fee,1739.03,POS,Successful,N/A,Western Cape
T000002653,A0000131,2026-03-02,15:17:08,Debit Order,195.29,ATM,Successful,N/A,Gauteng
T000002654,A0002965,2025-12-13,16:35:48,Deposit,3851.48,Card,Successful,N/A,Gauteng
T000002655,A0000221,2026-03-01,11:48:55,Withdrawal,200.52,Internet Banking,Successful,N/A,Free State
T000002656,A0003054,2026-01-20,16:04:40,Debit Order,416.18,Mobile App,Successful,N/A,Eastern Cape
T000002657,A0001345,2026-06-29,07:57:42,Withdrawal,2159.75,Mobile App,Successful,N/A,Gauteng
T000002658,A0001819,2024-12-03,06:40:10,Card Purchase,1165.02,Mobile App,Successful,Education,Gauteng
T000002659,A0001464,2025-10-04,22:25:39,Debit Order,422.45,Card,Successful,N/A,Eastern Cape
T000002660,A0003124,2025-09-23,20:28:43,Transfer,1330.12,POS,Successful,N/A,Mpumalanga
T000002661,A0000282,2026-07-03,06:47:15,Payment,394.64,Branch,Successful,Fuel,Limpopo
T000002662,A0002389,2025-11-04,22:14:25,Bank Fee,631.51,ATM,Successful,N/A,Gauteng
T000002663,A0002410,2026-07-13,21:07:12,Transfer,3057.74,Card,Successful,N/A,Gauteng
T000002664,A0000916,2025-11-28,18:00:06,Card Purchase,352.47,Mobile App,Successful,Utilities,Northern Cape
T000002665,A0000321,2026-07-14,22:20:47,Debit Order,269.82,Card,Successful,N/A,Eastern Cape
T000002666,A0002753,2026-07-27,06:47:55,Card Purchase,99.53,Mobile App,Successful,Other,Limpopo
T000002667,A0000122,2024-12-02,09:23:29,Card Purchase,417.86,Card,Successful,Groceries,Gauteng
T000002668,A0001550,2026-06-07,22:20:11,Payment,19.82,Card,Failed,Other,Gauteng
T000002669,A0002095,2025-12-13,06:27:28,Card Purchase,386.02,POS,Successful,Healthcare,Gauteng
T000002670,A0002931,2026-04-20,16:17:59,Transfer,792.77,ATM,Successful,N/A,Gauteng
T000002671,A0002791,2026-07-27,12:16:50,Withdrawal,1391.97,Internet Banking,Successful,N/A,Free State
T000002672,A0002077,2026-05-20,12:34:38,Card Purchase,48.27,ATM,Successful,Retail,Eastern Cape
T000002673,A0002242,2026-03-18,07:01:01,Card Purchase,1444.11,Mobile App,Successful,Travel,Eastern Cape
T000002674,A0002547,2026-05-26,17:31:40,Card Purchase,949.19,POS,Successful,Groceries,Gauteng
T000002675,A0002319,2026-06-01,19:48:20,Transfer,2684.37,POS,Successful,N/A,North West
T000002676,A0001882,2026-04-01,20:00:57,Payment,1763.71,Card,Successful,Travel,Eastern Cape
T000002677,A0000251,2025-10-07,06:55:19,Transfer,285.63,Mobile App,Successful,N/A,Gauteng
T000002678,A0002612,2026-05-01,17:40:15,Debit Order,423.26,Mobile App,Successful,N/A,Limpopo
T000002679,A0002000,2026-01-05,19:17:58,Transfer,642.79,POS,Successful,N/A,KwaZulu-Natal
T000002680,A0000115,2026-07-31,15:07:46,Card Purchase,998.65,Card,Successful,Healthcare,Gauteng
T000002681,A0000986,2026-07-23,17:39:29,Card Purchase,1500.3,Mobile App,Successful,Entertainment,Western Cape
T000002682,A0002410,2026-07-22,20:41:33,Debit Order,2356.17,Card,Successful,N/A,Gauteng
T000002683,A0002753,2026-07-19,19:45:08,Card Purchase,1265.96,POS,Successful,Healthcare,Limpopo
T000002684,A0001829,2026-03-03,06:35:35,Card Purchase,1943.22,Card,Successful,Restaurants,Western Cape
T000002685,A0002124,2025-08-19,14:34:05,Transfer,424.15,Card,Successful,N/A,Gauteng
T000002686,A0002854,2026-06-14,17:00:20,Payment,167.14,POS,Successful,Telecoms,Gauteng
T000002687,A0002371,2023-06-30,06:31:34,Card Purchase,626.35,Internet Banking,Successful,Education,Gauteng
T000002688,A0000434,2025-08-31,21:41:14,Transfer,882.36,Card,Successful,N/A,Western Cape
T000002689,A0000770,2025-08-31,20:39:57,Card Purchase,672.81,Branch,Successful,Telecoms,KwaZulu-Natal
T000002690,A0000205,2026-05-30,21:48:30,Transfer,298.59,Card,Successful,N/A,KwaZulu-Natal
T000002691,A0000345,2025-04-27,06:54:33,Card Purchase,206.68,Mobile App,Successful,Healthcare,Eastern Cape
T000002692,A0002524,2026-07-02,09:06:09,Interest,1153.56,POS,Successful,N/A,Limpopo
T000002693,A0000847,2025-07-28,14:46:25,Card Purchase,934.96,Mobile App,Successful,Travel,Western Cape
T000002694,A0000993,2026-05-16,22:33:58,Payment,492.97,Mobile App,Successful,Restaurants,Western Cape
T000002695,A0001339,2026-04-09,16:12:22,Transfer,299.16,Mobile App,Successful,N/A,KwaZulu-Natal
T000002696,A0000465,2025-10-09,07:43:16,Transfer,1081.95,Card,Successful,N/A,Limpopo
T000002697,A0002899,2026-04-03,08:56:16,Card Purchase,583.41,Internet Banking,Successful,Travel,Limpopo
T000002698,A0000354,2025-08-24,16:40:09,Transfer,2994.47,Card,Successful,N/A,Gauteng
T000002699,A0001897,2024-07-30,10:28:33,Deposit,1131.74,Card,Successful,N/A,Free State
T000002700,A0002947,2026-05-13,20:44:37,Payment,311.71,ATM,Successful,Fuel,North West
T000002701,A0000760,2026-06-28,17:54:41,Bank Fee,810.74,Mobile App,Successful,N/A,Mpumalanga
T000002702,A0002100,2026-04-26,11:00:02,Transfer,218.4,Mobile App,Successful,N/A,Western Cape
T000002703,A0002418,2026-07-22,09:09:08,Payment,278.11,Mobile App,Successful,Restaurants,Western Cape
T000002704,A0001404,2025-11-13,20:17:53,Card Purchase,559.11,Card,Successful,Fuel,KwaZulu-Natal
T000002705,A0002283,2025-12-16,10:26:06,Card Purchase,745.18,Card,Successful,Other,KwaZulu-Natal
T000002706,A0001138,2026-01-28,22:15:04,Card Purchase,414.01,Internet Banking,Successful,Retail,Gauteng
T000002707,A0000309,2026-02-03,14:25:01,Card Purchase,380.55,ATM,Successful,Other,Western Cape
T000002708,A0002563,2025-09-16,09:34:00,Transfer,1531.36,Card,Successful,N/A,KwaZulu-Natal
T000002709,A0002791,2025-10-27,17:30:08,Card Purchase,181.71,Card,Successful,Groceries,Free State
T000002710,A0001650,2025-09-27,11:29:37,Payment,1211.68,ATM,Successful,Restaurants,Limpopo
T000002711,A0002795,2025-12-31,13:19:48,Card Purchase,248.04,Mobile App,Successful,Healthcare,Gauteng
T000002712,A0000555,2025-11-06,19:27:08,Transfer,514.59,Mobile App,Successful,N/A,Western Cape
T000002713,A0002857,2026-07-06,21:58:09,Debit Order,1629.77,POS,Successful,N/A,Western Cape
T000002714,A0000557,2025-03-05,11:46:43,Deposit,16457.32,Internet Banking,Successful,N/A,KwaZulu-Natal
T000002715,A0002544,2026-04-09,10:00:23,Payment,437.0,Card,Successful,Restaurants,Gauteng
T000002716,A0002541,2026-05-09,10:04:01,Card Purchase,1313.78,Mobile App,Successful,Fuel,Gauteng
T000002717,A0003118,2026-02-23,08:14:48,Card Purchase,351.08,Mobile App,Successful,Healthcare,Gauteng
T000002718,A0001330,2026-07-21,16:12:47,Debit Order,949.61,Mobile App,Successful,N/A,Gauteng
T000002719,A0000808,2026-04-10,12:18:00,Card Purchase,584.4,Internet Banking,Successful,Entertainment,Limpopo
T000002720,A0001148,2026-05-21,19:24:51,Card Purchase,809.9,Mobile App,Successful,Other,KwaZulu-Natal
T000002721,A0000755,2025-02-22,11:58:15,Transfer,394.54,Internet Banking,Successful,N/A,Mpumalanga
T000002722,A0002962,2026-07-15,22:58:50,Bank Fee,3136.05,Mobile App,Successful,N/A,Gauteng
T000002723,A0002297,2026-05-27,16:57:34,Deposit,10730.29,Internet Banking,Successful,N/A,Gauteng
T000002724,A0000531,2026-07-27,07:59:25,Withdrawal,155.18,Card,Successful,N/A,Gauteng
T000002725,A0003008,2024-07-26,13:29:01,Payment,3329.15,POS,Successful,Entertainment,Mpumalanga
T000002726,A0002438,2025-12-03,22:32:38,Debit Order,115.29,Internet Banking,Successful,N/A,Gauteng
T000002727,A0000055,2025-07-28,21:48:56,Debit Order,8696.88,Branch,Successful,N/A,Gauteng
T000002728,A0000402,2024-12-09,13:03:44,Payment,339.67,Internet Banking,Successful,Restaurants,Western Cape
T000002729,A0001908,2026-03-23,22:16:42,Deposit,8358.26,Branch,Successful,N/A,Gauteng
T000002730,A0001791,2026-07-08,15:31:13,Interest,412.58,POS,Successful,N/A,Gauteng
T000002731,A0002353,2026-05-06,15:20:04,Card Purchase,1300.41,ATM,Successful,Telecoms,Limpopo
T000002732,A0001555,2026-01-07,15:21:35,Card Purchase,1714.97,ATM,Successful,Fuel,Western Cape
T000002733,A0000761,2026-02-25,12:38:19,Withdrawal,2697.11,Card,Successful,N/A,Gauteng
T000002734,A0001042,2026-07-18,12:30:30,Card Purchase,412.24,Mobile App,Successful,Travel,Western Cape
T000002735,A0002189,2025-07-06,08:23:43,Card Purchase,2824.89,POS,Successful,Healthcare,Western Cape
T000002736,A0002636,2026-05-26,18:27:20,Transfer,217.66,Card,Successful,N/A,KwaZulu-Natal
T000002737,A0000761,2026-02-06,08:33:14,Transfer,217.89,Card,Successful,N/A,Gauteng
T000002738,A0001488,2026-07-30,07:36:03,Card Purchase,374.87,POS,Successful,Travel,Gauteng
T000002739,A0001782,2024-11-06,13:29:31,Transfer,1411.7,POS,Successful,N/A,Western Cape
T000002740,A0003132,2026-04-12,20:01:24,Card Purchase,2001.95,Branch,Successful,Retail,Western Cape
T000002741,A0000052,2026-03-08,22:32:15,Card Purchase,1539.94,Card,Successful,Entertainment,Gauteng
T000002742,A0001911,2026-06-22,09:04:06,Transfer,336.07,Card,Failed,N/A,KwaZulu-Natal
T000002743,A0000158,2024-11-15,07:18:18,Transfer,1398.61,Internet Banking,Successful,N/A,KwaZulu-Natal
T000002744,A0002256,2026-05-19,13:48:16,Card Purchase,4499.48,POS,Successful,Telecoms,Free State
T000002745,A0000522,2026-07-09,07:28:30,Transfer,820.31,Mobile App,Successful,N/A,Gauteng
T000002746,A0002276,2026-06-28,14:14:59,Transfer,341.31,Mobile App,Successful,N/A,Eastern Cape
T000002747,A0002839,2025-07-28,10:19:07,Debit Order,1996.15,Mobile App,Successful,N/A,Gauteng
T000002748,A0002726,2026-04-16,06:51:03,Deposit,620.12,POS,Successful,N/A,KwaZulu-Natal
T000002749,A0002787,2023-11-02,13:29:34,Card Purchase,4520.61,Card,Successful,Entertainment,Gauteng
T000002750,A0002164,2026-04-15,22:30:59,Deposit,11020.6,Internet Banking,Successful,N/A,Gauteng
T000002751,A0002957,2026-04-10,13:06:57,Card Purchase,330.78,Mobile App,Successful,Retail,Gauteng
T000002752,A0002293,2025-12-26,20:04:01,Card Purchase,560.72,Card,Successful,Retail,KwaZulu-Natal
T000002753,A0002794,2026-01-03,12:06:05,Card Purchase,86.62,POS,Successful,Telecoms,KwaZulu-Natal
T000002754,A0001159,2026-07-25,16:19:14,Debit Order,1404.5,Mobile App,Successful,N/A,Gauteng
T000002755,A0000880,2026-05-07,10:37:13,Card Purchase,237.85,Card,Successful,Healthcare,Gauteng
T000002756,A0000195,2026-06-25,18:58:06,Payment,73.17,Mobile App,Successful,Utilities,Gauteng
T000002757,A0001975,2026-05-09,17:02:22,Card Purchase,720.74,Branch,Successful,Education,Mpumalanga
T000002758,A0000934,2025-09-15,14:46:27,Deposit,1010.42,Card,Successful,N/A,Gauteng
T000002759,A0002157,2026-06-24,22:02:58,Card Purchase,961.57,Mobile App,Successful,Retail,Western Cape
T000002760,A0002749,2026-05-17,13:13:53,Payment,583.88,Branch,Successful,Telecoms,Western Cape
T000002761,A0001394,2026-03-29,21:58:33,Transfer,277.79,Mobile App,Successful,N/A,North West
T000002762,A0003041,2026-06-29,22:29:57,Card Purchase,489.29,Card,Successful,Retail,Gauteng
T000002763,A0002032,2026-02-01,06:19:33,Bank Fee,593.21,POS,Successful,N/A,Gauteng
T000002764,A0000822,2024-12-26,11:22:50,Transfer,828.12,POS,Successful,N/A,Mpumalanga
T000002765,A0000229,2026-02-07,06:37:40,Payment,934.26,Mobile App,Successful,Entertainment,Western Cape
T000002766,A0002587,2026-04-01,06:32:47,Card Purchase,426.52,ATM,Successful,Education,Western Cape
T000002767,A0001616,2026-06-04,06:17:04,Card Purchase,503.14,Mobile App,Successful,Telecoms,Limpopo
T000002768,A0002343,2026-07-28,16:47:12,Withdrawal,897.59,Internet Banking,Successful,N/A,Gauteng
T000002769,A0003028,2024-06-04,15:05:50,Payment,846.3,Mobile App,Successful,Education,Gauteng
T000002770,A0001040,2025-11-03,15:15:02,Debit Order,734.91,POS,Successful,N/A,Gauteng
T000002771,A0000008,2026-05-23,11:39:07,Card Purchase,1469.71,Card,Successful,Telecoms,KwaZulu-Natal
T000002772,A0002128,2026-07-17,18:56:02,Transfer,1946.62,POS,Successful,N/A,Gauteng
T000002773,A0000448,2024-10-05,17:52:45,Card Purchase,483.22,Mobile App,Successful,Travel,Gauteng
T000002774,A0001511,2025-08-10,13:21:12,Interest,192.28,Internet Banking,Successful,N/A,Gauteng
T000002775,A0001636,2026-03-21,09:49:29,Withdrawal,232.88,Card,Successful,N/A,Western Cape
T000002776,A0002892,2025-11-09,11:23:30,Card Purchase,485.58,POS,Successful,Groceries,Gauteng
T000002777,A0003182,2025-11-07,08:53:12,Card Purchase,127.86,Mobile App,Successful,Travel,Gauteng
T000002778,A0001944,2026-07-06,20:53:36,Card Purchase,530.87,Card,Successful,Other,Western Cape
T000002779,A0002995,2026-01-01,13:20:11,Card Purchase,250.17,Mobile App,Successful,Groceries,Limpopo
T000002780,A0002453,2023-04-25,12:15:32,Payment,439.84,POS,Successful,Fuel,KwaZulu-Natal
T000002781,A0003049,2026-05-04,06:41:46,Deposit,2116.19,Mobile App,Successful,N/A,Gauteng
T000002782,A0002243,2026-07-29,16:43:01,Card Purchase,783.0,Card,Successful,Other,Western Cape
T000002783,A0000377,2026-07-17,07:40:24,Deposit,1527.35,POS,Successful,N/A,Northern Cape
T000002784,A0001750,2026-06-14,08:42:50,Payment,101.82,Internet Banking,Successful,Fuel,Western Cape
T000002785,A0002540,2026-04-14,07:27:42,Card Purchase,188.62,POS,Successful,Education,KwaZulu-Natal
T000002786,A0000460,2026-04-17,16:38:15,Transfer,3324.08,Mobile App,Successful,N/A,KwaZulu-Natal
T000002787,A0002072,2026-07-27,22:32:50,Withdrawal,94.93,ATM,Successful,N/A,Mpumalanga
T000002788,A0002209,2025-04-29,21:49:23,Transfer,402.25,ATM,Failed,N/A,KwaZulu-Natal
T000002789,A0000047,2026-06-01,18:01:47,Transfer,1130.5,ATM,Successful,N/A,Gauteng
T000002790,A0001033,2026-03-09,17:52:50,Card Purchase,187.0,Card,Successful,Utilities,Eastern Cape
T000002791,A0002378,2024-06-24,12:27:03,Card Purchase,703.55,ATM,Successful,Other,KwaZulu-Natal
T000002792,A0001357,2026-07-28,07:42:57,Transfer,1108.15,POS,Successful,N/A,KwaZulu-Natal
T000002793,A0002820,2026-07-26,08:30:39,Card Purchase,413.59,Card,Successful,Healthcare,Western Cape
T000002794,A0001834,2025-09-19,15:20:05,Card Purchase,4051.01,ATM,Successful,Utilities,KwaZulu-Natal
T000002795,A0000276,2026-05-11,13:14:12,Payment,470.16,ATM,Successful,Education,Free State
T000002796,A0001995,2026-05-18,14:52:29,Card Purchase,976.09,Mobile App,Successful,Fuel,Western Cape
T000002797,A0002305,2026-07-21,17:46:50,Transfer,696.75,ATM,Successful,N/A,Gauteng
T000002798,A0001208,2025-10-13,11:09:17,Card Purchase,264.94,Internet Banking,Successful,Groceries,KwaZulu-Natal
T000002799,A0000841,2026-05-31,09:15:58,Card Purchase,535.02,Mobile App,Successful,Other,Western Cape
T000002800,A0000610,2026-03-29,19:09:13,Card Purchase,1348.4,Mobile App,Successful,Fuel,Western Cape
T000002801,A0003042,2025-11-14,14:06:46,Withdrawal,233.95,Internet Banking,Successful,N/A,KwaZulu-Natal
T000002802,A0002451,2025-10-20,07:50:50,Transfer,588.38,ATM,Successful,N/A,Western Cape
T000002803,A0002585,2025-09-27,11:47:29,Bank Fee,135.34,POS,Successful,N/A,Western Cape
T000002804,A0000357,2026-05-09,21:34:10,Card Purchase,4289.21,POS,Successful,Other,Gauteng
T000002805,A0002790,2026-07-29,10:28:59,Card Purchase,253.31,Card,Successful,Restaurants,KwaZulu-Natal
T000002806,A0001142,2026-07-17,13:47:23,Card Purchase,636.04,Card,Successful,Groceries,Gauteng
T000002807,A0000541,2025-06-09,16:51:13,Card Purchase,1780.91,Mobile App,Successful,Fuel,KwaZulu-Natal
T000002808,A0002149,2023-09-26,18:27:59,Transfer,229.94,Branch,Successful,N/A,KwaZulu-Natal
T000002809,A0001862,2026-06-01,12:52:04,Transfer,1689.61,ATM,Successful,N/A,Gauteng
T000002810,A0002325,2025-11-19,10:49:17,Transfer,2425.29,Mobile App,Successful,N/A,Western Cape
T000002811,A0001986,2026-07-20,14:10:35,Card Purchase,1938.39,Mobile App,Successful,Healthcare,Western Cape
T000002812,A0001952,2026-07-31,14:50:50,Transfer,326.82,POS,Successful,N/A,Gauteng
T000002813,A0002207,2026-07-14,18:29:32,Payment,3018.16,Internet Banking,Successful,Utilities,Mpumalanga
T000002814,A0002670,2025-12-09,11:58:25,Card Purchase,4212.24,ATM,Successful,Education,Western Cape
T000002815,A0001813,2026-05-21,22:12:13,Transfer,1385.21,Internet Banking,Successful,N/A,Western Cape
T000002816,A0001821,2026-07-19,13:46:09,Card Purchase,214.87,Card,Successful,Retail,Western Cape
T000002817,A0003017,2026-01-03,15:41:30,Deposit,691.28,POS,Successful,N/A,Western Cape
T000002818,A0001373,2025-03-08,16:43:26,Deposit,4425.96,ATM,Successful,N/A,KwaZulu-Natal
T000002819,A0001568,2024-06-04,21:20:28,Card Purchase,265.76,Mobile App,Successful,Healthcare,North West
T000002820,A0002856,2026-07-24,20:47:15,Bank Fee,854.06,Branch,Successful,N/A,Mpumalanga
T000002821,A0000856,2025-08-10,07:58:19,Card Purchase,256.26,Branch,Successful,Fuel,Free State
T000002822,A0000435,2026-07-30,17:07:26,Bank Fee,2098.02,Mobile App,Successful,N/A,KwaZulu-Natal
T000002823,A0002854,2026-06-02,17:52:43,Card Purchase,354.3,Mobile App,Successful,Retail,Gauteng
T000002824,A0001392,2026-01-06,09:28:36,Deposit,1340.85,Mobile App,Successful,N/A,Gauteng
T000002825,A0000247,2026-05-13,08:21:43,Card Purchase,298.15,POS,Successful,Utilities,Gauteng
T000002826,A0000291,2024-12-25,22:22:45,Card Purchase,785.53,Branch,Failed,Restaurants,Northern Cape
T000002827,A0002735,2024-11-19,15:30:19,Card Purchase,528.58,Mobile App,Failed,Education,Gauteng
T000002828,A0000222,2026-07-19,20:23:35,Card Purchase,205.98,Card,Successful,Fuel,Mpumalanga
T000002829,A0002744,2026-07-28,19:48:55,Payment,752.15,Card,Successful,Telecoms,KwaZulu-Natal
T000002830,A0002991,2026-06-10,16:27:50,Debit Order,262.3,Mobile App,Successful,N/A,Western Cape
T000002831,A0001255,2025-05-10,11:29:32,Card Purchase,4626.71,Mobile App,Successful,Fuel,KwaZulu-Natal
T000002832,A0002101,2026-07-30,17:22:44,Card Purchase,558.79,Mobile App,Successful,Healthcare,Gauteng
T000002833,A0000276,2025-06-09,10:16:53,Transfer,200.7,ATM,Successful,N/A,Free State
T000002834,A0001779,2026-07-16,09:05:51,Transfer,429.14,Card,Failed,N/A,Gauteng
T000002835,A0002912,2025-10-06,18:33:46,Withdrawal,71.09,Mobile App,Successful,N/A,Gauteng
T000002836,A0000187,2025-08-07,22:16:55,Card Purchase,444.85,Branch,Successful,Healthcare,Gauteng
T000002837,A0002433,2025-07-20,09:40:55,Card Purchase,284.4,Mobile App,Successful,Healthcare,Gauteng
T000002838,A0002144,2026-07-15,21:23:13,Card Purchase,446.87,Mobile App,Successful,Restaurants,Limpopo
T000002839,A0000760,2026-07-20,20:03:43,Card Purchase,932.73,Mobile App,Successful,Education,Mpumalanga
T000002840,A0002559,2026-07-15,21:57:37,Transfer,4069.38,POS,Successful,N/A,Eastern Cape
T000002841,A0000529,2023-04-10,16:16:10,Interest,502.49,POS,Successful,N/A,KwaZulu-Natal
T000002842,A0002560,2025-02-22,15:11:52,Deposit,1309.64,Card,Successful,N/A,Limpopo
T000002843,A0002273,2025-12-28,09:41:10,Debit Order,182.22,ATM,Successful,N/A,Gauteng
T000002844,A0002274,2026-01-17,18:41:07,Card Purchase,196.91,Card,Successful,Entertainment,Gauteng
T000002845,A0002592,2025-12-31,19:52:58,Payment,896.76,Branch,Successful,Utilities,Western Cape
T000002846,A0002571,2026-06-27,14:16:46,Card Purchase,508.84,POS,Successful,Entertainment,Western Cape
T000002847,A0000228,2025-08-09,13:35:21,Deposit,12341.37,POS,Successful,N/A,Mpumalanga
T000002848,A0001119,2026-07-16,17:01:21,Card Purchase,1560.77,Mobile App,Successful,Restaurants,Eastern Cape
T000002849,A0000208,2025-09-29,19:51:04,Deposit,754.76,ATM,Successful,N/A,Gauteng
T000002850,A0002259,2026-03-11,15:38:55,Card Purchase,3975.76,Mobile App,Successful,Restaurants,Western Cape
T000002851,A0002745,2026-04-22,13:09:03,Transfer,314.84,Mobile App,Successful,N/A,Limpopo
T000002852,A0002199,2026-07-14,13:58:38,Card Purchase,539.64,Mobile App,Successful,Travel,North West
T000002853,A0002996,2025-09-14,12:38:44,Card Purchase,1516.51,Card,Successful,Healthcare,KwaZulu-Natal
T000002854,A0002417,2025-10-19,15:33:02,Payment,681.65,POS,Successful,Groceries,Limpopo
T000002855,A0000262,2026-05-10,07:06:29,Payment,181.24,Mobile App,Successful,Telecoms,Gauteng
T000002856,A0000066,2026-06-03,13:06:04,Card Purchase,468.6,Mobile App,Successful,Utilities,KwaZulu-Natal
T000002857,A0000030,2026-06-21,10:44:43,Card Purchase,203.27,POS,Successful,Groceries,North West
T000002858,A0001861,2025-10-16,16:08:29,Bank Fee,895.42,Internet Banking,Successful,N/A,Gauteng
T000002859,A0001288,2026-07-06,13:09:04,Transfer,629.23,Mobile App,Successful,N/A,Gauteng
T000002860,A0002014,2025-12-17,21:15:37,Withdrawal,9298.26,ATM,Successful,N/A,Eastern Cape
T000002861,A0000082,2026-03-16,17:20:20,Card Purchase,1667.34,Card,Successful,Entertainment,KwaZulu-Natal
T000002862,A0000243,2026-07-06,11:59:38,Debit Order,1055.34,ATM,Successful,N/A,Mpumalanga
T000002863,A0000385,2025-10-16,14:28:08,Payment,716.05,ATM,Successful,Entertainment,Eastern Cape
T000002864,A0001489,2026-03-13,21:36:22,Withdrawal,1723.31,Card,Successful,N/A,Western Cape
T000002865,A0002474,2024-06-28,10:57:33,Debit Order,430.74,Mobile App,Successful,N/A,Mpumalanga
T000002866,A0000700,2026-04-30,08:43:28,Withdrawal,2229.45,Mobile App,Successful,N/A,Gauteng
T000002867,A0000262,2026-03-14,17:37:22,Transfer,383.52,Mobile App,Successful,N/A,Gauteng
T000002868,A0001571,2026-07-30,11:41:28,Bank Fee,4689.58,Mobile App,Successful,N/A,Western Cape
T000002869,A0003105,2025-11-21,13:02:31,Debit Order,1380.82,Card,Successful,N/A,Gauteng
T000002870,A0000743,2026-01-24,07:21:51,Transfer,377.23,Mobile App,Successful,N/A,North West
T000002871,A0001292,2026-04-07,06:53:32,Deposit,1337.42,Card,Successful,N/A,Western Cape
T000002872,A0000714,2026-07-30,15:45:26,Card Purchase,477.01,Internet Banking,Successful,Other,Western Cape
T000002873,A0000902,2024-01-26,11:18:05,Withdrawal,210.54,Branch,Successful,N/A,Western Cape
T000002874,A0000091,2026-06-16,15:49:58,Bank Fee,694.35,Mobile App,Successful,N/A,Free State
T000002875,A0000534,2026-07-02,16:51:47,Card Purchase,617.32,Mobile App,Successful,Education,Limpopo
T000002876,A0003128,2026-07-09,21:42:16,Card Purchase,1456.17,POS,Successful,Fuel,KwaZulu-Natal
T000002877,A0002571,2026-07-02,11:34:39,Debit Order,3704.78,Card,Successful,N/A,Western Cape
T000002878,A0001515,2026-03-29,22:58:01,Transfer,90.21,POS,Successful,N/A,Gauteng
T000002879,A0000873,2026-06-12,21:47:35,Transfer,2712.5,Mobile App,Successful,N/A,Limpopo
T000002880,A0000565,2026-03-23,15:30:58,Card Purchase,263.52,Card,Successful,Other,North West
T000002881,A0001919,2026-07-14,14:05:23,Card Purchase,329.11,Mobile App,Successful,Education,Gauteng
T000002882,A0002523,2026-07-27,10:54:27,Payment,1350.68,Mobile App,Successful,Groceries,Western Cape
T000002883,A0000198,2026-05-02,07:16:22,Transfer,498.8,POS,Successful,N/A,Gauteng
T000002884,A0000928,2025-06-22,15:05:46,Bank Fee,420.68,ATM,Successful,N/A,Gauteng
T000002885,A0002224,2025-09-01,10:43:33,Withdrawal,566.6,ATM,Successful,N/A,Limpopo
T000002886,A0001072,2026-07-27,14:07:48,Card Purchase,2400.94,Branch,Successful,Telecoms,KwaZulu-Natal
T000002887,A0001746,2026-07-18,13:52:43,Withdrawal,539.15,Mobile App,Successful,N/A,Western Cape
T000002888,A0000658,2026-07-16,13:13:29,Bank Fee,178.48,Mobile App,Successful,N/A,Limpopo
T000002889,A0001768,2025-08-18,18:22:28,Card Purchase,611.15,Mobile App,Successful,Healthcare,KwaZulu-Natal
T000002890,A0000898,2025-08-20,10:08:12,Transfer,1846.48,Card,Successful,N/A,Gauteng
T000002891,A0002874,2026-07-07,11:12:48,Card Purchase,188.95,Internet Banking,Successful,Healthcare,Gauteng
T000002892,A0001678,2025-03-22,12:30:30,Transfer,814.49,Mobile App,Successful,N/A,KwaZulu-Natal
T000002893,A0001693,2026-06-15,08:39:03,Withdrawal,1205.29,Mobile App,Successful,N/A,Free State
T000002894,A0002235,2024-06-11,14:56:10,Card Purchase,1531.65,Internet Banking,Successful,Telecoms,Western Cape
T000002895,A0000033,2025-07-12,17:46:00,Debit Order,504.06,Internet Banking,Successful,N/A,Northern Cape
T000002896,A0001344,2025-10-13,11:03:43,Deposit,2209.06,Mobile App,Successful,N/A,Western Cape
T000002897,A0003124,2026-06-19,18:45:10,Transfer,1970.13,POS,Successful,N/A,Mpumalanga
T000002898,A0001306,2026-07-18,09:42:45,Interest,2748.3,Internet Banking,Successful,N/A,KwaZulu-Natal
T000002899,A0003197,2025-11-04,10:18:29,Transfer,1956.7,Mobile App,Successful,N/A,Limpopo
T000002900,A0000018,2026-05-08,07:32:39,Deposit,1794.52,Mobile App,Successful,N/A,Gauteng
T000002901,A0002638,2026-05-14,10:08:08,Card Purchase,352.28,POS,Successful,Travel,Eastern Cape
T000002902,A0001378,2026-06-04,12:41:38,Debit Order,3285.12,Branch,Successful,N/A,Mpumalanga
T000002903,A0002719,2025-10-25,06:18:01,Card Purchase,687.43,Card,Successful,Utilities,Eastern Cape
T000002904,A0001441,2026-03-16,22:22:16,Withdrawal,1106.02,POS,Successful,N/A,Gauteng
T000002905,A0003030,2025-11-16,08:25:57,Debit Order,72.56,Mobile App,Successful,N/A,Western Cape
T000002906,A0000355,2025-05-06,10:42:12,Payment,1041.53,POS,Successful,Entertainment,Western Cape
T000002907,A0002763,2026-06-21,06:52:01,Card Purchase,998.27,Mobile App,Successful,Other,North West
T000002908,A0000374,2026-04-06,11:06:54,Withdrawal,365.03,POS,Successful,N/A,Gauteng
T000002909,A0001125,2026-03-17,10:42:41,Transfer,354.34,Card,Successful,N/A,Western Cape
T000002910,A0001787,2026-05-22,12:22:27,Deposit,514.81,POS,Successful,N/A,Gauteng
T000002911,A0001500,2026-07-08,21:07:27,Deposit,1757.47,Mobile App,Successful,N/A,KwaZulu-Natal
T000002912,A0001326,2025-06-28,10:09:47,Card Purchase,1101.43,Card,Successful,Restaurants,Northern Cape
T000002913,A0001858,2025-12-07,10:30:06,Debit Order,1263.44,POS,Successful,N/A,Eastern Cape
T000002914,A0002025,2025-06-12,11:18:47,Debit Order,2552.14,ATM,Successful,N/A,Gauteng
T000002915,A0000519,2025-05-24,16:41:55,Transfer,313.15,Card,Successful,N/A,KwaZulu-Natal
T000002916,A0002010,2026-07-07,14:39:01,Bank Fee,1486.99,Card,Successful,N/A,Western Cape
T000002917,A0002879,2026-06-26,09:38:54,Card Purchase,414.64,POS,Successful,Groceries,Eastern Cape
T000002918,A0001504,2024-04-14,16:14:24,Debit Order,847.12,Mobile App,Successful,N/A,Western Cape
T000002919,A0001430,2023-05-26,22:25:18,Transfer,474.85,Mobile App,Successful,N/A,Gauteng
T000002920,A0000729,2025-05-21,15:26:47,Card Purchase,3485.1,ATM,Successful,Entertainment,Gauteng
T000002921,A0000497,2026-07-11,14:14:47,Card Purchase,1463.16,ATM,Successful,Restaurants,KwaZulu-Natal
T000002922,A0002912,2024-07-04,15:05:51,Transfer,3876.55,Mobile App,Successful,N/A,Gauteng
T000002923,A0000024,2026-03-10,10:24:08,Card Purchase,707.17,Internet Banking,Successful,Groceries,Gauteng
T000002924,A0000775,2025-01-08,19:50:29,Debit Order,1150.72,Branch,Successful,N/A,Western Cape
T000002925,A0002036,2026-04-20,21:08:35,Debit Order,293.21,Mobile App,Successful,N/A,Mpumalanga
T000002926,A0000763,2026-07-23,10:57:06,Withdrawal,578.44,Internet Banking,Successful,N/A,Gauteng
T000002927,A0000569,2024-07-15,12:51:10,Card Purchase,474.25,POS,Successful,Groceries,Eastern Cape
T000002928,A0000215,2026-02-17,18:23:11,Interest,38.19,Card,Successful,N/A,Gauteng
T000002929,A0000639,2026-07-18,13:22:09,Debit Order,360.33,Internet Banking,Successful,N/A,Gauteng
T000002930,A0002291,2026-05-01,13:47:19,Deposit,12288.04,ATM,Successful,N/A,Western Cape
T000002931,A0000317,2025-03-28,21:17:58,Card Purchase,2615.39,Internet Banking,Successful,Healthcare,Gauteng
T000002932,A0002577,2025-12-15,13:28:01,Deposit,3591.57,Card,Successful,N/A,KwaZulu-Natal
T000002933,A0001362,2026-04-15,21:43:35,Bank Fee,599.54,Card,Successful,N/A,Western Cape
T000002934,A0001092,2025-11-11,06:06:59,Card Purchase,3445.17,Mobile App,Successful,Education,KwaZulu-Natal
T000002935,A0001446,2026-07-25,14:42:23,Bank Fee,709.12,Card,Successful,N/A,Gauteng
T000002936,A0002864,2026-03-15,10:21:12,Transfer,653.87,ATM,Successful,N/A,KwaZulu-Natal
T000002937,A0000603,2025-10-23,12:56:41,Card Purchase,133.78,ATM,Successful,Education,Eastern Cape
T000002938,A0002636,2026-05-09,09:00:14,Transfer,498.02,Branch,Successful,N/A,KwaZulu-Natal
T000002939,A0001104,2026-07-13,09:27:56,Card Purchase,140.42,Card,Successful,Restaurants,Western Cape
T000002940,A0002722,2025-05-06,22:02:34,Debit Order,310.51,Mobile App,Successful,N/A,Gauteng
T000002941,A0002021,2026-03-15,21:53:37,Card Purchase,267.1,Card,Successful,Education,Mpumalanga
T000002942,A0002733,2026-06-16,07:50:14,Card Purchase,369.43,ATM,Successful,Retail,Western Cape
T000002943,A0000842,2024-10-13,20:36:51,Payment,386.63,Card,Successful,Fuel,Gauteng
T000002944,A0001087,2026-04-27,07:40:03,Card Purchase,1105.08,Internet Banking,Successful,Education,Limpopo
T000002945,A0000856,2025-10-02,16:56:32,Payment,542.08,Card,Successful,Healthcare,Free State
T000002946,A0001037,2026-02-17,10:35:34,Transfer,2759.88,Branch,Failed,N/A,Gauteng
T000002947,A0000365,2026-03-08,21:40:58,Card Purchase,882.01,Internet Banking,Successful,Entertainment,Eastern Cape
T000002948,A0000386,2026-06-26,06:42:34,Card Purchase,1447.83,POS,Successful,Utilities,Gauteng
T000002949,A0001258,2026-07-21,21:47:07,Card Purchase,869.25,POS,Successful,Travel,Mpumalanga
T000002950,A0000483,2025-03-18,15:24:19,Card Purchase,185.99,Card,Successful,Entertainment,KwaZulu-Natal
T000002951,A0002557,2025-11-11,19:26:30,Card Purchase,521.96,POS,Successful,Restaurants,Gauteng
T000002952,A0001532,2025-04-10,16:42:18,Transfer,2567.11,Internet Banking,Successful,N/A,North West
T000002953,A0001988,2026-07-30,19:53:49,Bank Fee,1183.45,Mobile App,Successful,N/A,Limpopo
T000002954,A0000382,2025-07-07,13:43:21,Card Purchase,3036.18,Mobile App,Successful,Fuel,Gauteng
T000002955,A0002025,2026-01-13,10:10:43,Card Purchase,605.35,Mobile App,Successful,Utilities,Gauteng
T000002956,A0002295,2026-03-28,11:13:52,Debit Order,919.53,Mobile App,Successful,N/A,Limpopo
T000002957,A0003098,2026-04-07,07:51:36,Card Purchase,3180.86,Mobile App,Successful,Utilities,Gauteng
T000002958,A0001591,2024-10-31,15:48:51,Card Purchase,625.83,ATM,Successful,Healthcare,KwaZulu-Natal
T000002959,A0002656,2024-12-08,19:21:41,Card Purchase,335.06,Internet Banking,Successful,Other,Gauteng
T000002960,A0001758,2025-11-13,11:57:31,Transfer,660.4,POS,Successful,N/A,Eastern Cape
T000002961,A0002751,2024-10-02,15:10:31,Card Purchase,547.59,POS,Successful,Utilities,Gauteng
T000002962,A0003126,2025-10-24,07:14:35,Withdrawal,145.38,Branch,Successful,N/A,Gauteng
T000002963,A0001404,2026-02-11,19:34:11,Card Purchase,106.59,Mobile App,Successful,Healthcare,KwaZulu-Natal
T000002964,A0001944,2026-06-28,07:23:45,Card Purchase,745.95,Mobile App,Successful,Healthcare,Western Cape
T000002965,A0000668,2025-12-21,11:32:10,Card Purchase,1457.3,POS,Successful,Healthcare,North West
T000002966,A0000392,2026-06-07,07:18:45,Withdrawal,1987.04,Internet Banking,Successful,N/A,Free State
T000002967,A0000084,2026-05-09,18:41:11,Payment,7204.16,ATM,Successful,Entertainment,Mpumalanga
T000002968,A0002205,2023-06-13,21:21:48,Transfer,67.47,Mobile App,Successful,N/A,Gauteng
T000002969,A0001712,2026-07-20,22:06:45,Card Purchase,819.06,ATM,Successful,Other,Western Cape
T000002970,A0001662,2026-03-31,09:51:03,Transfer,604.94,POS,Successful,N/A,Gauteng
T000002971,A0001110,2026-07-05,12:47:21,Card Purchase,229.06,Internet Banking,Successful,Restaurants,Gauteng
T000002972,A0002175,2026-06-25,14:28:01,Debit Order,158.24,Branch,Successful,N/A,Mpumalanga
T000002973,A0001383,2026-06-21,15:03:15,Payment,227.67,POS,Successful,Entertainment,Free State
T000002974,A0002689,2026-07-14,16:20:04,Transfer,358.73,Card,Successful,N/A,Gauteng
T000002975,A0000943,2026-01-03,10:05:33,Card Purchase,534.59,Mobile App,Successful,Telecoms,Mpumalanga
T000002976,A0001269,2025-11-24,18:42:32,Card Purchase,1265.48,Branch,Successful,Other,Gauteng
T000002977,A0001565,2026-01-27,20:12:41,Debit Order,402.08,Card,Successful,N/A,Western Cape
T000002978,A0000031,2025-02-08,06:29:44,Transfer,2810.03,Mobile App,Successful,N/A,Northern Cape
T000002979,A0002388,2026-04-23,21:32:26,Card Purchase,2324.11,Mobile App,Successful,Other,Free State
T000002980,A0000492,2025-05-07,21:07:49,Transfer,138.37,POS,Successful,N/A,KwaZulu-Natal
T000002981,A0003152,2026-01-07,10:31:48,Card Purchase,309.23,Mobile App,Successful,Healthcare,KwaZulu-Natal
T000002982,A0000645,2026-07-23,06:27:07,Transfer,393.31,Internet Banking,Successful,N/A,KwaZulu-Natal
T000002983,A0000544,2026-02-12,22:28:58,Withdrawal,356.14,Card,Successful,N/A,Western Cape
T000002984,A0000429,2026-07-24,18:51:14,Payment,570.68,POS,Successful,Restaurants,Limpopo
T000002985,A0002876,2026-07-30,10:01:53,Transfer,862.95,Branch,Successful,N/A,Free State
T000002986,A0000011,2026-05-04,19:20:08,Card Purchase,501.17,ATM,Successful,Education,Gauteng
T000002987,A0002528,2025-12-18,18:51:34,Bank Fee,888.01,Card,Successful,N/A,KwaZulu-Natal
T000002988,A0003058,2026-02-19,10:10:47,Card Purchase,1236.6,Mobile App,Successful,Travel,Western Cape
T000002989,A0001512,2026-05-26,08:10:01,Card Purchase,374.48,Mobile App,Successful,Other,Gauteng
T000002990,A0001981,2026-07-31,22:13:58,Withdrawal,527.5,Internet Banking,Successful,N/A,Gauteng
T000002991,A0000482,2026-01-21,16:30:02,Transfer,537.64,Card,Successful,N/A,Free State
T000002992,A0002498,2026-07-03,16:29:37,Transfer,1827.07,Mobile App,Successful,N/A,KwaZulu-Natal
T000002993,A0001622,2026-07-10,20:19:53,Card Purchase,132.52,Mobile App,Successful,Other,Northern Cape
T000002994,A0002161,2026-02-15,19:59:55,Transfer,369.57,Card,Successful,N/A,Gauteng
T000002995,A0001035,2025-12-05,16:20:36,Payment,478.21,Card,Successful,Fuel,KwaZulu-Natal
T000002996,A0000517,2026-01-31,20:30:19,Withdrawal,5298.67,Card,Successful,N/A,Gauteng
T000002997,A0002083,2025-05-11,19:01:43,Card Purchase,2369.41,POS,Successful,Telecoms,Mpumalanga
T000002998,A0002206,2026-07-16,20:15:42,Withdrawal,2459.73,Card,Successful,N/A,Western Cape
T000002999,A0000607,2023-08-21,18:30:54,Deposit,2588.95,Mobile App,Successful,N/A,KwaZulu-Natal
T000003000,A0003194,2025-10-14,17:05:52,Card Purchase,505.27,Card,Successful,Fuel,Limpopo
T000003001,A0002354,2026-03-29,14:29:47,Bank Fee,9770.7,Mobile App,Successful,N/A,Limpopo
T000003002,A0000174,2026-02-27,10:19:39,Withdrawal,1133.1,POS,Successful,N/A,Gauteng
T000003003,A0000121,2024-10-08,10:58:52,Card Purchase,318.61,Card,Successful,Groceries,Eastern Cape
T000003004,A0002961,2026-07-30,17:18:10,Deposit,374.26,POS,Successful,N/A,KwaZulu-Natal
T000003005,A0001761,2026-07-10,10:11:19,Deposit,883.5,POS,Successful,N/A,Eastern Cape
T000003006,A0002003,2026-03-06,10:52:36,Debit Order,8371.34,Mobile App,Successful,N/A,KwaZulu-Natal
T000003007,A0000032,2026-07-28,11:39:12,Withdrawal,447.61,Branch,Successful,N/A,Western Cape
T000003008,A0001132,2026-07-22,21:25:41,Card Purchase,554.73,Card,Successful,Utilities,Western Cape
T000003009,A0002822,2026-05-10,12:15:21,Transfer,245.33,Mobile App,Successful,N/A,Gauteng
T000003010,A0002824,2026-02-11,21:51:37,Card Purchase,498.75,POS,Successful,Utilities,Western Cape
T000003011,A0002522,2025-04-25,14:51:47,Deposit,696.59,ATM,Successful,N/A,Gauteng
T000003012,A0000457,2026-05-22,17:46:43,Card Purchase,1197.66,ATM,Successful,Groceries,Gauteng
T000003013,A0002500,2026-07-07,06:57:22,Deposit,2593.0,Mobile App,Successful,N/A,KwaZulu-Natal
T000003014,A0000424,2025-10-02,16:12:37,Deposit,2037.61,POS,Successful,N/A,Gauteng
T000003015,A0002336,2026-06-06,08:10:09,Card Purchase,123.16,Card,Successful,Restaurants,Gauteng
T000003016,A0002911,2026-02-11,08:22:02,Payment,81.64,Internet Banking,Successful,Groceries,North West
T000003017,A0002270,2026-07-08,15:05:42,Deposit,398.57,Internet Banking,Successful,N/A,Eastern Cape
T000003018,A0000085,2025-06-11,10:09:27,Payment,497.32,Internet Banking,Successful,Restaurants,Free State
T000003019,A0001057,2025-11-17,10:06:40,Card Purchase,2699.51,Mobile App,Successful,Healthcare,Gauteng
T000003020,A0001570,2026-07-20,16:43:43,Transfer,3346.12,Card,Successful,N/A,Eastern Cape
T000003021,A0002980,2025-11-20,18:06:49,Transfer,2054.64,Mobile App,Successful,N/A,Mpumalanga
T000003022,A0000075,2025-03-02,13:45:47,Deposit,12612.2,POS,Successful,N/A,Gauteng
T000003023,A0001172,2024-09-20,18:53:40,Debit Order,307.02,Card,Successful,N/A,Gauteng
T000003024,A0002445,2025-10-19,11:06:17,Debit Order,214.03,Internet Banking,Successful,N/A,Western Cape
T000003025,A0001507,2026-05-20,16:58:36,Deposit,24527.45,POS,Successful,N/A,Gauteng
T000003026,A0000878,2026-04-26,06:08:40,Bank Fee,330.06,Internet Banking,Successful,N/A,KwaZulu-Natal
T000003027,A0001086,2026-07-13,19:16:30,Card Purchase,869.91,ATM,Successful,Fuel,Gauteng
T000003028,A0002169,2026-05-01,12:36:59,Card Purchase,134.51,Mobile App,Successful,Retail,Gauteng
T000003029,A0001472,2026-07-09,17:07:13,Bank Fee,188.28,Card,Successful,N/A,Gauteng
T000003030,A0003060,2024-11-26,17:06:26,Transfer,414.35,Card,Successful,N/A,Western Cape
T000003031,A0000070,2026-05-28,08:35:27,Card Purchase,1014.47,POS,Successful,Retail,Western Cape
T000003032,A0002829,2026-07-09,08:08:07,Deposit,1253.35,Card,Successful,N/A,KwaZulu-Natal
T000003033,A0001552,2026-07-27,08:52:17,Card Purchase,1123.87,Mobile App,Successful,Groceries,Eastern Cape
T000003034,A0001729,2025-03-10,08:51:00,Card Purchase,2332.07,Card,Successful,Other,Gauteng
T000003035,A0000331,2026-01-30,12:23:34,Transfer,340.44,Internet Banking,Successful,N/A,Gauteng
T000003036,A0001332,2026-07-26,06:42:51,Deposit,4520.37,POS,Successful,N/A,Limpopo
T000003037,A0003084,2026-07-31,06:26:43,Card Purchase,2241.24,Mobile App,Successful,Education,Gauteng
T000003038,A0002716,2026-06-04,18:21:18,Payment,431.07,Card,Successful,Healthcare,Limpopo
T000003039,A0001485,2025-12-28,19:08:23,Transfer,617.24,Card,Successful,N/A,Eastern Cape
T000003040,A0000733,2025-05-02,13:02:37,Card Purchase,1271.12,Internet Banking,Successful,Utilities,Western Cape
T000003041,A0001490,2026-06-28,07:04:01,Deposit,3954.32,Mobile App,Successful,N/A,KwaZulu-Natal
T000003042,A0000014,2024-11-21,22:45:30,Card Purchase,1627.94,Internet Banking,Successful,Telecoms,KwaZulu-Natal
T000003043,A0002606,2026-03-14,12:58:51,Withdrawal,2098.08,Mobile App,Successful,N/A,Gauteng
T000003044,A0001598,2025-06-02,22:22:33,Withdrawal,326.67,ATM,Successful,N/A,Eastern Cape
T000003045,A0002322,2025-12-02,12:48:00,Transfer,530.49,Mobile App,Successful,N/A,Mpumalanga
T000003046,A0001457,2026-05-19,16:26:02,Deposit,1711.17,Card,Successful,N/A,Free State
T000003047,A0001799,2026-06-09,09:50:35,Bank Fee,377.83,ATM,Successful,N/A,Western Cape
T000003048,A0000090,2026-07-31,09:08:02,Payment,810.45,POS,Successful,Restaurants,KwaZulu-Natal
T000003049,A0001040,2025-09-05,10:00:55,Transfer,290.95,ATM,Successful,N/A,Gauteng
T000003050,A0000278,2025-01-31,21:12:20,Transfer,1068.23,Card,Successful,N/A,Gauteng
T000003051,A0000779,2026-06-07,10:46:15,Debit Order,926.98,Card,Successful,N/A,Gauteng
T000003052,A0000424,2025-01-15,16:45:01,Card Purchase,1023.66,ATM,Successful,Telecoms,Gauteng
T000003053,A0000509,2026-07-06,07:58:32,Transfer,797.23,ATM,Successful,N/A,North West
T000003054,A0000729,2026-01-10,13:27:41,Transfer,2055.02,Card,Successful,N/A,Gauteng
T000003055,A0003099,2024-06-05,17:02:38,Transfer,290.53,Card,Successful,N/A,Free State
T000003056,A0002076,2026-02-20,22:23:57,Payment,959.82,Internet Banking,Successful,Travel,KwaZulu-Natal
T000003057,A0000712,2026-05-05,19:43:08,Interest,1430.59,ATM,Successful,N/A,North West
T000003058,A0002401,2025-11-24,08:24:41,Debit Order,2677.09,ATM,Successful,N/A,Free State
T000003059,A0001958,2025-05-30,20:37:22,Deposit,4188.06,Card,Successful,N/A,Gauteng
T000003060,A0003119,2023-11-22,08:06:07,Card Purchase,1990.53,Branch,Successful,Travel,Eastern Cape
T000003061,A0002100,2026-04-24,21:40:39,Interest,190.05,Mobile App,Successful,N/A,Western Cape
T000003062,A0002742,2026-06-20,09:38:53,Card Purchase,699.43,Mobile App,Successful,Entertainment,KwaZulu-Natal
T000003063,A0003091,2025-11-08,06:51:48,Deposit,3429.85,ATM,Successful,N/A,Western Cape
T000003064,A0000239,2024-06-08,18:15:58,Card Purchase,1595.82,Card,Successful,Utilities,Gauteng
T000003065,A0000076,2026-06-08,18:01:28,Withdrawal,266.03,Branch,Successful,N/A,Mpumalanga
T000003066,A0003030,2026-02-24,15:11:23,Payment,1921.66,Card,Successful,Utilities,Western Cape
T000003067,A0001481,2025-10-31,14:58:08,Transfer,1278.18,ATM,Successful,N/A,KwaZulu-Natal
T000003068,A0001139,2026-04-29,20:20:02,Deposit,713.62,POS,Successful,N/A,Western Cape
T000003069,A0000670,2026-07-06,18:20:32,Deposit,5850.94,Mobile App,Successful,N/A,Gauteng
T000003070,A0000026,2026-07-30,15:28:13,Payment,303.09,Card,Successful,Healthcare,Gauteng
T000003071,A0000506,2026-07-10,20:49:09,Transfer,816.6,Card,Successful,N/A,Western Cape
T000003072,A0001324,2026-03-18,11:14:43,Bank Fee,590.99,ATM,Successful,N/A,Gauteng
T000003073,A0001547,2026-03-30,10:16:40,Card Purchase,366.98,Branch,Successful,Healthcare,Gauteng
T000003074,A0000438,2025-11-02,18:55:02,Debit Order,303.66,ATM,Reversed,N/A,Western Cape
T000003075,A0001297,2024-08-26,15:33:16,Debit Order,2679.0,Internet Banking,Successful,N/A,Mpumalanga
T000003076,A0000355,2026-03-02,12:46:32,Transfer,624.19,POS,Successful,N/A,Western Cape
T000003077,A0003146,2025-10-22,16:37:49,Card Purchase,746.28,ATM,Successful,Retail,Gauteng
T000003078,A0002913,2025-02-09,08:02:18,Card Purchase,336.72,Mobile App,Successful,Groceries,KwaZulu-Natal
T000003079,A0002205,2026-07-09,16:55:36,Transfer,1836.14,Internet Banking,Successful,N/A,Gauteng
T000003080,A0001172,2024-07-05,06:22:21,Card Purchase,633.88,Mobile App,Successful,Restaurants,Gauteng
T000003081,A0002307,2026-07-11,10:06:11,Card Purchase,584.82,Branch,Successful,Education,Gauteng
T000003082,A0000210,2025-10-11,15:25:35,Interest,298.62,Mobile App,Successful,N/A,Gauteng
T000003083,A0001591,2024-12-01,12:36:56,Debit Order,390.13,POS,Successful,N/A,KwaZulu-Natal
T000003084,A0001868,2024-12-24,14:56:51,Card Purchase,64.19,Mobile App,Successful,Entertainment,Eastern Cape
T000003085,A0001867,2026-07-05,16:35:20,Card Purchase,1558.66,Card,Successful,Groceries,Gauteng
T000003086,A0000767,2025-09-08,07:19:28,Bank Fee,1916.48,Mobile App,Successful,N/A,Western Cape
T000003087,A0000232,2025-09-07,08:29:27,Transfer,2192.12,Branch,Successful,N/A,Western Cape
T000003088,A0002501,2026-07-17,22:48:44,Card Purchase,5337.91,Card,Successful,Restaurants,Western Cape
T000003089,A0002222,2025-11-15,21:58:16,Payment,2000.09,Branch,Successful,Fuel,Western Cape
T000003090,A0001667,2026-05-15,13:08:01,Debit Order,2376.36,Card,Successful,N/A,Mpumalanga
T000003091,A0000768,2026-03-22,06:27:23,Debit Order,359.1,Mobile App,Successful,N/A,KwaZulu-Natal
T000003092,A0002538,2026-06-23,21:35:36,Withdrawal,1160.53,Card,Successful,N/A,Gauteng
T000003093,A0002147,2026-07-26,08:47:56,Payment,289.43,ATM,Successful,Healthcare,Gauteng
T000003094,A0001285,2025-12-24,17:24:25,Card Purchase,361.34,Mobile App,Successful,Healthcare,Free State
T000003095,A0002499,2026-06-07,11:59:03,Card Purchase,619.54,POS,Successful,Retail,Gauteng
T000003096,A0000517,2025-10-04,22:52:57,Card Purchase,284.3,Card,Successful,Travel,Gauteng
T000003097,A0002579,2026-06-29,10:01:16,Deposit,2900.83,Mobile App,Failed,N/A,Gauteng
T000003098,A0001495,2026-07-31,06:25:54,Debit Order,1701.88,Card,Successful,N/A,Gauteng
T000003099,A0001987,2026-04-29,19:39:00,Card Purchase,1110.83,Mobile App,Successful,Healthcare,Gauteng
T000003100,A0001543,2024-10-12,21:50:11,Payment,257.59,Branch,Successful,Fuel,Gauteng
T000003101,A0003187,2026-03-25,11:52:12,Card Purchase,153.31,Mobile App,Successful,Other,KwaZulu-Natal
T000003102,A0002785,2026-07-30,06:40:00,Card Purchase,901.39,Card,Failed,Restaurants,Free State
T000003103,A0002531,2025-11-04,20:16:24,Transfer,430.35,POS,Successful,N/A,Western Cape
T000003104,A0002860,2026-02-21,17:27:00,Bank Fee,3434.54,Card,Successful,N/A,Gauteng
T000003105,A0002340,2026-07-28,11:20:39,Payment,1038.65,Mobile App,Successful,Entertainment,Gauteng
T000003106,A0002152,2026-07-08,18:13:09,Transfer,1019.86,Internet Banking,Successful,N/A,KwaZulu-Natal
T000003107,A0001024,2026-05-17,10:09:04,Debit Order,440.12,Mobile App,Successful,N/A,Western Cape
T000003108,A0002425,2026-02-18,08:50:13,Card Purchase,406.67,Mobile App,Successful,Groceries,Eastern Cape
T000003109,A0001805,2025-05-03,22:44:36,Deposit,5768.19,ATM,Successful,N/A,Gauteng
T000003110,A0000753,2026-07-19,14:57:56,Card Purchase,2737.85,ATM,Successful,Groceries,Western Cape
T000003111,A0003017,2025-02-26,12:38:48,Transfer,787.88,Card,Successful,N/A,Western Cape
T000003112,A0000716,2026-05-28,20:23:46,Bank Fee,41.94,Mobile App,Successful,N/A,KwaZulu-Natal
T000003113,A0002058,2025-08-31,12:11:47,Transfer,1795.44,Branch,Successful,N/A,KwaZulu-Natal
T000003114,A0000017,2026-01-31,06:43:29,Transfer,1729.24,Mobile App,Successful,N/A,Northern Cape
T000003115,A0002544,2026-05-19,13:27:04,Card Purchase,1918.15,ATM,Successful,Groceries,Gauteng
T000003116,A0000668,2025-08-29,10:26:41,Bank Fee,2208.22,Mobile App,Successful,N/A,North West
T000003117,A0000980,2025-02-15,21:40:35,Debit Order,2748.03,Internet Banking,Successful,N/A,KwaZulu-Natal
T000003118,A0002677,2025-03-01,18:45:50,Transfer,224.1,Branch,Successful,N/A,Free State
T000003119,A0002762,2026-04-01,10:11:51,Payment,220.9,ATM,Successful,Other,Gauteng
T000003120,A0001654,2025-01-17,17:58:46,Transfer,514.01,Mobile App,Successful,N/A,Eastern Cape
T000003121,A0001427,2026-06-12,22:27:08,Card Purchase,756.77,POS,Successful,Travel,Free State
T000003122,A0001634,2024-11-05,19:46:01,Deposit,2639.36,ATM,Successful,N/A,KwaZulu-Natal
T000003123,A0001657,2025-12-11,11:32:21,Deposit,3941.2,Card,Successful,N/A,Western Cape
T000003124,A0003150,2026-07-30,17:42:06,Card Purchase,333.81,ATM,Successful,Telecoms,Gauteng
T000003125,A0002899,2025-09-13,18:22:53,Withdrawal,170.14,POS,Successful,N/A,Limpopo
T000003126,A0000274,2026-07-12,17:05:31,Debit Order,70.5,POS,Successful,N/A,KwaZulu-Natal
T000003127,A0002532,2024-01-28,17:53:52,Card Purchase,2431.4,Branch,Successful,Groceries,Gauteng
T000003128,A0002367,2025-07-05,10:00:30,Deposit,688.33,Mobile App,Successful,N/A,Free State
T000003129,A0000261,2026-05-03,10:52:19,Card Purchase,2513.47,Mobile App,Successful,Education,KwaZulu-Natal
T000003130,A0003133,2025-12-09,11:41:07,Card Purchase,1532.78,POS,Successful,Education,KwaZulu-Natal
T000003131,A0000849,2026-04-23,06:17:43,Debit Order,505.28,Mobile App,Successful,N/A,Eastern Cape
T000003132,A0001515,2024-11-05,21:45:31,Card Purchase,12.29,Mobile App,Successful,Travel,Gauteng
T000003133,A0000082,2026-06-01,14:01:42,Debit Order,345.46,Mobile App,Successful,N/A,KwaZulu-Natal
T000003134,A0001728,2026-01-08,08:39:50,Card Purchase,314.15,Mobile App,Successful,Utilities,KwaZulu-Natal
T000003135,A0001773,2024-03-04,08:33:28,Transfer,2477.57,Internet Banking,Successful,N/A,Western Cape
T000003136,A0002268,2026-02-27,12:47:50,Transfer,1796.6,Mobile App,Successful,N/A,Western Cape
T000003137,A0000715,2026-07-10,17:13:05,Withdrawal,592.56,POS,Successful,N/A,Western Cape
T000003138,A0001670,2025-04-03,12:00:29,Card Purchase,681.18,Card,Successful,Utilities,KwaZulu-Natal
T000003139,A0001220,2024-12-25,14:03:45,Withdrawal,213.64,Mobile App,Successful,N/A,Western Cape
T000003140,A0002210,2025-08-17,13:51:30,Interest,178.34,ATM,Successful,N/A,Gauteng
T000003141,A0001895,2026-04-23,14:32:30,Debit Order,574.53,Mobile App,Successful,N/A,Free State
T000003142,A0001279,2026-06-28,21:46:49,Card Purchase,458.45,Internet Banking,Successful,Fuel,KwaZulu-Natal
T000003143,A0002859,2026-07-31,20:41:09,Debit Order,489.82,POS,Successful,N/A,Gauteng
T000003144,A0002947,2026-06-02,09:59:53,Interest,261.46,Internet Banking,Successful,N/A,North West
T000003145,A0001123,2026-07-25,09:42:07,Interest,249.53,Internet Banking,Successful,N/A,KwaZulu-Natal
T000003146,A0002331,2026-05-10,07:02:51,Payment,753.15,Mobile App,Successful,Restaurants,Mpumalanga
T000003147,A0002762,2026-06-29,17:20:23,Card Purchase,441.69,POS,Successful,Groceries,Gauteng
T000003148,A0001326,2026-03-12,06:04:11,Deposit,2573.28,Mobile App,Successful,N/A,Northern Cape
T000003149,A0001303,2025-09-10,21:07:31,Withdrawal,3179.98,Mobile App,Successful,N/A,Gauteng
T000003150,A0000067,2026-03-11,16:21:18,Transfer,1283.91,Internet Banking,Successful,N/A,KwaZulu-Natal
T000003151,A0002444,2025-11-08,14:15:17,Withdrawal,533.87,ATM,Successful,N/A,KwaZulu-Natal
T000003152,A0001644,2024-06-15,14:33:00,Transfer,409.29,Internet Banking,Successful,N/A,Western Cape
T000003153,A0001862,2025-02-06,16:00:29,Debit Order,425.15,POS,Successful,N/A,Gauteng
T000003154,A0001249,2026-07-08,11:15:33,Transfer,784.18,Branch,Successful,N/A,Limpopo
T000003155,A0001694,2026-06-20,10:39:56,Deposit,2729.75,Card,Successful,N/A,Gauteng
T000003156,A0002438,2025-11-21,10:16:01,Card Purchase,77.41,Mobile App,Successful,Fuel,Gauteng
T000003157,A0001823,2026-06-26,15:59:11,Deposit,3111.88,Card,Successful,N/A,Eastern Cape
T000003158,A0001307,2025-09-14,14:19:08,Card Purchase,74.22,Card,Successful,Telecoms,Free State
T000003159,A0001359,2025-10-03,08:37:55,Transfer,480.86,Card,Successful,N/A,Gauteng
T000003160,A0002670,2025-12-04,07:11:22,Card Purchase,998.51,Mobile App,Successful,Telecoms,Western Cape
T000003161,A0000855,2026-07-18,20:24:30,Card Purchase,991.77,Card,Successful,Healthcare,Mpumalanga
T000003162,A0000074,2026-05-23,10:44:32,Transfer,486.94,Card,Successful,N/A,Gauteng
T000003163,A0002545,2026-02-15,18:37:15,Transfer,1141.55,Mobile App,Successful,N/A,Gauteng
T000003164,A0000218,2025-06-28,10:35:21,Transfer,348.32,POS,Successful,N/A,Western Cape
T000003165,A0002321,2025-05-22,22:28:33,Withdrawal,1019.72,Mobile App,Successful,N/A,Free State
T000003166,A0002087,2025-05-16,06:39:30,Deposit,14121.25,Card,Successful,N/A,Western Cape
T000003167,A0001487,2026-07-02,12:28:55,Transfer,553.87,ATM,Successful,N/A,Western Cape
T000003168,A0002450,2026-02-20,10:28:30,Deposit,1994.76,Mobile App,Successful,N/A,Eastern Cape
T000003169,A0002015,2026-01-18,20:04:49,Card Purchase,642.22,Mobile App,Successful,Education,Gauteng
T000003170,A0002104,2025-10-09,20:13:52,Transfer,386.77,ATM,Successful,N/A,KwaZulu-Natal
T000003171,A0001330,2026-07-15,19:28:43,Deposit,4313.39,POS,Successful,N/A,Gauteng
T000003172,A0002976,2025-02-23,17:09:10,Card Purchase,521.38,Mobile App,Successful,Healthcare,Eastern Cape
T000003173,A0000564,2026-07-10,10:07:07,Interest,3000.0,ATM,Successful,N/A,Western Cape
T000003174,A0001512,2026-04-05,19:15:13,Transfer,821.46,Mobile App,Successful,N/A,Gauteng
T000003175,A0003106,2026-07-27,11:37:57,Card Purchase,14800.0,Mobile App,Successful,Telecoms,Western Cape
T000003176,A0000909,2026-06-24,06:47:34,Card Purchase,63.9,Card,Failed,Retail,Gauteng
T000003177,A0002752,2025-02-20,12:27:40,Card Purchase,1569.87,ATM,Successful,Utilities,Gauteng
T000003178,A0000047,2026-06-08,15:37:53,Withdrawal,445.43,Branch,Successful,N/A,Gauteng
T000003179,A0003190,2026-04-14,14:18:40,Card Purchase,1038.68,Internet Banking,Successful,Entertainment,Gauteng
T000003180,A0002481,2024-08-21,10:40:55,Bank Fee,1283.33,ATM,Successful,N/A,Mpumalanga
T000003181,A0000059,2026-06-16,12:50:09,Transfer,666.14,ATM,Successful,N/A,Gauteng
T000003182,A0002195,2026-07-24,11:21:43,Transfer,275.78,Card,Successful,N/A,KwaZulu-Natal
T000003183,A0002756,2026-06-26,12:58:29,Transfer,3006.19,Mobile App,Successful,N/A,Gauteng
T000003184,A0002730,2026-01-20,09:58:00,Transfer,2323.89,POS,Successful,N/A,Gauteng
T000003185,A0000070,2025-12-30,08:34:25,Card Purchase,630.28,POS,Successful,Restaurants,Western Cape
T000003186,A0001866,2026-06-23,13:39:19,Deposit,2123.94,ATM,Successful,N/A,Western Cape
T000003187,A0002222,2026-07-25,21:37:00,Transfer,3291.01,Internet Banking,Successful,N/A,Western Cape
T000003188,A0002991,2026-06-19,20:08:08,Card Purchase,325.14,Mobile App,Successful,Telecoms,Western Cape
T000003189,A0002486,2026-07-31,10:23:43,Withdrawal,109.12,Card,Successful,N/A,Western Cape
T000003190,A0002569,2024-08-03,08:52:19,Card Purchase,113.13,ATM,Successful,Entertainment,Gauteng
T000003191,A0001251,2025-01-07,07:34:18,Card Purchase,464.95,Mobile App,Successful,Groceries,Gauteng
T000003192,A0001824,2024-09-03,09:05:14,Transfer,2392.85,Mobile App,Successful,N/A,KwaZulu-Natal
T000003193,A0000453,2026-06-15,17:30:38,Card Purchase,1028.4,Mobile App,Successful,Telecoms,Western Cape
T000003194,A0000999,2026-03-15,19:11:31,Payment,954.1,POS,Successful,Retail,Eastern Cape
T000003195,A0001155,2026-07-27,09:19:57,Card Purchase,2483.13,Card,Successful,Utilities,Mpumalanga
T000003196,A0000501,2026-07-23,12:58:45,Transfer,885.93,Card,Successful,N/A,Western Cape
T000003197,A0002535,2024-10-18,06:01:28,Deposit,2381.18,POS,Successful,N/A,Limpopo
T000003198,A0000972,2026-05-29,09:28:09,Card Purchase,1237.03,POS,Successful,Healthcare,Gauteng
T000003199,A0001560,2026-03-17,17:33:14,Payment,470.26,Internet Banking,Failed,Telecoms,North West
T000003200,A0000793,2025-09-13,08:31:47,Card Purchase,835.96,ATM,Successful,Healthcare,North West
T000003201,A0002884,2026-05-30,06:40:10,Deposit,2916.09,Mobile App,Successful,N/A,Western Cape
T000003202,A0003010,2026-06-25,11:19:48,Transfer,1412.32,POS,Successful,N/A,KwaZulu-Natal
T000003203,A0003067,2026-07-31,18:00:25,Payment,180.94,POS,Successful,Healthcare,Gauteng
T000003204,A0001057,2026-02-20,14:03:31,Card Purchase,1092.71,POS,Successful,Education,Gauteng
T000003205,A0002952,2026-02-20,12:29:12,Transfer,124.78,ATM,Successful,N/A,Northern Cape
T000003206,A0001849,2026-05-13,09:40:12,Payment,3214.61,Card,Successful,Travel,Free State
T000003207,A0001027,2025-12-12,09:54:11,Card Purchase,859.04,Card,Successful,Fuel,Gauteng
T000003208,A0000879,2024-09-27,17:04:13,Card Purchase,698.91,POS,Successful,Travel,Limpopo
T000003209,A0000688,2025-09-17,09:12:05,Debit Order,1464.21,Card,Successful,N/A,Mpumalanga
T000003210,A0001689,2025-09-11,14:01:54,Debit Order,1236.84,Card,Successful,N/A,Eastern Cape
T000003211,A0001932,2026-06-05,21:30:11,Payment,1205.86,ATM,Successful,Telecoms,Eastern Cape
T000003212,A0002307,2026-07-30,20:58:44,Card Purchase,996.46,Internet Banking,Successful,Education,Gauteng
T000003213,A0002214,2026-06-14,19:06:36,Transfer,1419.29,Mobile App,Successful,N/A,Western Cape
T000003214,A0001511,2024-12-13,22:54:17,Card Purchase,1037.31,Mobile App,Successful,Healthcare,Gauteng
T000003215,A0000691,2026-07-17,09:30:53,Withdrawal,448.02,Mobile App,Successful,N/A,Free State
T000003216,A0000142,2026-05-21,06:13:16,Deposit,7655.39,POS,Successful,N/A,Northern Cape
T000003217,A0000443,2026-02-06,09:04:05,Card Purchase,658.78,POS,Successful,Education,Gauteng
T000003218,A0000355,2026-01-22,20:04:16,Transfer,717.0,Branch,Successful,N/A,Western Cape
T000003219,A0002740,2026-01-12,06:35:15,Debit Order,494.31,Card,Successful,N/A,KwaZulu-Natal
T000003220,A0001073,2026-07-05,13:17:04,Transfer,590.22,ATM,Successful,N/A,Western Cape
T000003221,A0002191,2025-10-20,21:10:55,Card Purchase,863.41,Card,Successful,Fuel,Western Cape
T000003222,A0002521,2026-07-31,18:11:21,Card Purchase,6803.75,POS,Successful,Other,KwaZulu-Natal
T000003223,A0002900,2026-06-22,07:28:30,Card Purchase,266.88,Internet Banking,Successful,Groceries,Gauteng
T000003224,A0000724,2026-07-11,22:41:38,Card Purchase,494.62,POS,Successful,Utilities,Mpumalanga
T000003225,A0001292,2025-09-07,07:33:30,Deposit,3734.32,Mobile App,Successful,N/A,Western Cape
T000003226,A0000813,2026-01-15,06:45:18,Transfer,1218.75,Card,Successful,N/A,Gauteng
T000003227,A0000422,2026-05-05,06:33:03,Transfer,119.76,Mobile App,Successful,N/A,Gauteng
T000003228,A0000450,2024-08-17,09:43:26,Deposit,6107.07,Card,Successful,N/A,KwaZulu-Natal
T000003229,A0002313,2026-07-13,06:31:31,Withdrawal,258.97,ATM,Successful,N/A,Gauteng
T000003230,A0001355,2026-07-05,20:10:52,Debit Order,1211.21,Mobile App,Successful,N/A,KwaZulu-Natal
T000003231,A0000430,2026-06-26,11:27:53,Card Purchase,783.72,POS,Successful,Telecoms,Gauteng
T000003232,A0003040,2026-07-01,15:13:13,Card Purchase,192.23,POS,Successful,Entertainment,Limpopo
T000003233,A0002920,2026-07-12,10:29:18,Deposit,5333.21,Card,Successful,N/A,Eastern Cape
T000003234,A0002788,2025-10-02,16:08:33,Transfer,935.35,Card,Successful,N/A,Gauteng
T000003235,A0002622,2026-07-30,17:04:04,Withdrawal,240.11,Card,Successful,N/A,Gauteng
T000003236,A0001880,2026-05-19,22:49:52,Payment,1202.94,ATM,Successful,Entertainment,KwaZulu-Natal
T000003237,A0000017,2026-03-21,16:20:45,Card Purchase,124.12,ATM,Successful,Travel,Northern Cape
T000003238,A0002765,2026-05-23,13:00:43,Card Purchase,160.0,Branch,Successful,Telecoms,Western Cape
T000003239,A0002335,2026-07-18,14:11:16,Deposit,1364.03,Internet Banking,Successful,N/A,Mpumalanga
T000003240,A0000692,2026-04-16,17:11:32,Card Purchase,1641.26,Card,Successful,Restaurants,Gauteng
T000003241,A0000881,2026-07-10,16:56:20,Payment,936.18,Mobile App,Successful,Healthcare,North West
T000003242,A0002610,2025-05-11,20:01:46,Card Purchase,615.64,POS,Successful,Education,Western Cape
T000003243,A0000853,2026-07-31,12:06:31,Transfer,8657.8,ATM,Successful,N/A,Gauteng
T000003244,A0002268,2026-07-23,19:35:50,Deposit,868.36,POS,Successful,N/A,Western Cape
T000003245,A0002263,2024-07-12,08:04:18,Withdrawal,669.28,ATM,Successful,N/A,Limpopo
T000003246,A0002689,2025-02-25,07:59:31,Deposit,2578.8,Card,Successful,N/A,Gauteng
T000003247,A0000486,2025-11-16,11:07:43,Debit Order,1417.11,Mobile App,Successful,N/A,Gauteng
T000003248,A0000227,2026-07-18,15:13:20,Withdrawal,312.12,ATM,Successful,N/A,Eastern Cape
T000003249,A0000124,2026-07-15,17:18:01,Transfer,1282.4,Internet Banking,Successful,N/A,Western Cape
T000003250,A0002213,2025-11-12,14:40:47,Card Purchase,359.24,Branch,Successful,Restaurants,North West
T000003251,A0001763,2024-01-28,19:50:52,Debit Order,1221.31,POS,Successful,N/A,Western Cape
T000003252,A0000582,2026-01-28,13:48:03,Card Purchase,93.89,POS,Successful,Retail,Eastern Cape
T000003253,A0002015,2026-04-28,19:32:58,Withdrawal,611.36,Card,Successful,N/A,Gauteng
T000003254,A0000889,2026-03-26,08:17:08,Withdrawal,980.47,ATM,Successful,N/A,Gauteng
T000003255,A0001737,2026-07-07,07:45:03,Deposit,20392.11,ATM,Successful,N/A,Gauteng
T000003256,A0000594,2024-12-25,08:48:54,Transfer,1629.28,Internet Banking,Successful,N/A,Western Cape
T000003257,A0001421,2026-03-12,09:57:14,Deposit,1176.94,Mobile App,Successful,N/A,KwaZulu-Natal
T000003258,A0000653,2026-05-22,13:10:25,Card Purchase,14992.43,Mobile App,Successful,Other,Western Cape
T000003259,A0003114,2026-07-20,14:04:56,Card Purchase,296.29,Card,Successful,Restaurants,Limpopo
T000003260,A0002175,2026-06-10,14:43:19,Card Purchase,68.1,POS,Successful,Healthcare,Mpumalanga
T000003261,A0002090,2026-05-18,21:31:00,Payment,1605.27,POS,Successful,Healthcare,Western Cape
T000003262,A0003197,2025-07-05,18:04:17,Card Purchase,342.12,POS,Successful,Telecoms,Limpopo
T000003263,A0000980,2025-01-13,10:56:51,Deposit,2302.33,Mobile App,Successful,N/A,KwaZulu-Natal
T000003264,A0000135,2024-12-01,10:03:38,Payment,3167.23,POS,Successful,Retail,Free State
T000003265,A0000332,2026-05-27,21:20:33,Withdrawal,738.47,Card,Successful,N/A,Gauteng
T000003266,A0001691,2026-05-27,18:28:05,Card Purchase,858.76,Card,Successful,Fuel,Gauteng
T000003267,A0002911,2025-11-06,22:14:01,Deposit,9842.32,POS,Successful,N/A,North West
T000003268,A0000613,2026-05-05,12:53:35,Transfer,684.01,Internet Banking,Successful,N/A,Gauteng
T000003269,A0001645,2026-07-14,13:13:16,Card Purchase,393.93,Card,Successful,Telecoms,KwaZulu-Natal
T000003270,A0002493,2026-03-07,19:21:18,Card Purchase,643.24,Mobile App,Successful,Fuel,Gauteng
T000003271,A0001049,2026-06-22,09:06:12,Payment,153.72,POS,Successful,Education,Western Cape
T000003272,A0000178,2025-10-20,10:29:05,Card Purchase,882.68,Internet Banking,Successful,Restaurants,Free State
T000003273,A0002142,2025-08-20,15:26:21,Deposit,1050.07,POS,Successful,N/A,KwaZulu-Natal
T000003274,A0000217,2026-07-16,08:11:08,Interest,441.4,Branch,Successful,N/A,KwaZulu-Natal
T000003275,A0001438,2026-03-07,16:39:18,Card Purchase,1785.24,Branch,Successful,Education,Western Cape
T000003276,A0000659,2026-02-10,10:56:37,Debit Order,288.63,Mobile App,Successful,N/A,Northern Cape
T000003277,A0000178,2026-03-17,19:14:33,Debit Order,448.67,Mobile App,Successful,N/A,Free State
T000003278,A0000845,2026-05-19,07:24:31,Card Purchase,1030.35,Card,Successful,Telecoms,Gauteng
T000003279,A0000647,2025-01-13,17:02:26,Debit Order,347.63,Card,Successful,N/A,Mpumalanga
T000003280,A0001473,2026-06-20,06:20:19,Debit Order,363.24,Card,Successful,N/A,Eastern Cape
T000003281,A0000556,2026-02-13,16:15:40,Payment,2031.71,Mobile App,Successful,Groceries,KwaZulu-Natal
T000003282,A0001524,2026-05-20,17:29:22,Transfer,260.38,Internet Banking,Successful,N/A,Western Cape
T000003283,A0001271,2025-10-16,22:12:33,Card Purchase,195.63,POS,Successful,Restaurants,Gauteng
T000003284,A0000522,2026-07-03,15:34:34,Card Purchase,342.32,Mobile App,Successful,Other,Gauteng
T000003285,A0002686,2025-12-10,17:32:37,Card Purchase,512.12,Mobile App,Successful,Fuel,Western Cape
T000003286,A0002028,2026-04-11,11:35:21,Deposit,1271.56,Internet Banking,Successful,N/A,Western Cape
T000003287,A0002012,2026-05-27,12:12:06,Deposit,11109.25,Mobile App,Successful,N/A,Western Cape
T000003288,A0002297,2026-03-21,16:02:38,Debit Order,528.68,ATM,Successful,N/A,Gauteng
T000003289,A0001268,2024-11-27,07:43:20,Deposit,46302.19,POS,Successful,N/A,Western Cape
T000003290,A0001894,2025-12-12,22:36:06,Transfer,215.12,Card,Successful,N/A,Western Cape
T000003291,A0002221,2025-08-11,19:50:45,Debit Order,622.44,Branch,Successful,N/A,Gauteng
T000003292,A0000716,2026-01-23,19:28:28,Card Purchase,150.24,Mobile App,Successful,Retail,KwaZulu-Natal
T000003293,A0002197,2023-10-20,22:04:32,Debit Order,877.86,Internet Banking,Successful,N/A,Gauteng
T000003294,A0000173,2026-05-15,15:14:23,Transfer,455.92,Branch,Successful,N/A,Gauteng
T000003295,A0001976,2026-07-16,10:06:26,Card Purchase,1026.41,POS,Successful,Fuel,Western Cape
T000003296,A0002080,2026-04-05,10:33:52,Card Purchase,2234.1,Card,Successful,Entertainment,Limpopo
T000003297,A0002173,2025-12-08,20:41:29,Card Purchase,1632.27,ATM,Successful,Healthcare,Gauteng
T000003298,A0000116,2025-10-17,09:37:44,Payment,260.03,Mobile App,Successful,Utilities,KwaZulu-Natal
T000003299,A0001529,2026-07-12,08:49:38,Withdrawal,725.93,POS,Successful,N/A,Gauteng
T000003300,A0002496,2025-09-05,22:39:57,Debit Order,474.2,ATM,Successful,N/A,KwaZulu-Natal
T000003301,A0001522,2025-10-13,19:09:35,Card Purchase,622.51,Internet Banking,Successful,Education,KwaZulu-Natal
T000003302,A0002150,2025-09-10,22:13:42,Payment,589.64,Branch,Successful,Travel,Gauteng
T000003303,A0001480,2026-07-02,20:20:18,Deposit,6944.9,Mobile App,Successful,N/A,Eastern Cape
T000003304,A0000225,2026-03-13,12:33:31,Bank Fee,2903.97,Internet Banking,Successful,N/A,Gauteng
T000003305,A0002834,2026-07-28,14:04:29,Withdrawal,1023.08,Card,Successful,N/A,Limpopo
T000003306,A0002600,2026-07-25,07:58:11,Card Purchase,5403.7,Card,Successful,Restaurants,Gauteng
T000003307,A0002115,2026-02-16,18:38:52,Card Purchase,189.58,POS,Successful,Education,Mpumalanga
T000003308,A0001320,2025-08-16,14:44:56,Transfer,652.45,Mobile App,Successful,N/A,Mpumalanga
T000003309,A0002604,2026-07-19,20:32:07,Transfer,463.76,Card,Successful,N/A,Gauteng
T000003310,A0002753,2026-07-29,14:33:25,Card Purchase,207.67,ATM,Successful,Healthcare,Limpopo
T000003311,A0000514,2025-09-14,07:17:32,Transfer,1791.71,Branch,Successful,N/A,Mpumalanga
T000003312,A0000131,2026-03-18,17:32:47,Transfer,612.31,Mobile App,Successful,N/A,Gauteng
T000003313,A0003110,2024-12-16,07:09:04,Card Purchase,513.66,Mobile App,Successful,Travel,KwaZulu-Natal
T000003314,A0001925,2026-05-29,10:17:59,Payment,207.46,Card,Successful,Restaurants,KwaZulu-Natal
T000003315,A0000246,2025-07-21,08:54:35,Card Purchase,667.68,ATM,Successful,Retail,Mpumalanga
T000003316,A0000319,2024-01-03,09:21:29,Card Purchase,697.57,Internet Banking,Successful,Other,Free State
T000003317,A0001509,2026-03-14,12:04:11,Card Purchase,1653.04,Card,Successful,Other,Mpumalanga
T000003318,A0001292,2026-01-05,13:48:42,Deposit,1601.88,ATM,Successful,N/A,Western Cape
T000003319,A0002226,2025-11-20,21:12:58,Payment,1188.37,Mobile App,Successful,Education,North West
T000003320,A0002617,2026-07-06,12:20:27,Card Purchase,2503.16,POS,Successful,Education,Eastern Cape
T000003321,A0001314,2026-07-28,08:10:25,Card Purchase,401.31,POS,Successful,Education,Gauteng
T000003322,A0000216,2023-11-08,22:25:21,Transfer,791.61,Mobile App,Successful,N/A,Gauteng
T000003323,A0000181,2026-05-18,11:11:49,Card Purchase,602.98,POS,Successful,Fuel,Gauteng
T000003324,A0002393,2026-05-29,07:49:25,Card Purchase,90.41,ATM,Failed,Travel,Free State
T000003325,A0002818,2025-06-19,11:52:37,Card Purchase,1253.31,Internet Banking,Successful,Entertainment,KwaZulu-Natal
T000003326,A0001043,2026-07-17,11:03:33,Withdrawal,2499.52,Branch,Successful,N/A,Gauteng
T000003327,A0000833,2026-04-01,14:56:28,Bank Fee,1641.51,POS,Successful,N/A,Gauteng
T000003328,A0000709,2023-08-27,10:46:00,Debit Order,97.4,Branch,Successful,N/A,Gauteng
T000003329,A0002860,2026-04-19,15:51:32,Card Purchase,457.14,Card,Successful,Fuel,Gauteng
T000003330,A0000947,2026-01-02,22:19:00,Withdrawal,4507.2,ATM,Successful,N/A,Free State
T000003331,A0000280,2025-10-19,06:31:12,Card Purchase,647.98,POS,Successful,Travel,Gauteng
T000003332,A0001527,2025-08-19,07:50:54,Card Purchase,253.77,Mobile App,Successful,Utilities,Gauteng
T000003333,A0002498,2026-06-26,07:47:35,Deposit,8605.7,POS,Successful,N/A,KwaZulu-Natal
T000003334,A0001020,2026-07-19,12:37:28,Card Purchase,886.59,ATM,Successful,Utilities,KwaZulu-Natal
T000003335,A0002123,2026-07-04,12:46:25,Transfer,3227.38,Branch,Successful,N/A,Gauteng
T000003336,A0002520,2026-07-04,21:04:25,Card Purchase,125.17,POS,Successful,Groceries,Western Cape
T000003337,A0001389,2026-01-25,20:35:41,Debit Order,1114.55,Card,Successful,N/A,Western Cape
T000003338,A0001204,2026-04-26,10:49:48,Bank Fee,1161.45,Internet Banking,Successful,N/A,North West
T000003339,A0001223,2026-07-20,13:36:17,Card Purchase,852.76,Internet Banking,Successful,Telecoms,Western Cape
T000003340,A0001329,2026-06-21,18:48:23,Card Purchase,681.98,Card,Successful,Groceries,KwaZulu-Natal
T000003341,A0000626,2026-05-16,11:02:01,Deposit,6098.29,ATM,Successful,N/A,Gauteng
T000003342,A0000285,2025-11-03,17:33:59,Card Purchase,581.17,POS,Successful,Telecoms,North West
T000003343,A0002181,2024-07-30,10:36:18,Card Purchase,129.52,ATM,Successful,Telecoms,Gauteng
T000003344,A0002743,2026-05-15,19:00:46,Card Purchase,2133.44,ATM,Successful,Travel,Western Cape
T000003345,A0001336,2026-07-10,17:48:29,Transfer,1134.9,Mobile App,Successful,N/A,North West
T000003346,A0000923,2025-10-08,10:40:36,Transfer,396.82,Card,Successful,N/A,Gauteng
T000003347,A0002617,2026-05-16,09:29:30,Transfer,5480.37,POS,Successful,N/A,Eastern Cape
T000003348,A0001357,2026-07-17,16:36:48,Card Purchase,1624.85,POS,Successful,Utilities,KwaZulu-Natal
T000003349,A0000385,2026-04-03,12:18:48,Debit Order,373.57,Mobile App,Successful,N/A,Eastern Cape
T000003350,A0001750,2026-04-28,18:44:45,Transfer,473.83,Mobile App,Successful,N/A,Western Cape
T000003351,A0000522,2026-07-26,20:46:12,Payment,339.99,Card,Successful,Groceries,Gauteng
T000003352,A0000739,2026-07-30,10:41:36,Transfer,503.2,Mobile App,Successful,N/A,Gauteng
T000003353,A0001101,2024-07-29,08:00:49,Withdrawal,587.14,Mobile App,Successful,N/A,Free State
T000003354,A0002177,2026-03-27,22:49:13,Interest,429.06,Card,Successful,N/A,Gauteng
T000003355,A0002745,2024-11-28,14:37:49,Withdrawal,794.94,POS,Successful,N/A,Limpopo
T000003356,A0000120,2026-01-18,10:14:58,Card Purchase,2955.68,ATM,Successful,Utilities,Free State
T000003357,A0000977,2026-06-05,12:09:26,Payment,226.19,POS,Successful,Education,Gauteng
T000003358,A0001188,2026-04-02,12:34:13,Card Purchase,331.79,POS,Successful,Healthcare,Gauteng
T000003359,A0001358,2024-10-27,19:51:03,Deposit,640.26,Mobile App,Reversed,N/A,Western Cape
T000003360,A0002625,2026-02-25,22:49:25,Card Purchase,1520.35,Internet Banking,Successful,Healthcare,Gauteng
T000003361,A0002263,2024-10-25,21:49:29,Card Purchase,488.86,Branch,Successful,Retail,Limpopo
T000003362,A0001322,2026-05-11,12:30:40,Card Purchase,2223.34,Internet Banking,Successful,Travel,Mpumalanga
T000003363,A0001164,2026-07-04,17:36:34,Card Purchase,281.22,Card,Successful,Groceries,Western Cape
T000003364,A0001375,2025-10-11,21:25:54,Payment,936.84,Card,Successful,Utilities,Western Cape
T000003365,A0001201,2026-06-16,06:12:12,Card Purchase,306.98,Mobile App,Successful,Travel,Gauteng
T000003366,A0001094,2026-05-20,08:48:12,Card Purchase,750.12,Card,Successful,Entertainment,Gauteng
T000003367,A0001958,2025-01-15,07:09:33,Card Purchase,873.62,Mobile App,Successful,Entertainment,Gauteng
T000003368,A0002105,2025-11-23,09:23:00,Deposit,6488.49,ATM,Successful,N/A,Eastern Cape
T000003369,A0001784,2025-04-11,22:49:01,Card Purchase,232.98,Card,Successful,Restaurants,Mpumalanga
T000003370,A0001371,2026-07-19,22:51:16,Card Purchase,363.87,Card,Successful,Education,Eastern Cape
T000003371,A0002854,2026-05-26,16:21:19,Card Purchase,319.14,POS,Successful,Other,Gauteng
T000003372,A0001841,2025-09-05,19:57:10,Debit Order,2545.41,Mobile App,Successful,N/A,KwaZulu-Natal
T000003373,A0002207,2026-07-26,21:56:34,Deposit,3198.04,POS,Successful,N/A,Mpumalanga
T000003374,A0001216,2026-06-30,10:49:38,Debit Order,1531.18,POS,Successful,N/A,Eastern Cape
T000003375,A0003158,2026-01-12,08:12:37,Card Purchase,2456.22,Mobile App,Successful,Education,Northern Cape
T000003376,A0002134,2026-04-01,09:11:15,Card Purchase,753.93,Mobile App,Successful,Telecoms,Northern Cape
T000003377,A0000965,2026-04-02,15:32:41,Card Purchase,467.96,Card,Successful,Fuel,KwaZulu-Natal
T000003378,A0000563,2026-07-30,13:57:42,Debit Order,2124.35,POS,Successful,N/A,Gauteng
T000003379,A0002325,2026-05-08,18:22:01,Card Purchase,606.99,Mobile App,Successful,Entertainment,Western Cape
T000003380,A0000806,2026-06-08,06:33:11,Card Purchase,346.07,POS,Successful,Restaurants,Gauteng
T000003381,A0001772,2024-08-11,06:16:36,Card Purchase,539.62,Card,Successful,Healthcare,Western Cape
T000003382,A0003157,2026-06-21,14:52:33,Deposit,5929.04,Branch,Successful,N/A,Gauteng
T000003383,A0001549,2026-02-02,22:44:03,Transfer,442.62,Mobile App,Successful,N/A,Gauteng
T000003384,A0002666,2026-07-08,14:02:21,Payment,321.56,POS,Successful,Fuel,Gauteng
T000003385,A0002844,2026-07-09,17:44:25,Card Purchase,9920.09,Internet Banking,Successful,Fuel,Limpopo
T000003386,A0003123,2026-03-27,14:39:15,Transfer,306.07,Card,Successful,N/A,Western Cape
T000003387,A0002148,2026-04-08,14:52:25,Transfer,1148.0,Card,Successful,N/A,Gauteng
T000003388,A0001548,2026-02-06,19:03:23,Transfer,634.64,Branch,Successful,N/A,Limpopo
T000003389,A0002214,2026-06-21,17:20:54,Card Purchase,472.93,POS,Successful,Telecoms,Western Cape
T000003390,A0001189,2026-07-15,16:32:41,Card Purchase,519.0,Mobile App,Successful,Education,Eastern Cape
T000003391,A0002294,2026-04-24,12:38:18,Debit Order,135.22,POS,Successful,N/A,Limpopo
T000003392,A0001394,2026-04-08,15:15:59,Card Purchase,410.25,Mobile App,Successful,Healthcare,North West
T000003393,A0000208,2025-08-12,15:04:34,Card Purchase,486.55,POS,Successful,Travel,Gauteng
T000003394,A0002490,2026-07-19,10:54:53,Deposit,7247.88,Card,Successful,N/A,KwaZulu-Natal
T000003395,A0002349,2026-05-22,10:22:54,Card Purchase,519.15,ATM,Successful,Healthcare,KwaZulu-Natal
T000003396,A0003104,2026-07-03,13:11:15,Card Purchase,1071.99,POS,Successful,Retail,Gauteng
T000003397,A0003120,2026-05-31,11:59:36,Card Purchase,212.03,POS,Successful,Travel,KwaZulu-Natal
T000003398,A0002900,2026-07-15,08:01:40,Card Purchase,398.97,Card,Successful,Travel,Gauteng
T000003399,A0001404,2026-05-07,11:35:40,Transfer,1426.09,Mobile App,Reversed,N/A,KwaZulu-Natal
T000003400,A0000585,2026-01-25,11:59:22,Card Purchase,3672.89,Mobile App,Successful,Retail,Free State
T000003401,A0000610,2025-12-09,14:54:24,Card Purchase,261.91,POS,Successful,Entertainment,Western Cape
T000003402,A0000869,2026-05-30,20:16:00,Transfer,112.8,Mobile App,Successful,N/A,Gauteng
T000003403,A0002789,2025-06-13,12:57:58,Deposit,2826.92,ATM,Successful,N/A,KwaZulu-Natal
T000003404,A0000003,2026-04-29,18:24:59,Card Purchase,4195.86,ATM,Successful,Other,Eastern Cape
T000003405,A0003082,2026-07-08,13:14:29,Card Purchase,289.45,Mobile App,Successful,Entertainment,KwaZulu-Natal
T000003406,A0002741,2026-01-11,15:29:54,Deposit,4126.25,Internet Banking,Successful,N/A,Gauteng
T000003407,A0001285,2026-01-11,10:26:43,Card Purchase,179.65,ATM,Successful,Utilities,Free State
T000003408,A0000619,2025-10-13,22:55:06,Debit Order,1193.88,Card,Successful,N/A,KwaZulu-Natal
T000003409,A0000674,2026-06-08,11:15:27,Transfer,587.9,Mobile App,Successful,N/A,Gauteng
T000003410,A0001741,2026-07-02,17:05:33,Deposit,3448.48,Mobile App,Successful,N/A,Eastern Cape
T000003411,A0000069,2024-08-12,20:12:36,Card Purchase,183.59,POS,Successful,Utilities,North West
T000003412,A0002285,2026-06-22,11:51:20,Interest,164.36,Card,Successful,N/A,Free State
T000003413,A0003110,2024-11-29,15:45:23,Card Purchase,237.44,Card,Successful,Restaurants,KwaZulu-Natal
T000003414,A0000567,2025-06-10,07:39:23,Card Purchase,706.74,Card,Successful,Retail,Gauteng
T000003415,A0000943,2025-12-30,21:43:28,Withdrawal,1614.15,Branch,Successful,N/A,Mpumalanga
T000003416,A0000437,2026-02-16,21:55:55,Transfer,8715.35,Internet Banking,Successful,N/A,Western Cape
T000003417,A0000250,2026-07-29,14:43:40,Withdrawal,585.58,Internet Banking,Successful,N/A,Gauteng
T000003418,A0002666,2026-05-23,12:09:12,Withdrawal,261.94,Mobile App,Successful,N/A,Gauteng
T000003419,A0003080,2025-06-23,19:43:20,Bank Fee,6200.86,POS,Successful,N/A,Gauteng
T000003420,A0000008,2026-05-21,19:31:01,Withdrawal,106.81,ATM,Successful,N/A,KwaZulu-Natal
T000003421,A0001091,2026-07-12,07:38:36,Debit Order,1669.89,Mobile App,Successful,N/A,Western Cape
T000003422,A0001731,2026-07-14,10:01:26,Withdrawal,940.26,Card,Successful,N/A,Gauteng
T000003423,A0002471,2025-12-28,09:31:00,Withdrawal,682.79,POS,Successful,N/A,KwaZulu-Natal
T000003424,A0000747,2026-06-12,16:21:31,Transfer,1399.84,Mobile App,Successful,N/A,Western Cape
T000003425,A0001488,2026-06-14,18:34:41,Card Purchase,1065.79,ATM,Successful,Healthcare,Gauteng
T000003426,A0000318,2026-05-15,13:36:16,Card Purchase,2952.2,Card,Successful,Fuel,KwaZulu-Natal
T000003427,A0000956,2026-07-19,17:19:16,Payment,2674.49,Card,Successful,Education,KwaZulu-Natal
T000003428,A0001888,2026-07-08,12:13:27,Card Purchase,1933.48,Mobile App,Successful,Education,Gauteng
T000003429,A0002717,2026-05-07,13:31:05,Card Purchase,4489.61,Mobile App,Successful,Education,Western Cape
T000003430,A0000712,2026-06-10,12:56:36,Transfer,1699.33,Internet Banking,Successful,N/A,North West
T000003431,A0002577,2026-05-27,19:42:33,Withdrawal,11035.08,Mobile App,Successful,N/A,KwaZulu-Natal
T000003432,A0000605,2026-04-17,11:49:45,Transfer,572.41,Mobile App,Successful,N/A,Gauteng
T000003433,A0001690,2026-06-24,14:34:59,Debit Order,533.83,ATM,Successful,N/A,Gauteng
T000003434,A0002408,2026-01-17,20:59:19,Card Purchase,431.13,Internet Banking,Successful,Entertainment,Western Cape
T000003435,A0002662,2026-07-06,09:06:09,Deposit,1928.14,POS,Reversed,N/A,Mpumalanga
T000003436,A0001517,2026-07-18,12:51:53,Card Purchase,2067.48,Card,Successful,Groceries,Western Cape
T000003437,A0002848,2025-02-27,22:58:01,Card Purchase,798.16,POS,Successful,Restaurants,Gauteng
T000003438,A0001218,2026-02-11,10:08:58,Transfer,483.02,Mobile App,Successful,N/A,Gauteng
T000003439,A0001160,2026-06-18,15:43:20,Transfer,614.01,Mobile App,Successful,N/A,Eastern Cape
T000003440,A0000327,2026-05-29,21:40:55,Bank Fee,84.05,Mobile App,Successful,N/A,Western Cape
T000003441,A0003037,2023-09-19,14:02:58,Debit Order,663.94,Mobile App,Successful,N/A,North West
T000003442,A0001002,2026-05-30,13:00:44,Debit Order,524.81,Card,Successful,N/A,Western Cape
T000003443,A0001494,2026-03-10,14:24:55,Card Purchase,985.03,POS,Successful,Restaurants,Gauteng
T000003444,A0000309,2026-02-10,18:17:04,Payment,768.63,Mobile App,Successful,Education,Western Cape
T000003445,A0002030,2026-07-17,15:08:52,Debit Order,1123.82,Branch,Successful,N/A,Western Cape
T000003446,A0003102,2026-01-28,11:30:01,Card Purchase,589.78,Mobile App,Successful,Groceries,North West
T000003447,A0001524,2025-01-14,13:55:05,Deposit,4848.79,Card,Successful,N/A,Western Cape
T000003448,A0002459,2026-06-11,12:15:32,Payment,1313.19,Card,Successful,Retail,Gauteng
T000003449,A0001650,2025-11-20,13:39:46,Payment,358.01,Mobile App,Successful,Healthcare,Limpopo
T000003450,A0000894,2025-08-26,14:54:57,Debit Order,436.84,Card,Successful,N/A,North West
T000003451,A0002918,2026-05-26,09:48:16,Card Purchase,696.46,Card,Successful,Utilities,Gauteng
T000003452,A0000780,2026-03-21,16:50:20,Payment,529.83,Card,Successful,Other,Limpopo
T000003453,A0002322,2024-05-21,16:31:55,Bank Fee,1245.68,Mobile App,Successful,N/A,Mpumalanga
T000003454,A0000075,2024-12-25,12:20:27,Transfer,630.58,Internet Banking,Successful,N/A,Gauteng
T000003455,A0000528,2025-10-23,15:00:12,Transfer,1434.96,ATM,Successful,N/A,Western Cape
T000003456,A0001507,2026-07-26,07:02:32,Card Purchase,5508.53,Mobile App,Successful,Travel,Gauteng
T000003457,A0001609,2026-06-26,22:33:55,Payment,2435.14,ATM,Successful,Utilities,KwaZulu-Natal
T000003458,A0000872,2026-07-25,07:26:14,Debit Order,2048.94,ATM,Successful,N/A,Mpumalanga
T000003459,A0000404,2024-11-27,10:45:26,Card Purchase,771.93,Mobile App,Successful,Education,Gauteng
T000003460,A0002982,2026-07-07,10:13:57,Payment,226.08,Mobile App,Successful,Fuel,Gauteng
T000003461,A0000506,2026-02-02,22:26:07,Transfer,259.58,POS,Successful,N/A,Western Cape
T000003462,A0003059,2026-05-09,10:14:00,Deposit,3939.59,POS,Successful,N/A,Free State
T000003463,A0001680,2025-07-20,19:22:26,Payment,1292.34,Mobile App,Successful,Education,KwaZulu-Natal
T000003464,A0001405,2026-05-12,06:58:32,Card Purchase,124.9,POS,Successful,Travel,Eastern Cape
T000003465,A0001493,2025-08-10,13:07:16,Transfer,717.15,ATM,Successful,N/A,Gauteng
T000003466,A0001424,2026-01-09,09:38:11,Transfer,505.23,POS,Successful,N/A,KwaZulu-Natal
T000003467,A0001937,2024-10-29,10:04:50,Interest,179.75,Internet Banking,Successful,N/A,Free State
T000003468,A0000928,2026-01-09,21:49:40,Debit Order,698.54,ATM,Successful,N/A,Gauteng
T000003469,A0001258,2026-05-23,21:13:55,Transfer,1257.52,POS,Successful,N/A,Mpumalanga
T000003470,A0002344,2025-09-18,10:44:45,Card Purchase,531.38,Mobile App,Successful,Retail,Western Cape
T000003471,A0003053,2026-07-23,15:14:48,Transfer,2275.05,Card,Successful,N/A,Western Cape
T000003472,A0000530,2025-04-19,10:14:22,Debit Order,1382.45,Mobile App,Successful,N/A,Gauteng
T000003473,A0001416,2026-01-25,18:40:44,Withdrawal,505.55,Mobile App,Successful,N/A,KwaZulu-Natal
T000003474,A0002218,2026-04-23,07:02:12,Transfer,131.42,Card,Successful,N/A,Limpopo
T000003475,A0001886,2025-05-20,20:45:14,Card Purchase,535.86,POS,Successful,Utilities,Limpopo
T000003476,A0000316,2026-07-29,09:08:44,Debit Order,313.6,Card,Successful,N/A,KwaZulu-Natal
T000003477,A0001696,2026-03-18,21:48:16,Card Purchase,307.99,Card,Successful,Groceries,Gauteng
T000003478,A0000311,2026-07-31,10:12:57,Card Purchase,671.88,Mobile App,Successful,Retail,Western Cape
T000003479,A0001944,2026-02-22,09:18:10,Interest,461.36,Internet Banking,Successful,N/A,Western Cape
T000003480,A0002802,2023-09-13,15:46:09,Transfer,1035.92,Mobile App,Successful,N/A,Gauteng
T000003481,A0001694,2025-03-22,22:34:21,Transfer,369.76,POS,Successful,N/A,Gauteng
T000003482,A0003080,2025-03-19,20:07:01,Card Purchase,275.96,POS,Successful,Retail,Gauteng
T000003483,A0002543,2026-05-22,07:19:21,Transfer,88.57,POS,Successful,N/A,Western Cape
T000003484,A0001602,2026-03-06,08:05:10,Card Purchase,234.45,Internet Banking,Successful,Entertainment,Limpopo
T000003485,A0002064,2026-05-25,07:23:22,Payment,462.23,POS,Successful,Education,KwaZulu-Natal
T000003486,A0002332,2025-08-28,09:26:03,Transfer,711.4,Mobile App,Successful,N/A,Gauteng
T000003487,A0002801,2026-07-30,17:50:20,Transfer,168.16,Mobile App,Successful,N/A,North West
T000003488,A0001370,2025-10-29,13:07:11,Card Purchase,147.54,Mobile App,Successful,Retail,Western Cape
T000003489,A0000583,2026-07-25,12:08:05,Card Purchase,220.11,Mobile App,Successful,Restaurants,Western Cape
T000003490,A0002480,2025-09-14,17:57:11,Card Purchase,214.32,Mobile App,Successful,Travel,Gauteng
T000003491,A0000746,2026-07-12,16:13:24,Bank Fee,670.7,Card,Successful,N/A,KwaZulu-Natal
T000003492,A0002498,2026-06-24,18:00:39,Card Purchase,918.56,Mobile App,Successful,Utilities,KwaZulu-Natal
T000003493,A0001702,2026-04-17,10:57:37,Card Purchase,210.68,POS,Successful,Other,Gauteng
T000003494,A0002906,2026-07-17,22:45:57,Interest,4190.09,ATM,Successful,N/A,Gauteng
T000003495,A0002635,2026-02-15,19:40:43,Withdrawal,137.16,Mobile App,Successful,N/A,Gauteng
T000003496,A0002704,2026-06-29,15:05:50,Payment,773.7,Mobile App,Successful,Telecoms,Western Cape
T000003497,A0002995,2024-12-29,13:35:29,Transfer,432.29,Mobile App,Successful,N/A,Limpopo
T000003498,A0000504,2024-06-05,13:27:30,Deposit,607.25,POS,Successful,N/A,Eastern Cape
T000003499,A0001079,2026-01-12,10:34:13,Payment,277.4,ATM,Reversed,Entertainment,Free State
T000003500,A0001275,2026-06-05,18:44:09,Deposit,10716.84,Card,Successful,N/A,Gauteng
T000003501,A0001140,2025-04-18,08:37:29,Card Purchase,233.54,Mobile App,Successful,Education,Gauteng
T000003502,A0001317,2025-12-14,09:31:17,Withdrawal,2224.13,Card,Successful,N/A,Western Cape
T000003503,A0002807,2026-05-23,17:10:41,Debit Order,1492.01,Internet Banking,Successful,N/A,Gauteng
T000003504,A0002817,2026-07-31,18:43:15,Withdrawal,503.06,ATM,Failed,N/A,Gauteng
T000003505,A0001994,2026-06-15,15:42:27,Deposit,2413.31,POS,Successful,N/A,North West
T000003506,A0000006,2025-10-25,17:12:01,Card Purchase,841.07,Internet Banking,Successful,Telecoms,Gauteng
T000003507,A0002128,2026-07-07,06:39:37,Bank Fee,609.42,POS,Successful,N/A,Gauteng
T000003508,A0001474,2026-06-20,07:47:51,Card Purchase,887.6,POS,Successful,Travel,Free State
T000003509,A0003063,2026-07-28,11:42:36,Card Purchase,980.07,Card,Successful,Utilities,KwaZulu-Natal
T000003510,A0000707,2026-05-26,15:13:38,Transfer,233.11,Card,Successful,N/A,Limpopo
T000003511,A0000437,2026-02-28,10:16:59,Interest,2799.02,Card,Successful,N/A,Western Cape
T000003512,A0000601,2026-03-23,20:37:54,Debit Order,391.08,ATM,Successful,N/A,Eastern Cape
T000003513,A0001325,2025-08-10,10:01:59,Card Purchase,119.1,POS,Successful,Other,Gauteng
T000003514,A0003076,2025-06-24,13:49:41,Withdrawal,352.82,Mobile App,Successful,N/A,Eastern Cape
T000003515,A0001150,2026-07-13,08:55:39,Debit Order,508.76,Mobile App,Successful,N/A,KwaZulu-Natal
T000003516,A0002854,2026-07-10,14:22:16,Card Purchase,695.85,POS,Successful,Education,Gauteng
T000003517,A0000494,2026-07-14,18:44:16,Payment,312.46,Card,Successful,Utilities,Gauteng
T000003518,A0000428,2026-01-29,07:42:20,Debit Order,764.01,POS,Successful,N/A,Eastern Cape
T000003519,A0001548,2026-06-14,06:56:07,Withdrawal,334.04,POS,Successful,N/A,Limpopo
T000003520,A0001618,2026-04-28,15:18:25,Transfer,548.26,POS,Successful,N/A,Eastern Cape
T000003521,A0000243,2026-07-09,08:48:10,Card Purchase,719.87,Card,Successful,Fuel,Mpumalanga
T000003522,A0000279,2025-11-30,09:56:11,Card Purchase,2315.46,Mobile App,Successful,Retail,Gauteng
T000003523,A0001714,2026-05-30,12:22:53,Card Purchase,261.54,POS,Successful,Healthcare,Western Cape
T000003524,A0002781,2024-05-31,08:45:53,Withdrawal,280.89,Mobile App,Successful,N/A,Gauteng
T000003525,A0002348,2026-03-15,07:00:27,Card Purchase,312.29,Mobile App,Successful,Fuel,Western Cape
T000003526,A0002861,2026-07-16,22:47:10,Debit Order,226.28,ATM,Successful,N/A,Gauteng
T000003527,A0001375,2026-06-26,13:05:09,Card Purchase,394.42,POS,Successful,Retail,Western Cape
T000003528,A0001036,2025-05-18,06:50:13,Payment,1907.34,Internet Banking,Successful,Entertainment,KwaZulu-Natal
T000003529,A0000891,2026-06-27,07:46:06,Deposit,16984.91,POS,Successful,N/A,Western Cape
T000003530,A0003118,2025-09-21,18:14:07,Withdrawal,1110.99,Card,Successful,N/A,Gauteng
T000003531,A0000265,2024-10-05,17:28:24,Card Purchase,262.46,Internet Banking,Successful,Groceries,Eastern Cape
T000003532,A0000372,2026-03-08,10:44:02,Card Purchase,2383.36,POS,Successful,Utilities,Gauteng
T000003533,A0000583,2026-07-28,20:41:21,Transfer,190.45,Internet Banking,Successful,N/A,Western Cape
T000003534,A0001028,2026-02-02,12:40:04,Payment,428.06,Branch,Successful,Healthcare,Western Cape
T000003535,A0002434,2025-12-07,11:35:59,Transfer,306.81,Card,Successful,N/A,Mpumalanga
T000003536,A0001489,2025-12-30,13:46:04,Transfer,3539.15,Mobile App,Failed,N/A,Western Cape
T000003537,A0002629,2024-05-07,22:51:14,Debit Order,1054.28,Mobile App,Successful,N/A,Free State
T000003538,A0001019,2026-03-03,20:40:18,Transfer,792.1,Mobile App,Successful,N/A,Gauteng
T000003539,A0002117,2024-03-18,14:18:23,Bank Fee,683.3,Branch,Successful,N/A,KwaZulu-Natal
T000003540,A0000374,2026-05-02,20:58:48,Payment,2305.37,Mobile App,Successful,Utilities,Gauteng
T000003541,A0000084,2026-05-20,11:55:08,Card Purchase,1295.7,POS,Successful,Education,Mpumalanga
T000003542,A0000566,2026-03-14,18:12:26,Card Purchase,206.69,Internet Banking,Successful,Travel,Gauteng
T000003543,A0002645,2025-10-31,16:58:01,Transfer,475.64,Card,Successful,N/A,Eastern Cape
T000003544,A0002228,2026-07-29,08:47:55,Debit Order,1668.88,Branch,Successful,N/A,Western Cape
T000003545,A0001889,2026-07-29,07:28:53,Transfer,514.75,ATM,Successful,N/A,Gauteng
T000003546,A0000008,2026-05-27,22:32:53,Withdrawal,238.12,Mobile App,Failed,N/A,KwaZulu-Natal
T000003547,A0000403,2025-04-09,14:47:26,Withdrawal,682.72,ATM,Successful,N/A,Western Cape
T000003548,A0000691,2026-07-16,22:38:52,Card Purchase,268.29,Card,Successful,Utilities,Free State
T000003549,A0000084,2026-05-08,18:16:41,Debit Order,1840.45,POS,Successful,N/A,Mpumalanga
T000003550,A0000390,2026-04-24,16:43:41,Payment,202.28,POS,Successful,Other,Gauteng
T000003551,A0001907,2023-08-31,08:21:11,Debit Order,204.34,Branch,Successful,N/A,Limpopo
T000003552,A0000363,2025-06-26,17:55:13,Deposit,1049.78,Mobile App,Successful,N/A,Western Cape
T000003553,A0002201,2026-07-05,11:28:30,Payment,225.99,Mobile App,Successful,Entertainment,KwaZulu-Natal
T000003554,A0002203,2026-04-08,07:19:20,Card Purchase,315.59,Card,Successful,Restaurants,KwaZulu-Natal
T000003555,A0001047,2026-04-01,11:42:23,Payment,541.91,Mobile App,Successful,Groceries,KwaZulu-Natal
T000003556,A0000639,2026-06-06,06:56:47,Payment,4460.52,Card,Successful,Education,Gauteng
T000003557,A0002963,2026-03-22,15:17:48,Card Purchase,2930.57,Internet Banking,Successful,Restaurants,KwaZulu-Natal
T000003558,A0002988,2025-05-05,18:30:30,Payment,363.22,POS,Successful,Groceries,Eastern Cape
T000003559,A0002667,2024-12-27,22:26:42,Card Purchase,222.16,POS,Successful,Travel,Gauteng
T000003560,A0000070,2026-03-30,19:51:16,Debit Order,94.78,Branch,Successful,N/A,Western Cape
T000003561,A0001861,2025-07-29,18:37:48,Payment,1485.84,Card,Successful,Entertainment,Gauteng
T000003562,A0000290,2026-07-04,13:33:41,Debit Order,480.49,Card,Successful,N/A,Gauteng
T000003563,A0000240,2025-12-06,19:47:54,Withdrawal,1298.44,Card,Successful,N/A,Western Cape
T000003564,A0000680,2025-04-30,08:25:14,Debit Order,1145.81,ATM,Successful,N/A,Free State
T000003565,A0001507,2026-05-11,12:59:18,Transfer,368.59,POS,Successful,N/A,Gauteng
T000003566,A0002881,2026-03-07,11:31:31,Card Purchase,2038.52,Card,Successful,Utilities,Gauteng
T000003567,A0001784,2026-04-11,07:27:33,Payment,418.27,Internet Banking,Successful,Other,Mpumalanga
T000003568,A0000241,2025-07-09,15:22:00,Debit Order,3339.9,Branch,Successful,N/A,Mpumalanga
T000003569,A0000996,2025-10-30,11:40:21,Debit Order,390.91,Card,Successful,N/A,KwaZulu-Natal
T000003570,A0002733,2026-04-27,17:58:16,Payment,298.06,Mobile App,Successful,Education,Western Cape
T000003571,A0000499,2025-10-09,06:53:41,Interest,440.44,Mobile App,Successful,N/A,Western Cape
T000003572,A0000765,2026-05-28,19:05:57,Transfer,256.16,POS,Successful,N/A,KwaZulu-Natal
T000003573,A0000729,2026-02-27,13:56:59,Card Purchase,267.44,ATM,Successful,Groceries,Gauteng
T000003574,A0000260,2026-06-03,15:50:59,Withdrawal,735.36,Card,Successful,N/A,KwaZulu-Natal
T000003575,A0000074,2026-06-02,11:06:03,Card Purchase,744.67,POS,Successful,Entertainment,Gauteng
T000003576,A0000318,2026-05-03,21:30:28,Transfer,457.84,POS,Successful,N/A,KwaZulu-Natal
T000003577,A0003018,2026-07-20,20:40:54,Payment,639.92,Branch,Successful,Restaurants,KwaZulu-Natal
T000003578,A0001847,2024-10-23,07:30:46,Card Purchase,428.83,Mobile App,Successful,Utilities,Western Cape
T000003579,A0002892,2026-05-10,16:58:34,Withdrawal,371.37,Internet Banking,Successful,N/A,Gauteng
T000003580,A0000995,2026-07-10,10:18:02,Debit Order,191.94,Internet Banking,Successful,N/A,Gauteng
T000003581,A0003025,2026-07-08,07:45:23,Transfer,506.2,Card,Successful,N/A,Gauteng
T000003582,A0001197,2026-04-19,16:46:05,Withdrawal,2385.04,Card,Failed,N/A,Gauteng
T000003583,A0000180,2025-08-23,15:50:20,Card Purchase,389.89,Card,Successful,Telecoms,KwaZulu-Natal
T000003584,A0002365,2025-11-12,16:44:20,Card Purchase,723.48,Card,Successful,Restaurants,KwaZulu-Natal
T000003585,A0002996,2025-08-12,16:28:01,Payment,1064.3,Mobile App,Successful,Restaurants,KwaZulu-Natal
T000003586,A0001830,2025-03-21,16:08:49,Transfer,504.75,Mobile App,Successful,N/A,Gauteng
T000003587,A0000404,2024-05-30,20:02:49,Card Purchase,221.33,Card,Successful,Travel,Gauteng
T000003588,A0000130,2026-03-19,12:09:04,Deposit,988.45,Mobile App,Successful,N/A,KwaZulu-Natal
T000003589,A0001534,2026-05-21,14:33:48,Card Purchase,10025.44,POS,Successful,Groceries,KwaZulu-Natal
T000003590,A0003139,2026-07-19,14:53:48,Transfer,1804.94,Mobile App,Successful,N/A,KwaZulu-Natal
T000003591,A0001510,2025-05-21,09:41:31,Card Purchase,604.44,Mobile App,Successful,Utilities,KwaZulu-Natal
T000003592,A0000226,2026-04-24,21:48:35,Payment,698.61,ATM,Successful,Other,Gauteng
T000003593,A0002970,2023-10-07,11:08:25,Card Purchase,105.14,Mobile App,Successful,Healthcare,Limpopo
T000003594,A0003107,2026-04-07,20:42:06,Debit Order,1787.61,ATM,Successful,N/A,Limpopo
T000003595,A0003008,2025-04-17,10:42:39,Card Purchase,178.52,Mobile App,Reversed,Retail,Mpumalanga
T000003596,A0000944,2026-07-20,21:03:20,Transfer,543.58,Card,Successful,N/A,Gauteng
T000003597,A0002454,2026-02-25,06:18:06,Debit Order,1031.27,POS,Successful,N/A,Eastern Cape
T000003598,A0002073,2024-03-08,22:53:42,Card Purchase,1121.93,Mobile App,Successful,Telecoms,KwaZulu-Natal
T000003599,A0001343,2025-06-21,10:39:36,Withdrawal,2637.72,Mobile App,Successful,N/A,Gauteng
T000003600,A0000863,2025-11-16,13:17:17,Card Purchase,476.57,ATM,Successful,Utilities,Gauteng
T000003601,A0003065,2024-03-17,07:36:39,Card Purchase,222.29,Mobile App,Successful,Fuel,Gauteng
T000003602,A0000064,2026-07-28,12:23:28,Debit Order,1621.91,POS,Successful,N/A,North West
T000003603,A0001781,2026-01-20,11:33:01,Payment,367.31,POS,Successful,Healthcare,Limpopo
T000003604,A0003096,2026-07-30,11:34:05,Payment,633.16,Mobile App,Successful,Retail,Free State
T000003605,A0002453,2023-07-31,06:13:26,Card Purchase,1793.42,Card,Successful,Utilities,KwaZulu-Natal
T000003606,A0002788,2026-04-26,08:58:30,Transfer,1031.33,POS,Successful,N/A,Gauteng
T000003607,A0002759,2026-07-29,14:42:36,Transfer,539.57,Internet Banking,Successful,N/A,Gauteng
T000003608,A0000580,2026-07-30,20:47:04,Card Purchase,235.49,Internet Banking,Successful,Fuel,Gauteng
T000003609,A0003091,2026-02-15,06:49:26,Transfer,739.46,POS,Successful,N/A,Western Cape
T000003610,A0002671,2025-09-19,14:53:59,Transfer,739.17,Card,Successful,N/A,Limpopo
T000003611,A0000381,2026-06-01,19:18:25,Debit Order,87.67,Mobile App,Successful,N/A,KwaZulu-Natal
T000003612,A0002205,2026-06-21,09:37:05,Transfer,307.38,Mobile App,Successful,N/A,Gauteng
T000003613,A0003183,2025-08-28,08:13:48,Card Purchase,1411.08,Internet Banking,Successful,Healthcare,Western Cape
T000003614,A0001541,2026-01-20,15:24:54,Transfer,85.06,Card,Successful,N/A,Gauteng
T000003615,A0001794,2024-11-19,18:45:34,Card Purchase,261.99,Card,Successful,Entertainment,Limpopo
T000003616,A0001333,2025-12-24,19:16:28,Transfer,670.08,Card,Successful,N/A,Gauteng
T000003617,A0002037,2025-06-16,16:32:15,Card Purchase,1950.2,Card,Successful,Retail,North West
T000003618,A0000869,2026-07-08,19:59:06,Card Purchase,494.54,Mobile App,Successful,Healthcare,Gauteng
T000003619,A0000824,2025-09-29,13:56:18,Card Purchase,1275.47,Internet Banking,Successful,Groceries,KwaZulu-Natal
T000003620,A0003091,2025-09-02,14:32:44,Card Purchase,267.48,Card,Successful,Fuel,Western Cape
T000003621,A0002847,2026-01-27,06:50:01,Deposit,5067.78,Mobile App,Successful,N/A,Mpumalanga
T000003622,A0000884,2026-07-31,14:06:37,Card Purchase,364.05,ATM,Successful,Travel,KwaZulu-Natal
T000003623,A0001922,2026-04-10,15:21:42,Card Purchase,730.15,POS,Successful,Other,Free State
T000003624,A0000005,2026-07-30,06:28:13,Payment,1422.66,ATM,Successful,Fuel,Gauteng
T000003625,A0001904,2024-09-23,19:39:11,Transfer,52.19,Mobile App,Successful,N/A,Free State
T000003626,A0001903,2026-07-27,09:15:42,Deposit,1606.59,POS,Successful,N/A,Gauteng
T000003627,A0002263,2023-10-20,18:36:30,Transfer,275.23,Card,Successful,N/A,Limpopo
T000003628,A0002242,2026-04-07,21:28:39,Debit Order,1148.94,POS,Successful,N/A,Eastern Cape
T000003629,A0002504,2024-12-31,15:34:06,Deposit,619.39,Card,Successful,N/A,Western Cape
T000003630,A0000881,2025-03-15,18:18:57,Interest,588.53,Branch,Successful,N/A,North West
T000003631,A0002745,2026-06-30,13:49:17,Transfer,871.09,Mobile App,Successful,N/A,Limpopo
T000003632,A0001386,2025-05-01,12:02:09,Transfer,923.35,Internet Banking,Successful,N/A,Gauteng
T000003633,A0002569,2024-04-08,14:15:52,Card Purchase,1692.78,ATM,Successful,Education,Gauteng
T000003634,A0000685,2026-03-31,19:57:34,Deposit,801.54,ATM,Successful,N/A,KwaZulu-Natal
T000003635,A0002557,2026-02-01,08:42:56,Payment,301.55,Branch,Successful,Fuel,Gauteng
T000003636,A0000785,2023-10-07,11:43:46,Card Purchase,1072.15,ATM,Successful,Education,Western Cape
T000003637,A0001139,2025-02-03,12:17:46,Transfer,125.79,Mobile App,Successful,N/A,Western Cape
T000003638,A0000086,2024-11-07,22:27:14,Transfer,1244.61,Card,Successful,N/A,Western Cape
T000003639,A0002987,2025-08-25,11:42:58,Debit Order,348.47,Internet Banking,Successful,N/A,Eastern Cape
T000003640,A0002478,2026-05-28,18:23:11,Deposit,12716.4,Mobile App,Successful,N/A,Western Cape
T000003641,A0000426,2025-02-19,07:18:41,Transfer,1115.47,Internet Banking,Successful,N/A,Limpopo
T000003642,A0002422,2025-04-23,19:02:50,Deposit,1114.69,Mobile App,Successful,N/A,Gauteng
T000003643,A0001523,2025-12-22,17:41:31,Transfer,1879.56,Mobile App,Successful,N/A,Gauteng
T000003644,A0000933,2026-05-12,22:58:09,Transfer,202.79,ATM,Successful,N/A,Western Cape
T000003645,A0003192,2025-08-03,06:13:03,Card Purchase,1616.1,ATM,Successful,Telecoms,Northern Cape
T000003646,A0001812,2025-08-22,12:10:47,Transfer,640.05,Internet Banking,Successful,N/A,Gauteng
T000003647,A0000710,2026-06-27,22:10:49,Payment,6559.63,Mobile App,Successful,Education,Western Cape
T000003648,A0001065,2024-09-29,15:48:18,Bank Fee,1249.21,ATM,Successful,N/A,Eastern Cape
T000003649,A0001548,2026-07-17,15:00:35,Card Purchase,256.37,Card,Successful,Other,Limpopo
T000003650,A0002707,2026-02-18,18:49:56,Card Purchase,679.91,ATM,Successful,Travel,Free State
T000003651,A0002096,2026-07-22,18:11:36,Card Purchase,131.5,POS,Successful,Travel,Mpumalanga
T000003652,A0000546,2026-07-26,06:50:06,Card Purchase,305.32,Mobile App,Successful,Utilities,Eastern Cape
T000003653,A0000741,2025-07-17,16:01:16,Card Purchase,269.52,POS,Successful,Travel,Limpopo
T000003654,A0002389,2025-07-25,22:26:56,Debit Order,395.78,Branch,Successful,N/A,Gauteng
T000003655,A0001430,2024-01-31,19:59:23,Card Purchase,285.81,Mobile App,Successful,Utilities,Gauteng
T000003656,A0000642,2026-06-30,06:30:29,Card Purchase,1443.56,Card,Successful,Healthcare,Gauteng
T000003657,A0000544,2025-08-19,11:25:49,Card Purchase,240.68,Branch,Successful,Utilities,Western Cape
T000003658,A0001974,2026-07-20,15:09:22,Transfer,497.7,Card,Successful,N/A,KwaZulu-Natal
T000003659,A0002244,2026-05-13,08:56:06,Debit Order,340.72,Internet Banking,Successful,N/A,Western Cape
T000003660,A0000166,2026-07-11,15:54:33,Debit Order,588.0,Mobile App,Successful,N/A,KwaZulu-Natal
T000003661,A0002087,2026-06-22,13:29:16,Card Purchase,5212.78,Card,Successful,Utilities,Western Cape
T000003662,A0002533,2025-05-03,06:05:53,Card Purchase,502.39,Internet Banking,Successful,Restaurants,Gauteng
T000003663,A0000939,2026-01-02,07:10:26,Debit Order,173.05,ATM,Successful,N/A,Western Cape
T000003664,A0002515,2025-04-06,09:10:24,Withdrawal,745.52,Mobile App,Successful,N/A,Western Cape
T000003665,A0002767,2026-06-02,20:24:16,Transfer,92.65,Card,Successful,N/A,Western Cape
T000003666,A0002874,2025-07-26,13:59:08,Transfer,459.15,ATM,Successful,N/A,Gauteng
T000003667,A0001636,2025-12-01,22:05:55,Card Purchase,48.85,POS,Successful,Entertainment,Western Cape
T000003668,A0001587,2026-07-13,06:46:48,Card Purchase,147.77,ATM,Successful,Healthcare,Western Cape
T000003669,A0001422,2026-01-02,15:44:55,Debit Order,2105.07,ATM,Successful,N/A,Gauteng
T000003670,A0001426,2026-07-04,17:12:55,Payment,889.3,Internet Banking,Successful,Healthcare,Western Cape
T000003671,A0000998,2024-07-04,13:10:32,Payment,389.13,Mobile App,Successful,Telecoms,Gauteng
T000003672,A0001119,2026-07-25,13:24:46,Bank Fee,1185.15,Mobile App,Successful,N/A,Eastern Cape
T000003673,A0001078,2025-12-15,10:33:01,Bank Fee,1351.07,Internet Banking,Successful,N/A,KwaZulu-Natal
T000003674,A0000627,2025-07-29,22:50:21,Debit Order,469.56,Mobile App,Successful,N/A,KwaZulu-Natal
T000003675,A0001640,2025-08-19,21:51:16,Transfer,932.34,Mobile App,Successful,N/A,KwaZulu-Natal
T000003676,A0001037,2026-04-14,12:30:38,Card Purchase,2382.98,Mobile App,Successful,Groceries,Gauteng
T000003677,A0002798,2025-02-16,18:19:17,Interest,594.04,Branch,Successful,N/A,Mpumalanga
T000003678,A0002429,2025-09-25,17:24:50,Transfer,155.2,POS,Successful,N/A,Gauteng
T000003679,A0002557,2026-02-24,11:21:49,Deposit,733.36,Card,Successful,N/A,Gauteng
T000003680,A0002510,2026-05-09,19:24:38,Interest,763.7,ATM,Successful,N/A,Eastern Cape
T000003681,A0000571,2026-06-29,07:17:27,Card Purchase,328.07,Card,Successful,Other,Mpumalanga
T000003682,A0000978,2026-07-26,10:12:01,Card Purchase,1034.56,Mobile App,Successful,Other,Limpopo
T000003683,A0002994,2026-07-09,09:40:00,Bank Fee,3574.65,ATM,Successful,N/A,Gauteng
T000003684,A0000433,2026-05-27,17:14:48,Payment,1095.38,Card,Successful,Education,Western Cape
T000003685,A0002085,2026-07-06,11:35:37,Card Purchase,115.94,Branch,Successful,Travel,North West
T000003686,A0002736,2026-03-04,10:01:49,Payment,2889.57,Card,Successful,Healthcare,Gauteng
T000003687,A0002144,2026-04-28,18:29:56,Payment,292.1,Mobile App,Successful,Restaurants,Limpopo
T000003688,A0003058,2026-07-14,08:14:55,Interest,335.78,Internet Banking,Successful,N/A,Western Cape
T000003689,A0003028,2026-05-12,12:14:58,Payment,446.95,Card,Successful,Fuel,Gauteng
T000003690,A0000353,2026-05-22,15:20:00,Transfer,619.17,Card,Successful,N/A,Gauteng
T000003691,A0001552,2026-07-22,09:49:27,Transfer,2417.54,Mobile App,Successful,N/A,Eastern Cape
T000003692,A0001711,2025-10-22,13:04:22,Transfer,381.45,Branch,Successful,N/A,KwaZulu-Natal
T000003693,A0001445,2025-10-09,07:32:21,Withdrawal,1120.69,Mobile App,Successful,N/A,Western Cape
T000003694,A0000069,2025-07-12,20:47:28,Deposit,3004.61,ATM,Successful,N/A,North West
T000003695,A0002519,2026-06-02,08:17:27,Card Purchase,455.95,POS,Successful,Fuel,KwaZulu-Natal
T000003696,A0001561,2026-03-06,16:33:32,Transfer,606.08,Internet Banking,Successful,N/A,KwaZulu-Natal
T000003697,A0000769,2025-06-30,19:38:16,Card Purchase,236.14,ATM,Successful,Education,Mpumalanga
T000003698,A0001877,2025-05-01,19:28:23,Card Purchase,211.57,Mobile App,Successful,Utilities,Gauteng
T000003699,A0001802,2026-07-23,17:48:56,Transfer,14770.13,Internet Banking,Successful,N/A,Western Cape
T000003700,A0002260,2025-09-12,17:15:18,Withdrawal,1217.53,Mobile App,Successful,N/A,Gauteng
T000003701,A0002931,2026-07-09,07:38:08,Payment,599.81,Mobile App,Successful,Groceries,Gauteng
T000003702,A0000910,2026-07-23,16:54:45,Card Purchase,957.41,POS,Successful,Retail,KwaZulu-Natal
T000003703,A0000172,2026-06-29,22:33:08,Debit Order,2816.33,Internet Banking,Successful,N/A,Limpopo
T000003704,A0000538,2026-03-27,13:09:50,Withdrawal,2846.21,Card,Successful,N/A,Western Cape
T000003705,A0002895,2026-04-05,08:30:34,Debit Order,725.88,Card,Successful,N/A,Western Cape
T000003706,A0000013,2026-06-30,14:37:57,Deposit,4701.83,Card,Successful,N/A,Gauteng
T000003707,A0001399,2026-06-17,08:50:10,Transfer,293.74,Mobile App,Successful,N/A,KwaZulu-Natal
T000003708,A0002177,2026-04-16,18:52:42,Debit Order,177.45,POS,Successful,N/A,Gauteng
T000003709,A0000758,2024-07-04,06:42:19,Card Purchase,792.27,Branch,Successful,Education,Gauteng
T000003710,A0002986,2026-07-26,12:49:08,Payment,90.92,POS,Failed,Healthcare,Eastern Cape
T000003711,A0001615,2026-07-03,08:36:59,Deposit,429.23,POS,Successful,N/A,KwaZulu-Natal
T000003712,A0000556,2026-02-02,18:47:46,Withdrawal,943.25,Card,Successful,N/A,KwaZulu-Natal
T000003713,A0002723,2026-06-26,17:56:02,Interest,2791.12,Card,Successful,N/A,Gauteng
T000003714,A0000269,2026-06-06,09:12:22,Transfer,1413.45,Mobile App,Successful,N/A,Free State
T000003715,A0001724,2026-05-10,21:42:46,Card Purchase,1760.68,Internet Banking,Successful,Groceries,Northern Cape
T000003716,A0000428,2026-05-25,08:43:28,Debit Order,3416.03,Mobile App,Successful,N/A,Eastern Cape
T000003717,A0001281,2026-07-30,20:45:15,Card Purchase,425.48,Internet Banking,Successful,Telecoms,Western Cape
T000003718,A0001435,2025-11-18,21:02:28,Transfer,288.13,ATM,Successful,N/A,Gauteng
T000003719,A0000386,2026-02-10,19:41:54,Card Purchase,39.75,Card,Successful,Other,Gauteng
T000003720,A0000569,2026-06-23,09:18:03,Transfer,3071.29,Mobile App,Successful,N/A,Eastern Cape
T000003721,A0000339,2026-05-15,08:16:30,Debit Order,812.45,Internet Banking,Successful,N/A,Eastern Cape
T000003722,A0000152,2026-01-14,14:15:52,Payment,1397.57,POS,Failed,Healthcare,KwaZulu-Natal
T000003723,A0001861,2025-11-03,10:17:53,Withdrawal,111.37,Internet Banking,Successful,N/A,Gauteng
T000003724,A0002434,2026-05-03,09:05:42,Withdrawal,223.69,Card,Successful,N/A,Mpumalanga
T000003725,A0001523,2023-08-06,16:47:08,Card Purchase,342.11,ATM,Successful,Restaurants,Gauteng
T000003726,A0001591,2026-01-23,17:13:11,Transfer,107.4,Card,Successful,N/A,KwaZulu-Natal
T000003727,A0003125,2026-06-29,18:05:24,Bank Fee,538.54,Mobile App,Successful,N/A,North West
T000003728,A0000992,2025-10-06,06:43:30,Card Purchase,1199.25,Mobile App,Successful,Other,Gauteng
T000003729,A0001567,2025-08-23,16:11:03,Payment,712.74,Internet Banking,Successful,Education,KwaZulu-Natal
T000003730,A0000553,2025-06-04,22:15:03,Payment,198.56,Mobile App,Successful,Telecoms,Gauteng
T000003731,A0000575,2025-10-11,11:30:27,Transfer,148.83,Branch,Successful,N/A,Gauteng
T000003732,A0001497,2026-07-17,17:37:46,Card Purchase,1309.94,ATM,Successful,Utilities,Limpopo
T000003733,A0002171,2025-12-09,09:24:46,Debit Order,246.84,Mobile App,Successful,N/A,Western Cape
T000003734,A0002599,2026-07-27,18:51:35,Card Purchase,590.53,Internet Banking,Successful,Retail,North West
T000003735,A0002068,2025-05-12,12:48:43,Deposit,1133.55,Mobile App,Successful,N/A,KwaZulu-Natal
T000003736,A0001584,2026-06-30,20:11:29,Payment,2859.3,POS,Successful,Telecoms,Free State
T000003737,A0001650,2026-04-05,09:41:03,Transfer,731.6,Mobile App,Successful,N/A,Limpopo
T000003738,A0002399,2025-05-17,14:08:28,Card Purchase,997.2,ATM,Successful,Other,Gauteng
T000003739,A0000003,2025-12-09,16:06:15,Transfer,609.5,Card,Successful,N/A,Eastern Cape
T000003740,A0002385,2026-07-20,12:44:04,Transfer,1635.93,Mobile App,Successful,N/A,Gauteng
T000003741,A0002324,2025-10-14,09:21:15,Payment,1094.14,Mobile App,Successful,Groceries,Gauteng
T000003742,A0001033,2026-03-29,15:41:38,Transfer,857.31,Mobile App,Successful,N/A,Eastern Cape
T000003743,A0001830,2026-05-02,06:19:00,Card Purchase,88.43,POS,Successful,Healthcare,Gauteng
T000003744,A0003163,2026-01-19,15:30:28,Card Purchase,97.54,Mobile App,Successful,Utilities,Western Cape
T000003745,A0001806,2026-02-27,16:18:04,Deposit,6571.85,POS,Successful,N/A,Western Cape
T000003746,A0002533,2026-06-13,15:32:29,Card Purchase,348.69,POS,Successful,Telecoms,Gauteng
T000003747,A0003142,2025-12-27,17:19:29,Card Purchase,1199.63,ATM,Successful,Retail,North West
T000003748,A0003103,2025-08-30,22:40:03,Transfer,595.13,Card,Successful,N/A,Eastern Cape
T000003749,A0001563,2025-07-25,10:40:19,Payment,681.46,Card,Successful,Education,Gauteng
T000003750,A0002350,2026-05-19,17:30:59,Card Purchase,850.74,Mobile App,Successful,Other,Limpopo
T000003751,A0000892,2025-04-24,10:45:12,Bank Fee,228.69,POS,Successful,N/A,Free State
T000003752,A0001989,2026-04-04,20:22:23,Debit Order,630.78,Internet Banking,Successful,N/A,KwaZulu-Natal
T000003753,A0001585,2026-03-21,14:49:58,Payment,639.06,Mobile App,Successful,Utilities,Limpopo
T000003754,A0000972,2026-05-07,09:46:48,Debit Order,1193.62,Internet Banking,Successful,N/A,Gauteng
T000003755,A0002004,2026-06-08,20:41:14,Card Purchase,961.18,Mobile App,Successful,Retail,Limpopo
T000003756,A0001335,2026-01-15,22:47:26,Card Purchase,283.7,Mobile App,Successful,Retail,Western Cape
T000003757,A0000206,2026-06-19,21:36:07,Card Purchase,179.08,POS,Successful,Groceries,Gauteng
T000003758,A0001513,2025-12-26,13:33:19,Transfer,285.64,POS,Successful,N/A,Western Cape
T000003759,A0001012,2024-11-30,21:07:10,Payment,960.59,ATM,Successful,Restaurants,Gauteng
T000003760,A0002766,2026-07-29,06:38:50,Withdrawal,662.32,POS,Successful,N/A,Gauteng
T000003761,A0003120,2024-06-08,22:30:42,Transfer,136.81,Card,Successful,N/A,KwaZulu-Natal
T000003762,A0001964,2025-08-14,21:35:57,Payment,789.88,Mobile App,Successful,Groceries,Limpopo
T000003763,A0000546,2026-07-27,11:09:39,Transfer,3058.93,POS,Successful,N/A,Eastern Cape
T000003764,A0000972,2026-03-08,07:23:53,Card Purchase,237.16,Card,Successful,Healthcare,Gauteng
T000003765,A0001085,2024-12-24,09:07:57,Debit Order,490.99,Card,Successful,N/A,Western Cape
T000003766,A0002449,2026-06-15,09:28:15,Transfer,265.05,Mobile App,Successful,N/A,Limpopo
T000003767,A0003109,2026-01-24,20:41:28,Debit Order,106.73,Internet Banking,Successful,N/A,Gauteng
T000003768,A0001778,2023-07-18,17:31:16,Payment,106.21,Branch,Successful,Other,KwaZulu-Natal
T000003769,A0000846,2026-06-20,15:01:11,Transfer,1966.44,Card,Successful,N/A,Western Cape
T000003770,A0001327,2026-04-26,06:42:09,Card Purchase,152.63,Internet Banking,Successful,Other,Gauteng
T000003771,A0001093,2026-03-27,10:02:32,Card Purchase,992.38,Mobile App,Successful,Entertainment,KwaZulu-Natal
T000003772,A0002918,2026-05-21,12:50:34,Card Purchase,2103.46,ATM,Successful,Other,Gauteng
T000003773,A0003098,2026-06-15,20:04:21,Card Purchase,153.8,Card,Successful,Travel,Gauteng
T000003774,A0002631,2025-12-17,13:54:06,Transfer,1943.79,Mobile App,Successful,N/A,KwaZulu-Natal
T000003775,A0002277,2025-11-23,08:54:33,Bank Fee,1167.82,Card,Successful,N/A,Gauteng
T000003776,A0001184,2026-07-02,17:28:40,Card Purchase,1800.97,ATM,Successful,Travel,KwaZulu-Natal
T000003777,A0000009,2026-04-09,10:22:30,Transfer,396.99,Mobile App,Successful,N/A,KwaZulu-Natal
T000003778,A0000151,2025-07-09,13:21:04,Withdrawal,42.78,Card,Successful,N/A,Free State
T000003779,A0000888,2026-05-25,08:36:08,Withdrawal,3464.44,Internet Banking,Successful,N/A,Gauteng
T000003780,A0002574,2026-04-05,07:26:05,Withdrawal,265.69,Internet Banking,Successful,N/A,KwaZulu-Natal
T000003781,A0002432,2024-10-22,12:50:10,Card Purchase,3583.45,ATM,Successful,Retail,Northern Cape
T000003782,A0002759,2026-07-20,21:36:15,Card Purchase,960.82,Mobile App,Successful,Travel,Gauteng
T000003783,A0000837,2026-01-06,19:58:05,Transfer,1377.02,POS,Successful,N/A,KwaZulu-Natal
T000003784,A0001633,2026-03-01,06:25:55,Payment,1696.17,Mobile App,Successful,Fuel,Gauteng
T000003785,A0002288,2026-07-04,07:51:59,Card Purchase,181.4,Card,Successful,Education,Eastern Cape
T000003786,A0002951,2026-06-05,22:39:52,Card Purchase,899.95,Mobile App,Successful,Entertainment,Gauteng
T000003787,A0001737,2026-07-28,20:01:06,Card Purchase,364.77,ATM,Successful,Education,Gauteng
T000003788,A0002828,2025-07-26,11:13:27,Transfer,1225.72,POS,Successful,N/A,Western Cape
T000003789,A0001687,2025-03-22,15:04:27,Deposit,1018.06,POS,Successful,N/A,KwaZulu-Natal
T000003790,A0000646,2025-10-20,15:30:21,Card Purchase,250.17,Internet Banking,Successful,Retail,Mpumalanga
T000003791,A0002550,2026-03-02,16:20:16,Bank Fee,465.53,Branch,Successful,N/A,Eastern Cape
T000003792,A0001258,2026-05-25,19:10:02,Interest,463.52,Mobile App,Successful,N/A,Mpumalanga
T000003793,A0003176,2025-11-03,16:18:19,Debit Order,399.33,Internet Banking,Successful,N/A,Gauteng
T000003794,A0001302,2025-10-27,11:06:16,Debit Order,1150.57,Internet Banking,Successful,N/A,Western Cape
T000003795,A0001855,2026-04-03,21:29:27,Transfer,248.92,Mobile App,Successful,N/A,Eastern Cape
T000003796,A0002294,2026-05-09,18:45:37,Payment,226.54,POS,Successful,Healthcare,Limpopo
T000003797,A0001264,2026-02-13,12:37:08,Debit Order,1004.6,ATM,Successful,N/A,Gauteng
T000003798,A0001508,2026-06-01,07:29:55,Transfer,412.33,Mobile App,Successful,N/A,KwaZulu-Natal
T000003799,A0000668,2026-03-10,14:35:40,Debit Order,957.39,ATM,Successful,N/A,North West
T000003800,A0000990,2026-02-26,17:57:16,Deposit,439.79,Card,Successful,N/A,Western Cape
T000003801,A0000697,2026-04-13,19:21:55,Card Purchase,2815.88,Card,Successful,Other,Gauteng
T000003802,A0002419,2026-07-17,14:07:40,Deposit,3942.17,Card,Successful,N/A,KwaZulu-Natal
T000003803,A0001206,2026-07-19,15:15:24,Transfer,332.13,Card,Successful,N/A,Western Cape
T000003804,A0001374,2026-07-28,11:08:36,Card Purchase,840.95,ATM,Successful,Retail,Gauteng
T000003805,A0000043,2025-09-12,06:13:19,Card Purchase,4428.99,Mobile App,Successful,Utilities,Gauteng
T000003806,A0001225,2026-03-27,08:03:52,Debit Order,371.41,POS,Successful,N/A,Free State
T000003807,A0001558,2025-09-21,17:24:41,Card Purchase,4456.39,ATM,Successful,Travel,Western Cape
T000003808,A0000301,2024-07-09,07:07:34,Card Purchase,548.59,ATM,Successful,Entertainment,Western Cape
T000003809,A0001811,2026-06-26,17:01:37,Card Purchase,396.15,Mobile App,Successful,Restaurants,Western Cape
T000003810,A0001894,2025-08-23,22:36:54,Card Purchase,1349.16,Mobile App,Successful,Entertainment,Western Cape
T000003811,A0002873,2026-03-25,17:44:04,Card Purchase,339.56,Mobile App,Successful,Healthcare,KwaZulu-Natal
T000003812,A0000290,2026-07-05,22:36:02,Withdrawal,2358.46,Card,Successful,N/A,Gauteng
T000003813,A0003091,2026-07-09,07:51:10,Deposit,6989.36,Mobile App,Successful,N/A,Western Cape
T000003814,A0001021,2026-07-28,09:06:07,Withdrawal,710.94,Card,Successful,N/A,Western Cape
T000003815,A0000765,2026-06-08,10:04:28,Transfer,453.25,Mobile App,Successful,N/A,KwaZulu-Natal
T000003816,A0002618,2026-05-20,14:02:34,Card Purchase,578.75,Branch,Successful,Healthcare,KwaZulu-Natal
T000003817,A0000794,2025-06-03,16:06:54,Debit Order,1746.18,ATM,Successful,N/A,Eastern Cape
T000003818,A0001170,2025-11-01,18:35:34,Transfer,347.25,Mobile App,Successful,N/A,KwaZulu-Natal
T000003819,A0002693,2026-07-11,16:55:51,Card Purchase,586.7,Mobile App,Successful,Travel,Gauteng
T000003820,A0001706,2026-05-18,08:42:12,Withdrawal,6279.97,Mobile App,Successful,N/A,Free State
T000003821,A0001131,2026-06-17,11:27:40,Transfer,4216.7,ATM,Successful,N/A,Gauteng
T000003822,A0000747,2025-07-07,22:53:42,Transfer,337.42,Branch,Successful,N/A,Western Cape
T000003823,A0001587,2026-07-19,14:39:18,Withdrawal,849.39,Card,Successful,N/A,Western Cape
T000003824,A0001102,2026-07-04,13:40:38,Deposit,2309.3,Mobile App,Successful,N/A,KwaZulu-Natal
T000003825,A0001875,2026-04-13,20:15:21,Card Purchase,872.26,Mobile App,Successful,Healthcare,Gauteng
T000003826,A0000341,2025-04-22,10:26:14,Transfer,3432.5,Card,Successful,N/A,Free State
T000003827,A0002618,2026-06-09,14:28:26,Transfer,2052.84,Internet Banking,Successful,N/A,KwaZulu-Natal
T000003828,A0000658,2026-07-02,15:27:15,Transfer,260.6,Internet Banking,Successful,N/A,Limpopo
T000003829,A0002145,2026-07-09,08:52:32,Withdrawal,235.17,ATM,Successful,N/A,Gauteng
T000003830,A0001384,2026-07-13,15:43:57,Debit Order,343.71,Card,Successful,N/A,Gauteng
T000003831,A0001512,2026-04-18,20:53:52,Card Purchase,1097.86,Mobile App,Successful,Groceries,Gauteng
T000003832,A0002331,2026-07-20,11:07:38,Payment,4169.86,Internet Banking,Successful,Healthcare,Mpumalanga
T000003833,A0000575,2026-01-13,06:31:04,Card Purchase,100.01,Card,Successful,Retail,Gauteng
T000003834,A0000671,2026-05-29,12:36:05,Transfer,1392.52,Mobile App,Successful,N/A,KwaZulu-Natal
T000003835,A0000685,2026-06-25,18:26:06,Transfer,1461.27,POS,Successful,N/A,KwaZulu-Natal
T000003836,A0001880,2025-11-18,17:54:18,Debit Order,2011.32,Card,Successful,N/A,KwaZulu-Natal
T000003837,A0000835,2026-07-08,09:13:36,Transfer,713.35,Card,Successful,N/A,KwaZulu-Natal
T000003838,A0000855,2026-07-07,14:37:04,Card Purchase,783.22,Mobile App,Successful,Entertainment,Mpumalanga
T000003839,A0001767,2026-02-28,08:06:04,Deposit,28258.58,POS,Successful,N/A,Gauteng
T000003840,A0001851,2025-01-08,22:11:30,Transfer,1721.66,POS,Successful,N/A,Gauteng
T000003841,A0001588,2026-07-31,10:45:43,Card Purchase,552.44,Mobile App,Successful,Groceries,North West
T000003842,A0000976,2026-04-27,13:26:20,Card Purchase,48.1,ATM,Successful,Utilities,Eastern Cape
T000003843,A0000449,2026-06-10,21:30:53,Payment,690.41,Branch,Successful,Other,Gauteng
T000003844,A0002441,2025-07-23,12:35:15,Debit Order,575.4,Card,Successful,N/A,Gauteng
T000003845,A0002806,2024-07-01,20:18:32,Card Purchase,519.92,Mobile App,Successful,Entertainment,Gauteng
T000003846,A0001038,2026-07-23,16:31:06,Withdrawal,908.08,Card,Successful,N/A,Western Cape
T000003847,A0002272,2024-11-07,16:15:30,Card Purchase,1368.43,Card,Successful,Education,Western Cape
T000003848,A0000430,2026-05-01,08:44:07,Card Purchase,681.25,POS,Successful,Fuel,Gauteng
T000003849,A0000196,2025-11-25,06:24:48,Debit Order,800.75,Card,Successful,N/A,KwaZulu-Natal
T000003850,A0003155,2024-01-28,19:46:08,Withdrawal,1156.12,Mobile App,Successful,N/A,KwaZulu-Natal
T000003851,A0000782,2025-12-05,19:01:04,Deposit,1046.53,ATM,Successful,N/A,Gauteng
T000003852,A0000569,2025-01-26,16:08:30,Deposit,1612.46,Mobile App,Successful,N/A,Eastern Cape
T000003853,A0003161,2024-03-04,09:49:58,Transfer,810.13,Mobile App,Successful,N/A,KwaZulu-Natal
T000003854,A0000959,2026-07-06,10:43:53,Card Purchase,856.02,ATM,Successful,Travel,Western Cape
T000003855,A0002303,2026-07-30,21:02:41,Transfer,629.47,Card,Successful,N/A,Western Cape
T000003856,A0003187,2026-03-01,19:18:03,Card Purchase,149.14,Branch,Successful,Healthcare,KwaZulu-Natal
T000003857,A0001760,2024-03-09,16:05:47,Transfer,561.0,Mobile App,Successful,N/A,KwaZulu-Natal
T000003858,A0000764,2025-11-25,13:14:04,Payment,585.64,POS,Successful,Restaurants,Eastern Cape
T000003859,A0002637,2026-05-19,10:35:45,Transfer,3640.76,Mobile App,Successful,N/A,Western Cape
T000003860,A0002752,2024-07-28,19:00:42,Card Purchase,142.59,Mobile App,Successful,Groceries,Gauteng
T000003861,A0002490,2026-07-23,20:43:47,Card Purchase,325.56,Mobile App,Successful,Fuel,KwaZulu-Natal
T000003862,A0003190,2026-05-12,08:43:37,Transfer,1239.98,ATM,Successful,N/A,Gauteng
T000003863,A0000265,2026-04-16,10:10:41,Card Purchase,398.83,Mobile App,Successful,Restaurants,Eastern Cape
T000003864,A0002497,2026-06-27,11:09:08,Card Purchase,438.01,Mobile App,Successful,Restaurants,Gauteng
T000003865,A0001917,2026-04-23,22:14:53,Debit Order,257.95,Card,Failed,N/A,Gauteng
T000003866,A0002475,2026-06-18,19:07:48,Transfer,3333.48,Mobile App,Successful,N/A,Northern Cape
T000003867,A0002963,2026-07-04,10:31:09,Transfer,331.52,POS,Successful,N/A,KwaZulu-Natal
T000003868,A0001109,2025-08-04,08:56:31,Card Purchase,109.22,Branch,Successful,Retail,Eastern Cape
T000003869,A0001352,2026-02-23,13:33:26,Card Purchase,363.55,Mobile App,Successful,Healthcare,Gauteng
T000003870,A0002293,2026-07-16,16:31:24,Debit Order,627.27,Mobile App,Successful,N/A,KwaZulu-Natal
T000003871,A0002285,2026-02-10,11:22:08,Withdrawal,1239.47,Mobile App,Successful,N/A,Free State
T000003872,A0002946,2024-10-04,13:36:59,Transfer,447.31,POS,Successful,N/A,Limpopo
T000003873,A0001996,2025-01-19,08:42:56,Payment,482.94,ATM,Successful,Travel,Limpopo
T000003874,A0001519,2025-02-02,08:48:07,Payment,377.85,Card,Successful,Travel,Western Cape
T000003875,A0000502,2025-08-04,14:41:42,Deposit,1246.31,POS,Successful,N/A,Limpopo
T000003876,A0001946,2026-03-05,17:08:47,Card Purchase,694.68,Mobile App,Successful,Retail,Free State
T000003877,A0002409,2026-07-27,08:54:08,Interest,435.45,Mobile App,Successful,N/A,KwaZulu-Natal
T000003878,A0000786,2026-04-03,15:20:56,Debit Order,264.75,Branch,Successful,N/A,Gauteng
T000003879,A0001259,2023-08-11,08:41:58,Debit Order,350.16,Mobile App,Successful,N/A,KwaZulu-Natal
T000003880,A0001709,2026-07-16,22:56:23,Card Purchase,932.35,Mobile App,Successful,Travel,Western Cape
T000003881,A0001406,2026-06-11,21:53:11,Payment,1487.85,Internet Banking,Successful,Utilities,Gauteng
T000003882,A0000841,2026-03-20,16:22:11,Card Purchase,414.79,Card,Successful,Telecoms,Western Cape
T000003883,A0001534,2026-03-01,19:54:26,Payment,1394.03,Card,Successful,Fuel,KwaZulu-Natal
T000003884,A0001335,2026-06-05,15:21:59,Card Purchase,444.66,ATM,Successful,Retail,Western Cape
T000003885,A0000747,2026-03-06,15:38:40,Transfer,1865.38,ATM,Successful,N/A,Western Cape
T000003886,A0002597,2024-02-01,20:43:14,Card Purchase,2861.61,POS,Successful,Entertainment,Eastern Cape
T000003887,A0002315,2025-05-15,16:35:44,Transfer,663.92,ATM,Successful,N/A,Northern Cape
T000003888,A0002726,2026-05-02,15:40:14,Bank Fee,182.22,Internet Banking,Successful,N/A,KwaZulu-Natal
T000003889,A0002666,2026-03-11,22:10:58,Payment,2467.94,Mobile App,Successful,Travel,Gauteng
T000003890,A0000737,2026-07-25,21:47:50,Deposit,1975.57,Branch,Successful,N/A,Mpumalanga
T000003891,A0000156,2026-07-07,11:03:05,Interest,496.29,Branch,Successful,N/A,Limpopo
T000003892,A0002003,2026-03-14,14:41:22,Debit Order,442.45,Branch,Successful,N/A,KwaZulu-Natal
T000003893,A0001814,2026-02-05,20:28:25,Withdrawal,307.61,Internet Banking,Successful,N/A,KwaZulu-Natal
T000003894,A0001090,2025-12-15,12:28:15,Card Purchase,815.32,ATM,Successful,Fuel,Gauteng
T000003895,A0001606,2026-07-21,18:31:45,Bank Fee,433.89,Mobile App,Successful,N/A,Gauteng
T000003896,A0002422,2025-05-26,10:50:23,Deposit,2208.71,ATM,Successful,N/A,Gauteng
T000003897,A0001907,2025-08-07,18:46:30,Card Purchase,394.26,Mobile App,Successful,Fuel,Limpopo
T000003898,A0000411,2025-12-10,20:25:15,Card Purchase,667.07,Mobile App,Successful,Education,Mpumalanga
T000003899,A0003045,2025-05-20,12:20:28,Debit Order,174.58,POS,Successful,N/A,Western Cape
T000003900,A0001474,2026-03-28,12:19:04,Card Purchase,2094.58,POS,Successful,Telecoms,Free State
T000003901,A0000143,2025-06-06,07:33:47,Card Purchase,127.53,Internet Banking,Successful,Retail,Gauteng
T000003902,A0001597,2025-11-20,16:39:51,Withdrawal,1962.73,Mobile App,Successful,N/A,Western Cape
T000003903,A0001261,2026-07-21,19:32:03,Transfer,4309.21,Mobile App,Successful,N/A,Gauteng
T000003904,A0001483,2026-06-27,08:10:11,Card Purchase,925.3,Branch,Successful,Utilities,Gauteng
T000003905,A0000595,2026-04-06,07:31:14,Card Purchase,733.3,Card,Successful,Groceries,Eastern Cape
T000003906,A0002517,2026-05-08,17:23:51,Card Purchase,1420.79,Mobile App,Successful,Other,Eastern Cape
T000003907,A0000573,2026-03-04,09:28:37,Card Purchase,210.08,ATM,Successful,Telecoms,Limpopo
T000003908,A0000375,2026-06-01,22:21:48,Card Purchase,507.58,Internet Banking,Successful,Telecoms,Gauteng
T000003909,A0001306,2026-06-02,13:37:05,Interest,3177.73,POS,Successful,N/A,KwaZulu-Natal
T000003910,A0001488,2026-04-07,15:59:40,Withdrawal,768.07,Mobile App,Successful,N/A,Gauteng
T000003911,A0001409,2026-05-11,14:30:43,Bank Fee,290.27,Mobile App,Successful,N/A,KwaZulu-Natal
T000003912,A0000098,2026-03-27,19:38:08,Card Purchase,2537.83,Mobile App,Successful,Groceries,Gauteng
T000003913,A0000920,2026-07-05,06:44:27,Payment,194.09,Card,Successful,Fuel,Western Cape
T000003914,A0000027,2026-01-25,07:07:00,Deposit,5561.09,POS,Successful,N/A,Limpopo
T000003915,A0002414,2025-07-26,19:34:30,Card Purchase,481.03,POS,Successful,Fuel,Western Cape
T000003916,A0002608,2024-06-08,18:20:24,Transfer,1623.54,Mobile App,Successful,N/A,Gauteng
T000003917,A0002133,2023-11-23,22:28:49,Payment,102.93,Branch,Successful,Telecoms,KwaZulu-Natal
T000003918,A0001957,2024-11-15,15:43:23,Deposit,1694.06,Internet Banking,Successful,N/A,Northern Cape
T000003919,A0003033,2026-04-17,19:51:34,Interest,321.46,POS,Successful,N/A,KwaZulu-Natal
T000003920,A0001380,2026-07-05,22:42:48,Deposit,4758.67,Mobile App,Successful,N/A,Free State
T000003921,A0002285,2026-06-11,19:14:18,Transfer,370.92,Branch,Successful,N/A,Free State
T000003922,A0002303,2026-07-29,15:54:29,Debit Order,894.15,Mobile App,Successful,N/A,Western Cape
T000003923,A0001805,2025-11-23,06:52:34,Withdrawal,5605.85,Mobile App,Successful,N/A,Gauteng
T000003924,A0000609,2026-07-28,08:44:57,Card Purchase,75.77,Mobile App,Successful,Travel,Mpumalanga
T000003925,A0001260,2025-05-04,09:58:40,Debit Order,1078.31,ATM,Successful,N/A,Gauteng
T000003926,A0001409,2026-06-26,18:27:33,Withdrawal,729.82,Card,Successful,N/A,KwaZulu-Natal
T000003927,A0003072,2025-07-06,08:18:41,Card Purchase,3722.26,Card,Successful,Travel,KwaZulu-Natal
T000003928,A0001417,2026-07-24,14:36:17,Card Purchase,334.46,Card,Successful,Travel,Western Cape
T000003929,A0002536,2025-03-26,14:58:43,Withdrawal,783.75,Card,Successful,N/A,Western Cape
T000003930,A0002791,2025-11-12,21:16:00,Card Purchase,598.26,Mobile App,Successful,Fuel,Free State
T000003931,A0002155,2026-06-27,08:47:37,Debit Order,346.19,Mobile App,Successful,N/A,Eastern Cape
T000003932,A0001941,2026-06-29,07:56:52,Transfer,792.95,POS,Successful,N/A,Gauteng
T000003933,A0000996,2026-05-27,14:20:43,Card Purchase,2109.92,POS,Successful,Healthcare,KwaZulu-Natal
T000003934,A0001787,2026-05-21,10:47:14,Transfer,524.48,Card,Successful,N/A,Gauteng
T000003935,A0000205,2026-06-03,08:50:30,Payment,1394.34,Card,Successful,Entertainment,KwaZulu-Natal
T000003936,A0000714,2026-07-25,21:55:34,Debit Order,371.63,POS,Successful,N/A,Western Cape
T000003937,A0000806,2026-06-30,08:08:29,Card Purchase,626.4,Mobile App,Successful,Education,Gauteng
T000003938,A0003081,2026-06-01,07:33:57,Deposit,3395.12,POS,Successful,N/A,Gauteng
T000003939,A0001202,2026-07-18,06:33:45,Payment,1039.05,ATM,Successful,Telecoms,Limpopo
T000003940,A0000413,2026-04-12,17:03:43,Payment,297.62,Card,Successful,Restaurants,Gauteng
T000003941,A0001224,2023-12-10,14:38:54,Withdrawal,470.93,POS,Successful,N/A,Eastern Cape
T000003942,A0000944,2026-07-22,06:46:37,Debit Order,269.77,Mobile App,Successful,N/A,Gauteng
T000003943,A0002349,2026-04-29,20:14:33,Card Purchase,946.33,POS,Successful,Entertainment,KwaZulu-Natal
T000003944,A0002320,2026-07-07,14:33:19,Transfer,611.67,Mobile App,Successful,N/A,Free State
T000003945,A0000738,2026-07-18,12:52:07,Transfer,258.69,Card,Successful,N/A,KwaZulu-Natal
T000003946,A0003040,2026-07-03,16:49:15,Transfer,147.1,Internet Banking,Failed,N/A,Limpopo
T000003947,A0002115,2023-11-29,09:51:18,Transfer,717.51,Branch,Successful,N/A,Mpumalanga
T000003948,A0002093,2026-07-19,07:37:08,Debit Order,567.88,Mobile App,Successful,N/A,Limpopo
T000003949,A0001225,2026-04-19,15:20:48,Payment,103.06,Mobile App,Successful,Fuel,Free State
T000003950,A0002459,2026-06-11,21:22:11,Interest,1335.26,POS,Successful,N/A,Gauteng
T000003951,A0001035,2026-06-23,11:19:57,Card Purchase,1280.58,Internet Banking,Successful,Retail,KwaZulu-Natal
T000003952,A0002826,2026-07-09,14:22:44,Transfer,891.92,Card,Successful,N/A,Gauteng
T000003953,A0001855,2026-03-21,06:45:07,Transfer,499.14,Card,Successful,N/A,Eastern Cape
T000003954,A0003181,2026-07-30,14:09:01,Transfer,218.9,ATM,Successful,N/A,Limpopo
T000003955,A0002972,2026-01-14,14:56:09,Payment,327.45,POS,Successful,Education,Mpumalanga
T000003956,A0000545,2026-03-10,06:37:43,Card Purchase,1090.59,ATM,Successful,Restaurants,Gauteng
T000003957,A0000061,2026-04-20,09:44:53,Bank Fee,731.94,POS,Successful,N/A,North West
T000003958,A0002035,2026-06-19,14:40:46,Card Purchase,614.28,Internet Banking,Successful,Retail,Gauteng
T000003959,A0000770,2024-03-01,11:58:04,Interest,442.69,Branch,Successful,N/A,KwaZulu-Natal
T000003960,A0002017,2023-05-26,11:24:37,Debit Order,787.46,Branch,Successful,N/A,Gauteng
T000003961,A0000933,2026-03-19,14:53:46,Withdrawal,83.75,POS,Successful,N/A,Western Cape
T000003962,A0000554,2026-02-22,13:29:56,Withdrawal,412.44,Branch,Failed,N/A,KwaZulu-Natal
T000003963,A0001538,2026-07-18,12:04:01,Transfer,996.97,POS,Successful,N/A,Limpopo
T000003964,A0000412,2025-12-15,16:44:36,Deposit,376.84,Branch,Successful,N/A,Northern Cape
T000003965,A0001730,2025-08-25,19:20:41,Transfer,579.8,POS,Successful,N/A,Limpopo
T000003966,A0001832,2026-07-23,20:05:48,Debit Order,260.19,POS,Successful,N/A,Eastern Cape
T000003967,A0000321,2026-07-30,17:59:49,Card Purchase,886.77,Card,Successful,Utilities,Eastern Cape
T000003968,A0000407,2026-07-29,07:12:24,Payment,311.15,Internet Banking,Successful,Travel,KwaZulu-Natal
T000003969,A0000072,2024-06-04,22:25:30,Transfer,1548.07,Mobile App,Successful,N/A,Eastern Cape
T000003970,A0001163,2026-07-31,09:03:51,Transfer,925.73,POS,Successful,N/A,Mpumalanga
T000003971,A0001080,2025-03-30,08:52:40,Debit Order,621.29,Mobile App,Successful,N/A,Western Cape
T000003972,A0002051,2026-03-25,11:50:41,Card Purchase,228.48,Mobile App,Successful,Groceries,Gauteng
T000003973,A0001157,2026-06-07,16:08:07,Debit Order,209.35,Card,Successful,N/A,Western Cape
T000003974,A0000101,2026-07-31,19:03:44,Card Purchase,1227.4,Branch,Successful,Utilities,Gauteng
T000003975,A0000829,2026-03-28,12:01:17,Deposit,2401.43,Branch,Failed,N/A,KwaZulu-Natal
T000003976,A0002094,2024-12-18,06:49:18,Card Purchase,1546.65,Internet Banking,Successful,Travel,KwaZulu-Natal
T000003977,A0001739,2026-06-11,08:50:00,Deposit,959.58,POS,Successful,N/A,Western Cape
T000003978,A0001959,2026-07-31,11:30:42,Card Purchase,85.58,Internet Banking,Successful,Telecoms,Western Cape
T000003979,A0002380,2026-07-28,11:08:07,Payment,56.3,Card,Successful,Telecoms,Gauteng
T000003980,A0001278,2026-07-12,21:51:37,Transfer,280.39,Mobile App,Successful,N/A,Northern Cape
T000003981,A0001078,2026-01-22,12:08:40,Transfer,303.15,Mobile App,Successful,N/A,KwaZulu-Natal
T000003982,A0001472,2026-07-23,16:52:38,Withdrawal,144.98,Mobile App,Successful,N/A,Gauteng
T000003983,A0001374,2026-07-08,11:14:30,Card Purchase,1063.82,ATM,Successful,Travel,Gauteng
T000003984,A0001859,2026-07-31,16:58:10,Payment,498.29,ATM,Successful,Fuel,Western Cape
T000003985,A0000067,2024-09-01,08:58:33,Card Purchase,339.98,POS,Successful,Utilities,KwaZulu-Natal
T000003986,A0002623,2024-10-10,07:04:53,Debit Order,671.24,Card,Successful,N/A,Limpopo
T000003987,A0000968,2026-06-11,06:07:54,Card Purchase,1175.56,Mobile App,Successful,Education,KwaZulu-Natal
T000003988,A0000769,2024-10-26,06:13:40,Debit Order,1559.03,Card,Successful,N/A,Mpumalanga
T000003989,A0001871,2026-05-23,10:08:05,Payment,7390.43,Mobile App,Successful,Retail,Gauteng
T000003990,A0002726,2026-04-01,17:16:37,Transfer,1441.08,ATM,Successful,N/A,KwaZulu-Natal
T000003991,A0001478,2026-05-09,13:10:17,Card Purchase,520.67,POS,Successful,Travel,KwaZulu-Natal
T000003992,A0003020,2025-09-19,09:03:55,Card Purchase,182.32,Mobile App,Successful,Education,Western Cape
T000003993,A0003116,2026-06-18,07:14:29,Card Purchase,3011.07,Internet Banking,Successful,Other,Gauteng
T000003994,A0000794,2025-03-02,17:02:04,Deposit,2635.45,Card,Successful,N/A,Eastern Cape
T000003995,A0000449,2026-07-06,17:53:47,Card Purchase,361.5,Internet Banking,Successful,Entertainment,Gauteng
T000003996,A0000782,2026-03-03,15:27:03,Transfer,265.1,Card,Reversed,N/A,Gauteng
T000003997,A0000825,2026-07-22,20:36:40,Debit Order,3039.77,Mobile App,Successful,N/A,Western Cape
T000003998,A0002143,2026-07-26,21:14:20,Card Purchase,96.97,POS,Successful,Telecoms,Gauteng
T000003999,A0002538,2026-07-20,12:29:15,Withdrawal,162.48,Card,Successful,N/A,Gauteng
T000004000,A0000173,2026-05-24,08:49:51,Debit Order,228.4,POS,Reversed,N/A,Gauteng
T000004001,A0000142,2026-05-29,16:14:45,Card Purchase,939.57,POS,Successful,Restaurants,Northern Cape
T000004002,A0002805,2026-05-29,17:51:00,Card Purchase,2366.25,POS,Successful,Travel,Gauteng
T000004003,A0002961,2026-07-23,22:33:06,Card Purchase,698.96,ATM,Successful,Healthcare,KwaZulu-Natal
T000004004,A0000815,2025-12-30,07:50:04,Card Purchase,228.43,Card,Successful,Entertainment,Free State
T000004005,A0001905,2026-07-26,08:24:43,Card Purchase,466.6,Internet Banking,Successful,Retail,Western Cape
T000004006,A0000970,2026-01-18,10:52:32,Transfer,2647.8,POS,Successful,N/A,Limpopo
T000004007,A0002123,2025-11-20,17:02:08,Transfer,419.95,Internet Banking,Successful,N/A,Gauteng
T000004008,A0002906,2026-07-29,07:04:39,Transfer,2063.38,ATM,Successful,N/A,Gauteng
T000004009,A0000903,2026-07-17,14:48:09,Card Purchase,1705.13,ATM,Successful,Other,Gauteng
T000004010,A0001177,2026-07-24,12:24:25,Card Purchase,1560.26,ATM,Successful,Fuel,Gauteng
T000004011,A0002694,2025-05-26,09:26:44,Transfer,123.27,POS,Successful,N/A,Western Cape
T000004012,A0002550,2025-12-19,11:47:02,Card Purchase,338.22,Mobile App,Successful,Restaurants,Eastern Cape
T000004013,A0000182,2025-03-02,20:15:42,Card Purchase,1525.29,POS,Successful,Education,Western Cape
T000004014,A0001443,2026-07-25,10:11:12,Payment,965.06,Mobile App,Successful,Retail,Gauteng
T000004015,A0000450,2024-12-12,18:57:47,Deposit,1583.39,Card,Successful,N/A,KwaZulu-Natal
T000004016,A0001147,2026-04-30,07:46:59,Transfer,1118.35,POS,Successful,N/A,KwaZulu-Natal
T000004017,A0000655,2026-03-30,21:29:36,Deposit,6991.1,Card,Failed,N/A,North West
T000004018,A0002447,2026-01-06,07:08:04,Withdrawal,279.67,ATM,Successful,N/A,KwaZulu-Natal
T000004019,A0002730,2026-07-01,18:47:23,Withdrawal,665.92,Card,Successful,N/A,Gauteng
T000004020,A0002283,2026-06-20,22:57:46,Payment,952.67,Mobile App,Successful,Healthcare,KwaZulu-Natal
T000004021,A0000739,2026-07-26,15:37:39,Card Purchase,475.18,POS,Successful,Telecoms,Gauteng
T000004022,A0000173,2026-06-06,22:19:40,Transfer,473.18,ATM,Successful,N/A,Gauteng
T000004023,A0002448,2026-02-16,20:35:00,Transfer,268.77,ATM,Successful,N/A,Gauteng
T000004024,A0000900,2026-05-13,22:14:08,Debit Order,648.78,Mobile App,Successful,N/A,Western Cape
T000004025,A0001585,2025-07-05,12:30:17,Transfer,483.21,Mobile App,Successful,N/A,Limpopo
T000004026,A0002114,2025-11-05,14:41:13,Payment,2309.93,POS,Successful,Retail,Gauteng
T000004027,A0002324,2023-02-28,07:39:11,Transfer,1963.75,Card,Successful,N/A,Gauteng
T000004028,A0000009,2026-04-22,11:50:33,Card Purchase,599.11,ATM,Successful,Restaurants,KwaZulu-Natal
T000004029,A0002213,2025-10-05,09:09:16,Withdrawal,662.44,POS,Successful,N/A,North West
T000004030,A0002594,2026-06-19,07:23:13,Debit Order,262.24,POS,Successful,N/A,Gauteng
T000004031,A0000684,2026-07-24,10:30:00,Payment,280.9,Card,Successful,Utilities,Gauteng
T000004032,A0002064,2026-06-26,11:38:20,Debit Order,476.77,Mobile App,Successful,N/A,KwaZulu-Natal
T000004033,A0001800,2026-03-11,22:35:43,Deposit,1514.02,POS,Successful,N/A,KwaZulu-Natal
T000004034,A0002243,2026-07-31,13:48:34,Deposit,2192.51,Mobile App,Successful,N/A,Western Cape
T000004035,A0003086,2025-05-06,14:36:29,Transfer,132.02,Card,Successful,N/A,Eastern Cape
T000004036,A0000363,2026-01-04,15:38:09,Card Purchase,719.44,ATM,Successful,Telecoms,Western Cape
T000004037,A0001211,2026-07-24,18:45:12,Payment,535.16,Card,Successful,Education,Limpopo
T000004038,A0000703,2026-01-27,06:25:09,Transfer,285.99,Internet Banking,Successful,N/A,Free State
T000004039,A0002720,2026-05-20,06:05:48,Payment,127.45,Mobile App,Successful,Education,KwaZulu-Natal
T000004040,A0002019,2024-06-27,21:07:39,Card Purchase,20754.59,Card,Successful,Travel,Gauteng
T000004041,A0001671,2026-04-29,14:06:40,Card Purchase,362.21,Card,Successful,Utilities,Gauteng
T000004042,A0002667,2026-04-19,20:30:58,Debit Order,209.44,Mobile App,Successful,N/A,Gauteng
T000004043,A0001912,2025-01-12,22:51:34,Withdrawal,404.93,Mobile App,Successful,N/A,KwaZulu-Natal
T000004044,A0000797,2026-06-13,22:37:45,Withdrawal,157.38,POS,Successful,N/A,Gauteng
T000004045,A0001197,2026-07-22,11:22:51,Card Purchase,479.01,ATM,Successful,Other,Gauteng
T000004046,A0000398,2024-10-30,06:22:30,Withdrawal,1585.44,Mobile App,Successful,N/A,Gauteng
T000004047,A0000934,2025-11-24,21:57:15,Debit Order,201.43,Internet Banking,Successful,N/A,Gauteng
T000004048,A0002365,2025-10-21,18:31:19,Card Purchase,2190.78,Internet Banking,Successful,Fuel,KwaZulu-Natal
T000004049,A0000449,2026-07-13,13:36:57,Payment,151.9,Internet Banking,Successful,Healthcare,Gauteng
T000004050,A0002717,2026-04-18,11:51:27,Card Purchase,990.22,Mobile App,Successful,Telecoms,Western Cape
T000004051,A0000113,2026-07-31,19:34:24,Transfer,848.2,Card,Successful,N/A,Gauteng
T000004052,A0001166,2026-04-05,09:37:54,Card Purchase,1470.91,Mobile App,Successful,Utilities,Gauteng
T000004053,A0002724,2025-08-17,15:45:37,Payment,2515.71,ATM,Successful,Retail,Gauteng
T000004054,A0000751,2026-04-01,17:52:56,Debit Order,7557.42,Internet Banking,Successful,N/A,Mpumalanga
T000004055,A0003104,2026-07-14,11:06:22,Withdrawal,604.25,POS,Successful,N/A,Gauteng
T000004056,A0002829,2026-04-05,20:44:28,Card Purchase,1708.32,ATM,Successful,Groceries,KwaZulu-Natal
T000004057,A0003149,2026-07-29,20:19:17,Bank Fee,2097.42,Card,Successful,N/A,KwaZulu-Natal
T000004058,A0000219,2025-03-15,20:29:33,Card Purchase,1481.46,Mobile App,Successful,Telecoms,Limpopo
T000004059,A0000918,2026-02-14,15:08:37,Card Purchase,1122.92,Card,Successful,Other,Limpopo
T000004060,A0001964,2026-05-29,12:29:23,Interest,3121.92,Branch,Successful,N/A,Limpopo
T000004061,A0003158,2026-07-16,15:11:48,Card Purchase,748.83,Card,Successful,Restaurants,Northern Cape
T000004062,A0002598,2026-06-18,17:06:25,Card Purchase,1144.03,Mobile App,Successful,Groceries,Gauteng
T000004063,A0001487,2026-07-21,20:32:33,Card Purchase,313.5,Card,Successful,Groceries,Western Cape
T000004064,A0001662,2026-05-11,20:18:58,Card Purchase,448.66,Mobile App,Successful,Groceries,Gauteng
T000004065,A0000379,2025-01-10,15:23:35,Card Purchase,385.77,Mobile App,Successful,Entertainment,KwaZulu-Natal
T000004066,A0001519,2025-07-28,16:35:56,Card Purchase,699.55,Card,Successful,Healthcare,Western Cape
T000004067,A0000795,2026-01-11,07:57:23,Card Purchase,1083.56,Mobile App,Successful,Education,Gauteng
T000004068,A0001946,2026-06-27,10:00:06,Debit Order,1016.75,Mobile App,Successful,N/A,Free State
T000004069,A0002673,2026-05-28,12:37:04,Interest,155.32,Mobile App,Successful,N/A,Western Cape
T000004070,A0000620,2025-07-09,09:10:53,Card Purchase,725.02,Mobile App,Successful,Entertainment,Western Cape
T000004071,A0001665,2024-12-29,20:54:41,Card Purchase,5596.59,Card,Successful,Healthcare,Gauteng
T000004072,A0003152,2025-12-01,13:45:42,Withdrawal,115.94,Card,Successful,N/A,KwaZulu-Natal
T000004073,A0001068,2025-09-25,09:53:41,Card Purchase,747.47,Mobile App,Successful,Other,North West
T000004074,A0001920,2026-04-25,07:44:51,Card Purchase,473.88,Mobile App,Successful,Groceries,Limpopo
T000004075,A0002608,2024-06-20,15:54:49,Card Purchase,607.05,Mobile App,Successful,Fuel,Gauteng
T000004076,A0000476,2023-07-13,13:10:47,Payment,821.21,Mobile App,Successful,Education,Eastern Cape
T000004077,A0000988,2026-05-31,16:41:43,Card Purchase,245.81,Mobile App,Successful,Entertainment,Gauteng
T000004078,A0002285,2026-03-14,20:48:27,Debit Order,984.97,Internet Banking,Successful,N/A,Free State
T000004079,A0000104,2026-05-20,18:02:09,Card Purchase,674.73,ATM,Successful,Telecoms,KwaZulu-Natal
T000004080,A0000077,2025-10-25,13:57:56,Transfer,546.11,Mobile App,Successful,N/A,Gauteng
T000004081,A0001119,2026-07-22,09:52:38,Debit Order,230.6,Card,Successful,N/A,Eastern Cape
T000004082,A0001385,2026-07-11,20:44:28,Card Purchase,621.88,Branch,Successful,Travel,Northern Cape
T000004083,A0000741,2026-04-14,12:47:47,Card Purchase,674.5,Card,Successful,Other,Limpopo
T000004084,A0002424,2026-07-12,17:56:35,Debit Order,207.77,Card,Successful,N/A,Western Cape
T000004085,A0002956,2026-07-16,14:27:31,Card Purchase,288.57,Mobile App,Successful,Utilities,Gauteng
T000004086,A0000682,2026-07-31,19:33:55,Deposit,2516.23,Card,Successful,N/A,Western Cape
T000004087,A0002136,2025-12-22,10:24:34,Transfer,398.01,Mobile App,Successful,N/A,KwaZulu-Natal
T000004088,A0002320,2026-04-30,13:22:40,Card Purchase,474.32,Mobile App,Successful,Entertainment,Free State
T000004089,A0000913,2026-02-17,12:19:40,Deposit,6507.79,POS,Successful,N/A,KwaZulu-Natal
T000004090,A0002544,2026-07-09,10:21:01,Debit Order,299.76,Card,Successful,N/A,Gauteng
T000004091,A0001084,2026-07-19,07:47:01,Transfer,159.26,Branch,Successful,N/A,Gauteng
T000004092,A0000449,2026-06-29,20:18:40,Debit Order,238.6,Internet Banking,Successful,N/A,Gauteng
T000004093,A0001975,2026-07-15,16:25:21,Transfer,4621.5,POS,Successful,N/A,Mpumalanga
T000004094,A0000325,2024-03-18,14:21:07,Card Purchase,138.54,Mobile App,Successful,Groceries,Western Cape
T000004095,A0002318,2026-05-26,10:55:03,Transfer,196.28,POS,Successful,N/A,Gauteng
T000004096,A0000988,2025-06-24,19:56:07,Card Purchase,1447.25,ATM,Successful,Travel,Gauteng
T000004097,A0002318,2025-12-21,09:52:43,Payment,348.45,POS,Successful,Fuel,Gauteng
T000004098,A0002972,2025-11-22,19:12:21,Card Purchase,3037.18,Mobile App,Successful,Groceries,Mpumalanga
T000004099,A0002374,2026-06-19,19:33:05,Card Purchase,217.51,Mobile App,Successful,Education,Eastern Cape
T000004100,A0000644,2026-07-16,06:19:01,Withdrawal,421.0,Mobile App,Successful,N/A,Western Cape
T000004101,A0001574,2025-07-12,13:23:52,Withdrawal,1808.18,ATM,Successful,N/A,KwaZulu-Natal
T000004102,A0000553,2025-10-16,09:13:06,Bank Fee,653.76,Internet Banking,Successful,N/A,Gauteng
T000004103,A0000341,2025-06-03,08:28:43,Card Purchase,968.17,POS,Successful,Groceries,Free State
T000004104,A0000625,2026-07-11,16:26:04,Withdrawal,1649.26,POS,Successful,N/A,Western Cape
T000004105,A0002594,2026-04-24,06:18:38,Payment,819.85,ATM,Successful,Telecoms,Gauteng
T000004106,A0001428,2026-07-15,22:10:29,Deposit,2754.06,POS,Successful,N/A,Gauteng
T000004107,A0002209,2026-01-09,12:11:16,Deposit,571.23,Mobile App,Successful,N/A,KwaZulu-Natal
T000004108,A0002680,2026-07-30,08:34:11,Card Purchase,778.29,ATM,Successful,Groceries,KwaZulu-Natal
T000004109,A0003193,2025-03-27,15:46:16,Card Purchase,2332.16,Internet Banking,Successful,Education,KwaZulu-Natal
T000004110,A0000604,2026-03-31,21:45:33,Interest,305.02,POS,Successful,N/A,KwaZulu-Natal
T000004111,A0002391,2025-07-15,22:18:59,Transfer,187.56,ATM,Successful,N/A,Western Cape
T000004112,A0002484,2026-05-18,15:13:36,Debit Order,1985.2,Card,Successful,N/A,Eastern Cape
T000004113,A0000888,2026-01-19,19:13:54,Withdrawal,1895.3,POS,Successful,N/A,Gauteng
T000004114,A0002283,2025-12-03,18:09:11,Deposit,3276.32,Mobile App,Successful,N/A,KwaZulu-Natal
T000004115,A0001746,2026-06-03,09:49:03,Interest,706.93,Branch,Successful,N/A,Western Cape
T000004116,A0001794,2026-06-04,07:51:53,Withdrawal,2049.42,ATM,Successful,N/A,Limpopo
T000004117,A0002472,2026-07-26,09:11:49,Card Purchase,1160.54,POS,Successful,Retail,Eastern Cape
T000004118,A0002067,2026-05-18,09:03:18,Debit Order,1603.6,Mobile App,Successful,N/A,Gauteng
T000004119,A0002642,2025-12-12,15:00:26,Card Purchase,7044.9,ATM,Successful,Fuel,Northern Cape
T000004120,A0002481,2025-10-26,09:38:52,Card Purchase,580.23,Card,Successful,Retail,Mpumalanga
T000004121,A0001237,2026-06-26,14:28:38,Transfer,1397.54,Mobile App,Successful,N/A,Mpumalanga
T000004122,A0000390,2026-05-29,11:53:49,Withdrawal,321.39,Mobile App,Successful,N/A,Gauteng
T000004123,A0002797,2026-05-14,12:50:15,Withdrawal,952.19,Mobile App,Successful,N/A,Eastern Cape
T000004124,A0000816,2026-05-08,12:17:01,Card Purchase,459.14,ATM,Successful,Utilities,Eastern Cape
T000004125,A0000939,2026-03-25,20:16:54,Card Purchase,249.37,POS,Successful,Healthcare,Western Cape
T000004126,A0002126,2024-09-28,07:43:44,Transfer,1955.52,ATM,Successful,N/A,Eastern Cape
T000004127,A0001538,2026-07-04,22:37:20,Transfer,1498.51,Mobile App,Successful,N/A,Limpopo
T000004128,A0001265,2026-05-23,16:58:08,Transfer,438.78,POS,Successful,N/A,Gauteng
T000004129,A0002081,2025-07-30,16:14:36,Debit Order,40.96,Card,Successful,N/A,Western Cape
T000004130,A0001884,2026-06-13,22:31:15,Payment,1527.87,POS,Successful,Groceries,Gauteng
T000004131,A0001646,2024-09-08,12:06:10,Card Purchase,950.32,Branch,Successful,Utilities,North West
T000004132,A0001337,2026-07-18,07:22:43,Card Purchase,1393.25,Mobile App,Successful,Groceries,Mpumalanga
T000004133,A0001740,2025-01-15,21:13:03,Deposit,5397.69,Mobile App,Successful,N/A,Eastern Cape
T000004134,A0001671,2026-04-13,22:50:25,Deposit,2349.89,Card,Successful,N/A,Gauteng
T000004135,A0000260,2026-07-30,16:57:00,Card Purchase,402.26,Internet Banking,Successful,Other,KwaZulu-Natal
T000004136,A0001317,2026-05-17,09:14:47,Transfer,540.87,POS,Successful,N/A,Western Cape
T000004137,A0001631,2025-07-14,11:13:22,Card Purchase,507.16,Mobile App,Successful,Education,Limpopo
T000004138,A0002852,2026-07-25,13:18:42,Card Purchase,673.31,Mobile App,Successful,Fuel,Mpumalanga
T000004139,A0002178,2026-04-07,19:06:33,Deposit,593.28,Card,Successful,N/A,Northern Cape
T000004140,A0002190,2026-06-28,15:45:34,Card Purchase,361.97,Branch,Successful,Restaurants,Gauteng
T000004141,A0000439,2026-07-29,14:44:03,Debit Order,507.87,POS,Successful,N/A,Western Cape
T000004142,A0002933,2026-07-08,17:16:13,Card Purchase,811.99,ATM,Successful,Other,KwaZulu-Natal
T000004143,A0000085,2025-11-01,19:26:43,Card Purchase,504.93,Mobile App,Successful,Utilities,Free State
T000004144,A0001872,2026-01-26,15:43:00,Card Purchase,1075.99,Internet Banking,Successful,Telecoms,Gauteng
T000004145,A0000766,2025-03-08,08:55:07,Withdrawal,1793.84,Card,Successful,N/A,Western Cape
T000004146,A0002009,2026-05-05,13:14:46,Debit Order,1375.08,ATM,Successful,N/A,KwaZulu-Natal
T000004147,A0002435,2026-07-06,11:43:15,Card Purchase,665.6,Internet Banking,Successful,Other,Gauteng
T000004148,A0001392,2025-12-19,13:48:28,Bank Fee,345.42,Card,Successful,N/A,Gauteng
T000004149,A0002758,2025-10-12,08:28:53,Transfer,201.94,POS,Successful,N/A,Western Cape
T000004150,A0003179,2023-02-25,22:07:26,Card Purchase,3157.3,Card,Successful,Fuel,Gauteng
T000004151,A0001708,2026-03-24,18:27:06,Transfer,285.42,ATM,Reversed,N/A,Western Cape
T000004152,A0001941,2026-07-22,21:48:16,Debit Order,59.55,POS,Failed,N/A,Gauteng
T000004153,A0000823,2026-04-08,10:52:52,Card Purchase,623.57,Card,Successful,Utilities,Western Cape
T000004154,A0000927,2026-04-07,15:33:18,Transfer,261.73,Mobile App,Successful,N/A,Mpumalanga
T000004155,A0000333,2026-06-10,15:17:46,Bank Fee,5210.46,Card,Successful,N/A,Limpopo
T000004156,A0000444,2023-11-03,06:09:19,Debit Order,1825.47,ATM,Successful,N/A,KwaZulu-Natal
T000004157,A0000869,2026-05-04,15:21:01,Payment,2577.0,Mobile App,Successful,Retail,Gauteng
T000004158,A0002540,2026-05-11,15:08:19,Card Purchase,525.02,Internet Banking,Successful,Entertainment,KwaZulu-Natal
T000004159,A0001689,2025-10-14,22:56:20,Debit Order,277.05,Mobile App,Successful,N/A,Eastern Cape
T000004160,A0000769,2024-11-27,07:34:43,Debit Order,631.4,POS,Successful,N/A,Mpumalanga
T000004161,A0002733,2026-04-20,20:40:02,Bank Fee,937.25,Card,Successful,N/A,Western Cape
T000004162,A0000189,2026-06-07,18:52:14,Payment,231.14,Mobile App,Successful,Travel,North West
T000004163,A0002367,2025-06-09,14:13:03,Deposit,4859.16,Card,Reversed,N/A,Free State
T000004164,A0000235,2025-11-19,13:27:33,Debit Order,188.74,POS,Successful,N/A,Gauteng
T000004165,A0002034,2026-05-31,12:21:12,Transfer,5062.88,Mobile App,Successful,N/A,Eastern Cape
T000004166,A0001785,2026-07-21,18:52:55,Transfer,707.47,POS,Successful,N/A,Mpumalanga
T000004167,A0002037,2023-05-09,16:44:33,Debit Order,1181.47,Branch,Successful,N/A,North West
T000004168,A0001453,2026-06-22,09:03:06,Card Purchase,585.95,Mobile App,Successful,Travel,KwaZulu-Natal
T000004169,A0000059,2026-05-14,12:29:15,Bank Fee,2059.48,ATM,Failed,N/A,Gauteng
T000004170,A0001341,2026-07-03,13:53:08,Interest,365.32,ATM,Successful,N/A,North West
T000004171,A0001773,2026-03-12,07:21:36,Payment,3141.78,Mobile App,Successful,Retail,Western Cape
T000004172,A0000647,2025-05-31,09:05:36,Deposit,1480.76,Card,Successful,N/A,Mpumalanga
T000004173,A0000459,2026-06-18,08:36:11,Deposit,1297.42,Mobile App,Successful,N/A,Gauteng
T000004174,A0002424,2026-03-12,16:35:55,Debit Order,838.7,Mobile App,Successful,N/A,Western Cape
T000004175,A0001126,2026-06-23,14:45:16,Card Purchase,853.74,Internet Banking,Successful,Groceries,Eastern Cape
T000004176,A0001699,2026-03-05,09:01:56,Deposit,3926.06,Mobile App,Successful,N/A,Western Cape
T000004177,A0001890,2025-03-04,12:07:17,Card Purchase,161.74,Mobile App,Successful,Entertainment,Free State
T000004178,A0002085,2026-07-01,20:42:26,Deposit,8326.89,POS,Successful,N/A,North West
T000004179,A0002621,2026-01-16,11:01:52,Deposit,12201.67,Branch,Successful,N/A,Western Cape
T000004180,A0000013,2026-07-17,12:04:18,Deposit,746.04,Mobile App,Successful,N/A,Gauteng
T000004181,A0002957,2026-07-01,07:21:27,Payment,789.46,Branch,Successful,Restaurants,Gauteng
T000004182,A0002589,2025-12-31,19:50:17,Interest,778.4,Mobile App,Successful,N/A,KwaZulu-Natal
T000004183,A0002368,2025-03-06,17:41:21,Transfer,2037.44,Card,Successful,N/A,Western Cape
T000004184,A0003134,2024-03-03,15:24:07,Debit Order,1257.7,Internet Banking,Successful,N/A,Gauteng
T000004185,A0002315,2025-10-18,18:52:54,Debit Order,1811.96,POS,Successful,N/A,Northern Cape
T000004186,A0000402,2026-06-24,16:58:57,Card Purchase,1036.01,Card,Successful,Telecoms,Western Cape
T000004187,A0001427,2026-06-11,09:47:44,Card Purchase,54.93,ATM,Successful,Retail,Free State
T000004188,A0001195,2024-08-11,20:43:13,Card Purchase,290.3,Internet Banking,Successful,Education,Gauteng
T000004189,A0002829,2026-07-15,18:19:46,Card Purchase,555.26,Card,Successful,Groceries,KwaZulu-Natal
T000004190,A0000901,2026-04-25,14:14:50,Card Purchase,1927.67,Mobile App,Successful,Healthcare,Free State
T000004191,A0002976,2025-11-12,14:16:02,Card Purchase,208.8,Internet Banking,Successful,Retail,Eastern Cape
T000004192,A0000838,2026-07-15,13:17:08,Interest,692.45,Mobile App,Successful,N/A,Free State
T000004193,A0002606,2026-02-25,19:04:29,Card Purchase,798.97,POS,Successful,Fuel,Gauteng
T000004194,A0001290,2025-10-16,17:20:31,Deposit,1741.61,Mobile App,Successful,N/A,Gauteng
T000004195,A0002142,2025-12-31,07:22:01,Payment,783.42,Internet Banking,Successful,Utilities,KwaZulu-Natal
T000004196,A0001959,2026-07-12,20:06:30,Bank Fee,577.73,Mobile App,Successful,N/A,Western Cape
T000004197,A0002385,2026-07-31,06:51:02,Card Purchase,4351.86,Internet Banking,Failed,Entertainment,Gauteng
T000004198,A0001582,2026-04-18,18:23:12,Card Purchase,976.09,Card,Successful,Travel,KwaZulu-Natal
T000004199,A0000337,2025-10-08,16:27:03,Transfer,272.34,Mobile App,Successful,N/A,Gauteng
T000004200,A0001861,2026-04-29,19:42:48,Transfer,1144.54,Mobile App,Successful,N/A,Gauteng
T000004201,A0003085,2024-12-05,14:38:16,Transfer,2507.22,Internet Banking,Successful,N/A,Gauteng
T000004202,A0003058,2026-02-13,12:21:28,Interest,942.66,ATM,Successful,N/A,Western Cape
T000004203,A0000028,2025-11-08,15:14:16,Transfer,1674.09,Branch,Successful,N/A,Gauteng
T000004204,A0002680,2026-07-06,06:24:36,Payment,255.06,Card,Successful,Utilities,KwaZulu-Natal
T000004205,A0000847,2025-06-16,21:18:59,Deposit,703.71,ATM,Successful,N/A,Western Cape
T000004206,A0002805,2026-04-15,14:19:16,Transfer,2368.13,ATM,Successful,N/A,Gauteng
T000004207,A0001712,2026-07-29,20:37:06,Payment,933.58,POS,Successful,Other,Western Cape
T000004208,A0001909,2026-07-01,09:19:32,Payment,1410.49,Mobile App,Successful,Healthcare,Gauteng
T000004209,A0000344,2025-01-17,11:55:25,Debit Order,505.05,Mobile App,Successful,N/A,Mpumalanga
T000004210,A0001127,2026-07-15,08:01:00,Debit Order,497.65,Mobile App,Successful,N/A,Gauteng
T000004211,A0001685,2026-02-07,14:46:14,Debit Order,1394.6,ATM,Successful,N/A,Gauteng
T000004212,A0001730,2026-03-16,19:15:48,Withdrawal,1416.69,POS,Successful,N/A,Limpopo
T000004213,A0001625,2025-04-14,20:44:53,Card Purchase,2093.86,Internet Banking,Successful,Retail,Eastern Cape
T000004214,A0001220,2026-07-28,12:14:07,Transfer,459.05,Mobile App,Successful,N/A,Western Cape
T000004215,A0002923,2026-07-16,13:00:42,Card Purchase,133.69,POS,Successful,Groceries,Western Cape
T000004216,A0000405,2026-06-16,20:24:29,Debit Order,1775.52,Mobile App,Successful,N/A,KwaZulu-Natal
T000004217,A0001716,2026-01-20,20:07:22,Payment,2099.58,ATM,Successful,Healthcare,Gauteng
T000004218,A0001557,2026-06-12,20:51:46,Debit Order,344.79,Internet Banking,Successful,N/A,Gauteng
T000004219,A0002924,2026-07-12,13:18:23,Card Purchase,1944.88,ATM,Successful,Fuel,Mpumalanga
T000004220,A0000238,2026-02-06,14:34:47,Withdrawal,358.62,Mobile App,Successful,N/A,Western Cape
T000004221,A0002248,2024-10-17,06:04:04,Transfer,213.25,ATM,Successful,N/A,Gauteng
T000004222,A0000927,2025-09-01,07:22:10,Payment,2164.36,Card,Successful,Other,Mpumalanga
T000004223,A0000073,2026-07-30,06:01:41,Card Purchase,632.97,Internet Banking,Successful,Healthcare,Mpumalanga
T000004224,A0001966,2026-03-17,09:32:37,Interest,493.57,Mobile App,Successful,N/A,Western Cape
T000004225,A0002845,2026-02-12,12:58:22,Card Purchase,474.54,Mobile App,Successful,Education,Western Cape
T000004226,A0000070,2025-09-07,20:32:19,Card Purchase,220.03,POS,Successful,Education,Western Cape
T000004227,A0003189,2026-07-11,10:58:44,Transfer,1042.98,Mobile App,Successful,N/A,Western Cape
T000004228,A0000353,2025-09-08,17:41:43,Withdrawal,953.66,Mobile App,Successful,N/A,Gauteng
T000004229,A0001409,2026-03-29,22:40:14,Debit Order,114.58,Branch,Successful,N/A,KwaZulu-Natal
T000004230,A0001802,2026-07-26,11:29:23,Card Purchase,98.84,Card,Successful,Fuel,Western Cape
T000004231,A0000913,2026-04-30,07:18:33,Card Purchase,1000.47,Mobile App,Successful,Healthcare,KwaZulu-Natal
T000004232,A0002960,2026-04-27,20:49:47,Debit Order,156.8,POS,Successful,N/A,Free State
T000004233,A0001989,2026-04-14,21:07:35,Bank Fee,859.26,Mobile App,Successful,N/A,KwaZulu-Natal
T000004234,A0000413,2026-07-28,10:44:05,Interest,290.29,Mobile App,Successful,N/A,Gauteng
T000004235,A0002733,2026-05-20,19:01:38,Card Purchase,980.78,Internet Banking,Successful,Restaurants,Western Cape
T000004236,A0001926,2024-11-10,06:35:49,Deposit,3249.06,Branch,Successful,N/A,Gauteng
T000004237,A0001954,2026-06-29,19:10:06,Transfer,284.66,Mobile App,Successful,N/A,Eastern Cape
T000004238,A0000257,2026-06-03,21:57:07,Bank Fee,205.9,Card,Successful,N/A,Gauteng
T000004239,A0002446,2026-07-29,19:57:25,Transfer,596.03,Branch,Successful,N/A,KwaZulu-Natal
T000004240,A0000884,2026-07-02,22:13:18,Withdrawal,2668.14,POS,Successful,N/A,KwaZulu-Natal
T000004241,A0001646,2026-01-01,17:55:19,Card Purchase,7402.1,Card,Successful,Groceries,North West
T000004242,A0001657,2025-12-20,10:19:08,Card Purchase,310.98,Mobile App,Successful,Restaurants,Western Cape
T000004243,A0001951,2026-06-13,09:24:33,Withdrawal,616.12,Card,Successful,N/A,Limpopo
T000004244,A0001603,2025-01-08,14:49:51,Transfer,1230.87,Internet Banking,Successful,N/A,Gauteng
T000004245,A0002956,2026-05-28,14:51:28,Payment,1070.67,Mobile App,Successful,Entertainment,Gauteng
T000004246,A0000752,2026-05-09,07:13:14,Card Purchase,468.57,Internet Banking,Successful,Retail,Gauteng
T000004247,A0001210,2026-05-09,19:42:13,Debit Order,67.05,POS,Successful,N/A,North West
T000004248,A0002432,2024-10-18,11:19:24,Card Purchase,121.77,Card,Successful,Fuel,Northern Cape
T000004249,A0001298,2026-06-22,12:35:16,Card Purchase,756.12,ATM,Successful,Travel,Mpumalanga
T000004250,A0002777,2026-07-24,11:45:07,Debit Order,3627.3,Mobile App,Successful,N/A,Western Cape
T000004251,A0000269,2026-05-21,17:31:19,Debit Order,914.6,POS,Successful,N/A,Free State
T000004252,A0001883,2026-07-25,12:54:59,Debit Order,201.25,Internet Banking,Successful,N/A,KwaZulu-Natal
T000004253,A0000677,2025-12-04,20:42:48,Bank Fee,3585.8,Mobile App,Successful,N/A,Western Cape
T000004254,A0002723,2026-07-30,22:05:29,Payment,338.6,ATM,Successful,Telecoms,Gauteng
T000004255,A0001399,2026-07-15,13:53:40,Card Purchase,1902.3,Mobile App,Successful,Travel,KwaZulu-Natal
T000004256,A0002039,2026-02-20,14:04:42,Card Purchase,3550.23,Mobile App,Successful,Telecoms,Western Cape
T000004257,A0001876,2024-12-29,06:06:48,Card Purchase,1239.45,POS,Successful,Telecoms,Limpopo
T000004258,A0002015,2026-02-17,11:52:23,Payment,333.97,Card,Successful,Utilities,Gauteng
T000004259,A0001686,2026-07-04,16:59:05,Debit Order,403.35,Branch,Successful,N/A,North West
T000004260,A0000178,2025-11-13,10:21:07,Transfer,2119.56,ATM,Successful,N/A,Free State
T000004261,A0001013,2026-07-21,18:53:03,Card Purchase,655.36,Mobile App,Successful,Groceries,Western Cape
T000004262,A0000353,2025-12-21,07:15:17,Bank Fee,1219.4,Internet Banking,Successful,N/A,Gauteng
T000004263,A0000514,2025-09-06,15:38:21,Card Purchase,241.75,Card,Successful,Restaurants,Mpumalanga
T000004264,A0002589,2026-07-18,07:58:15,Bank Fee,2198.21,ATM,Successful,N/A,KwaZulu-Natal
T000004265,A0002758,2025-04-08,18:23:21,Debit Order,1859.18,ATM,Successful,N/A,Western Cape
T000004266,A0001799,2026-01-09,07:13:59,Payment,407.11,ATM,Successful,Utilities,Western Cape
T000004267,A0002292,2025-06-19,19:06:47,Withdrawal,1141.41,ATM,Successful,N/A,Western Cape
T000004268,A0000968,2025-02-04,14:14:38,Card Purchase,1219.68,ATM,Successful,Education,KwaZulu-Natal
T000004269,A0002474,2026-02-04,11:03:40,Card Purchase,691.74,Card,Successful,Other,Mpumalanga
T000004270,A0000853,2026-07-05,08:12:26,Payment,2700.59,Mobile App,Successful,Fuel,Gauteng
T000004271,A0002838,2026-01-07,22:46:50,Card Purchase,11055.84,Mobile App,Successful,Travel,Gauteng
T000004272,A0002715,2026-02-27,18:00:06,Debit Order,3437.97,POS,Successful,N/A,Eastern Cape
T000004273,A0002046,2025-10-18,13:11:12,Card Purchase,106.1,POS,Successful,Restaurants,Gauteng
T000004274,A0000348,2026-05-19,22:12:28,Payment,1480.42,Mobile App,Successful,Fuel,KwaZulu-Natal
T000004275,A0001188,2025-06-02,06:30:53,Card Purchase,341.37,Mobile App,Successful,Telecoms,Gauteng
T000004276,A0002732,2024-11-21,08:10:41,Transfer,1312.92,ATM,Successful,N/A,Gauteng
T000004277,A0002353,2026-07-19,11:50:12,Card Purchase,474.12,Branch,Successful,Education,Limpopo
T000004278,A0001353,2026-04-09,17:44:08,Card Purchase,4761.75,POS,Successful,Groceries,Mpumalanga
T000004279,A0000050,2025-10-08,06:47:18,Transfer,1648.96,POS,Successful,N/A,Gauteng
T000004280,A0000240,2024-11-25,19:59:02,Bank Fee,1002.16,Card,Successful,N/A,Western Cape
T000004281,A0000230,2023-06-09,17:18:11,Payment,208.95,POS,Successful,Travel,Gauteng
T000004282,A0003001,2026-07-04,15:04:51,Interest,748.05,Card,Successful,N/A,Free State
T000004283,A0002269,2026-04-16,20:28:00,Transfer,1698.51,Card,Successful,N/A,Gauteng
T000004284,A0002080,2024-08-08,22:31:04,Card Purchase,559.99,Card,Successful,Restaurants,Limpopo
T000004285,A0000701,2025-04-29,14:50:12,Withdrawal,814.29,Mobile App,Successful,N/A,Gauteng
T000004286,A0000195,2026-07-06,16:29:18,Card Purchase,773.16,POS,Successful,Healthcare,Gauteng
T000004287,A0000608,2026-07-31,06:41:20,Bank Fee,11352.96,Card,Successful,N/A,Gauteng
T000004288,A0001141,2025-06-25,22:43:17,Payment,635.04,Mobile App,Successful,Telecoms,Gauteng
T000004289,A0000795,2025-08-31,19:57:12,Payment,721.11,Mobile App,Successful,Travel,Gauteng
T000004290,A0002710,2025-01-09,14:17:28,Deposit,1363.12,Mobile App,Failed,N/A,Gauteng
T000004291,A0000693,2025-02-11,08:26:16,Card Purchase,667.61,Card,Successful,Entertainment,Western Cape
T000004292,A0000609,2026-07-28,18:49:33,Card Purchase,158.07,Internet Banking,Successful,Telecoms,Mpumalanga
T000004293,A0002237,2025-11-06,10:10:36,Debit Order,283.18,Mobile App,Successful,N/A,Gauteng
T000004294,A0002894,2026-07-11,18:54:25,Card Purchase,396.98,Mobile App,Successful,Education,Gauteng
T000004295,A0002519,2026-07-31,10:14:47,Payment,1924.56,POS,Successful,Retail,KwaZulu-Natal
T000004296,A0002484,2026-01-26,19:19:04,Debit Order,387.7,Mobile App,Successful,N/A,Eastern Cape
T000004297,A0002749,2026-07-02,17:48:57,Card Purchase,1231.61,ATM,Reversed,Other,Western Cape
T000004298,A0002674,2025-11-26,10:31:49,Card Purchase,421.82,Branch,Successful,Travel,Mpumalanga
T000004299,A0000856,2026-05-03,12:27:48,Card Purchase,781.1,ATM,Successful,Restaurants,Free State
T000004300,A0002975,2022-10-02,22:13:54,Transfer,705.23,ATM,Successful,N/A,Gauteng
T000004301,A0001159,2026-07-22,17:56:29,Card Purchase,1597.1,ATM,Successful,Other,Gauteng
T000004302,A0000675,2026-01-25,13:22:04,Card Purchase,138.38,Mobile App,Successful,Other,Gauteng
T000004303,A0000665,2026-02-09,08:21:14,Payment,2609.78,Mobile App,Successful,Restaurants,Gauteng
T000004304,A0002372,2025-05-25,12:37:24,Debit Order,821.74,ATM,Successful,N/A,Western Cape
T000004305,A0000979,2025-10-30,06:07:10,Card Purchase,919.52,Mobile App,Successful,Education,Mpumalanga
T000004306,A0001956,2026-05-21,09:14:50,Payment,84.3,Mobile App,Successful,Travel,KwaZulu-Natal
T000004307,A0002424,2026-05-04,22:50:40,Deposit,1610.52,Mobile App,Successful,N/A,Western Cape
T000004308,A0001798,2026-02-18,11:21:56,Card Purchase,265.67,Card,Successful,Education,Western Cape
T000004309,A0000217,2026-07-16,21:07:37,Deposit,1832.77,Card,Successful,N/A,KwaZulu-Natal
T000004310,A0001002,2026-06-22,20:01:18,Card Purchase,554.33,Branch,Successful,Utilities,Western Cape
T000004311,A0001530,2023-12-04,18:35:22,Payment,3937.65,Branch,Successful,Healthcare,KwaZulu-Natal
T000004312,A0003095,2026-06-24,17:37:45,Card Purchase,126.68,ATM,Successful,Travel,Gauteng
T000004313,A0002232,2025-12-31,10:38:24,Transfer,118.6,Mobile App,Successful,N/A,KwaZulu-Natal
T000004314,A0001612,2026-03-08,20:56:44,Deposit,779.55,Internet Banking,Successful,N/A,KwaZulu-Natal
T000004315,A0001058,2026-06-14,22:21:33,Card Purchase,663.53,ATM,Successful,Retail,Western Cape
T000004316,A0000626,2026-05-20,13:10:45,Bank Fee,776.35,Branch,Successful,N/A,Gauteng
T000004317,A0001075,2026-04-01,09:03:18,Card Purchase,529.75,POS,Successful,Groceries,KwaZulu-Natal
T000004318,A0000009,2026-04-30,16:30:46,Card Purchase,556.65,Internet Banking,Successful,Education,KwaZulu-Natal
T000004319,A0000889,2026-05-25,12:58:08,Payment,2170.78,Mobile App,Successful,Retail,Gauteng
T000004320,A0002229,2026-06-09,19:10:17,Deposit,2412.97,Card,Successful,N/A,Western Cape
T000004321,A0001139,2025-09-17,11:30:56,Transfer,114.08,Card,Successful,N/A,Western Cape
T000004322,A0001230,2026-07-05,20:13:34,Card Purchase,399.23,Card,Successful,Other,Gauteng
T000004323,A0002355,2025-03-06,15:18:02,Card Purchase,195.77,ATM,Successful,Telecoms,Gauteng
T000004324,A0001595,2026-05-29,18:59:08,Bank Fee,274.38,Mobile App,Successful,N/A,Mpumalanga
T000004325,A0001810,2026-06-23,12:47:34,Transfer,890.75,Mobile App,Failed,N/A,Gauteng
T000004326,A0000011,2026-05-26,11:09:53,Card Purchase,546.29,ATM,Successful,Fuel,Gauteng
T000004327,A0001985,2026-07-15,15:44:18,Deposit,3517.15,ATM,Successful,N/A,Mpumalanga
T000004328,A0002197,2026-02-05,09:51:53,Bank Fee,1288.95,POS,Successful,N/A,Gauteng
T000004329,A0001151,2026-07-26,19:46:25,Card Purchase,384.98,Internet Banking,Successful,Utilities,KwaZulu-Natal
T000004330,A0001599,2025-10-22,20:47:06,Deposit,6171.73,Internet Banking,Successful,N/A,Western Cape
T000004331,A0002148,2026-05-11,13:16:03,Transfer,316.83,Mobile App,Successful,N/A,Gauteng
T000004332,A0002990,2025-08-03,12:32:53,Deposit,2069.42,POS,Successful,N/A,Free State
T000004333,A0000447,2025-02-15,21:07:15,Transfer,292.42,POS,Successful,N/A,Gauteng
T000004334,A0002874,2026-06-07,07:26:49,Card Purchase,1570.53,Card,Successful,Healthcare,Gauteng
T000004335,A0001206,2026-06-23,10:39:57,Transfer,796.69,Mobile App,Successful,N/A,Western Cape
T000004336,A0000980,2025-02-14,09:30:03,Withdrawal,403.64,Card,Successful,N/A,KwaZulu-Natal
T000004337,A0002750,2026-02-04,22:32:46,Debit Order,5612.85,Mobile App,Successful,N/A,Mpumalanga
T000004338,A0002570,2026-01-13,20:15:20,Card Purchase,183.7,Card,Successful,Entertainment,Gauteng
T000004339,A0003131,2026-03-05,20:32:45,Card Purchase,689.95,Mobile App,Successful,Retail,Mpumalanga
T000004340,A0001765,2026-06-04,14:41:52,Card Purchase,420.13,ATM,Successful,Groceries,Gauteng
T000004341,A0001559,2025-08-09,17:45:42,Card Purchase,1214.76,Mobile App,Successful,Education,Gauteng
T000004342,A0001160,2026-07-02,14:18:24,Card Purchase,911.68,Mobile App,Successful,Education,Eastern Cape
T000004343,A0000458,2026-01-04,17:32:01,Card Purchase,924.83,POS,Successful,Telecoms,Gauteng
T000004344,A0000636,2026-03-20,21:35:40,Transfer,887.61,Card,Successful,N/A,Gauteng
T000004345,A0003048,2026-05-03,10:54:10,Bank Fee,189.08,POS,Successful,N/A,KwaZulu-Natal
T000004346,A0002465,2025-09-08,14:31:07,Card Purchase,545.26,Mobile App,Successful,Utilities,Gauteng
T000004347,A0000007,2024-07-14,08:33:19,Deposit,318.69,Card,Successful,N/A,KwaZulu-Natal
T000004348,A0000516,2026-05-13,22:00:42,Debit Order,565.25,POS,Successful,N/A,KwaZulu-Natal
T000004349,A0001083,2026-04-18,12:47:23,Withdrawal,550.89,ATM,Successful,N/A,Western Cape
T000004350,A0002873,2025-02-20,13:51:00,Payment,696.15,ATM,Failed,Restaurants,KwaZulu-Natal
T000004351,A0001107,2026-07-19,07:33:45,Bank Fee,803.48,ATM,Successful,N/A,Western Cape
T000004352,A0000793,2024-01-13,18:59:15,Interest,530.11,Card,Successful,N/A,North West
T000004353,A0000797,2026-02-24,15:00:52,Transfer,118.32,Mobile App,Successful,N/A,Gauteng
T000004354,A0002400,2024-03-06,07:30:56,Transfer,256.03,ATM,Successful,N/A,Gauteng
T000004355,A0002587,2026-02-25,18:25:13,Card Purchase,473.18,Mobile App,Successful,Telecoms,Western Cape
T000004356,A0001061,2026-05-25,19:52:07,Bank Fee,5346.88,Card,Successful,N/A,Gauteng
T000004357,A0000181,2026-06-10,13:53:03,Debit Order,1746.42,Card,Successful,N/A,Gauteng
T000004358,A0002493,2026-04-28,13:06:08,Transfer,1358.16,POS,Successful,N/A,Gauteng
T000004359,A0002295,2026-03-23,19:12:14,Payment,2941.98,POS,Successful,Education,Limpopo
T000004360,A0001198,2026-03-16,20:18:43,Deposit,7453.35,Branch,Successful,N/A,Gauteng
T000004361,A0001350,2026-01-08,08:40:32,Transfer,388.37,Internet Banking,Successful,N/A,Western Cape
T000004362,A0001678,2026-04-02,11:01:18,Card Purchase,2161.53,Card,Successful,Other,KwaZulu-Natal
T000004363,A0002842,2026-04-29,22:55:04,Deposit,2553.86,Card,Successful,N/A,Western Cape
T000004364,A0000230,2024-01-29,10:17:08,Debit Order,2746.67,Card,Successful,N/A,Gauteng
T000004365,A0000181,2026-07-05,10:10:29,Payment,435.48,Branch,Successful,Other,Gauteng
T000004366,A0000010,2025-09-29,13:02:11,Card Purchase,1528.82,Mobile App,Successful,Fuel,KwaZulu-Natal
T000004367,A0002370,2026-02-19,20:44:51,Deposit,238.35,POS,Successful,N/A,Gauteng
T000004368,A0000434,2025-12-23,08:31:16,Transfer,361.4,Mobile App,Successful,N/A,Western Cape
T000004369,A0001417,2026-03-15,08:18:09,Card Purchase,1185.31,Internet Banking,Successful,Groceries,Western Cape
T000004370,A0000492,2025-05-24,17:18:04,Transfer,111.44,Card,Successful,N/A,KwaZulu-Natal
T000004371,A0002955,2026-05-27,18:47:02,Debit Order,1399.39,Branch,Successful,N/A,Gauteng
T000004372,A0002636,2026-07-18,19:48:45,Card Purchase,2374.5,POS,Successful,Groceries,KwaZulu-Natal
T000004373,A0002309,2025-01-25,11:19:41,Card Purchase,1584.56,Branch,Successful,Travel,KwaZulu-Natal
T000004374,A0003054,2026-04-28,14:40:27,Withdrawal,1829.61,POS,Successful,N/A,Eastern Cape
T000004375,A0002102,2024-03-30,10:33:01,Payment,783.66,ATM,Successful,Telecoms,North West
T000004376,A0000499,2025-02-26,11:14:49,Card Purchase,498.08,Card,Successful,Groceries,Western Cape
T000004377,A0002132,2025-12-04,09:38:30,Transfer,429.36,Mobile App,Successful,N/A,Western Cape
T000004378,A0002945,2024-08-16,17:56:57,Payment,434.97,POS,Successful,Travel,Western Cape
T000004379,A0001085,2023-07-12,15:11:44,Bank Fee,119.65,POS,Successful,N/A,Western Cape
T000004380,A0000319,2024-07-23,12:48:54,Interest,313.34,Mobile App,Successful,N/A,Free State
T000004381,A0001010,2025-08-13,11:25:35,Card Purchase,872.5,Mobile App,Successful,Utilities,KwaZulu-Natal
T000004382,A0001307,2025-12-29,14:47:51,Payment,675.48,Card,Successful,Utilities,Free State
T000004383,A0001356,2025-08-04,16:30:22,Withdrawal,690.91,POS,Successful,N/A,Western Cape
T000004384,A0002031,2025-08-30,08:12:02,Card Purchase,22062.72,Card,Successful,Groceries,Western Cape
T000004385,A0002756,2026-03-16,12:11:08,Transfer,2724.24,Branch,Successful,N/A,Gauteng
T000004386,A0000688,2026-03-24,18:13:50,Deposit,4815.45,Card,Successful,N/A,Mpumalanga
T000004387,A0000040,2026-03-20,17:57:31,Deposit,292.83,Internet Banking,Successful,N/A,Northern Cape
T000004388,A0002995,2025-06-05,10:56:56,Card Purchase,1162.51,Internet Banking,Successful,Education,Limpopo
T000004389,A0001992,2026-03-02,16:30:05,Debit Order,103.94,Card,Successful,N/A,Gauteng
T000004390,A0000279,2026-05-17,10:47:40,Deposit,5940.02,Mobile App,Successful,N/A,Gauteng
T000004391,A0002845,2025-07-26,18:39:31,Card Purchase,1395.29,Card,Successful,Fuel,Western Cape
T000004392,A0002849,2025-06-17,19:35:44,Payment,1864.44,Mobile App,Successful,Healthcare,Gauteng
T000004393,A0003179,2022-11-01,18:06:35,Card Purchase,2068.44,Card,Successful,Telecoms,Gauteng
T000004394,A0001430,2025-04-06,08:28:40,Card Purchase,851.11,Internet Banking,Successful,Utilities,Gauteng
T000004395,A0001769,2026-04-05,22:55:19,Debit Order,738.48,ATM,Successful,N/A,Mpumalanga
T000004396,A0000984,2025-02-07,22:22:33,Payment,557.31,POS,Successful,Retail,KwaZulu-Natal
T000004397,A0001108,2026-07-20,07:26:49,Deposit,4933.89,Internet Banking,Successful,N/A,Gauteng
T000004398,A0002318,2026-04-01,09:29:11,Card Purchase,281.1,POS,Successful,Healthcare,Gauteng
T000004399,A0002246,2025-11-04,15:50:18,Withdrawal,212.12,ATM,Successful,N/A,Limpopo
T000004400,A0000396,2025-07-11,19:05:24,Transfer,726.02,Card,Successful,N/A,Gauteng
T000004401,A0000989,2026-07-28,09:30:07,Debit Order,2039.42,Internet Banking,Successful,N/A,Western Cape
T000004402,A0001457,2026-04-13,20:05:23,Card Purchase,1283.22,Mobile App,Successful,Fuel,Free State
T000004403,A0001783,2026-06-20,09:19:20,Withdrawal,361.4,POS,Successful,N/A,KwaZulu-Natal
T000004404,A0000898,2025-08-14,17:41:57,Deposit,13945.66,Card,Successful,N/A,Gauteng
T000004405,A0000206,2026-07-27,06:08:28,Card Purchase,2648.08,ATM,Successful,Education,Gauteng
T000004406,A0002164,2026-03-25,11:28:31,Payment,565.49,Mobile App,Successful,Entertainment,Gauteng
T000004407,A0001065,2024-09-27,08:39:31,Transfer,396.68,POS,Successful,N/A,Eastern Cape
T000004408,A0002412,2024-03-20,12:58:45,Card Purchase,4345.58,Branch,Successful,Travel,Western Cape
T000004409,A0000700,2026-07-06,13:43:46,Transfer,540.2,Branch,Successful,N/A,Gauteng
T000004410,A0000975,2026-07-31,10:13:34,Card Purchase,145.18,Mobile App,Successful,Travel,KwaZulu-Natal
T000004411,A0001290,2026-04-13,18:53:58,Card Purchase,278.83,Mobile App,Successful,Utilities,Gauteng
T000004412,A0003072,2025-01-21,07:53:31,Transfer,302.77,Mobile App,Successful,N/A,KwaZulu-Natal
T000004413,A0001034,2026-06-17,08:54:19,Payment,4547.72,Mobile App,Successful,Entertainment,Gauteng
T000004414,A0001672,2026-07-26,11:08:49,Debit Order,1354.27,Mobile App,Successful,N/A,Mpumalanga
T000004415,A0000079,2026-06-20,20:12:40,Card Purchase,248.81,POS,Successful,Healthcare,Western Cape
T000004416,A0002738,2026-07-29,16:32:14,Withdrawal,3275.48,ATM,Successful,N/A,Gauteng
T000004417,A0002985,2026-06-21,12:14:53,Card Purchase,1736.22,ATM,Successful,Other,Gauteng
T000004418,A0000632,2026-01-08,20:18:52,Card Purchase,972.07,Branch,Successful,Education,North West
T000004419,A0001671,2026-05-02,15:52:34,Withdrawal,1247.96,Card,Successful,N/A,Gauteng
T000004420,A0002061,2025-12-15,06:10:06,Transfer,195.04,POS,Successful,N/A,Limpopo
T000004421,A0002607,2026-06-04,06:08:07,Card Purchase,65.7,Mobile App,Successful,Travel,Mpumalanga
T000004422,A0001034,2026-07-16,15:27:16,Card Purchase,814.18,ATM,Successful,Retail,Gauteng
T000004423,A0001006,2025-05-05,20:44:42,Transfer,717.78,Mobile App,Successful,N/A,Mpumalanga
T000004424,A0001682,2026-07-16,17:19:39,Withdrawal,1056.88,ATM,Successful,N/A,Gauteng
T000004425,A0000593,2026-07-16,07:34:18,Deposit,1420.3,Mobile App,Successful,N/A,Gauteng
T000004426,A0002925,2026-05-30,07:47:46,Card Purchase,2453.62,Card,Successful,Travel,Free State
T000004427,A0001895,2026-02-20,14:32:56,Card Purchase,549.48,ATM,Successful,Education,Free State
T000004428,A0002378,2024-08-12,12:59:35,Card Purchase,1029.44,Card,Successful,Groceries,KwaZulu-Natal
T000004429,A0000479,2026-02-27,09:49:08,Debit Order,352.07,Mobile App,Successful,N/A,Eastern Cape
T000004430,A0001438,2026-03-24,12:05:40,Debit Order,978.7,POS,Successful,N/A,Western Cape
T000004431,A0001466,2023-06-16,20:19:14,Payment,469.09,ATM,Successful,Other,Limpopo
T000004432,A0001571,2026-07-31,10:45:36,Card Purchase,2083.68,Branch,Successful,Other,Western Cape
T000004433,A0000770,2024-05-24,14:08:55,Transfer,527.27,Branch,Successful,N/A,KwaZulu-Natal
T000004434,A0001278,2026-04-04,19:08:03,Deposit,10940.35,Mobile App,Successful,N/A,Northern Cape
T000004435,A0001643,2026-05-19,14:28:32,Card Purchase,5386.39,Card,Successful,Groceries,Mpumalanga
T000004436,A0002257,2025-05-16,11:38:33,Transfer,5307.14,POS,Successful,N/A,North West
T000004437,A0000288,2026-05-19,08:46:03,Transfer,3985.78,POS,Successful,N/A,Western Cape
T000004438,A0000142,2026-05-09,09:55:04,Payment,79.99,Internet Banking,Successful,Other,Northern Cape
T000004439,A0000092,2026-03-25,15:33:09,Transfer,708.46,Mobile App,Successful,N/A,KwaZulu-Natal
T000004440,A0000893,2026-04-14,10:41:02,Transfer,1924.98,Internet Banking,Successful,N/A,Gauteng
T000004441,A0001013,2026-07-18,06:21:42,Deposit,1404.51,Card,Successful,N/A,Western Cape
T000004442,A0000229,2024-04-06,22:18:39,Payment,717.51,Branch,Successful,Travel,Western Cape
T000004443,A0001174,2025-11-17,10:05:23,Card Purchase,720.59,ATM,Successful,Travel,KwaZulu-Natal
T000004444,A0000308,2026-02-14,08:27:59,Card Purchase,1913.68,Internet Banking,Successful,Fuel,Limpopo
T000004445,A0001849,2026-03-06,10:01:54,Card Purchase,258.73,POS,Successful,Restaurants,Free State
T000004446,A0002480,2024-05-20,13:54:01,Card Purchase,661.89,Card,Successful,Utilities,Gauteng
T000004447,A0001458,2026-04-20,21:51:04,Debit Order,293.02,Mobile App,Successful,N/A,Western Cape
T000004448,A0002077,2026-07-05,16:21:14,Payment,342.05,Mobile App,Successful,Utilities,Eastern Cape
T000004449,A0001694,2026-04-13,21:18:45,Deposit,932.55,POS,Successful,N/A,Gauteng
T000004450,A0000460,2025-09-24,07:07:26,Debit Order,251.52,POS,Successful,N/A,KwaZulu-Natal
T000004451,A0003044,2025-12-27,15:42:48,Debit Order,8520.27,Mobile App,Successful,N/A,Western Cape
T000004452,A0000574,2026-06-27,19:01:18,Debit Order,554.51,Card,Successful,N/A,Gauteng
T000004453,A0000159,2026-03-27,14:19:23,Withdrawal,1101.1,ATM,Successful,N/A,Gauteng
T000004454,A0002437,2025-08-05,07:40:00,Debit Order,2815.48,POS,Successful,N/A,KwaZulu-Natal
T000004455,A0000651,2026-06-04,22:14:54,Transfer,1487.47,POS,Successful,N/A,Western Cape
T000004456,A0001229,2026-02-03,08:20:17,Deposit,1565.12,POS,Successful,N/A,Limpopo
T000004457,A0000655,2026-05-02,14:22:27,Card Purchase,260.36,Card,Successful,Fuel,North West
T000004458,A0002500,2026-07-15,09:09:21,Withdrawal,723.97,Mobile App,Successful,N/A,KwaZulu-Natal
T000004459,A0001334,2026-05-23,17:05:17,Debit Order,1991.28,Mobile App,Successful,N/A,Gauteng
T000004460,A0003023,2026-01-30,15:28:48,Card Purchase,200.34,POS,Successful,Retail,Northern Cape
T000004461,A0000227,2026-06-19,07:46:41,Card Purchase,146.35,Mobile App,Successful,Education,Eastern Cape
T000004462,A0000632,2026-04-21,22:52:20,Card Purchase,3195.03,ATM,Successful,Travel,North West
T000004463,A0000997,2026-04-03,13:44:33,Card Purchase,527.65,Card,Successful,Other,Gauteng
T000004464,A0002025,2026-03-01,15:33:28,Withdrawal,103.54,Mobile App,Successful,N/A,Gauteng
T000004465,A0002753,2026-07-26,21:26:01,Card Purchase,676.28,ATM,Successful,Retail,Limpopo
T000004466,A0002126,2024-09-29,15:48:29,Card Purchase,855.64,Branch,Successful,Entertainment,Eastern Cape
T000004467,A0000557,2024-01-28,16:39:48,Interest,410.88,Internet Banking,Successful,N/A,KwaZulu-Natal
T000004468,A0002410,2026-05-23,13:32:05,Transfer,6669.68,Mobile App,Successful,N/A,Gauteng
T000004469,A0000204,2026-02-10,11:39:26,Payment,96.28,POS,Successful,Groceries,Limpopo
T000004470,A0001568,2025-02-04,06:27:05,Deposit,699.01,POS,Successful,N/A,North West
T000004471,A0001283,2026-05-13,21:44:53,Card Purchase,705.68,POS,Successful,Fuel,KwaZulu-Natal
T000004472,A0000810,2025-08-30,07:44:16,Card Purchase,151.07,POS,Successful,Entertainment,Gauteng
T000004473,A0002091,2026-04-29,18:43:48,Transfer,305.78,Branch,Successful,N/A,Western Cape
T000004474,A0001328,2025-06-20,07:10:11,Deposit,1286.59,Card,Successful,N/A,Gauteng
T000004475,A0000753,2026-07-18,14:53:35,Debit Order,382.66,Card,Successful,N/A,Western Cape
T000004476,A0002495,2025-05-05,14:56:49,Debit Order,280.0,Internet Banking,Failed,N/A,Western Cape
T000004477,A0001010,2024-05-03,08:58:09,Withdrawal,643.18,ATM,Successful,N/A,KwaZulu-Natal
T000004478,A0000600,2024-07-25,06:38:31,Transfer,389.14,Mobile App,Successful,N/A,KwaZulu-Natal
T000004479,A0000817,2026-07-08,13:52:09,Card Purchase,699.71,Mobile App,Successful,Healthcare,KwaZulu-Natal
T000004480,A0000741,2026-01-06,09:12:52,Transfer,158.94,Mobile App,Successful,N/A,Limpopo
T000004481,A0003054,2025-02-02,19:33:39,Card Purchase,178.59,Mobile App,Successful,Telecoms,Eastern Cape
T000004482,A0000949,2026-02-17,18:10:50,Transfer,462.11,Internet Banking,Successful,N/A,Western Cape
T000004483,A0001877,2025-03-19,19:44:46,Payment,2023.63,Internet Banking,Successful,Healthcare,Gauteng
T000004484,A0003167,2025-09-08,13:42:44,Interest,1121.47,Mobile App,Successful,N/A,Western Cape
T000004485,A0000199,2026-05-23,12:05:01,Transfer,1351.06,Branch,Successful,N/A,Free State
T000004486,A0000418,2026-05-23,09:22:38,Transfer,322.62,Mobile App,Successful,N/A,KwaZulu-Natal
T000004487,A0001626,2026-07-30,14:06:32,Debit Order,907.56,Card,Successful,N/A,Western Cape
T000004488,A0000750,2026-03-05,11:19:28,Deposit,4114.15,Mobile App,Successful,N/A,Gauteng
T000004489,A0001113,2026-07-14,12:17:03,Card Purchase,222.24,Mobile App,Successful,Travel,Western Cape
T000004490,A0001442,2026-05-07,21:56:35,Payment,177.4,Internet Banking,Successful,Retail,Eastern Cape
T000004491,A0001956,2026-04-25,15:59:41,Deposit,1900.31,Mobile App,Successful,N/A,KwaZulu-Natal
T000004492,A0001997,2026-07-25,16:50:17,Deposit,1381.37,ATM,Successful,N/A,North West
T000004493,A0001443,2026-07-28,20:49:53,Payment,511.44,Card,Successful,Education,Gauteng
T000004494,A0000563,2026-07-29,07:38:24,Transfer,808.21,POS,Successful,N/A,Gauteng
T000004495,A0002336,2025-12-02,17:48:17,Withdrawal,1946.91,Card,Successful,N/A,Gauteng
T000004496,A0003176,2025-12-21,12:00:21,Card Purchase,891.84,Mobile App,Successful,Retail,Gauteng
T000004497,A0002679,2025-10-17,22:18:49,Card Purchase,583.98,Branch,Successful,Travel,Limpopo
T000004498,A0000886,2025-05-18,16:01:46,Transfer,529.6,ATM,Successful,N/A,Northern Cape
T000004499,A0001295,2026-07-15,14:09:03,Card Purchase,2856.97,Branch,Successful,Travel,Eastern Cape
T000004500,A0002525,2026-07-30,11:21:09,Payment,10131.43,Mobile App,Successful,Restaurants,Eastern Cape
T000004501,A0003090,2025-09-19,13:23:43,Transfer,1705.67,Internet Banking,Successful,N/A,North West
T000004502,A0002035,2024-05-11,21:12:41,Transfer,1913.12,Mobile App,Successful,N/A,Gauteng
T000004503,A0001032,2024-12-25,06:08:04,Card Purchase,4712.71,ATM,Successful,Utilities,Gauteng
T000004504,A0000949,2026-01-09,12:43:32,Card Purchase,281.61,ATM,Successful,Education,Western Cape
T000004505,A0000418,2026-07-01,12:44:10,Card Purchase,120.81,Card,Successful,Other,KwaZulu-Natal
T000004506,A0001640,2025-07-28,13:27:26,Withdrawal,309.41,Mobile App,Successful,N/A,KwaZulu-Natal
T000004507,A0000135,2024-04-16,15:13:32,Deposit,17035.37,Card,Successful,N/A,Free State
T000004508,A0000116,2025-09-13,13:12:59,Withdrawal,815.34,Branch,Successful,N/A,KwaZulu-Natal
T000004509,A0003144,2026-06-04,17:35:55,Card Purchase,140.34,Mobile App,Successful,Education,Gauteng
T000004510,A0003177,2026-07-02,08:44:24,Payment,702.38,Branch,Successful,Groceries,KwaZulu-Natal
T000004511,A0003104,2026-07-19,10:55:34,Transfer,431.32,POS,Successful,N/A,Gauteng
T000004512,A0000567,2026-07-08,21:38:39,Payment,657.24,Mobile App,Successful,Education,Gauteng
T000004513,A0000149,2024-10-30,22:09:04,Transfer,3497.46,Mobile App,Successful,N/A,Western Cape
T000004514,A0002469,2026-05-20,11:31:10,Debit Order,172.36,Card,Successful,N/A,Gauteng
T000004515,A0001254,2026-04-12,15:25:07,Card Purchase,1992.37,Internet Banking,Successful,Education,Western Cape
T000004516,A0000150,2026-01-13,10:27:06,Withdrawal,1064.6,POS,Successful,N/A,Free State
T000004517,A0000861,2024-12-18,07:56:52,Card Purchase,549.5,Internet Banking,Successful,Groceries,Free State
T000004518,A0002271,2026-06-19,15:13:45,Bank Fee,146.53,Card,Successful,N/A,Mpumalanga
T000004519,A0002961,2026-07-29,20:33:41,Card Purchase,700.82,Mobile App,Successful,Travel,KwaZulu-Natal
T000004520,A0001385,2026-07-19,18:56:40,Deposit,4387.74,Mobile App,Successful,N/A,Northern Cape
T000004521,A0003044,2026-03-17,16:57:29,Card Purchase,5171.7,POS,Successful,Travel,Western Cape
T000004522,A0001430,2025-03-02,13:03:51,Transfer,2656.56,POS,Successful,N/A,Gauteng
T000004523,A0000890,2025-10-02,06:22:18,Card Purchase,3167.3,Card,Successful,Education,Limpopo
T000004524,A0002786,2026-07-21,11:55:33,Card Purchase,706.3,POS,Successful,Groceries,Mpumalanga
T000004525,A0000215,2026-01-29,07:35:42,Transfer,288.81,Mobile App,Successful,N/A,Gauteng
T000004526,A0002150,2025-11-18,12:31:13,Debit Order,439.63,ATM,Successful,N/A,Gauteng
T000004527,A0000965,2026-03-27,12:06:39,Card Purchase,401.69,Branch,Successful,Retail,KwaZulu-Natal
T000004528,A0000921,2026-07-31,11:34:20,Card Purchase,2852.67,Card,Successful,Retail,Gauteng
T000004529,A0001392,2026-01-31,11:15:29,Transfer,514.45,Branch,Successful,N/A,Gauteng
T000004530,A0001482,2025-10-27,15:52:58,Payment,2337.17,POS,Successful,Utilities,Gauteng
T000004531,A0003009,2024-04-25,20:28:05,Card Purchase,1424.62,Card,Successful,Fuel,Northern Cape
T000004532,A0001602,2024-12-31,13:18:40,Debit Order,221.14,ATM,Successful,N/A,Limpopo
T000004533,A0000079,2025-08-06,12:41:48,Card Purchase,1736.64,Internet Banking,Successful,Utilities,Western Cape
T000004534,A0002353,2026-06-21,07:33:48,Card Purchase,340.39,ATM,Failed,Groceries,Limpopo
T000004535,A0000268,2026-05-14,08:01:50,Transfer,103.95,POS,Successful,N/A,Western Cape
T000004536,A0001277,2026-02-07,17:09:15,Interest,801.2,POS,Failed,N/A,Mpumalanga
T000004537,A0001297,2025-09-25,21:27:05,Transfer,1994.36,ATM,Successful,N/A,Mpumalanga
T000004538,A0001470,2023-07-20,09:19:49,Withdrawal,6546.34,Branch,Successful,N/A,Eastern Cape
T000004539,A0003187,2026-03-01,07:25:07,Interest,783.94,Branch,Successful,N/A,KwaZulu-Natal
T000004540,A0000444,2023-09-02,16:54:15,Card Purchase,324.32,Card,Successful,Other,KwaZulu-Natal
T000004541,A0002547,2026-07-02,18:36:18,Card Purchase,471.68,Branch,Successful,Healthcare,Gauteng
T000004542,A0000416,2026-06-24,16:41:03,Transfer,1492.02,ATM,Successful,N/A,Western Cape
T000004543,A0000795,2025-11-07,21:11:58,Transfer,369.97,Mobile App,Successful,N/A,Gauteng
T000004544,A0002590,2026-03-10,11:54:34,Payment,987.52,POS,Successful,Education,Western Cape
T000004545,A0000546,2026-07-26,17:51:30,Debit Order,2525.43,ATM,Successful,N/A,Eastern Cape
T000004546,A0002632,2026-04-29,06:58:32,Card Purchase,1000.72,Internet Banking,Successful,Utilities,Eastern Cape
T000004547,A0002325,2026-06-10,13:18:15,Card Purchase,1215.71,Mobile App,Successful,Fuel,Western Cape
T000004548,A0002069,2025-09-26,20:56:03,Withdrawal,2011.74,ATM,Successful,N/A,Gauteng
T000004549,A0002727,2026-03-29,09:12:18,Interest,829.23,POS,Successful,N/A,Gauteng
T000004550,A0001976,2026-07-11,18:21:24,Card Purchase,1740.99,Mobile App,Successful,Groceries,Western Cape
T000004551,A0000146,2026-07-09,17:11:39,Debit Order,535.85,ATM,Successful,N/A,Gauteng
T000004552,A0001459,2026-01-31,19:36:38,Card Purchase,404.83,Card,Successful,Restaurants,Gauteng
T000004553,A0001901,2026-07-31,21:50:33,Withdrawal,114.72,ATM,Successful,N/A,Western Cape
T000004554,A0001420,2026-05-07,21:00:53,Debit Order,404.77,Card,Successful,N/A,Western Cape
T000004555,A0002960,2026-07-09,21:27:33,Card Purchase,705.99,Card,Successful,Fuel,Free State
T000004556,A0001850,2026-01-29,17:31:16,Transfer,354.02,ATM,Successful,N/A,Western Cape
T000004557,A0002681,2026-07-08,16:21:15,Withdrawal,1153.61,Mobile App,Successful,N/A,Gauteng
T000004558,A0002631,2025-11-08,20:14:19,Card Purchase,2176.29,ATM,Successful,Healthcare,KwaZulu-Natal
T000004559,A0002763,2026-07-19,11:19:47,Payment,115.36,Branch,Successful,Retail,North West
T000004560,A0001374,2026-01-11,09:40:25,Payment,1095.99,POS,Successful,Education,Gauteng
T000004561,A0003047,2025-04-15,06:27:47,Withdrawal,795.35,Card,Successful,N/A,Free State
T000004562,A0001232,2025-01-01,12:00:34,Card Purchase,783.34,POS,Successful,Groceries,Limpopo
T000004563,A0000123,2026-05-11,07:14:45,Debit Order,115.39,Mobile App,Successful,N/A,Limpopo
T000004564,A0001654,2026-07-31,07:05:55,Card Purchase,272.48,POS,Successful,Groceries,Eastern Cape
T000004565,A0000225,2025-05-22,18:35:49,Card Purchase,1226.11,Card,Successful,Utilities,Gauteng
T000004566,A0001828,2026-06-01,09:50:03,Card Purchase,518.93,Branch,Successful,Telecoms,Mpumalanga
T000004567,A0001810,2026-07-19,20:48:38,Card Purchase,771.14,ATM,Successful,Entertainment,Gauteng
T000004568,A0001929,2025-05-18,06:40:54,Deposit,1082.67,ATM,Successful,N/A,Free State
T000004569,A0001794,2024-11-11,10:24:23,Payment,2531.26,Card,Successful,Entertainment,Limpopo
T000004570,A0000093,2025-04-01,15:36:11,Interest,932.47,Branch,Successful,N/A,Eastern Cape
T000004571,A0001974,2026-07-24,17:51:36,Card Purchase,495.62,Mobile App,Successful,Other,KwaZulu-Natal
T000004572,A0000706,2026-06-24,20:54:50,Payment,328.95,Mobile App,Successful,Fuel,Gauteng
T000004573,A0000703,2026-02-22,21:16:03,Card Purchase,604.74,Internet Banking,Successful,Restaurants,Free State
T000004574,A0003116,2026-07-25,21:15:26,Debit Order,1301.88,Internet Banking,Successful,N/A,Gauteng
T000004575,A0002613,2025-02-19,21:13:42,Transfer,920.93,ATM,Successful,N/A,Eastern Cape
T000004576,A0001356,2026-01-27,10:05:33,Payment,787.7,Mobile App,Successful,Utilities,Western Cape
T000004577,A0003083,2025-11-15,10:29:17,Card Purchase,1017.03,Card,Successful,Healthcare,KwaZulu-Natal
T000004578,A0001246,2025-08-15,10:49:21,Card Purchase,1757.26,Card,Successful,Healthcare,Gauteng
T000004579,A0002670,2026-02-20,22:19:49,Card Purchase,948.99,Internet Banking,Successful,Education,Western Cape
T000004580,A0000479,2026-04-04,07:43:19,Card Purchase,1798.49,Card,Successful,Fuel,Eastern Cape
T000004581,A0001045,2026-07-27,21:40:46,Card Purchase,493.43,Mobile App,Failed,Restaurants,Gauteng
T000004582,A0001014,2025-12-08,19:53:36,Card Purchase,796.27,Card,Successful,Healthcare,Limpopo
T000004583,A0002095,2025-11-15,14:31:23,Withdrawal,920.63,Card,Successful,N/A,Gauteng
T000004584,A0001726,2026-07-31,18:48:26,Transfer,208.52,POS,Successful,N/A,Gauteng
T000004585,A0002212,2025-02-13,17:15:46,Card Purchase,429.77,Mobile App,Successful,Travel,Gauteng
T000004586,A0002418,2026-07-14,15:49:31,Card Purchase,1053.92,POS,Successful,Telecoms,Western Cape
T000004587,A0002767,2026-07-02,11:34:04,Debit Order,1083.77,Card,Successful,N/A,Western Cape
T000004588,A0001551,2026-07-09,12:07:44,Card Purchase,131.37,Mobile App,Successful,Healthcare,Eastern Cape
T000004589,A0000707,2025-03-28,10:47:30,Card Purchase,420.21,ATM,Successful,Travel,Limpopo
T000004590,A0000399,2026-07-30,14:47:36,Card Purchase,1412.72,Internet Banking,Successful,Groceries,Western Cape
T000004591,A0000104,2026-03-22,20:22:41,Transfer,1142.55,Branch,Successful,N/A,KwaZulu-Natal
T000004592,A0002000,2025-07-14,21:34:09,Transfer,105.02,ATM,Successful,N/A,KwaZulu-Natal
T000004593,A0002477,2026-06-08,10:59:13,Deposit,1292.99,Mobile App,Successful,N/A,Mpumalanga
T000004594,A0001579,2026-06-10,22:13:12,Card Purchase,634.73,Branch,Successful,Other,Mpumalanga
T000004595,A0001486,2026-06-01,12:06:44,Card Purchase,745.05,ATM,Successful,Retail,Mpumalanga
T000004596,A0002641,2024-12-19,11:57:40,Card Purchase,1098.42,POS,Successful,Utilities,Mpumalanga
T000004597,A0003138,2026-06-12,10:01:03,Payment,601.08,Branch,Successful,Fuel,KwaZulu-Natal
T000004598,A0002023,2026-07-03,09:14:06,Deposit,8400.84,Internet Banking,Successful,N/A,KwaZulu-Natal
T000004599,A0002394,2026-03-13,09:35:40,Transfer,836.61,Card,Successful,N/A,Free State
T000004600,A0000774,2026-01-11,09:01:52,Debit Order,804.72,POS,Successful,N/A,KwaZulu-Natal
T000004601,A0001506,2026-06-22,22:19:58,Debit Order,377.08,Mobile App,Successful,N/A,Eastern Cape
T000004602,A0001770,2026-07-27,14:39:21,Payment,170.8,ATM,Successful,Other,KwaZulu-Natal
T000004603,A0000504,2024-12-07,07:40:36,Transfer,180.33,ATM,Successful,N/A,Eastern Cape
T000004604,A0002597,2023-08-14,13:05:19,Card Purchase,1420.75,Card,Successful,Utilities,Eastern Cape
T000004605,A0003046,2025-05-18,22:26:01,Transfer,412.26,ATM,Successful,N/A,Gauteng
T000004606,A0002738,2026-07-27,18:14:35,Card Purchase,3973.14,Card,Successful,Telecoms,Gauteng
T000004607,A0000710,2026-07-12,09:15:56,Payment,682.98,Mobile App,Successful,Entertainment,Western Cape
T000004608,A0002875,2023-04-28,14:44:12,Debit Order,455.73,Branch,Successful,N/A,KwaZulu-Natal
T000004609,A0002060,2026-06-16,17:07:55,Transfer,508.74,ATM,Successful,N/A,KwaZulu-Natal
T000004610,A0001863,2025-11-20,14:13:24,Deposit,3618.82,POS,Successful,N/A,Western Cape
T000004611,A0002093,2026-07-28,19:35:30,Payment,810.69,ATM,Successful,Telecoms,Limpopo
T000004612,A0001885,2026-04-06,10:54:03,Card Purchase,2629.66,Mobile App,Successful,Fuel,Western Cape
T000004613,A0002148,2026-07-23,15:24:33,Payment,2045.78,Mobile App,Successful,Retail,Gauteng
T000004614,A0002492,2026-06-27,09:53:58,Card Purchase,240.97,POS,Successful,Groceries,KwaZulu-Natal
T000004615,A0000795,2026-02-08,22:09:54,Withdrawal,584.07,Mobile App,Successful,N/A,Gauteng
T000004616,A0002087,2025-12-05,19:28:27,Transfer,954.94,Card,Successful,N/A,Western Cape
T000004617,A0003070,2026-05-17,07:23:56,Interest,16431.38,Mobile App,Successful,N/A,Eastern Cape
T000004618,A0003039,2026-07-12,12:28:23,Card Purchase,164.57,ATM,Successful,Telecoms,Gauteng
T000004619,A0002625,2025-10-10,09:06:06,Card Purchase,1519.39,ATM,Successful,Restaurants,Gauteng
T000004620,A0001712,2026-07-31,12:28:00,Card Purchase,588.34,Internet Banking,Successful,Other,Western Cape
T000004621,A0001298,2026-07-25,16:55:40,Card Purchase,3267.5,Card,Successful,Restaurants,Mpumalanga
T000004622,A0002837,2025-12-10,08:55:16,Deposit,1142.01,Internet Banking,Successful,N/A,Western Cape
T000004623,A0002075,2026-07-16,20:48:52,Debit Order,167.71,Mobile App,Successful,N/A,KwaZulu-Natal
T000004624,A0003065,2024-02-26,22:35:15,Card Purchase,687.79,Card,Successful,Fuel,Gauteng
T000004625,A0002768,2026-06-14,07:12:26,Transfer,615.36,POS,Successful,N/A,Gauteng
T000004626,A0002962,2025-08-06,11:01:36,Transfer,664.03,Card,Successful,N/A,Gauteng
T000004627,A0001942,2026-05-13,08:18:30,Debit Order,422.35,Mobile App,Successful,N/A,Western Cape
T000004628,A0000237,2026-07-12,08:02:39,Debit Order,95.93,Branch,Successful,N/A,Gauteng
T000004629,A0002543,2026-06-26,19:06:57,Transfer,323.61,Branch,Successful,N/A,Western Cape
T000004630,A0001328,2024-08-18,16:32:21,Deposit,1629.77,Branch,Successful,N/A,Gauteng
T000004631,A0000883,2025-04-29,11:23:39,Card Purchase,719.77,Card,Successful,Healthcare,KwaZulu-Natal
T000004632,A0002411,2024-11-02,12:39:01,Deposit,6166.13,Card,Failed,N/A,Gauteng
T000004633,A0001678,2026-03-24,13:04:31,Transfer,2826.0,Mobile App,Successful,N/A,KwaZulu-Natal
T000004634,A0002358,2026-02-17,08:02:32,Card Purchase,1293.68,ATM,Successful,Healthcare,Gauteng
T000004635,A0001130,2025-10-08,17:25:53,Withdrawal,1678.51,Mobile App,Successful,N/A,Free State
T000004636,A0002911,2026-05-18,15:33:23,Transfer,164.21,ATM,Successful,N/A,North West
T000004637,A0000281,2026-07-31,22:28:02,Transfer,210.48,ATM,Successful,N/A,Eastern Cape
T000004638,A0001866,2025-11-08,10:29:00,Card Purchase,1490.27,Mobile App,Successful,Entertainment,Western Cape
T000004639,A0002906,2026-07-18,14:47:31,Card Purchase,2533.26,Mobile App,Successful,Groceries,Gauteng
T000004640,A0002671,2025-08-10,09:07:04,Withdrawal,1003.39,Card,Successful,N/A,Limpopo
T000004641,A0000818,2026-03-29,08:52:44,Card Purchase,180.54,Card,Successful,Travel,Gauteng
T000004642,A0000451,2026-04-14,17:43:08,Transfer,392.47,Card,Successful,N/A,Mpumalanga
T000004643,A0000756,2025-05-05,16:08:37,Card Purchase,2514.7,ATM,Successful,Telecoms,Gauteng
T000004644,A0001866,2025-07-15,11:44:21,Transfer,922.17,Card,Successful,N/A,Western Cape
T000004645,A0001710,2025-04-10,07:08:59,Payment,178.88,Card,Successful,Retail,Mpumalanga
T000004646,A0000125,2026-07-15,11:28:31,Transfer,371.31,POS,Successful,N/A,Western Cape
T000004647,A0000554,2025-03-26,15:56:18,Transfer,1958.39,ATM,Successful,N/A,KwaZulu-Natal
T000004648,A0000109,2025-11-09,07:24:47,Payment,260.32,Card,Successful,Restaurants,Free State
T000004649,A0001189,2026-06-25,07:28:31,Card Purchase,652.67,ATM,Successful,Travel,Eastern Cape
T000004650,A0001602,2026-02-08,11:19:41,Payment,1203.34,Mobile App,Successful,Entertainment,Limpopo
T000004651,A0002303,2026-07-29,11:47:23,Transfer,627.25,Internet Banking,Successful,N/A,Western Cape
T000004652,A0003196,2026-04-22,06:30:30,Deposit,1239.04,Branch,Successful,N/A,Gauteng
T000004653,A0003035,2023-12-31,15:39:22,Debit Order,1138.37,Branch,Successful,N/A,Gauteng
T000004654,A0003200,2024-11-20,12:11:40,Card Purchase,993.23,POS,Successful,Entertainment,KwaZulu-Natal
T000004655,A0000160,2025-09-15,16:24:42,Transfer,145.46,ATM,Successful,N/A,Mpumalanga
T000004656,A0002155,2026-07-28,18:45:19,Transfer,1171.65,Card,Successful,N/A,Eastern Cape
T000004657,A0002836,2025-01-17,10:43:40,Withdrawal,544.22,Card,Successful,N/A,Gauteng
T000004658,A0002843,2025-07-11,14:16:23,Withdrawal,571.15,Mobile App,Successful,N/A,Gauteng
T000004659,A0002011,2026-07-27,07:33:14,Transfer,889.86,Mobile App,Successful,N/A,Gauteng
T000004660,A0002552,2026-02-09,22:18:11,Payment,311.01,Card,Successful,Utilities,Gauteng
T000004661,A0002480,2024-09-25,17:59:48,Debit Order,1216.78,Card,Successful,N/A,Gauteng
T000004662,A0000352,2026-07-11,15:47:56,Card Purchase,1409.43,Card,Successful,Healthcare,North West
T000004663,A0000311,2026-06-10,08:02:48,Card Purchase,961.69,Card,Successful,Groceries,Western Cape
T000004664,A0003042,2025-01-12,14:50:09,Transfer,1251.6,Mobile App,Failed,N/A,KwaZulu-Natal
T000004665,A0000571,2025-10-30,08:11:41,Card Purchase,1200.05,POS,Successful,Entertainment,Mpumalanga
T000004666,A0001221,2023-11-30,06:24:43,Transfer,155.78,Card,Successful,N/A,Eastern Cape
T000004667,A0001702,2026-06-28,13:32:13,Card Purchase,1558.75,Card,Successful,Restaurants,Gauteng
T000004668,A0001896,2026-05-18,10:18:04,Card Purchase,1351.22,Internet Banking,Successful,Healthcare,Free State
T000004669,A0001658,2025-09-21,13:33:17,Deposit,7279.43,ATM,Successful,N/A,Mpumalanga
T000004670,A0001024,2026-06-13,06:09:55,Card Purchase,340.08,POS,Successful,Telecoms,Western Cape
T000004671,A0000334,2026-07-25,15:39:42,Bank Fee,216.46,Internet Banking,Successful,N/A,Eastern Cape
T000004672,A0003025,2026-07-01,21:22:15,Interest,3619.94,Mobile App,Successful,N/A,Gauteng
T000004673,A0001639,2026-06-27,22:42:29,Withdrawal,790.0,POS,Successful,N/A,Free State
T000004674,A0002604,2026-04-24,10:12:10,Card Purchase,628.79,Internet Banking,Successful,Education,Gauteng
T000004675,A0000351,2024-11-07,21:06:44,Payment,732.19,Card,Successful,Healthcare,Gauteng
T000004676,A0001013,2026-07-27,17:45:41,Withdrawal,55.94,Mobile App,Successful,N/A,Western Cape
T000004677,A0002188,2026-05-11,17:08:26,Payment,1145.88,Card,Successful,Groceries,Mpumalanga
T000004678,A0002534,2024-06-29,10:37:13,Payment,379.93,ATM,Successful,Education,Gauteng
T000004679,A0000250,2026-07-23,13:19:59,Payment,662.29,POS,Successful,Fuel,Gauteng
T000004680,A0001956,2026-04-24,16:22:15,Card Purchase,302.67,Mobile App,Successful,Travel,KwaZulu-Natal
T000004681,A0002784,2026-06-08,18:38:27,Transfer,857.98,Mobile App,Successful,N/A,Gauteng
T000004682,A0000494,2026-07-18,08:06:52,Payment,781.18,Card,Successful,Healthcare,Gauteng
T000004683,A0002537,2026-04-08,15:41:57,Withdrawal,1046.75,Branch,Successful,N/A,Gauteng
T000004684,A0003134,2024-10-06,15:51:32,Card Purchase,447.24,Card,Successful,Telecoms,Gauteng
T000004685,A0000809,2026-04-30,13:09:54,Transfer,176.46,Card,Successful,N/A,Gauteng
T000004686,A0002022,2026-04-16,21:31:30,Transfer,343.24,ATM,Successful,N/A,Eastern Cape
T000004687,A0000001,2026-07-07,08:13:34,Transfer,163.07,Mobile App,Successful,N/A,Western Cape
T000004688,A0000425,2026-01-23,06:32:35,Deposit,5311.42,Mobile App,Successful,N/A,Western Cape
T000004689,A0001791,2026-07-01,14:20:50,Card Purchase,159.63,Card,Successful,Healthcare,Gauteng
T000004690,A0000785,2022-03-19,17:06:43,Card Purchase,336.79,Card,Successful,Entertainment,Western Cape
T000004691,A0001430,2023-01-19,19:17:03,Interest,852.64,Branch,Successful,N/A,Gauteng
T000004692,A0001050,2024-10-27,19:16:20,Debit Order,3585.22,POS,Successful,N/A,Northern Cape
T000004693,A0001204,2026-05-23,20:46:55,Debit Order,1448.77,Card,Successful,N/A,North West
T000004694,A0000191,2025-05-30,14:07:08,Payment,542.82,Card,Successful,Travel,Western Cape
T000004695,A0002417,2024-10-02,18:48:59,Debit Order,373.32,POS,Successful,N/A,Limpopo
T000004696,A0002933,2026-05-05,20:05:28,Withdrawal,328.41,Mobile App,Successful,N/A,KwaZulu-Natal
T000004697,A0000465,2026-05-25,09:29:53,Deposit,1304.5,ATM,Successful,N/A,Limpopo
T000004698,A0002529,2026-04-05,19:18:46,Debit Order,2661.56,Internet Banking,Successful,N/A,KwaZulu-Natal
T000004699,A0002152,2026-01-04,07:14:31,Deposit,2157.57,Card,Successful,N/A,KwaZulu-Natal
T000004700,A0001112,2026-07-28,10:25:58,Card Purchase,367.03,Mobile App,Successful,Telecoms,Gauteng
T000004701,A0002005,2026-06-25,13:44:25,Interest,2542.11,Mobile App,Successful,N/A,Free State
T000004702,A0000774,2025-10-15,19:19:59,Payment,376.88,ATM,Successful,Telecoms,KwaZulu-Natal
T000004703,A0002857,2026-07-29,12:24:59,Card Purchase,1185.49,Branch,Successful,Telecoms,Western Cape
T000004704,A0000439,2026-07-20,19:20:36,Card Purchase,515.39,Mobile App,Successful,Fuel,Western Cape
T000004705,A0000952,2026-04-28,06:50:12,Deposit,1253.26,Card,Successful,N/A,KwaZulu-Natal
T000004706,A0000561,2026-07-30,17:32:51,Card Purchase,196.07,Branch,Successful,Fuel,Gauteng
T000004707,A0001433,2026-02-12,06:06:19,Debit Order,1253.49,Card,Successful,N/A,Gauteng
T000004708,A0000869,2026-06-30,11:36:25,Payment,1626.89,Card,Successful,Utilities,Gauteng
T000004709,A0000264,2026-01-15,17:26:15,Debit Order,577.04,Mobile App,Successful,N/A,Mpumalanga
T000004710,A0000357,2026-03-11,11:03:13,Card Purchase,343.2,POS,Successful,Retail,Gauteng
T000004711,A0000387,2025-11-20,11:40:48,Card Purchase,593.82,Mobile App,Successful,Travel,Gauteng
T000004712,A0000310,2025-10-03,20:02:09,Withdrawal,615.5,ATM,Successful,N/A,Eastern Cape
T000004713,A0001051,2026-03-27,22:00:20,Transfer,145.77,ATM,Successful,N/A,Free State
T000004714,A0001194,2026-07-05,17:55:03,Transfer,3823.49,Mobile App,Successful,N/A,Gauteng
T000004715,A0001773,2026-01-31,13:25:17,Card Purchase,3235.55,Branch,Successful,Education,Western Cape
T000004716,A0001217,2026-07-27,09:50:58,Payment,362.26,POS,Successful,Fuel,KwaZulu-Natal
T000004717,A0002977,2026-07-30,09:17:35,Withdrawal,2194.07,POS,Successful,N/A,Western Cape
T000004718,A0003099,2025-02-09,09:11:55,Transfer,967.38,Card,Successful,N/A,Free State
T000004719,A0003015,2026-07-03,16:15:24,Payment,639.81,Card,Successful,Telecoms,Gauteng
T000004720,A0001223,2026-07-19,10:43:30,Card Purchase,1810.17,POS,Successful,Other,Western Cape
T000004721,A0001799,2026-05-04,09:02:18,Card Purchase,401.25,Card,Successful,Utilities,Western Cape
T000004722,A0003044,2026-02-25,20:27:58,Card Purchase,4229.26,Mobile App,Successful,Other,Western Cape
T000004723,A0003186,2026-03-14,20:48:18,Transfer,1502.09,POS,Successful,N/A,KwaZulu-Natal
T000004724,A0002840,2025-11-09,22:00:43,Deposit,828.5,ATM,Successful,N/A,Limpopo
T000004725,A0000744,2026-01-03,10:18:14,Debit Order,183.2,POS,Successful,N/A,Western Cape
T000004726,A0000140,2026-05-27,19:07:01,Transfer,515.58,Mobile App,Successful,N/A,Limpopo
T000004727,A0001749,2026-01-07,16:16:39,Payment,1329.54,Mobile App,Successful,Healthcare,Western Cape
T000004728,A0001749,2026-05-25,15:10:47,Card Purchase,1846.79,ATM,Successful,Education,Western Cape
T000004729,A0000815,2026-01-21,06:16:48,Card Purchase,3022.25,Mobile App,Successful,Restaurants,Free State
T000004730,A0000500,2024-05-24,18:32:06,Transfer,465.67,ATM,Successful,N/A,KwaZulu-Natal
T000004731,A0000339,2026-06-11,11:52:13,Transfer,269.08,POS,Successful,N/A,Eastern Cape
T000004732,A0001435,2025-03-22,22:54:50,Card Purchase,830.63,Internet Banking,Successful,Other,Gauteng
T000004733,A0000526,2026-04-30,13:59:24,Card Purchase,4903.2,Mobile App,Successful,Travel,Northern Cape
T000004734,A0002114,2026-04-25,19:02:08,Transfer,524.27,POS,Successful,N/A,Gauteng
T000004735,A0000718,2025-09-25,21:28:41,Card Purchase,426.38,POS,Successful,Entertainment,Gauteng
T000004736,A0002119,2026-06-13,12:55:05,Transfer,1024.62,ATM,Successful,N/A,KwaZulu-Natal
T000004737,A0002353,2026-05-21,17:28:32,Card Purchase,759.52,Mobile App,Successful,Travel,Limpopo
T000004738,A0002865,2025-10-10,07:47:07,Payment,290.15,Card,Successful,Healthcare,Gauteng
T000004739,A0000582,2026-03-29,20:44:59,Card Purchase,325.39,ATM,Successful,Telecoms,Eastern Cape
T000004740,A0002766,2026-07-15,18:56:43,Card Purchase,506.93,Mobile App,Successful,Retail,Gauteng
T000004741,A0002175,2026-06-06,15:18:30,Transfer,1014.78,Mobile App,Successful,N/A,Mpumalanga
T000004742,A0000175,2026-02-28,10:57:43,Card Purchase,853.33,ATM,Successful,Groceries,Gauteng
T000004743,A0000073,2026-07-31,08:33:33,Transfer,2007.43,Branch,Successful,N/A,Mpumalanga
T000004744,A0002742,2026-03-21,16:38:12,Card Purchase,265.0,Branch,Successful,Education,KwaZulu-Natal
T000004745,A0002365,2026-01-21,07:35:14,Interest,4253.65,Internet Banking,Successful,N/A,KwaZulu-Natal
T000004746,A0000706,2026-06-12,21:54:33,Card Purchase,1010.64,Card,Successful,Travel,Gauteng
T000004747,A0000196,2024-07-04,07:54:53,Card Purchase,1295.14,Internet Banking,Successful,Utilities,KwaZulu-Natal
T000004748,A0002325,2025-05-15,09:59:57,Card Purchase,5363.07,Card,Successful,Utilities,Western Cape
T000004749,A0001050,2025-03-08,12:35:27,Card Purchase,1378.79,Mobile App,Successful,Education,Northern Cape
T000004750,A0001922,2026-04-28,11:56:26,Card Purchase,503.22,Branch,Successful,Retail,Free State
T000004751,A0001642,2025-05-30,21:09:57,Transfer,1022.67,Mobile App,Successful,N/A,Gauteng
T000004752,A0002407,2026-02-07,21:55:02,Transfer,659.56,Card,Successful,N/A,Western Cape
T000004753,A0001900,2025-05-09,11:15:00,Transfer,519.25,Branch,Successful,N/A,Western Cape
T000004754,A0000286,2022-10-09,19:35:58,Transfer,177.8,ATM,Successful,N/A,Mpumalanga
T000004755,A0000178,2026-06-25,22:09:00,Card Purchase,146.21,ATM,Successful,Fuel,Free State
T000004756,A0003114,2026-04-22,06:25:32,Transfer,879.7,Card,Successful,N/A,Limpopo
T000004757,A0002149,2024-06-24,06:43:39,Deposit,2083.5,Internet Banking,Successful,N/A,KwaZulu-Natal
T000004758,A0000319,2026-06-22,16:36:11,Transfer,782.69,Mobile App,Successful,N/A,Free State
T000004759,A0002983,2026-07-04,16:19:49,Card Purchase,1352.67,Mobile App,Successful,Education,Western Cape
T000004760,A0001830,2026-07-05,08:15:37,Payment,281.96,Branch,Successful,Entertainment,Gauteng
T000004761,A0001168,2026-03-15,18:52:36,Card Purchase,234.16,Internet Banking,Successful,Restaurants,KwaZulu-Natal
T000004762,A0001365,2026-07-31,22:38:25,Payment,2779.76,POS,Successful,Fuel,Gauteng
T000004763,A0001426,2026-07-12,09:23:44,Debit Order,930.01,Card,Successful,N/A,Western Cape
T000004764,A0000168,2025-05-23,16:45:19,Card Purchase,485.48,Branch,Successful,Groceries,Free State
T000004765,A0001533,2026-06-19,10:54:38,Card Purchase,472.3,Card,Successful,Telecoms,Eastern Cape
T000004766,A0002881,2026-04-14,07:05:30,Card Purchase,4010.11,Mobile App,Successful,Groceries,Gauteng
T000004767,A0001914,2026-04-22,06:49:27,Transfer,744.08,Card,Successful,N/A,Western Cape
T000004768,A0000236,2026-07-25,06:17:58,Deposit,2410.68,Card,Successful,N/A,Eastern Cape
T000004769,A0001722,2026-07-06,18:47:49,Deposit,4790.49,Card,Successful,N/A,Gauteng
T000004770,A0001289,2026-06-30,19:56:50,Transfer,190.88,Card,Successful,N/A,Western Cape
T000004771,A0002698,2026-05-03,20:12:48,Debit Order,1921.94,Internet Banking,Successful,N/A,Eastern Cape
T000004772,A0002935,2025-05-28,08:50:44,Payment,799.1,Mobile App,Successful,Telecoms,Free State
T000004773,A0002277,2025-07-01,16:31:27,Transfer,297.4,Mobile App,Successful,N/A,Gauteng
T000004774,A0000068,2026-04-08,15:21:14,Transfer,3215.07,POS,Failed,N/A,Free State
T000004775,A0001242,2026-04-19,15:28:35,Transfer,69.86,POS,Successful,N/A,KwaZulu-Natal
T000004776,A0002875,2024-04-28,10:10:14,Bank Fee,1679.71,POS,Successful,N/A,KwaZulu-Natal
T000004777,A0000634,2026-06-19,21:47:15,Transfer,185.31,POS,Successful,N/A,Western Cape
T000004778,A0000282,2026-07-16,22:42:45,Card Purchase,2342.3,POS,Successful,Telecoms,Limpopo
T000004779,A0003173,2026-05-14,08:07:33,Card Purchase,2281.07,Mobile App,Successful,Entertainment,Western Cape
T000004780,A0000936,2026-04-17,10:51:10,Card Purchase,2862.15,Mobile App,Successful,Travel,KwaZulu-Natal
T000004781,A0000547,2026-02-16,08:06:43,Card Purchase,278.13,POS,Successful,Other,KwaZulu-Natal
T000004782,A0003028,2025-11-04,12:05:20,Deposit,619.58,Mobile App,Successful,N/A,Gauteng
T000004783,A0001110,2026-07-04,19:39:59,Payment,418.47,Internet Banking,Successful,Travel,Gauteng
T000004784,A0000774,2025-10-01,18:31:46,Card Purchase,396.16,ATM,Successful,Groceries,KwaZulu-Natal
T000004785,A0002169,2025-11-27,21:16:14,Deposit,660.93,Internet Banking,Successful,N/A,Gauteng
T000004786,A0002341,2026-05-27,13:41:56,Card Purchase,272.38,POS,Successful,Groceries,Limpopo
T000004787,A0002855,2024-11-29,21:07:42,Card Purchase,491.61,ATM,Successful,Retail,Northern Cape
T000004788,A0001568,2024-03-23,11:56:01,Transfer,236.92,ATM,Successful,N/A,North West
T000004789,A0000622,2025-12-15,13:11:46,Card Purchase,376.41,Card,Successful,Other,Gauteng
T000004790,A0001864,2026-07-13,06:33:25,Deposit,2734.13,ATM,Successful,N/A,KwaZulu-Natal
T000004791,A0001236,2026-05-30,12:22:57,Transfer,985.46,Internet Banking,Successful,N/A,Western Cape
T000004792,A0000021,2025-12-27,13:19:13,Transfer,1213.04,Mobile App,Successful,N/A,Western Cape
T000004793,A0000927,2025-10-05,14:41:23,Interest,2215.37,Mobile App,Successful,N/A,Mpumalanga
T000004794,A0003116,2026-07-23,18:17:38,Transfer,1489.22,Card,Successful,N/A,Gauteng
T000004795,A0002857,2026-06-18,20:16:06,Transfer,1401.32,Card,Successful,N/A,Western Cape
T000004796,A0000454,2026-04-22,17:28:47,Card Purchase,328.51,Mobile App,Successful,Retail,Western Cape
T000004797,A0000831,2025-02-15,12:44:23,Withdrawal,3100.58,Branch,Successful,N/A,Western Cape
T000004798,A0001200,2026-05-27,18:10:47,Interest,2174.85,Card,Successful,N/A,Gauteng
T000004799,A0000148,2026-01-11,21:41:35,Transfer,1652.93,Internet Banking,Successful,N/A,KwaZulu-Natal
T000004800,A0002733,2026-05-08,17:22:02,Withdrawal,3072.08,ATM,Successful,N/A,Western Cape
T000004801,A0000999,2026-06-13,14:16:59,Card Purchase,1163.81,Card,Successful,Utilities,Eastern Cape
T000004802,A0000264,2026-01-16,17:16:16,Card Purchase,1388.39,Mobile App,Successful,Education,Mpumalanga
T000004803,A0003091,2026-03-18,20:07:03,Payment,343.54,Mobile App,Successful,Education,Western Cape
T000004804,A0002156,2026-04-14,22:01:39,Payment,308.42,Mobile App,Successful,Groceries,Western Cape
T000004805,A0001770,2026-07-15,14:26:33,Transfer,97.63,Mobile App,Successful,N/A,KwaZulu-Natal
T000004806,A0001729,2025-07-12,07:21:58,Bank Fee,1731.34,ATM,Successful,N/A,Gauteng
T000004807,A0000136,2026-03-25,13:00:06,Withdrawal,1480.2,Card,Successful,N/A,Mpumalanga
T000004808,A0000671,2026-03-26,17:24:32,Deposit,3591.18,Mobile App,Failed,N/A,KwaZulu-Natal
T000004809,A0001745,2026-06-21,21:21:39,Deposit,1260.95,POS,Successful,N/A,Gauteng
T000004810,A0000081,2024-09-16,06:17:23,Transfer,2820.91,Card,Successful,N/A,KwaZulu-Natal
T000004811,A0002583,2025-11-09,14:11:46,Transfer,1070.54,Card,Successful,N/A,Eastern Cape
T000004812,A0002415,2026-07-18,20:21:33,Card Purchase,644.59,Card,Successful,Healthcare,Eastern Cape
T000004813,A0001370,2026-07-07,22:18:06,Transfer,50.33,Card,Successful,N/A,Western Cape
T000004814,A0002701,2026-06-26,13:20:41,Transfer,1974.19,Mobile App,Successful,N/A,KwaZulu-Natal
T000004815,A0002367,2025-05-27,14:33:22,Debit Order,511.7,Card,Successful,N/A,Free State
T000004816,A0002064,2026-05-21,09:10:15,Card Purchase,222.36,ATM,Successful,Education,KwaZulu-Natal
T000004817,A0002628,2025-04-30,12:02:10,Card Purchase,4312.1,ATM,Successful,Healthcare,KwaZulu-Natal
T000004818,A0001855,2026-04-16,22:27:40,Debit Order,241.52,Card,Successful,N/A,Eastern Cape
T000004819,A0002249,2026-07-12,20:22:52,Transfer,492.65,Branch,Successful,N/A,Gauteng
T000004820,A0001019,2026-06-21,11:47:14,Deposit,1573.07,Mobile App,Successful,N/A,Gauteng
T000004821,A0001866,2025-07-14,16:02:08,Debit Order,865.04,POS,Successful,N/A,Western Cape
T000004822,A0002941,2026-07-06,07:46:15,Payment,553.97,Mobile App,Successful,Utilities,Limpopo
T000004823,A0002793,2024-09-19,07:22:14,Card Purchase,1244.95,POS,Successful,Education,Western Cape
T000004824,A0002341,2026-05-30,11:59:38,Transfer,309.26,ATM,Successful,N/A,Limpopo
T000004825,A0002368,2024-04-13,21:53:22,Payment,756.28,Mobile App,Successful,Utilities,Western Cape
T000004826,A0001903,2026-07-27,06:33:21,Card Purchase,4708.53,POS,Successful,Restaurants,Gauteng
T000004827,A0000429,2026-07-31,16:27:02,Payment,313.98,Mobile App,Successful,Telecoms,Limpopo
T000004828,A0000376,2026-04-08,17:47:35,Card Purchase,549.42,Mobile App,Successful,Travel,KwaZulu-Natal
T000004829,A0003190,2025-12-15,10:36:30,Card Purchase,914.61,Mobile App,Successful,Education,Gauteng
T000004830,A0003106,2026-07-06,17:07:37,Card Purchase,1281.73,Mobile App,Successful,Utilities,Western Cape
T000004831,A0001866,2024-01-26,10:56:50,Card Purchase,105.74,Mobile App,Successful,Other,Western Cape
T000004832,A0001984,2026-06-29,20:30:11,Debit Order,163.24,Branch,Successful,N/A,Gauteng
T000004833,A0000166,2026-07-08,09:21:31,Card Purchase,952.16,Internet Banking,Successful,Retail,KwaZulu-Natal
T000004834,A0002167,2026-07-10,19:18:49,Card Purchase,663.11,Internet Banking,Successful,Restaurants,KwaZulu-Natal
T000004835,A0000900,2026-04-11,13:26:55,Card Purchase,1614.76,Internet Banking,Successful,Education,Western Cape
T000004836,A0001127,2025-01-10,19:21:57,Debit Order,1170.29,Mobile App,Successful,N/A,Gauteng
T000004837,A0000122,2023-06-28,13:16:18,Card Purchase,637.26,Internet Banking,Successful,Groceries,Gauteng
T000004838,A0001145,2026-06-16,19:28:34,Card Purchase,228.69,Card,Successful,Utilities,North West
T000004839,A0000139,2024-09-16,10:08:08,Card Purchase,283.42,Branch,Successful,Education,KwaZulu-Natal
T000004840,A0000042,2026-04-28,11:21:05,Bank Fee,206.38,Mobile App,Successful,N/A,Limpopo
T000004841,A0001765,2026-07-26,21:28:46,Card Purchase,1185.8,Card,Successful,Groceries,Gauteng
T000004842,A0003190,2026-01-12,20:17:31,Transfer,2390.1,Mobile App,Successful,N/A,Gauteng
T000004843,A0001275,2026-06-01,14:52:44,Transfer,403.27,ATM,Successful,N/A,Gauteng
T000004844,A0000006,2024-10-03,21:59:09,Withdrawal,827.79,Internet Banking,Successful,N/A,Gauteng
T000004845,A0002907,2026-07-21,12:32:28,Transfer,1123.75,Internet Banking,Successful,N/A,Northern Cape
T000004846,A0002474,2026-02-20,13:53:59,Payment,174.03,POS,Successful,Entertainment,Mpumalanga
T000004847,A0001930,2026-07-15,09:20:43,Transfer,1247.24,ATM,Failed,N/A,KwaZulu-Natal
T000004848,A0002471,2025-12-25,12:40:55,Transfer,1013.07,Mobile App,Successful,N/A,KwaZulu-Natal
T000004849,A0002408,2026-06-04,16:51:02,Transfer,575.57,ATM,Failed,N/A,Western Cape
T000004850,A0001746,2026-03-29,18:14:30,Card Purchase,913.19,Mobile App,Successful,Healthcare,Western Cape
T000004851,A0000871,2023-07-02,12:35:52,Debit Order,386.43,ATM,Successful,N/A,KwaZulu-Natal
T000004852,A0002671,2026-05-21,21:14:19,Transfer,652.79,Card,Successful,N/A,Limpopo
T000004853,A0001939,2023-12-28,18:30:56,Card Purchase,1291.26,POS,Successful,Utilities,Western Cape
T000004854,A0003161,2025-09-23,13:56:48,Transfer,411.62,Card,Successful,N/A,KwaZulu-Natal
T000004855,A0002282,2026-01-01,19:07:25,Card Purchase,1738.61,Card,Successful,Other,Mpumalanga
T000004856,A0001010,2026-07-17,22:25:10,Bank Fee,348.48,Mobile App,Successful,N/A,KwaZulu-Natal
T000004857,A0002157,2026-07-09,13:05:32,Debit Order,388.14,ATM,Successful,N/A,Western Cape
T000004858,A0001662,2025-12-02,15:29:53,Card Purchase,322.7,POS,Successful,Restaurants,Gauteng
T000004859,A0002716,2026-07-14,18:32:36,Card Purchase,1051.62,ATM,Successful,Utilities,Limpopo
T000004860,A0000406,2026-01-24,11:39:52,Interest,786.34,Mobile App,Successful,N/A,KwaZulu-Natal
T000004861,A0001245,2026-06-14,09:53:51,Card Purchase,879.89,POS,Successful,Retail,Gauteng
T000004862,A0002093,2026-07-22,09:07:05,Payment,434.18,POS,Successful,Healthcare,Limpopo
T000004863,A0001617,2025-12-10,12:57:47,Bank Fee,5705.01,Card,Successful,N/A,Mpumalanga
T000004864,A0002646,2026-04-13,06:33:44,Card Purchase,125.26,POS,Successful,Education,KwaZulu-Natal
T000004865,A0002111,2026-04-12,20:46:40,Card Purchase,745.78,Mobile App,Successful,Travel,Western Cape
T000004866,A0000724,2026-03-24,13:43:22,Payment,114.65,POS,Successful,Travel,Mpumalanga
T000004867,A0000186,2026-06-07,21:14:08,Transfer,398.4,Card,Successful,N/A,Gauteng
T000004868,A0002537,2026-03-11,11:56:41,Card Purchase,229.01,Card,Successful,Healthcare,Gauteng
T000004869,A0001658,2024-01-03,10:43:56,Card Purchase,1181.09,ATM,Successful,Entertainment,Mpumalanga
T000004870,A0002368,2025-03-15,20:30:04,Withdrawal,1592.57,POS,Successful,N/A,Western Cape
T000004871,A0000931,2024-07-03,21:50:43,Card Purchase,1294.79,Mobile App,Successful,Education,Eastern Cape
T000004872,A0001849,2025-10-28,12:31:09,Card Purchase,1178.97,Branch,Successful,Telecoms,Free State
T000004873,A0001752,2026-03-09,09:46:58,Payment,627.42,Mobile App,Successful,Healthcare,KwaZulu-Natal
T000004874,A0002759,2026-07-29,06:06:29,Payment,156.73,Mobile App,Successful,Retail,Gauteng
T000004875,A0001415,2023-03-31,14:47:42,Card Purchase,372.42,Branch,Successful,Entertainment,Mpumalanga
T000004876,A0001203,2024-11-13,06:12:03,Payment,1359.33,Mobile App,Successful,Telecoms,KwaZulu-Natal
T000004877,A0002330,2026-04-25,07:28:20,Deposit,408.35,Card,Successful,N/A,Western Cape
T000004878,A0002900,2026-03-26,14:31:42,Payment,283.21,ATM,Successful,Groceries,Gauteng
T000004879,A0000712,2026-06-02,19:56:05,Card Purchase,1212.27,Internet Banking,Successful,Travel,North West
T000004880,A0001232,2024-12-03,20:44:49,Bank Fee,2544.58,ATM,Successful,N/A,Limpopo
T000004881,A0001529,2026-07-25,18:54:35,Card Purchase,252.69,ATM,Successful,Other,Gauteng
T000004882,A0002662,2026-06-10,22:50:19,Withdrawal,225.24,Branch,Successful,N/A,Mpumalanga
T000004883,A0002515,2025-12-16,10:38:16,Transfer,961.71,Mobile App,Successful,N/A,Western Cape
T000004884,A0001362,2026-05-30,15:00:01,Debit Order,237.79,POS,Successful,N/A,Western Cape
T000004885,A0000448,2024-04-11,08:40:35,Debit Order,78.93,ATM,Successful,N/A,Gauteng
T000004886,A0000090,2026-07-28,06:12:18,Debit Order,238.22,Card,Successful,N/A,KwaZulu-Natal
T000004887,A0001548,2026-05-12,18:38:48,Card Purchase,959.14,ATM,Successful,Restaurants,Limpopo
T000004888,A0000072,2025-12-03,10:07:56,Deposit,1521.36,Mobile App,Successful,N/A,Eastern Cape
T000004889,A0001486,2026-05-23,21:22:11,Transfer,2015.93,Internet Banking,Successful,N/A,Mpumalanga
T000004890,A0000485,2025-01-12,19:04:42,Deposit,2358.07,POS,Successful,N/A,Western Cape
T000004891,A0002765,2026-03-23,06:26:50,Transfer,876.73,POS,Successful,N/A,Western Cape
T000004892,A0000313,2025-10-12,18:11:43,Card Purchase,216.43,POS,Successful,Retail,KwaZulu-Natal
T000004893,A0002307,2026-07-26,09:14:58,Card Purchase,489.73,Card,Successful,Utilities,Gauteng
T000004894,A0001668,2024-05-17,11:06:27,Transfer,1182.72,Internet Banking,Successful,N/A,Gauteng
T000004895,A0001939,2025-01-18,11:29:58,Card Purchase,451.71,Mobile App,Successful,Retail,Western Cape
T000004896,A0003161,2024-11-01,08:31:57,Transfer,1666.72,ATM,Successful,N/A,KwaZulu-Natal
T000004897,A0003087,2025-04-02,07:59:32,Card Purchase,717.54,POS,Successful,Other,Gauteng
T000004898,A0000101,2026-07-30,13:41:48,Card Purchase,1245.34,Internet Banking,Successful,Education,Gauteng
T000004899,A0000594,2025-07-31,13:13:40,Transfer,433.71,Mobile App,Successful,N/A,Western Cape
T000004900,A0001113,2026-06-26,06:45:44,Card Purchase,756.6,ATM,Successful,Entertainment,Western Cape
T000004901,A0002103,2025-05-02,17:00:08,Card Purchase,759.28,Mobile App,Successful,Travel,Western Cape
T000004902,A0002616,2026-01-30,12:22:42,Card Purchase,1038.82,Mobile App,Successful,Groceries,KwaZulu-Natal
T000004903,A0000024,2026-07-04,11:53:49,Debit Order,167.67,POS,Successful,N/A,Gauteng
T000004904,A0001835,2026-07-16,20:52:32,Card Purchase,4024.59,POS,Successful,Utilities,Western Cape
T000004905,A0000043,2026-01-04,21:33:09,Deposit,8716.98,ATM,Successful,N/A,Gauteng
T000004906,A0002406,2026-04-01,15:10:46,Payment,543.63,Card,Successful,Other,Limpopo
T000004907,A0002344,2026-07-10,19:00:37,Card Purchase,447.03,Mobile App,Successful,Other,Western Cape
T000004908,A0001671,2026-06-25,12:59:47,Transfer,60.71,POS,Successful,N/A,Gauteng
T000004909,A0001405,2026-06-26,06:24:18,Card Purchase,202.1,ATM,Successful,Education,Eastern Cape
T000004910,A0001204,2026-05-28,11:59:07,Interest,1272.53,POS,Successful,N/A,North West
T000004911,A0002783,2025-12-28,14:32:51,Transfer,1660.53,Card,Successful,N/A,Western Cape
T000004912,A0001917,2026-02-01,06:15:13,Withdrawal,264.4,POS,Successful,N/A,Gauteng
T000004913,A0001417,2026-06-17,20:18:22,Deposit,2041.92,Card,Successful,N/A,Western Cape
T000004914,A0000694,2025-06-21,10:05:13,Card Purchase,3726.53,Internet Banking,Successful,Telecoms,Gauteng
T000004915,A0002390,2026-04-01,06:38:59,Debit Order,2307.28,POS,Successful,N/A,Gauteng
T000004916,A0001479,2026-06-01,20:40:44,Debit Order,482.9,Mobile App,Successful,N/A,Gauteng
T000004917,A0002395,2026-07-17,20:43:39,Card Purchase,515.01,Mobile App,Successful,Telecoms,KwaZulu-Natal
T000004918,A0002806,2024-07-19,06:19:06,Card Purchase,682.71,Internet Banking,Successful,Entertainment,Gauteng
T000004919,A0001754,2026-07-20,16:20:03,Card Purchase,422.18,Internet Banking,Successful,Fuel,Western Cape
T000004920,A0001089,2026-05-31,18:43:10,Card Purchase,310.6,Mobile App,Successful,Entertainment,Western Cape
T000004921,A0003101,2025-08-16,13:00:45,Card Purchase,261.62,Card,Successful,Utilities,Gauteng
T000004922,A0001184,2023-08-18,20:55:24,Card Purchase,1284.06,Mobile App,Successful,Travel,KwaZulu-Natal
T000004923,A0002859,2026-05-03,22:39:03,Payment,246.21,Card,Successful,Telecoms,Gauteng
T000004924,A0002965,2025-04-05,06:19:22,Transfer,935.21,Internet Banking,Successful,N/A,Gauteng
T000004925,A0002072,2026-02-21,17:59:35,Card Purchase,119.39,Card,Successful,Telecoms,Mpumalanga
T000004926,A0001951,2026-06-14,12:02:34,Card Purchase,232.43,Mobile App,Failed,Restaurants,Limpopo
T000004927,A0000416,2026-07-26,15:36:09,Card Purchase,436.99,Branch,Successful,Travel,Western Cape
T000004928,A0002448,2026-03-03,21:34:39,Withdrawal,155.53,POS,Successful,N/A,Gauteng
T000004929,A0000594,2023-12-21,10:17:11,Card Purchase,1114.44,Mobile App,Successful,Other,Western Cape
T000004930,A0000563,2026-07-31,22:43:52,Card Purchase,2244.36,ATM,Successful,Travel,Gauteng
T000004931,A0002117,2024-12-24,22:49:24,Deposit,2196.12,Branch,Successful,N/A,KwaZulu-Natal
T000004932,A0002968,2026-07-18,07:05:05,Card Purchase,1259.72,ATM,Successful,Education,Eastern Cape
T000004933,A0001095,2026-07-30,20:02:16,Transfer,347.68,Mobile App,Successful,N/A,Western Cape
T000004934,A0001831,2026-07-04,19:14:14,Deposit,1833.54,ATM,Successful,N/A,Eastern Cape
T000004935,A0002846,2025-09-20,20:58:38,Transfer,584.41,ATM,Successful,N/A,Gauteng
T000004936,A0001306,2026-05-29,10:55:42,Card Purchase,2148.25,Mobile App,Successful,Fuel,KwaZulu-Natal
T000004937,A0001584,2026-07-12,15:07:36,Transfer,8808.78,ATM,Successful,N/A,Free State
T000004938,A0001055,2025-12-09,14:59:44,Card Purchase,299.9,Mobile App,Successful,Education,Gauteng
T000004939,A0002936,2026-07-11,22:07:58,Card Purchase,247.74,POS,Successful,Groceries,Gauteng
T000004940,A0001099,2026-01-01,21:09:47,Transfer,8781.53,Mobile App,Successful,N/A,Mpumalanga
T000004941,A0001647,2025-08-28,18:12:12,Debit Order,408.79,Mobile App,Successful,N/A,Free State
T000004942,A0002904,2025-12-29,09:54:32,Transfer,620.57,ATM,Successful,N/A,Gauteng
T000004943,A0002602,2025-05-14,06:52:09,Transfer,315.33,POS,Successful,N/A,North West
T000004944,A0002401,2025-10-20,09:58:51,Card Purchase,373.41,Internet Banking,Successful,Travel,Free State
T000004945,A0000965,2025-03-20,13:04:34,Withdrawal,3196.13,POS,Successful,N/A,KwaZulu-Natal
T000004946,A0001195,2026-07-28,21:42:36,Payment,123.58,Internet Banking,Successful,Education,Gauteng
T000004947,A0001670,2025-11-01,14:16:51,Interest,365.78,Card,Successful,N/A,KwaZulu-Natal
T000004948,A0001089,2026-06-10,12:21:23,Payment,474.44,Branch,Successful,Entertainment,Western Cape
T000004949,A0002276,2026-07-07,11:57:46,Payment,729.52,ATM,Successful,Other,Eastern Cape
T000004950,A0003118,2024-07-06,13:07:41,Payment,241.26,Branch,Successful,Travel,Gauteng
T000004951,A0000863,2025-07-17,11:18:14,Transfer,357.67,Internet Banking,Successful,N/A,Gauteng
T000004952,A0001377,2025-09-08,12:49:44,Debit Order,1196.88,ATM,Successful,N/A,Western Cape
T000004953,A0002912,2025-07-07,20:39:44,Payment,423.86,Branch,Successful,Telecoms,Gauteng
T000004954,A0002444,2025-12-28,08:12:16,Bank Fee,804.87,ATM,Successful,N/A,KwaZulu-Natal
T000004955,A0002241,2025-12-25,16:30:26,Withdrawal,769.34,Card,Successful,N/A,Mpumalanga
T000004956,A0002792,2026-02-08,10:52:31,Deposit,1805.21,ATM,Successful,N/A,Free State
T000004957,A0002003,2026-04-15,14:33:47,Payment,1137.64,Card,Successful,Entertainment,KwaZulu-Natal
T000004958,A0000053,2026-02-13,16:26:32,Deposit,6256.06,POS,Successful,N/A,Gauteng
T000004959,A0003164,2026-05-12,20:40:51,Withdrawal,995.17,Card,Successful,N/A,Western Cape
T000004960,A0003108,2026-06-25,14:51:52,Card Purchase,1306.37,Branch,Successful,Fuel,Gauteng
T000004961,A0002023,2026-05-27,06:21:46,Card Purchase,644.88,Card,Successful,Other,KwaZulu-Natal
T000004962,A0000360,2026-05-10,15:02:24,Debit Order,2473.8,Mobile App,Successful,N/A,KwaZulu-Natal
T000004963,A0000981,2026-06-02,12:05:26,Withdrawal,1614.99,Internet Banking,Successful,N/A,Western Cape
T000004964,A0002552,2026-05-01,18:06:35,Withdrawal,1068.49,Card,Successful,N/A,Gauteng
T000004965,A0002726,2026-06-29,16:31:25,Deposit,3016.99,Branch,Successful,N/A,KwaZulu-Natal
T000004966,A0002470,2026-07-06,16:46:07,Withdrawal,297.72,Mobile App,Successful,N/A,Free State
T000004967,A0002039,2025-11-19,21:04:14,Card Purchase,1827.72,Internet Banking,Successful,Telecoms,Western Cape
T000004968,A0001682,2026-05-31,14:20:30,Card Purchase,398.1,Mobile App,Successful,Utilities,Gauteng
T000004969,A0000822,2025-09-17,19:12:18,Card Purchase,3109.75,Mobile App,Successful,Telecoms,Mpumalanga
T000004970,A0002028,2026-06-11,08:08:36,Card Purchase,518.64,Mobile App,Successful,Healthcare,Western Cape
T000004971,A0002125,2025-02-12,14:08:42,Transfer,686.28,Card,Successful,N/A,Eastern Cape
T000004972,A0002076,2025-07-06,18:46:19,Transfer,306.15,Internet Banking,Successful,N/A,KwaZulu-Natal
T000004973,A0000539,2026-02-16,20:55:12,Transfer,138.77,POS,Successful,N/A,Gauteng
T000004974,A0002677,2025-01-30,08:06:43,Withdrawal,187.71,Mobile App,Successful,N/A,Free State
T000004975,A0002243,2026-07-26,06:14:21,Payment,250.19,Mobile App,Successful,Groceries,Western Cape
T000004976,A0000613,2025-10-13,19:12:10,Card Purchase,172.0,ATM,Successful,Education,Gauteng
T000004977,A0002078,2025-03-07,21:50:54,Card Purchase,195.12,Mobile App,Successful,Other,Western Cape
T000004978,A0000627,2026-02-17,21:24:47,Payment,373.94,Internet Banking,Successful,Restaurants,KwaZulu-Natal
T000004979,A0000731,2024-11-05,06:41:22,Payment,751.6,Internet Banking,Successful,Fuel,Western Cape
T000004980,A0000464,2025-08-14,08:56:58,Card Purchase,4247.69,POS,Successful,Education,Gauteng
T000004981,A0000774,2026-01-11,08:52:05,Card Purchase,694.55,Mobile App,Successful,Other,KwaZulu-Natal
T000004982,A0000679,2026-01-31,21:44:34,Payment,183.89,Mobile App,Successful,Healthcare,Western Cape
T000004983,A0002112,2026-07-21,19:11:11,Card Purchase,2455.46,POS,Successful,Fuel,KwaZulu-Natal
T000004984,A0002854,2026-05-21,21:08:04,Withdrawal,1259.23,ATM,Successful,N/A,Gauteng
T000004985,A0000668,2026-01-24,07:59:07,Deposit,6136.64,ATM,Successful,N/A,North West
T000004986,A0000544,2025-03-27,20:20:37,Deposit,437.35,Card,Successful,N/A,Western Cape
T000004987,A0000406,2025-12-08,20:50:37,Debit Order,408.38,ATM,Successful,N/A,KwaZulu-Natal
T000004988,A0001075,2026-05-30,13:26:55,Card Purchase,2197.15,ATM,Successful,Education,KwaZulu-Natal
T000004989,A0002206,2026-07-15,07:33:25,Interest,1870.46,Card,Successful,N/A,Western Cape
T000004990,A0001147,2025-10-10,08:54:22,Card Purchase,396.62,ATM,Successful,Groceries,KwaZulu-Natal
T000004991,A0002742,2026-02-05,13:03:14,Card Purchase,304.12,Mobile App,Successful,Other,KwaZulu-Natal
T000004992,A0001108,2026-07-07,07:56:29,Transfer,1041.99,Card,Successful,N/A,Gauteng
T000004993,A0000174,2026-06-06,17:05:13,Interest,2225.52,POS,Successful,N/A,Gauteng
T000004994,A0002703,2026-03-25,10:47:47,Debit Order,2294.11,Mobile App,Successful,N/A,Gauteng
T000004995,A0001419,2025-10-16,12:59:08,Debit Order,457.25,Mobile App,Successful,N/A,Gauteng
T000004996,A0000060,2025-09-04,21:42:24,Withdrawal,665.54,Card,Successful,N/A,Gauteng
T000004997,A0000069,2025-09-03,21:16:46,Transfer,152.44,ATM,Successful,N/A,North West
T000004998,A0000005,2026-07-15,20:36:31,Card Purchase,233.62,Card,Successful,Healthcare,Gauteng
T000004999,A0001489,2026-07-17,18:33:05,Withdrawal,1277.82,Mobile App,Successful,N/A,Western Cape
T000005000,A0002548,2026-05-30,07:24:25,Card Purchase,2298.81,Mobile App,Successful,Telecoms,Gauteng
T000005001,A0000102,2025-08-17,17:31:12,Card Purchase,1116.96,Mobile App,Successful,Fuel,Limpopo
T000005002,A0002304,2023-08-20,14:54:44,Card Purchase,4681.46,POS,Successful,Utilities,KwaZulu-Natal
T000005003,A0000044,2025-08-01,10:38:43,Card Purchase,373.06,Card,Successful,Travel,Gauteng
T000005004,A0002222,2026-06-23,06:08:58,Card Purchase,1230.12,POS,Successful,Education,Western Cape
T000005005,A0000611,2025-12-30,13:15:21,Debit Order,1278.25,Mobile App,Successful,N/A,Western Cape
T000005006,A0000562,2026-07-31,11:59:40,Payment,135.43,Mobile App,Successful,Telecoms,Western Cape
T000005007,A0001735,2026-06-16,12:51:36,Payment,273.19,Card,Failed,Entertainment,KwaZulu-Natal
T000005008,A0002060,2026-06-01,08:21:53,Bank Fee,162.28,ATM,Successful,N/A,KwaZulu-Natal
T000005009,A0001404,2026-01-31,09:30:23,Card Purchase,987.84,Card,Successful,Utilities,KwaZulu-Natal
T000005010,A0002636,2026-06-08,14:22:58,Deposit,8259.26,POS,Successful,N/A,KwaZulu-Natal
T000005011,A0001141,2025-11-29,21:34:23,Card Purchase,657.96,Internet Banking,Successful,Retail,Gauteng
T000005012,A0001484,2026-07-23,18:50:26,Debit Order,192.82,Mobile App,Successful,N/A,Eastern Cape
T000005013,A0002666,2026-02-19,17:08:48,Card Purchase,384.99,POS,Failed,Telecoms,Gauteng
T000005014,A0000184,2024-12-31,21:48:33,Debit Order,1461.38,Card,Successful,N/A,North West
T000005015,A0000296,2024-05-28,16:26:57,Card Purchase,2229.3,POS,Successful,Entertainment,Gauteng
T000005016,A0000580,2026-07-30,21:06:06,Debit Order,3723.3,POS,Successful,N/A,Gauteng
T000005017,A0001362,2026-06-08,07:31:01,Transfer,739.4,Mobile App,Successful,N/A,Western Cape
T000005018,A0002584,2023-02-06,22:27:28,Transfer,2783.56,Branch,Successful,N/A,Gauteng
T000005019,A0000796,2026-07-31,07:30:52,Payment,360.17,POS,Successful,Travel,Eastern Cape
T000005020,A0000610,2026-07-28,07:20:53,Transfer,451.84,Card,Successful,N/A,Western Cape
T000005021,A0001911,2026-07-03,10:57:38,Card Purchase,895.44,Card,Successful,Other,KwaZulu-Natal
T000005022,A0002000,2026-07-30,16:01:14,Transfer,1508.81,Mobile App,Successful,N/A,KwaZulu-Natal
T000005023,A0001333,2026-07-03,13:08:06,Card Purchase,427.98,Internet Banking,Successful,Education,Gauteng
T000005024,A0000889,2026-02-28,15:55:11,Debit Order,3732.24,Card,Successful,N/A,Gauteng
T000005025,A0002125,2026-07-22,15:46:30,Transfer,71.65,POS,Successful,N/A,Eastern Cape
T000005026,A0002200,2024-07-24,14:12:24,Card Purchase,1388.05,Card,Successful,Entertainment,Free State
T000005027,A0003114,2026-07-14,21:13:28,Card Purchase,601.42,Mobile App,Successful,Groceries,Limpopo
T000005028,A0000938,2025-06-22,13:26:23,Card Purchase,123.06,Card,Successful,Healthcare,KwaZulu-Natal
T000005029,A0001212,2026-05-12,11:45:30,Card Purchase,13066.93,Internet Banking,Successful,Fuel,Gauteng
T000005030,A0002878,2026-07-12,11:34:07,Withdrawal,543.58,Mobile App,Successful,N/A,Western Cape
T000005031,A0002611,2026-07-30,13:23:06,Transfer,404.24,Mobile App,Successful,N/A,KwaZulu-Natal
T000005032,A0001435,2025-10-07,22:42:12,Withdrawal,167.18,Mobile App,Successful,N/A,Gauteng
T000005033,A0003131,2025-10-23,20:22:08,Debit Order,219.05,Mobile App,Successful,N/A,Mpumalanga
T000005034,A0002492,2026-06-07,09:52:32,Debit Order,1833.6,POS,Successful,N/A,KwaZulu-Natal
T000005035,A0000558,2026-03-06,08:33:57,Debit Order,115.01,Mobile App,Failed,N/A,Western Cape
T000005036,A0000972,2026-04-01,22:59:05,Payment,758.56,Internet Banking,Successful,Other,Gauteng
T000005037,A0000629,2026-04-20,11:25:20,Card Purchase,1265.99,Card,Successful,Education,Free State
T000005038,A0001503,2025-09-22,14:44:49,Interest,1711.13,Mobile App,Successful,N/A,Gauteng
T000005039,A0002244,2026-07-23,11:52:27,Card Purchase,203.37,Card,Successful,Education,Western Cape
T000005040,A0003142,2023-12-06,21:38:05,Transfer,516.37,POS,Successful,N/A,North West
T000005041,A0001788,2026-05-22,07:55:32,Transfer,568.01,ATM,Successful,N/A,Gauteng
T000005042,A0003094,2026-03-17,15:18:21,Deposit,4386.32,Card,Successful,N/A,KwaZulu-Natal
T000005043,A0000499,2024-05-18,19:52:40,Card Purchase,1059.28,Mobile App,Successful,Telecoms,Western Cape
T000005044,A0002409,2026-07-21,20:28:07,Card Purchase,749.6,Mobile App,Successful,Other,KwaZulu-Natal
T000005045,A0000751,2024-07-20,13:13:06,Card Purchase,1966.22,Card,Successful,Healthcare,Mpumalanga
T000005046,A0001207,2026-04-11,08:15:57,Card Purchase,479.48,POS,Successful,Healthcare,KwaZulu-Natal
T000005047,A0001745,2026-07-15,21:01:46,Deposit,715.57,Card,Successful,N/A,Gauteng
T000005048,A0001455,2026-05-30,22:50:57,Withdrawal,811.96,Card,Successful,N/A,Western Cape
T000005049,A0000311,2026-04-19,18:34:28,Card Purchase,110.23,ATM,Successful,Telecoms,Western Cape
T000005050,A0000612,2025-01-28,18:01:38,Deposit,2059.53,POS,Successful,N/A,Gauteng
T000005051,A0001979,2025-12-31,10:27:41,Interest,685.19,ATM,Successful,N/A,Western Cape
T000005052,A0001147,2025-07-24,13:09:05,Transfer,748.03,Branch,Successful,N/A,KwaZulu-Natal
T000005053,A0003060,2024-07-29,06:42:53,Withdrawal,400.06,ATM,Successful,N/A,Western Cape
T000005054,A0001050,2024-11-14,18:23:48,Bank Fee,998.84,POS,Successful,N/A,Northern Cape
T000005055,A0002402,2026-05-06,15:35:17,Card Purchase,1349.17,POS,Successful,Travel,Western Cape
T000005056,A0001096,2024-08-03,20:55:44,Transfer,1007.68,Mobile App,Successful,N/A,KwaZulu-Natal
T000005057,A0000814,2026-05-06,12:35:00,Transfer,2405.47,Mobile App,Successful,N/A,KwaZulu-Natal
T000005058,A0002166,2026-05-11,10:41:58,Card Purchase,456.69,Mobile App,Successful,Restaurants,Western Cape
T000005059,A0002174,2026-07-16,18:58:14,Card Purchase,2077.55,POS,Successful,Retail,Western Cape
T000005060,A0001626,2026-07-16,08:29:05,Transfer,1146.47,POS,Successful,N/A,Western Cape
T000005061,A0003000,2026-06-18,13:32:35,Transfer,1676.1,Internet Banking,Successful,N/A,Western Cape
T000005062,A0002206,2026-07-07,20:11:37,Debit Order,1085.31,Branch,Successful,N/A,Western Cape
T000005063,A0002134,2026-03-30,19:33:35,Bank Fee,949.16,ATM,Successful,N/A,Northern Cape
T000005064,A0001360,2024-08-19,07:26:04,Deposit,5275.54,POS,Successful,N/A,Eastern Cape
T000005065,A0001931,2026-01-29,13:17:02,Card Purchase,832.08,Card,Successful,Travel,Mpumalanga
T000005066,A0001446,2026-07-30,22:37:23,Debit Order,228.67,POS,Successful,N/A,Gauteng
T000005067,A0000411,2026-05-15,21:45:58,Card Purchase,1137.53,Mobile App,Failed,Entertainment,Mpumalanga
T000005068,A0003125,2026-07-13,08:41:09,Deposit,6262.65,POS,Successful,N/A,North West
T000005069,A0000320,2026-05-06,16:18:31,Deposit,2007.33,Mobile App,Successful,N/A,Mpumalanga
T000005070,A0002845,2026-02-16,17:08:49,Deposit,4663.6,ATM,Successful,N/A,Western Cape
T000005071,A0001964,2025-07-26,06:36:14,Transfer,301.68,Card,Successful,N/A,Limpopo
T000005072,A0000149,2024-07-23,16:19:16,Deposit,6148.11,POS,Successful,N/A,Western Cape
T000005073,A0003155,2025-07-01,08:49:00,Transfer,3713.58,POS,Successful,N/A,KwaZulu-Natal
T000005074,A0003129,2026-01-07,16:57:10,Debit Order,139.97,POS,Successful,N/A,Gauteng
T000005075,A0003070,2025-11-18,22:08:38,Card Purchase,625.98,ATM,Successful,Utilities,Eastern Cape
T000005076,A0002642,2026-01-21,14:30:57,Deposit,2239.01,Mobile App,Successful,N/A,Northern Cape
T000005077,A0000401,2025-11-02,20:38:42,Deposit,157.01,ATM,Successful,N/A,KwaZulu-Natal
T000005078,A0001630,2025-12-18,07:41:03,Card Purchase,106.28,ATM,Successful,Healthcare,Mpumalanga
T000005079,A0002696,2026-06-05,20:57:03,Payment,297.22,Card,Successful,Telecoms,KwaZulu-Natal
T000005080,A0002026,2026-06-04,12:48:19,Card Purchase,1185.1,POS,Successful,Other,Western Cape
T000005081,A0002637,2025-12-26,13:37:44,Card Purchase,1678.62,POS,Successful,Entertainment,Western Cape
T000005082,A0002071,2026-03-28,19:30:00,Card Purchase,1131.07,Card,Successful,Other,Free State
T000005083,A0003144,2026-07-30,19:17:29,Bank Fee,844.97,Mobile App,Successful,N/A,Gauteng
T000005084,A0002597,2024-08-06,12:13:04,Card Purchase,1927.44,ATM,Successful,Fuel,Eastern Cape
T000005085,A0001559,2025-07-21,12:58:20,Card Purchase,1537.89,Branch,Successful,Restaurants,Gauteng
T000005086,A0002082,2026-04-01,17:54:11,Card Purchase,2687.28,ATM,Successful,Entertainment,KwaZulu-Natal
T000005087,A0002672,2026-04-07,14:42:27,Deposit,272.57,ATM,Successful,N/A,KwaZulu-Natal
T000005088,A0000699,2026-06-30,17:50:17,Transfer,246.29,Mobile App,Successful,N/A,Gauteng
T000005089,A0002925,2026-03-27,12:29:28,Debit Order,778.72,Mobile App,Successful,N/A,Free State
T000005090,A0000820,2026-06-27,06:17:08,Card Purchase,225.61,Mobile App,Successful,Entertainment,Western Cape
T000005091,A0001530,2025-12-29,08:08:44,Payment,4621.11,Branch,Successful,Groceries,KwaZulu-Natal
T000005092,A0001008,2026-06-26,12:19:55,Deposit,1628.66,Mobile App,Successful,N/A,Limpopo
T000005093,A0002666,2026-06-19,12:15:17,Transfer,1757.1,Internet Banking,Successful,N/A,Gauteng
T000005094,A0001056,2025-10-19,20:35:44,Deposit,1710.99,Mobile App,Successful,N/A,Eastern Cape
T000005095,A0002896,2026-07-31,07:05:37,Withdrawal,95.54,Mobile App,Successful,N/A,KwaZulu-Natal
T000005096,A0001302,2026-03-11,20:55:40,Card Purchase,2036.99,Card,Successful,Utilities,Western Cape
T000005097,A0001116,2025-09-01,17:21:03,Card Purchase,141.22,Mobile App,Successful,Restaurants,Eastern Cape
T000005098,A0001351,2026-06-18,10:16:56,Transfer,176.15,Card,Successful,N/A,Eastern Cape
T000005099,A0000728,2025-12-13,17:53:45,Payment,1301.87,Mobile App,Successful,Education,Gauteng
T000005100,A0002731,2026-05-04,14:45:37,Debit Order,2443.62,ATM,Successful,N/A,KwaZulu-Natal
T000005101,A0000783,2026-07-12,19:46:33,Transfer,435.43,ATM,Successful,N/A,Gauteng
T000005102,A0000566,2026-03-13,11:14:32,Card Purchase,397.53,POS,Successful,Restaurants,Gauteng
T000005103,A0000210,2025-08-19,11:22:17,Card Purchase,378.74,Mobile App,Successful,Other,Gauteng
T000005104,A0002115,2026-04-06,22:41:12,Deposit,6597.96,Card,Successful,N/A,Mpumalanga
T000005105,A0000540,2025-06-13,21:20:38,Transfer,1234.7,Internet Banking,Successful,N/A,Gauteng
T000005106,A0001544,2026-07-13,16:50:33,Card Purchase,1122.67,Internet Banking,Successful,Restaurants,Eastern Cape
T000005107,A0002448,2024-09-27,11:02:02,Debit Order,4410.36,ATM,Successful,N/A,Gauteng
T000005108,A0000420,2026-05-02,21:37:55,Withdrawal,272.1,Mobile App,Successful,N/A,KwaZulu-Natal
T000005109,A0000990,2025-08-09,22:00:09,Card Purchase,1223.97,Internet Banking,Successful,Utilities,Western Cape
T000005110,A0002970,2024-04-06,16:03:10,Payment,145.07,Internet Banking,Successful,Groceries,Limpopo
T000005111,A0000167,2026-07-10,13:04:06,Bank Fee,1368.42,Mobile App,Successful,N/A,Gauteng
T000005112,A0002585,2026-01-12,17:25:09,Card Purchase,285.35,Internet Banking,Successful,Entertainment,Western Cape
T000005113,A0001539,2026-07-18,08:38:02,Transfer,585.06,Mobile App,Successful,N/A,KwaZulu-Natal
T000005114,A0001876,2025-08-11,14:59:23,Transfer,583.86,POS,Successful,N/A,Limpopo
T000005115,A0001622,2026-07-20,09:01:48,Card Purchase,2151.22,Mobile App,Successful,Education,Northern Cape
T000005116,A0000903,2025-11-09,21:22:53,Payment,778.14,Branch,Successful,Retail,Gauteng
T000005117,A0000289,2026-07-26,10:11:25,Transfer,345.98,Card,Successful,N/A,Mpumalanga
T000005118,A0002745,2025-10-02,17:49:29,Card Purchase,370.9,Internet Banking,Successful,Restaurants,Limpopo
T000005119,A0000503,2026-05-04,17:17:10,Card Purchase,6840.66,Mobile App,Successful,Entertainment,Eastern Cape
T000005120,A0001992,2026-07-10,15:23:45,Card Purchase,484.18,Card,Successful,Other,Gauteng
T000005121,A0003076,2026-01-26,09:26:12,Card Purchase,193.9,Branch,Successful,Other,Eastern Cape
T000005122,A0001686,2026-07-13,14:19:20,Card Purchase,1482.48,Mobile App,Successful,Entertainment,North West
T000005123,A0000434,2025-07-03,20:26:59,Debit Order,128.56,Card,Successful,N/A,Western Cape
T000005124,A0001907,2023-06-05,20:27:35,Withdrawal,379.38,Mobile App,Successful,N/A,Limpopo
T000005125,A0001463,2026-04-26,09:49:57,Debit Order,248.05,POS,Successful,N/A,Free State
T000005126,A0000443,2025-10-29,14:37:49,Withdrawal,200.31,Internet Banking,Successful,N/A,Gauteng
T000005127,A0002496,2025-08-21,08:27:18,Withdrawal,988.79,POS,Successful,N/A,KwaZulu-Natal
T000005128,A0001408,2026-05-20,18:48:00,Bank Fee,326.91,Mobile App,Successful,N/A,Gauteng
T000005129,A0000709,2024-06-11,07:59:21,Transfer,168.71,Mobile App,Successful,N/A,Gauteng
T000005130,A0000655,2026-02-15,07:28:07,Deposit,3173.78,Internet Banking,Successful,N/A,North West
T000005131,A0000246,2026-01-06,21:26:17,Card Purchase,2139.75,Mobile App,Successful,Restaurants,Mpumalanga
T000005132,A0002350,2026-03-24,09:44:58,Debit Order,1704.71,POS,Successful,N/A,Limpopo
T000005133,A0001771,2025-10-25,07:42:23,Card Purchase,479.55,ATM,Successful,Healthcare,KwaZulu-Natal
T000005134,A0002649,2026-01-12,19:27:24,Card Purchase,484.58,POS,Successful,Education,Mpumalanga
T000005135,A0002053,2025-03-31,17:10:40,Card Purchase,967.29,Internet Banking,Successful,Restaurants,Western Cape
T000005136,A0001371,2025-11-04,08:43:50,Withdrawal,1270.02,Internet Banking,Successful,N/A,Eastern Cape
T000005137,A0002303,2026-07-28,18:32:21,Transfer,641.42,Internet Banking,Successful,N/A,Western Cape
T000005138,A0002544,2026-05-29,06:26:59,Payment,914.52,POS,Successful,Education,Gauteng
T000005139,A0003000,2026-06-09,20:08:44,Card Purchase,971.76,Branch,Successful,Retail,Western Cape
T000005140,A0002397,2026-06-21,21:56:19,Deposit,767.97,Mobile App,Successful,N/A,Gauteng
T000005141,A0000477,2026-07-19,19:02:20,Card Purchase,1606.45,Mobile App,Successful,Utilities,KwaZulu-Natal
T000005142,A0002215,2026-02-11,19:41:11,Card Purchase,2182.05,Internet Banking,Successful,Utilities,Gauteng
T000005143,A0001929,2026-04-28,14:18:20,Transfer,817.48,Internet Banking,Successful,N/A,Free State
T000005144,A0001256,2026-07-02,06:08:01,Debit Order,461.13,ATM,Successful,N/A,Gauteng
T000005145,A0000141,2026-03-31,17:42:32,Payment,847.58,Mobile App,Successful,Groceries,Western Cape
T000005146,A0002071,2026-05-05,21:02:40,Card Purchase,432.44,Internet Banking,Successful,Utilities,Free State
T000005147,A0001297,2025-12-06,11:14:50,Transfer,2542.45,Branch,Successful,N/A,Mpumalanga
T000005148,A0002926,2026-07-30,17:10:00,Card Purchase,723.0,Branch,Successful,Restaurants,Eastern Cape
T000005149,A0002123,2026-05-10,10:53:01,Card Purchase,397.01,Card,Successful,Fuel,Gauteng
T000005150,A0000589,2026-07-25,09:33:16,Deposit,2647.15,Internet Banking,Successful,N/A,KwaZulu-Natal
T000005151,A0001995,2025-10-06,20:43:15,Transfer,468.97,Internet Banking,Successful,N/A,Western Cape
T000005152,A0002842,2026-05-18,14:54:25,Transfer,243.23,Card,Successful,N/A,Western Cape
T000005153,A0000697,2025-09-10,22:12:54,Deposit,11064.55,POS,Successful,N/A,Gauteng
T000005154,A0001075,2026-04-16,17:51:12,Bank Fee,735.53,Card,Successful,N/A,KwaZulu-Natal
T000005155,A0002257,2026-01-09,15:11:26,Transfer,524.97,POS,Successful,N/A,North West
T000005156,A0000415,2023-05-02,07:34:16,Card Purchase,1189.0,Card,Successful,Utilities,Mpumalanga
T000005157,A0001901,2026-07-31,17:34:22,Debit Order,435.0,Mobile App,Successful,N/A,Western Cape
T000005158,A0002285,2026-06-21,18:51:13,Transfer,1120.93,POS,Successful,N/A,Free State
T000005159,A0000506,2026-06-11,10:55:13,Debit Order,1544.22,Card,Successful,N/A,Western Cape
T000005160,A0002362,2026-02-12,18:01:31,Withdrawal,254.29,ATM,Successful,N/A,Limpopo
T000005161,A0001329,2026-06-27,15:49:29,Withdrawal,665.77,Internet Banking,Successful,N/A,KwaZulu-Natal
T000005162,A0001274,2026-07-18,12:58:45,Interest,215.16,POS,Successful,N/A,Gauteng
T000005163,A0001536,2026-06-01,06:33:07,Transfer,2643.75,POS,Successful,N/A,Western Cape
T000005164,A0002921,2026-05-11,21:23:13,Withdrawal,311.25,Mobile App,Successful,N/A,Gauteng
T000005165,A0001003,2026-04-17,20:15:23,Withdrawal,154.78,POS,Successful,N/A,Gauteng
T000005166,A0003139,2026-07-22,11:55:58,Card Purchase,2329.82,POS,Successful,Telecoms,KwaZulu-Natal
T000005167,A0003041,2026-07-07,18:58:32,Card Purchase,77.17,POS,Successful,Other,Gauteng
T000005168,A0001794,2024-10-18,17:40:57,Debit Order,331.7,POS,Successful,N/A,Limpopo
T000005169,A0000014,2026-02-03,06:07:14,Transfer,130.74,POS,Successful,N/A,KwaZulu-Natal
T000005170,A0002083,2025-07-14,15:11:18,Card Purchase,1070.08,ATM,Successful,Travel,Mpumalanga
T000005171,A0001798,2026-05-03,12:15:28,Card Purchase,453.72,ATM,Successful,Groceries,Western Cape
T000005172,A0000769,2024-12-06,15:34:44,Payment,538.2,Mobile App,Successful,Entertainment,Mpumalanga
T000005173,A0002323,2026-07-31,11:18:44,Debit Order,395.76,Internet Banking,Successful,N/A,Gauteng
T000005174,A0002341,2026-07-09,09:32:49,Deposit,2260.29,Branch,Successful,N/A,Limpopo
T000005175,A0000252,2026-07-24,14:26:01,Bank Fee,2171.29,Mobile App,Successful,N/A,Western Cape
T000005176,A0001590,2026-07-29,21:14:33,Card Purchase,676.62,Mobile App,Successful,Retail,Gauteng
T000005177,A0002404,2025-09-04,12:37:42,Transfer,73.13,Internet Banking,Successful,N/A,KwaZulu-Natal
T000005178,A0001254,2026-03-24,14:50:15,Debit Order,4997.57,POS,Successful,N/A,Western Cape
T000005179,A0001356,2025-11-17,11:33:16,Transfer,429.82,POS,Successful,N/A,Western Cape
T000005180,A0001599,2026-05-26,12:12:59,Card Purchase,460.66,Mobile App,Successful,Fuel,Western Cape
T000005181,A0003173,2023-05-11,21:34:22,Card Purchase,1473.78,POS,Successful,Other,Western Cape
T000005182,A0001284,2026-06-29,10:45:32,Transfer,592.19,Card,Successful,N/A,Western Cape
T000005183,A0001964,2025-08-13,13:08:58,Deposit,5768.16,Internet Banking,Successful,N/A,Limpopo
T000005184,A0001538,2026-06-14,13:30:25,Card Purchase,793.14,Internet Banking,Successful,Retail,Limpopo
T000005185,A0001996,2026-06-06,14:17:07,Transfer,414.88,Internet Banking,Successful,N/A,Limpopo
T000005186,A0002960,2026-07-27,10:42:50,Card Purchase,1316.28,Card,Successful,Entertainment,Free State
T000005187,A0002295,2026-06-02,18:46:57,Withdrawal,273.17,Internet Banking,Successful,N/A,Limpopo
T000005188,A0000615,2025-09-10,12:18:43,Card Purchase,1908.75,ATM,Successful,Groceries,Limpopo
T000005189,A0001760,2024-07-15,11:50:58,Transfer,1043.07,POS,Successful,N/A,KwaZulu-Natal
T000005190,A0002659,2026-07-11,11:59:01,Debit Order,917.47,Mobile App,Successful,N/A,Free State
T000005191,A0000114,2025-04-26,06:16:13,Debit Order,299.83,Internet Banking,Successful,N/A,KwaZulu-Natal
T000005192,A0002346,2026-05-11,17:22:36,Payment,189.6,Internet Banking,Successful,Utilities,Eastern Cape
T000005193,A0003067,2026-07-31,20:25:15,Transfer,1439.82,ATM,Successful,N/A,Gauteng
T000005194,A0002122,2026-06-20,20:29:00,Card Purchase,446.79,Internet Banking,Successful,Healthcare,Free State
T000005195,A0000708,2026-02-12,12:39:24,Card Purchase,907.51,Mobile App,Successful,Fuel,KwaZulu-Natal
T000005196,A0001412,2024-06-09,06:26:41,Payment,1534.16,Card,Successful,Retail,Gauteng
T000005197,A0001551,2026-07-02,08:37:57,Debit Order,653.26,Mobile App,Successful,N/A,Eastern Cape
T000005198,A0001417,2026-04-21,16:24:54,Transfer,738.9,Mobile App,Successful,N/A,Western Cape
T000005199,A0002981,2026-06-12,15:46:40,Debit Order,782.17,Card,Successful,N/A,Gauteng
T000005200,A0000303,2025-12-24,06:53:20,Card Purchase,747.5,POS,Successful,Entertainment,Gauteng
T000005201,A0000229,2024-12-28,07:11:05,Card Purchase,349.85,Card,Successful,Education,Western Cape
T000005202,A0001533,2026-06-26,12:58:24,Deposit,348.31,Card,Successful,N/A,Eastern Cape
T000005203,A0000047,2026-07-19,07:18:42,Deposit,2063.68,Card,Successful,N/A,Gauteng
T000005204,A0002153,2026-04-05,17:17:09,Debit Order,252.45,ATM,Successful,N/A,KwaZulu-Natal
T000005205,A0001431,2025-05-23,21:16:33,Transfer,116.94,Card,Successful,N/A,KwaZulu-Natal
T000005206,A0000783,2026-06-30,21:07:01,Withdrawal,1474.74,POS,Successful,N/A,Gauteng
T000005207,A0000710,2026-07-10,13:17:25,Deposit,1463.48,Internet Banking,Successful,N/A,Western Cape
T000005208,A0001779,2026-07-12,20:58:34,Withdrawal,982.17,Mobile App,Successful,N/A,Gauteng
T000005209,A0002415,2026-07-04,19:50:28,Debit Order,511.82,Internet Banking,Successful,N/A,Eastern Cape
T000005210,A0001605,2023-07-09,09:52:05,Payment,1298.77,Mobile App,Successful,Travel,KwaZulu-Natal
T000005211,A0002166,2025-10-27,10:33:52,Card Purchase,156.04,POS,Successful,Telecoms,Western Cape
T000005212,A0000764,2025-11-10,20:28:52,Debit Order,1468.45,POS,Successful,N/A,Eastern Cape
T000005213,A0002496,2026-02-21,06:32:16,Payment,2460.54,ATM,Successful,Education,KwaZulu-Natal
T000005214,A0000392,2026-06-22,11:35:56,Deposit,5037.52,Mobile App,Successful,N/A,Free State
T000005215,A0001857,2026-07-23,12:43:12,Transfer,125.05,POS,Successful,N/A,Eastern Cape
T000005216,A0001965,2026-06-06,14:01:59,Interest,3497.35,Mobile App,Successful,N/A,Western Cape
T000005217,A0000077,2025-03-20,08:12:10,Transfer,518.24,Card,Successful,N/A,Gauteng
T000005218,A0001510,2024-11-18,17:16:40,Card Purchase,570.99,Card,Successful,Groceries,KwaZulu-Natal
T000005219,A0001435,2025-07-07,11:40:14,Card Purchase,398.99,Mobile App,Successful,Utilities,Gauteng
T000005220,A0002529,2026-03-23,21:49:46,Withdrawal,551.86,Card,Successful,N/A,KwaZulu-Natal
T000005221,A0000010,2025-11-22,20:23:14,Card Purchase,318.25,POS,Successful,Travel,KwaZulu-Natal
T000005222,A0000596,2026-07-26,13:37:18,Payment,387.23,Internet Banking,Successful,Other,Eastern Cape
T000005223,A0002186,2026-06-20,16:26:56,Card Purchase,234.46,Mobile App,Successful,Fuel,North West
T000005224,A0002263,2024-06-20,17:28:43,Transfer,111.8,ATM,Successful,N/A,Limpopo
T000005225,A0000501,2026-07-28,10:34:38,Bank Fee,337.37,Card,Successful,N/A,Western Cape
T000005226,A0001787,2026-05-08,10:33:12,Debit Order,947.21,Branch,Successful,N/A,Gauteng
T000005227,A0002452,2025-02-12,08:35:47,Deposit,3188.94,ATM,Successful,N/A,Mpumalanga
T000005228,A0000094,2026-06-13,10:05:24,Interest,192.14,Internet Banking,Successful,N/A,Eastern Cape
T000005229,A0002184,2025-06-03,20:25:12,Card Purchase,455.95,Mobile App,Successful,Utilities,Western Cape
T000005230,A0001275,2026-07-22,18:59:10,Payment,1005.17,ATM,Successful,Healthcare,Gauteng
T000005231,A0002030,2026-07-13,18:48:37,Debit Order,1568.01,Mobile App,Successful,N/A,Western Cape
T000005232,A0001016,2025-08-10,06:45:39,Card Purchase,302.33,ATM,Successful,Education,Gauteng
T000005233,A0000568,2025-09-23,21:30:08,Debit Order,1774.41,Mobile App,Successful,N/A,Western Cape
T000005234,A0003045,2026-05-29,07:03:23,Transfer,531.95,Mobile App,Successful,N/A,Western Cape
T000005235,A0003165,2026-07-07,13:11:03,Card Purchase,278.5,ATM,Successful,Education,Gauteng
T000005236,A0002495,2025-07-03,15:12:45,Card Purchase,109.82,Mobile App,Successful,Groceries,Western Cape
T000005237,A0001558,2025-01-11,20:21:11,Transfer,319.49,POS,Successful,N/A,Western Cape
T000005238,A0001178,2026-07-18,18:08:54,Card Purchase,402.93,Mobile App,Successful,Utilities,North West
T000005239,A0002654,2026-06-24,14:41:02,Debit Order,1110.12,Card,Successful,N/A,Gauteng
T000005240,A0002464,2025-06-23,07:15:01,Debit Order,462.72,Mobile App,Successful,N/A,Free State
T000005241,A0002198,2026-03-06,13:38:22,Card Purchase,2583.47,Internet Banking,Successful,Telecoms,Free State
T000005242,A0001479,2026-04-29,20:48:37,Card Purchase,209.83,Card,Successful,Restaurants,Gauteng
T000005243,A0000897,2024-11-06,19:57:23,Card Purchase,900.0,Branch,Successful,Education,Western Cape
T000005244,A0002070,2026-05-17,11:33:15,Interest,4238.28,POS,Successful,N/A,Mpumalanga
T000005245,A0001783,2026-06-15,11:08:01,Interest,671.44,Internet Banking,Successful,N/A,KwaZulu-Natal
T000005246,A0001331,2026-03-10,11:33:23,Card Purchase,146.36,ATM,Successful,Education,Gauteng
T000005247,A0001555,2026-06-04,09:47:27,Deposit,1080.91,Internet Banking,Successful,N/A,Western Cape
T000005248,A0001253,2026-02-23,16:19:27,Payment,551.33,POS,Successful,Education,Western Cape
T000005249,A0001088,2024-11-04,22:24:36,Bank Fee,1890.32,ATM,Successful,N/A,Gauteng
T000005250,A0002292,2025-11-07,10:31:19,Payment,1530.18,Card,Successful,Telecoms,Western Cape
T000005251,A0000040,2025-07-21,08:25:38,Transfer,203.41,POS,Successful,N/A,Northern Cape
T000005252,A0000217,2026-06-21,14:56:09,Withdrawal,118.25,POS,Successful,N/A,KwaZulu-Natal
T000005253,A0001816,2024-12-02,11:13:46,Card Purchase,213.68,POS,Successful,Education,Mpumalanga
T000005254,A0001360,2025-12-01,18:14:37,Debit Order,13148.43,POS,Successful,N/A,Eastern Cape
T000005255,A0000317,2026-02-14,13:30:20,Card Purchase,2246.01,POS,Successful,Other,Gauteng
T000005256,A0002865,2025-12-01,11:57:42,Bank Fee,935.7,ATM,Successful,N/A,Gauteng
T000005257,A0003141,2026-07-31,20:52:52,Card Purchase,305.52,POS,Successful,Other,Gauteng
T000005258,A0003057,2026-07-17,18:24:43,Card Purchase,951.28,Mobile App,Successful,Healthcare,Western Cape
T000005259,A0000535,2026-07-07,07:45:17,Transfer,707.87,Card,Successful,N/A,Limpopo
T000005260,A0001892,2026-04-19,21:05:32,Card Purchase,192.44,Mobile App,Successful,Restaurants,Gauteng
T000005261,A0001853,2026-07-30,17:25:20,Bank Fee,244.41,ATM,Successful,N/A,KwaZulu-Natal
T000005262,A0002475,2026-07-20,10:30:53,Card Purchase,517.77,POS,Successful,Other,Northern Cape
T000005263,A0002604,2026-07-28,11:05:55,Deposit,1923.99,Mobile App,Successful,N/A,Gauteng
T000005264,A0002331,2026-05-10,14:42:38,Payment,1742.68,Mobile App,Successful,Education,Mpumalanga
T000005265,A0001371,2025-11-28,08:31:44,Card Purchase,317.05,Mobile App,Successful,Other,Eastern Cape
T000005266,A0001194,2026-07-27,16:14:25,Payment,1442.4,POS,Successful,Utilities,Gauteng
T000005267,A0001211,2026-06-01,20:01:07,Card Purchase,1134.9,Mobile App,Successful,Utilities,Limpopo
T000005268,A0001732,2026-04-18,21:17:43,Card Purchase,427.23,Card,Successful,Entertainment,Free State
T000005269,A0002735,2022-08-02,07:36:00,Payment,256.63,ATM,Successful,Groceries,Gauteng
T000005270,A0001114,2026-07-30,07:30:23,Card Purchase,75.8,Mobile App,Successful,Other,Limpopo
T000005271,A0001933,2025-12-24,20:51:08,Card Purchase,1628.96,ATM,Successful,Entertainment,Limpopo
T000005272,A0002931,2026-03-09,19:29:26,Withdrawal,3196.65,Branch,Successful,N/A,Gauteng
T000005273,A0001667,2026-07-29,17:28:58,Debit Order,1555.9,Mobile App,Successful,N/A,Mpumalanga
T000005274,A0002777,2026-07-30,11:52:01,Deposit,3700.87,Branch,Successful,N/A,Western Cape
T000005275,A0002857,2026-07-24,07:25:14,Transfer,191.44,Mobile App,Successful,N/A,Western Cape
T000005276,A0002174,2026-06-19,22:40:29,Card Purchase,338.82,ATM,Successful,Education,Western Cape
T000005277,A0000541,2025-11-06,15:06:09,Transfer,5888.64,Mobile App,Successful,N/A,KwaZulu-Natal
T000005278,A0000779,2026-05-26,15:06:32,Card Purchase,498.11,Mobile App,Successful,Education,Gauteng
T000005279,A0001798,2026-03-01,16:26:12,Withdrawal,158.48,Mobile App,Successful,N/A,Western Cape
T000005280,A0000840,2024-03-28,21:45:47,Card Purchase,1819.91,Mobile App,Successful,Education,Northern Cape
T000005281,A0002104,2026-06-27,22:41:12,Payment,610.33,ATM,Successful,Travel,KwaZulu-Natal
T000005282,A0002170,2026-05-25,09:41:02,Debit Order,492.39,Internet Banking,Successful,N/A,Free State
T000005283,A0001297,2024-12-03,07:15:35,Interest,1599.74,POS,Successful,N/A,Mpumalanga
T000005284,A0002857,2026-07-08,08:57:56,Payment,1057.97,POS,Successful,Fuel,Western Cape
T000005285,A0003097,2025-12-06,17:57:52,Card Purchase,1365.59,Mobile App,Successful,Fuel,Free State
T000005286,A0000812,2026-07-08,19:40:17,Debit Order,2726.51,Card,Successful,N/A,KwaZulu-Natal
T000005287,A0001214,2025-09-02,11:00:08,Card Purchase,144.47,Branch,Successful,Restaurants,Northern Cape
T000005288,A0001362,2026-04-29,07:54:39,Payment,1331.67,Branch,Successful,Education,Western Cape
T000005289,A0002073,2023-12-06,21:03:17,Card Purchase,4555.13,Mobile App,Successful,Restaurants,KwaZulu-Natal
T000005290,A0001486,2026-03-07,18:26:19,Card Purchase,1156.11,ATM,Successful,Retail,Mpumalanga
T000005291,A0000729,2026-03-28,13:41:17,Deposit,6224.0,Mobile App,Successful,N/A,Gauteng
T000005292,A0000239,2025-11-17,19:37:17,Deposit,577.75,Branch,Successful,N/A,Gauteng
T000005293,A0000825,2026-03-19,15:37:44,Deposit,1567.5,Mobile App,Successful,N/A,Western Cape
T000005294,A0000938,2026-07-26,19:10:33,Card Purchase,445.9,Branch,Successful,Utilities,KwaZulu-Natal
T000005295,A0002664,2026-07-26,06:41:48,Transfer,622.74,POS,Successful,N/A,Gauteng
T000005296,A0002871,2026-03-21,21:34:10,Card Purchase,1462.88,Internet Banking,Successful,Utilities,Gauteng
T000005297,A0001763,2025-06-28,21:58:31,Payment,251.22,ATM,Successful,Other,Western Cape
T000005298,A0003003,2026-07-19,21:16:17,Transfer,473.17,Mobile App,Successful,N/A,KwaZulu-Natal
T000005299,A0001293,2026-07-21,16:09:56,Card Purchase,647.88,Card,Successful,Other,Gauteng
T000005300,A0001403,2026-07-28,15:57:38,Card Purchase,485.9,POS,Successful,Fuel,Western Cape
T000005301,A0001450,2025-03-17,19:00:10,Debit Order,296.38,Mobile App,Successful,N/A,Eastern Cape
T000005302,A0001728,2024-09-19,16:58:32,Payment,841.56,POS,Successful,Other,KwaZulu-Natal
T000005303,A0000897,2024-09-13,09:21:44,Bank Fee,778.98,Mobile App,Successful,N/A,Western Cape
T000005304,A0001266,2026-06-28,19:33:36,Interest,122.14,POS,Successful,N/A,Limpopo
T000005305,A0001611,2025-10-29,18:46:22,Payment,867.74,POS,Successful,Retail,Gauteng
T000005306,A0002934,2025-03-25,07:09:50,Card Purchase,341.41,ATM,Successful,Entertainment,Western Cape
T000005307,A0001125,2026-06-11,14:42:13,Transfer,354.28,Mobile App,Successful,N/A,Western Cape
T000005308,A0001763,2024-07-09,12:25:37,Debit Order,160.03,ATM,Successful,N/A,Western Cape
T000005309,A0000838,2026-07-30,18:14:45,Card Purchase,227.38,POS,Successful,Utilities,Free State
T000005310,A0000532,2025-12-17,18:13:53,Transfer,119.31,POS,Successful,N/A,Gauteng
T000005311,A0002286,2025-08-13,16:09:35,Transfer,748.9,Mobile App,Successful,N/A,Gauteng
T000005312,A0001330,2026-07-14,13:04:11,Card Purchase,354.65,Internet Banking,Successful,Healthcare,Gauteng
T000005313,A0003123,2024-01-14,17:03:50,Transfer,820.18,Branch,Successful,N/A,Western Cape
T000005314,A0003078,2026-03-11,17:33:30,Transfer,162.35,Mobile App,Successful,N/A,Gauteng
T000005315,A0001588,2026-07-31,11:29:29,Transfer,451.45,Card,Successful,N/A,North West
T000005316,A0002155,2026-06-09,20:17:44,Card Purchase,231.83,Card,Successful,Healthcare,Eastern Cape
T000005317,A0003105,2026-07-08,08:23:41,Transfer,567.61,Mobile App,Successful,N/A,Gauteng
T000005318,A0002721,2026-06-09,07:39:57,Transfer,470.74,POS,Successful,N/A,Gauteng
T000005319,A0000645,2026-07-25,15:01:29,Card Purchase,288.33,Internet Banking,Successful,Telecoms,KwaZulu-Natal
T000005320,A0001595,2026-05-12,14:49:27,Transfer,877.49,Mobile App,Successful,N/A,Mpumalanga
T000005321,A0002756,2025-12-16,06:37:04,Card Purchase,1419.43,Card,Successful,Travel,Gauteng
T000005322,A0001680,2025-06-18,07:45:01,Debit Order,153.03,Mobile App,Successful,N/A,KwaZulu-Natal
T000005323,A0000015,2026-07-07,14:44:00,Deposit,5919.67,ATM,Successful,N/A,Northern Cape
T000005324,A0002883,2025-01-08,22:28:58,Withdrawal,278.58,Mobile App,Successful,N/A,Gauteng
T000005325,A0001163,2026-07-31,14:04:40,Card Purchase,235.71,Internet Banking,Successful,Education,Mpumalanga
T000005326,A0000660,2024-12-10,09:27:27,Transfer,1515.48,ATM,Successful,N/A,Gauteng
T000005327,A0002895,2026-04-23,18:12:02,Bank Fee,1496.74,Branch,Successful,N/A,Western Cape
T000005328,A0002855,2025-07-16,08:28:11,Transfer,838.31,Mobile App,Successful,N/A,Northern Cape
T000005329,A0002017,2023-10-22,22:27:32,Card Purchase,578.31,Card,Successful,Education,Gauteng
T000005330,A0002152,2026-06-04,11:01:27,Withdrawal,505.77,Mobile App,Successful,N/A,KwaZulu-Natal
T000005331,A0001051,2026-02-16,07:50:17,Interest,1384.37,Card,Successful,N/A,Free State
T000005332,A0001070,2026-07-08,07:33:09,Card Purchase,225.91,Mobile App,Successful,Other,Western Cape
T000005333,A0002371,2024-01-11,19:23:31,Transfer,100.64,Mobile App,Successful,N/A,Gauteng
T000005334,A0000514,2026-02-25,12:21:36,Card Purchase,650.96,Internet Banking,Successful,Retail,Mpumalanga
T000005335,A0001452,2026-02-03,20:10:27,Deposit,2461.19,ATM,Successful,N/A,Free State
T000005336,A0001307,2026-04-04,16:16:39,Deposit,675.06,Branch,Successful,N/A,Free State
T000005337,A0003060,2025-06-16,13:47:27,Card Purchase,152.86,Mobile App,Successful,Education,Western Cape
T000005338,A0002646,2026-06-02,16:07:22,Withdrawal,785.89,Card,Successful,N/A,KwaZulu-Natal
T000005339,A0003035,2024-05-12,11:22:01,Card Purchase,952.25,Card,Successful,Healthcare,Gauteng
T000005340,A0000315,2025-10-18,17:08:08,Card Purchase,1127.82,ATM,Successful,Telecoms,KwaZulu-Natal
T000005341,A0000927,2026-07-16,07:06:45,Deposit,5159.19,POS,Successful,N/A,Mpumalanga
T000005342,A0002373,2026-06-21,13:36:05,Debit Order,1002.21,ATM,Successful,N/A,North West
T000005343,A0002336,2025-11-20,19:09:42,Transfer,387.57,ATM,Successful,N/A,Gauteng
T000005344,A0001806,2026-03-07,19:07:05,Transfer,816.16,Internet Banking,Successful,N/A,Western Cape
T000005345,A0001487,2026-05-07,19:05:54,Deposit,698.83,Mobile App,Successful,N/A,Western Cape
T000005346,A0000570,2026-05-05,22:35:43,Deposit,3237.96,Branch,Successful,N/A,Gauteng
T000005347,A0002929,2025-03-31,22:09:14,Transfer,217.89,Mobile App,Successful,N/A,Gauteng
T000005348,A0002266,2025-09-18,13:00:58,Card Purchase,132.67,Mobile App,Successful,Travel,Western Cape
T000005349,A0001809,2026-02-03,06:57:51,Card Purchase,867.68,Internet Banking,Successful,Entertainment,Eastern Cape
T000005350,A0001776,2026-02-03,17:23:19,Withdrawal,405.24,Mobile App,Successful,N/A,Western Cape
T000005351,A0001256,2025-01-25,11:12:39,Withdrawal,829.63,Mobile App,Successful,N/A,Gauteng
T000005352,A0001159,2026-07-20,10:39:50,Card Purchase,689.82,POS,Successful,Utilities,Gauteng
T000005353,A0001966,2025-12-23,09:35:33,Transfer,1464.44,Card,Successful,N/A,Western Cape
T000005354,A0001548,2026-04-24,21:24:52,Card Purchase,536.46,Mobile App,Successful,Entertainment,Limpopo
T000005355,A0002643,2026-02-12,06:25:12,Payment,1778.36,ATM,Successful,Other,Gauteng
T000005356,A0002554,2025-10-28,19:24:39,Transfer,2339.89,ATM,Successful,N/A,Gauteng
T000005357,A0002481,2025-02-26,21:49:42,Transfer,1258.04,POS,Successful,N/A,Mpumalanga
T000005358,A0001500,2026-07-11,13:36:19,Debit Order,216.63,Mobile App,Successful,N/A,KwaZulu-Natal
T000005359,A0001635,2026-04-20,13:10:21,Bank Fee,1358.11,Internet Banking,Successful,N/A,KwaZulu-Natal
T000005360,A0000268,2025-09-13,21:46:06,Card Purchase,1313.01,POS,Successful,Fuel,Western Cape
T000005361,A0001203,2025-02-16,06:48:47,Transfer,2255.0,Card,Successful,N/A,KwaZulu-Natal
T000005362,A0000020,2023-08-01,12:55:29,Debit Order,250.93,Card,Successful,N/A,Eastern Cape
T000005363,A0002218,2026-06-04,14:48:27,Debit Order,128.9,ATM,Successful,N/A,Limpopo
T000005364,A0001143,2025-03-26,14:01:21,Payment,1044.54,POS,Successful,Fuel,Western Cape
T000005365,A0002468,2026-07-23,22:10:41,Card Purchase,685.79,Internet Banking,Successful,Groceries,Western Cape
T000005366,A0000580,2026-07-31,12:07:21,Payment,1051.66,Internet Banking,Successful,Other,Gauteng
T000005367,A0000963,2025-09-29,21:52:32,Debit Order,407.06,Mobile App,Successful,N/A,Gauteng
T000005368,A0000060,2026-01-12,10:55:08,Transfer,367.17,Mobile App,Successful,N/A,Gauteng
T000005369,A0001674,2026-03-17,14:14:51,Bank Fee,198.96,Card,Successful,N/A,Mpumalanga
T000005370,A0002018,2026-03-03,20:54:07,Debit Order,109.17,Card,Successful,N/A,Gauteng
T000005371,A0002480,2024-01-06,09:26:41,Debit Order,1614.03,Mobile App,Successful,N/A,Gauteng
T000005372,A0000156,2026-06-02,18:31:04,Withdrawal,174.35,Internet Banking,Successful,N/A,Limpopo
T000005373,A0001496,2025-03-30,21:21:11,Deposit,2271.74,Branch,Successful,N/A,Gauteng
T000005374,A0001818,2025-11-13,13:55:21,Withdrawal,4557.32,Card,Successful,N/A,Gauteng
T000005375,A0000547,2026-02-09,21:18:18,Card Purchase,233.68,ATM,Successful,Entertainment,KwaZulu-Natal
T000005376,A0000729,2025-10-24,07:03:27,Payment,4702.49,Card,Successful,Restaurants,Gauteng
T000005377,A0001460,2026-07-14,10:11:53,Withdrawal,296.99,Mobile App,Successful,N/A,Eastern Cape
T000005378,A0002690,2026-07-03,06:32:42,Transfer,1289.03,ATM,Successful,N/A,KwaZulu-Natal
T000005379,A0001093,2026-03-17,17:37:26,Card Purchase,143.63,Mobile App,Successful,Restaurants,KwaZulu-Natal
T000005380,A0002248,2024-09-30,09:03:24,Card Purchase,216.67,Mobile App,Successful,Retail,Gauteng
T000005381,A0000051,2026-02-27,17:16:48,Transfer,280.33,Card,Successful,N/A,Gauteng
T000005382,A0002235,2026-07-31,18:08:22,Payment,523.36,Mobile App,Successful,Entertainment,Western Cape
T000005383,A0002345,2026-07-05,08:31:51,Debit Order,626.95,POS,Successful,N/A,Gauteng
T000005384,A0001997,2026-07-28,14:03:26,Debit Order,759.96,POS,Successful,N/A,North West
T000005385,A0001022,2026-07-21,15:39:52,Deposit,589.36,Internet Banking,Successful,N/A,KwaZulu-Natal
T000005386,A0001083,2026-06-30,06:35:06,Interest,903.83,Card,Successful,N/A,Western Cape
T000005387,A0002926,2026-07-29,15:25:37,Transfer,2416.64,Card,Successful,N/A,Eastern Cape
T000005388,A0000214,2025-03-21,16:09:56,Bank Fee,708.38,Internet Banking,Successful,N/A,KwaZulu-Natal
T000005389,A0000461,2026-07-23,15:52:58,Bank Fee,668.71,Mobile App,Successful,N/A,Western Cape
T000005390,A0000604,2026-07-21,16:05:59,Debit Order,520.12,Card,Failed,N/A,KwaZulu-Natal
T000005391,A0000173,2026-06-19,15:54:12,Withdrawal,748.09,ATM,Successful,N/A,Gauteng
T000005392,A0001680,2025-12-10,17:09:30,Deposit,484.15,Internet Banking,Successful,N/A,KwaZulu-Natal
T000005393,A0002145,2026-03-27,15:37:59,Card Purchase,847.5,Internet Banking,Successful,Entertainment,Gauteng
T000005394,A0003161,2025-04-13,21:46:46,Transfer,322.08,Card,Successful,N/A,KwaZulu-Natal
T000005395,A0000660,2025-06-11,07:35:02,Transfer,2051.28,POS,Successful,N/A,Gauteng
T000005396,A0000391,2026-06-02,16:41:44,Card Purchase,229.18,POS,Successful,Entertainment,Eastern Cape
T000005397,A0002471,2026-06-04,16:48:10,Bank Fee,156.31,Card,Successful,N/A,KwaZulu-Natal
T000005398,A0001772,2026-02-15,16:10:57,Transfer,132.51,Card,Successful,N/A,Western Cape
T000005399,A0002086,2026-05-14,13:01:25,Transfer,1889.95,Branch,Failed,N/A,Gauteng
T000005400,A0000481,2026-07-15,14:21:08,Card Purchase,553.32,ATM,Successful,Retail,Mpumalanga
T000005401,A0002383,2025-10-09,15:15:12,Card Purchase,143.61,Internet Banking,Successful,Healthcare,Gauteng
T000005402,A0001445,2025-10-30,21:52:04,Card Purchase,607.72,POS,Successful,Utilities,Western Cape
T000005403,A0002677,2025-11-08,19:14:32,Deposit,2609.93,Internet Banking,Successful,N/A,Free State
T000005404,A0002766,2026-07-31,09:23:49,Card Purchase,1901.86,Card,Successful,Fuel,Gauteng
T000005405,A0001648,2024-07-14,12:52:07,Withdrawal,1428.5,Card,Successful,N/A,Limpopo
T000005406,A0000131,2026-06-23,18:36:52,Debit Order,948.28,ATM,Successful,N/A,Gauteng
T000005407,A0001283,2026-06-12,08:09:31,Debit Order,3169.74,Mobile App,Successful,N/A,KwaZulu-Natal
T000005408,A0003100,2026-04-26,09:09:12,Transfer,644.41,Mobile App,Successful,N/A,Northern Cape
T000005409,A0001556,2025-10-19,14:46:29,Card Purchase,5317.44,Mobile App,Successful,Healthcare,Gauteng
T000005410,A0001618,2026-07-15,17:37:24,Card Purchase,4297.66,POS,Successful,Telecoms,Eastern Cape
T000005411,A0000860,2026-05-05,09:02:38,Debit Order,3566.22,POS,Successful,N/A,Western Cape
T000005412,A0000952,2024-05-03,10:30:01,Transfer,506.21,Card,Successful,N/A,KwaZulu-Natal
T000005413,A0000976,2026-02-04,20:34:57,Payment,635.97,Card,Successful,Restaurants,Eastern Cape
T000005414,A0000564,2026-06-30,08:57:22,Withdrawal,1217.01,Mobile App,Successful,N/A,Western Cape
T000005415,A0002976,2025-07-02,14:47:53,Card Purchase,358.38,POS,Successful,Fuel,Eastern Cape
T000005416,A0002378,2024-12-21,16:16:25,Transfer,608.97,ATM,Successful,N/A,KwaZulu-Natal
T000005417,A0003174,2026-04-02,18:52:00,Transfer,749.91,Mobile App,Successful,N/A,Gauteng
T000005418,A0000817,2025-02-07,19:56:28,Transfer,404.47,POS,Successful,N/A,KwaZulu-Natal
T000005419,A0001008,2026-06-03,07:28:02,Card Purchase,1114.02,Mobile App,Successful,Education,Limpopo
T000005420,A0000438,2025-05-09,19:05:16,Withdrawal,502.77,Mobile App,Successful,N/A,Western Cape
T000005421,A0000435,2026-07-30,19:01:36,Transfer,627.49,Internet Banking,Successful,N/A,KwaZulu-Natal
T000005422,A0001702,2026-06-27,13:06:19,Card Purchase,490.1,Mobile App,Successful,Utilities,Gauteng
T000005423,A0000770,2023-12-30,12:42:59,Card Purchase,1076.15,ATM,Successful,Education,KwaZulu-Natal
T000005424,A0000612,2026-03-17,12:45:09,Card Purchase,2269.21,Mobile App,Successful,Travel,Gauteng
T000005425,A0001052,2026-07-21,11:25:21,Card Purchase,1303.71,Card,Successful,Other,Mpumalanga
T000005426,A0000038,2026-07-17,16:57:16,Payment,3707.74,POS,Successful,Retail,Eastern Cape
T000005427,A0001356,2026-03-30,21:03:04,Card Purchase,331.6,Mobile App,Successful,Utilities,Western Cape
T000005428,A0000239,2025-08-27,13:39:29,Transfer,1190.02,POS,Successful,N/A,Gauteng
T000005429,A0001463,2026-05-27,12:39:53,Card Purchase,2049.38,Mobile App,Successful,Restaurants,Free State
T000005430,A0002191,2026-07-29,12:40:39,Deposit,1404.83,Mobile App,Successful,N/A,Western Cape
T000005431,A0002392,2026-02-14,13:42:32,Card Purchase,2398.35,ATM,Successful,Telecoms,Limpopo
T000005432,A0002229,2026-07-11,08:32:43,Card Purchase,897.38,Card,Successful,Retail,Western Cape
T000005433,A0002979,2026-04-17,06:20:51,Card Purchase,590.71,POS,Successful,Restaurants,KwaZulu-Natal
T000005434,A0002625,2025-12-02,08:48:41,Payment,16124.87,Mobile App,Successful,Utilities,Gauteng
T000005435,A0000041,2026-07-21,20:28:30,Card Purchase,343.5,Mobile App,Successful,Retail,Mpumalanga
T000005436,A0001371,2026-03-03,08:03:29,Bank Fee,1153.77,Card,Successful,N/A,Eastern Cape
T000005437,A0002786,2026-07-31,20:09:56,Debit Order,191.07,POS,Successful,N/A,Mpumalanga
T000005438,A0000485,2024-03-24,20:25:52,Card Purchase,345.54,POS,Successful,Travel,Western Cape
T000005439,A0002746,2026-07-15,13:10:06,Card Purchase,100.03,Mobile App,Successful,Healthcare,Gauteng
T000005440,A0000672,2026-07-27,08:05:44,Transfer,685.6,POS,Successful,N/A,Western Cape
T000005441,A0001554,2026-04-05,07:33:57,Transfer,892.02,Branch,Successful,N/A,Northern Cape
T000005442,A0001833,2025-09-09,06:22:43,Debit Order,3935.83,ATM,Successful,N/A,Gauteng
T000005443,A0000702,2026-07-31,20:54:02,Card Purchase,757.08,Card,Successful,Retail,Gauteng
T000005444,A0001070,2024-05-18,18:55:58,Transfer,1603.85,Mobile App,Successful,N/A,Western Cape
T000005445,A0002983,2026-07-18,16:50:24,Transfer,693.57,Branch,Successful,N/A,Western Cape
T000005446,A0002107,2026-07-28,13:41:40,Transfer,339.48,Mobile App,Successful,N/A,Limpopo
T000005447,A0003021,2026-07-26,09:07:58,Payment,2041.24,Mobile App,Successful,Utilities,KwaZulu-Natal
T000005448,A0002203,2026-05-15,18:16:44,Card Purchase,3659.63,Mobile App,Successful,Groceries,KwaZulu-Natal
T000005449,A0002850,2026-07-15,17:11:50,Withdrawal,3562.11,ATM,Successful,N/A,Gauteng
T000005450,A0001176,2025-10-15,16:06:41,Card Purchase,1209.38,POS,Successful,Healthcare,Gauteng
T000005451,A0002639,2026-03-21,07:33:55,Withdrawal,384.9,Mobile App,Successful,N/A,Western Cape
T000005452,A0001752,2026-01-21,20:15:56,Withdrawal,339.71,Mobile App,Successful,N/A,KwaZulu-Natal
T000005453,A0002970,2026-06-14,21:56:07,Deposit,684.01,POS,Successful,N/A,Limpopo
T000005454,A0000696,2025-09-28,11:22:40,Debit Order,1054.33,Mobile App,Successful,N/A,Eastern Cape
T000005455,A0001824,2025-06-06,07:38:07,Transfer,1121.3,Card,Successful,N/A,KwaZulu-Natal
T000005456,A0001094,2025-12-03,17:01:43,Withdrawal,2536.15,Card,Successful,N/A,Gauteng
T000005457,A0000845,2026-07-05,07:53:13,Payment,1890.6,Card,Successful,Fuel,Gauteng
T000005458,A0000760,2026-07-20,13:49:56,Debit Order,1172.35,Card,Successful,N/A,Mpumalanga
T000005459,A0002183,2026-04-21,22:23:53,Transfer,696.6,Card,Successful,N/A,Gauteng
T000005460,A0000702,2026-07-31,11:09:17,Card Purchase,754.09,Internet Banking,Successful,Travel,Gauteng
T000005461,A0000034,2026-06-26,14:23:06,Debit Order,1235.85,Internet Banking,Successful,N/A,Gauteng
T000005462,A0002962,2026-03-23,06:08:34,Deposit,4165.46,Branch,Successful,N/A,Gauteng
T000005463,A0002357,2026-05-27,21:06:48,Transfer,429.16,Card,Successful,N/A,Western Cape
T000005464,A0002674,2025-11-21,07:40:39,Card Purchase,378.03,Card,Successful,Restaurants,Mpumalanga
T000005465,A0000854,2026-06-08,22:15:05,Withdrawal,1912.66,Card,Successful,N/A,Gauteng
T000005466,A0002343,2026-07-06,07:12:31,Payment,216.38,Branch,Successful,Travel,Gauteng
T000005467,A0000776,2026-07-11,21:50:55,Debit Order,532.69,Internet Banking,Successful,N/A,Gauteng
T000005468,A0001510,2025-09-15,19:53:14,Card Purchase,1015.6,POS,Successful,Entertainment,KwaZulu-Natal
T000005469,A0003085,2025-05-30,18:58:37,Deposit,5827.62,ATM,Successful,N/A,Gauteng
T000005470,A0001248,2025-08-03,15:18:37,Interest,700.6,Card,Successful,N/A,Gauteng
T000005471,A0000529,2025-01-30,17:27:46,Card Purchase,1914.78,Internet Banking,Successful,Fuel,KwaZulu-Natal
T000005472,A0003195,2026-07-23,08:00:50,Withdrawal,340.95,Internet Banking,Successful,N/A,Limpopo
T000005473,A0001936,2025-12-18,18:33:54,Transfer,531.57,POS,Successful,N/A,Gauteng
T000005474,A0000262,2026-01-31,07:13:05,Payment,189.39,Mobile App,Successful,Travel,Gauteng
T000005475,A0000645,2026-07-27,14:11:45,Card Purchase,343.16,Mobile App,Successful,Travel,KwaZulu-Natal
T000005476,A0001470,2025-09-21,15:50:56,Transfer,2181.96,Mobile App,Successful,N/A,Eastern Cape
T000005477,A0000355,2026-01-19,06:27:37,Payment,426.4,POS,Successful,Utilities,Western Cape
T000005478,A0003105,2025-08-01,12:39:42,Debit Order,756.03,Mobile App,Successful,N/A,Gauteng
T000005479,A0000073,2026-07-28,21:09:52,Card Purchase,197.32,Internet Banking,Successful,Utilities,Mpumalanga
T000005480,A0001008,2026-04-28,11:49:29,Card Purchase,818.89,Mobile App,Successful,Other,Limpopo
T000005481,A0000772,2026-01-26,13:14:03,Card Purchase,5410.37,Internet Banking,Successful,Healthcare,Gauteng
T000005482,A0001042,2026-07-17,18:00:05,Withdrawal,478.4,Internet Banking,Successful,N/A,Western Cape
T000005483,A0003179,2025-03-25,14:44:20,Bank Fee,423.0,Internet Banking,Successful,N/A,Gauteng
T000005484,A0002215,2025-08-31,08:31:48,Deposit,20987.14,Card,Successful,N/A,Gauteng
T000005485,A0000307,2026-01-07,16:22:19,Payment,463.02,POS,Successful,Healthcare,Mpumalanga
T000005486,A0001077,2026-02-11,18:40:22,Deposit,550.47,POS,Successful,N/A,KwaZulu-Natal
T000005487,A0001346,2024-12-10,10:22:22,Payment,569.05,Card,Successful,Other,Western Cape
T000005488,A0001679,2026-07-01,19:37:40,Transfer,421.28,ATM,Successful,N/A,Mpumalanga
T000005489,A0000547,2026-05-09,18:31:36,Card Purchase,410.12,ATM,Successful,Telecoms,KwaZulu-Natal
T000005490,A0001238,2026-05-28,13:17:43,Bank Fee,72.19,Mobile App,Successful,N/A,Eastern Cape
T000005491,A0001867,2026-07-21,14:44:43,Debit Order,1270.18,Card,Successful,N/A,Gauteng
T000005492,A0002926,2026-07-23,20:01:34,Deposit,4068.57,Mobile App,Successful,N/A,Eastern Cape
T000005493,A0001613,2026-06-15,08:03:58,Transfer,208.25,Branch,Successful,N/A,Gauteng
T000005494,A0002529,2026-04-07,07:58:20,Card Purchase,373.4,Mobile App,Successful,Other,KwaZulu-Natal
T000005495,A0003151,2026-07-31,16:11:37,Payment,1254.74,ATM,Successful,Healthcare,Gauteng
T000005496,A0002291,2026-07-14,16:25:47,Transfer,1001.26,ATM,Successful,N/A,Western Cape
T000005497,A0000480,2026-07-29,10:41:23,Card Purchase,4042.97,Mobile App,Successful,Restaurants,KwaZulu-Natal
T000005498,A0002329,2025-07-06,10:29:51,Deposit,3265.17,Card,Successful,N/A,Eastern Cape
T000005499,A0002207,2026-07-17,21:36:35,Deposit,4142.06,Mobile App,Successful,N/A,Mpumalanga
T000005500,A0000815,2025-11-28,07:23:32,Bank Fee,2558.7,ATM,Successful,N/A,Free State
T000005501,A0002473,2026-05-21,15:32:18,Debit Order,153.54,POS,Successful,N/A,Gauteng
T000005502,A0000563,2026-07-27,18:24:23,Deposit,2058.87,Mobile App,Failed,N/A,Gauteng
T000005503,A0001708,2026-03-19,21:42:34,Card Purchase,221.22,POS,Failed,Groceries,Western Cape
T000005504,A0000482,2026-02-20,07:28:34,Debit Order,675.78,Mobile App,Successful,N/A,Free State
T000005505,A0001589,2025-12-19,07:53:20,Transfer,588.64,Branch,Successful,N/A,Gauteng
T000005506,A0002714,2025-06-04,15:54:39,Withdrawal,1930.45,POS,Successful,N/A,Western Cape
T000005507,A0001337,2026-07-14,17:39:22,Card Purchase,2970.6,POS,Successful,Restaurants,Mpumalanga
T000005508,A0002431,2024-06-21,12:56:04,Deposit,1586.9,ATM,Successful,N/A,Limpopo
T000005509,A0002014,2024-08-17,07:04:12,Debit Order,747.94,Branch,Successful,N/A,Eastern Cape
T000005510,A0000499,2024-05-26,16:11:01,Bank Fee,1153.5,POS,Successful,N/A,Western Cape
T000005511,A0000539,2026-02-27,08:28:25,Deposit,3161.02,POS,Successful,N/A,Gauteng
T000005512,A0002530,2024-08-02,16:46:54,Card Purchase,285.71,Card,Successful,Healthcare,Gauteng
T000005513,A0001045,2026-07-20,21:53:51,Bank Fee,1192.07,Branch,Successful,N/A,Gauteng
T000005514,A0001091,2026-04-09,18:17:59,Payment,410.32,Card,Successful,Entertainment,Western Cape
T000005515,A0000547,2026-02-19,12:44:34,Payment,259.4,Card,Successful,Retail,KwaZulu-Natal
T000005516,A0001001,2025-01-03,19:15:42,Bank Fee,3808.04,Mobile App,Successful,N/A,Gauteng
T000005517,A0000930,2026-07-13,11:01:27,Bank Fee,101.62,Mobile App,Successful,N/A,Gauteng
T000005518,A0000970,2025-11-06,06:08:12,Card Purchase,3564.01,Internet Banking,Successful,Utilities,Limpopo
T000005519,A0002828,2024-04-17,18:31:32,Transfer,63.55,Mobile App,Successful,N/A,Western Cape
T000005520,A0002762,2026-03-13,17:04:04,Card Purchase,222.66,Mobile App,Successful,Telecoms,Gauteng
T000005521,A0002462,2026-02-18,22:10:44,Deposit,1582.66,Internet Banking,Successful,N/A,KwaZulu-Natal
T000005522,A0002666,2026-05-23,09:56:33,Payment,2612.55,Mobile App,Successful,Restaurants,Gauteng
T000005523,A0001103,2026-06-23,16:25:06,Withdrawal,765.49,Card,Successful,N/A,Gauteng
T000005524,A0001125,2025-11-20,07:52:17,Card Purchase,1100.5,Mobile App,Successful,Entertainment,Western Cape
T000005525,A0002394,2026-06-19,11:37:49,Transfer,1522.04,Mobile App,Successful,N/A,Free State
T000005526,A0001958,2026-01-22,14:48:20,Transfer,1098.89,Internet Banking,Successful,N/A,Gauteng
T000005527,A0002481,2025-07-15,19:12:37,Card Purchase,288.17,Card,Successful,Utilities,Mpumalanga
T000005528,A0000432,2026-07-19,13:02:03,Deposit,701.96,Internet Banking,Successful,N/A,Western Cape
T000005529,A0000423,2026-07-15,13:42:30,Interest,70.87,Card,Successful,N/A,Free State
T000005530,A0002924,2026-06-02,07:32:08,Card Purchase,727.75,Card,Successful,Other,Mpumalanga
T000005531,A0000259,2025-02-13,08:47:47,Deposit,26118.7,Card,Successful,N/A,Gauteng
T000005532,A0001804,2025-08-29,15:14:37,Deposit,333.82,Card,Successful,N/A,Gauteng
T000005533,A0001792,2025-10-20,12:21:37,Card Purchase,2459.19,Mobile App,Successful,Travel,Limpopo
T000005534,A0001602,2024-11-26,19:23:50,Deposit,631.24,ATM,Successful,N/A,Limpopo
T000005535,A0000736,2026-05-10,06:28:08,Debit Order,3891.09,ATM,Successful,N/A,Mpumalanga
T000005536,A0002690,2026-07-12,10:21:43,Transfer,279.28,Mobile App,Successful,N/A,KwaZulu-Natal
T000005537,A0000078,2026-02-13,13:39:14,Card Purchase,341.25,POS,Successful,Travel,Eastern Cape
T000005538,A0001336,2026-06-27,10:17:11,Deposit,10004.38,Mobile App,Successful,N/A,North West
T000005539,A0002547,2026-05-26,18:55:26,Payment,596.16,Card,Successful,Retail,Gauteng
T000005540,A0002933,2026-03-23,12:39:31,Transfer,1528.78,Mobile App,Successful,N/A,KwaZulu-Natal
T000005541,A0000998,2024-11-15,18:32:09,Card Purchase,293.93,Card,Successful,Other,Gauteng
T000005542,A0003089,2025-11-24,09:21:31,Card Purchase,176.73,Mobile App,Successful,Retail,Gauteng
T000005543,A0002110,2026-07-04,06:45:41,Transfer,752.0,Internet Banking,Successful,N/A,KwaZulu-Natal
T000005544,A0001997,2026-07-26,21:42:39,Deposit,12052.7,Card,Successful,N/A,North West
T000005545,A0002473,2026-07-15,12:44:10,Debit Order,848.35,Mobile App,Successful,N/A,Gauteng
T000005546,A0000575,2026-04-23,10:16:01,Card Purchase,1588.72,Mobile App,Failed,Groceries,Gauteng
T000005547,A0001907,2024-10-26,16:50:24,Card Purchase,1033.01,POS,Successful,Education,Limpopo
T000005548,A0000043,2026-01-04,07:40:22,Card Purchase,14569.5,Mobile App,Successful,Entertainment,Gauteng
T000005549,A0000237,2026-04-30,21:49:05,Card Purchase,316.17,Internet Banking,Successful,Entertainment,Gauteng
T000005550,A0000502,2026-04-17,08:00:36,Card Purchase,1270.38,ATM,Successful,Groceries,Limpopo
T000005551,A0001330,2026-07-24,22:04:32,Card Purchase,1327.8,Card,Successful,Entertainment,Gauteng
T000005552,A0001256,2025-08-18,14:26:14,Debit Order,92.57,Mobile App,Successful,N/A,Gauteng
T000005553,A0003001,2025-10-13,19:00:37,Card Purchase,984.28,Card,Successful,Telecoms,Free State
T000005554,A0003082,2026-07-17,08:52:39,Transfer,271.61,POS,Successful,N/A,KwaZulu-Natal
T000005555,A0002980,2026-02-11,14:05:50,Deposit,3872.83,Mobile App,Successful,N/A,Mpumalanga
T000005556,A0000976,2026-02-08,20:08:31,Transfer,847.69,Branch,Successful,N/A,Eastern Cape
T000005557,A0001937,2025-03-16,22:34:09,Card Purchase,112.57,Mobile App,Successful,Telecoms,Free State
T000005558,A0000864,2026-07-13,11:25:38,Withdrawal,683.94,Mobile App,Successful,N/A,Western Cape
T000005559,A0002939,2024-09-12,11:45:52,Debit Order,1005.12,POS,Successful,N/A,Free State
T000005560,A0001590,2026-06-08,08:41:07,Card Purchase,391.33,POS,Successful,Other,Gauteng
T000005561,A0001317,2026-01-04,13:43:20,Withdrawal,1783.24,Internet Banking,Successful,N/A,Western Cape
T000005562,A0000117,2026-04-20,10:44:09,Transfer,385.11,Internet Banking,Successful,N/A,Western Cape
T000005563,A0001964,2026-07-31,09:08:26,Debit Order,860.52,Mobile App,Successful,N/A,Limpopo
T000005564,A0002374,2025-10-12,11:42:59,Card Purchase,1698.83,Mobile App,Successful,Other,Eastern Cape
T000005565,A0002851,2026-05-23,15:21:58,Transfer,189.43,Mobile App,Successful,N/A,KwaZulu-Natal
T000005566,A0002039,2026-03-26,09:07:03,Card Purchase,180.1,ATM,Successful,Telecoms,Western Cape
T000005567,A0000182,2026-01-08,18:14:57,Card Purchase,3646.77,Card,Successful,Fuel,Western Cape
T000005568,A0001699,2026-01-16,13:47:04,Card Purchase,488.58,Mobile App,Successful,Utilities,Western Cape
T000005569,A0003093,2026-05-07,16:25:42,Transfer,255.43,Mobile App,Successful,N/A,Gauteng
T000005570,A0001579,2026-05-04,12:45:41,Deposit,4276.97,Internet Banking,Successful,N/A,Mpumalanga
T000005571,A0000499,2024-11-07,11:34:28,Transfer,502.4,Card,Successful,N/A,Western Cape
T000005572,A0001173,2025-11-05,08:55:43,Card Purchase,1445.95,POS,Successful,Fuel,Limpopo
T000005573,A0001008,2026-07-01,19:23:46,Interest,1105.78,Card,Successful,N/A,Limpopo
T000005574,A0002381,2025-06-10,13:16:43,Transfer,559.62,Mobile App,Successful,N/A,KwaZulu-Natal
T000005575,A0001437,2026-06-06,18:45:33,Transfer,331.87,Internet Banking,Successful,N/A,Limpopo
T000005576,A0002209,2024-08-30,13:22:27,Deposit,1274.56,ATM,Successful,N/A,KwaZulu-Natal
T000005577,A0000025,2025-07-05,16:02:19,Card Purchase,354.26,POS,Successful,Other,Limpopo
T000005578,A0000917,2025-12-09,12:49:01,Card Purchase,831.29,POS,Successful,Telecoms,KwaZulu-Natal
T000005579,A0001788,2026-05-05,11:32:28,Deposit,563.2,Branch,Successful,N/A,Gauteng
T000005580,A0001804,2026-05-11,20:53:49,Debit Order,609.46,ATM,Successful,N/A,Gauteng
T000005581,A0002532,2024-07-11,17:55:00,Debit Order,866.57,ATM,Successful,N/A,Gauteng
T000005582,A0002860,2026-03-26,20:51:04,Deposit,5464.68,Mobile App,Successful,N/A,Gauteng
T000005583,A0002985,2026-07-13,11:38:56,Card Purchase,390.24,Branch,Successful,Travel,Gauteng
T000005584,A0002736,2026-06-27,11:39:00,Debit Order,404.87,ATM,Successful,N/A,Gauteng
T000005585,A0000694,2026-01-15,15:24:31,Bank Fee,1970.5,Mobile App,Successful,N/A,Gauteng
T000005586,A0000631,2026-07-28,14:46:12,Deposit,3672.32,Card,Successful,N/A,Gauteng
T000005587,A0001267,2026-07-29,10:59:47,Card Purchase,424.07,Card,Successful,Other,KwaZulu-Natal
T000005588,A0001776,2026-04-01,10:11:49,Card Purchase,205.06,Mobile App,Successful,Telecoms,Western Cape
T000005589,A0002070,2026-06-06,18:12:26,Payment,181.36,Internet Banking,Successful,Groceries,Mpumalanga
T000005590,A0001620,2024-09-22,13:25:33,Card Purchase,2042.56,ATM,Successful,Healthcare,Gauteng
T000005591,A0001465,2026-07-10,07:04:07,Transfer,207.48,Card,Successful,N/A,Gauteng
T000005592,A0000481,2026-07-30,09:37:08,Transfer,978.63,Card,Successful,N/A,Mpumalanga
T000005593,A0000041,2026-04-22,09:57:19,Transfer,1183.41,Card,Failed,N/A,Mpumalanga
T000005594,A0002668,2026-05-14,06:37:55,Withdrawal,585.7,Card,Successful,N/A,KwaZulu-Natal
T000005595,A0000680,2025-09-15,18:07:03,Card Purchase,3380.77,Card,Successful,Travel,Free State
T000005596,A0001382,2026-07-12,19:50:00,Card Purchase,443.07,Card,Successful,Utilities,KwaZulu-Natal
T000005597,A0002471,2026-01-31,12:34:25,Interest,683.15,Mobile App,Successful,N/A,KwaZulu-Natal
T000005598,A0001000,2025-08-03,16:55:36,Debit Order,1412.46,POS,Successful,N/A,KwaZulu-Natal
T000005599,A0001473,2026-04-15,21:22:38,Transfer,3049.59,Card,Successful,N/A,Eastern Cape
T000005600,A0000418,2026-07-22,19:13:52,Card Purchase,185.41,Mobile App,Successful,Other,KwaZulu-Natal
T000005601,A0002853,2026-07-20,06:08:08,Card Purchase,679.86,Internet Banking,Successful,Entertainment,Gauteng
T000005602,A0001715,2026-06-17,18:36:29,Interest,2003.17,Mobile App,Successful,N/A,Western Cape
T000005603,A0001140,2025-11-16,06:10:28,Debit Order,237.68,Mobile App,Successful,N/A,Gauteng
T000005604,A0001714,2025-11-16,11:22:36,Payment,259.24,Mobile App,Successful,Restaurants,Western Cape
T000005605,A0003059,2026-03-20,09:02:10,Deposit,8626.17,Internet Banking,Successful,N/A,Free State
T000005606,A0002006,2024-04-08,11:54:13,Transfer,1269.19,Mobile App,Successful,N/A,KwaZulu-Natal
T000005607,A0001979,2025-09-10,19:30:13,Debit Order,2584.52,Internet Banking,Successful,N/A,Western Cape
T000005608,A0000164,2026-07-19,08:34:38,Card Purchase,292.3,Card,Successful,Groceries,Gauteng
T000005609,A0003039,2025-07-10,18:30:47,Withdrawal,435.18,Internet Banking,Successful,N/A,Gauteng
T000005610,A0001103,2026-07-06,13:45:59,Deposit,530.21,Mobile App,Successful,N/A,Gauteng
T000005611,A0000477,2026-07-29,11:46:07,Card Purchase,353.81,ATM,Successful,Restaurants,KwaZulu-Natal
T000005612,A0000093,2025-10-01,09:39:22,Withdrawal,287.39,Branch,Successful,N/A,Eastern Cape
T000005613,A0000972,2026-04-27,15:52:21,Card Purchase,492.23,Card,Successful,Travel,Gauteng
T000005614,A0001417,2026-04-27,06:10:05,Deposit,5862.8,POS,Successful,N/A,Western Cape
T000005615,A0001424,2026-05-31,06:16:29,Debit Order,2173.53,Mobile App,Successful,N/A,KwaZulu-Natal
T000005616,A0000328,2026-03-25,18:31:58,Transfer,679.94,ATM,Successful,N/A,North West
T000005617,A0001430,2026-06-14,16:23:15,Transfer,1814.38,Internet Banking,Successful,N/A,Gauteng
T000005618,A0002836,2025-06-29,14:21:33,Card Purchase,359.32,Mobile App,Successful,Other,Gauteng
T000005619,A0001766,2026-05-31,21:33:50,Transfer,3450.41,Card,Successful,N/A,Gauteng
T000005620,A0001611,2026-02-08,10:50:55,Card Purchase,1808.65,ATM,Successful,Travel,Gauteng
T000005621,A0001682,2026-06-24,10:21:20,Card Purchase,513.56,Branch,Successful,Retail,Gauteng
T000005622,A0003164,2026-05-27,15:19:00,Deposit,879.44,POS,Successful,N/A,Western Cape
T000005623,A0000245,2026-06-08,17:45:46,Card Purchase,743.68,Mobile App,Successful,Travel,KwaZulu-Natal
T000005624,A0000065,2026-05-07,15:10:38,Debit Order,610.7,POS,Successful,N/A,Western Cape
T000005625,A0000882,2026-04-15,14:38:52,Payment,711.72,Card,Successful,Restaurants,Gauteng
T000005626,A0001182,2024-04-12,07:16:11,Payment,468.1,Mobile App,Successful,Travel,KwaZulu-Natal
T000005627,A0002858,2026-05-27,21:03:16,Card Purchase,837.86,POS,Successful,Telecoms,Gauteng
T000005628,A0001079,2025-08-23,14:25:17,Withdrawal,1262.0,Mobile App,Successful,N/A,Free State
T000005629,A0000503,2026-05-09,08:42:31,Card Purchase,2730.43,ATM,Successful,Groceries,Eastern Cape
T000005630,A0002733,2026-06-19,06:06:41,Transfer,2276.98,POS,Successful,N/A,Western Cape
T000005631,A0003042,2025-11-11,13:15:35,Card Purchase,894.91,Mobile App,Successful,Groceries,KwaZulu-Natal
T000005632,A0001485,2025-12-13,21:47:50,Interest,564.42,POS,Successful,N/A,Eastern Cape
T000005633,A0001178,2026-07-02,10:53:14,Debit Order,339.99,POS,Successful,N/A,North West
T000005634,A0002198,2026-04-13,09:37:45,Interest,313.76,ATM,Successful,N/A,Free State
T000005635,A0003173,2026-07-11,17:15:42,Payment,798.12,POS,Successful,Entertainment,Western Cape
T000005636,A0001006,2025-02-23,19:43:42,Card Purchase,933.65,Mobile App,Successful,Utilities,Mpumalanga
T000005637,A0001105,2026-04-14,20:44:11,Withdrawal,710.53,Mobile App,Successful,N/A,Limpopo
T000005638,A0000742,2026-03-06,12:52:27,Deposit,5712.34,Mobile App,Successful,N/A,Gauteng
T000005639,A0000492,2025-10-10,06:31:12,Transfer,1358.16,Mobile App,Successful,N/A,KwaZulu-Natal
T000005640,A0001176,2025-03-07,11:07:27,Interest,2368.11,Card,Successful,N/A,Gauteng
T000005641,A0002472,2026-01-17,22:30:54,Withdrawal,2902.39,POS,Successful,N/A,Eastern Cape
T000005642,A0000328,2025-05-29,12:51:10,Card Purchase,1303.64,POS,Successful,Healthcare,North West
T000005643,A0002892,2026-05-02,22:42:11,Interest,731.22,POS,Successful,N/A,Gauteng
T000005644,A0001831,2026-07-02,10:47:38,Bank Fee,601.75,POS,Successful,N/A,Eastern Cape
T000005645,A0001759,2024-06-04,12:21:08,Card Purchase,297.59,POS,Successful,Travel,Gauteng
T000005646,A0002541,2026-07-29,19:08:28,Card Purchase,447.68,POS,Successful,Entertainment,Gauteng
T000005647,A0002944,2026-06-16,10:02:37,Card Purchase,422.89,POS,Successful,Restaurants,Gauteng
T000005648,A0000831,2024-12-03,09:21:09,Transfer,3179.37,Card,Successful,N/A,Western Cape
T000005649,A0000355,2025-05-23,14:37:46,Card Purchase,812.15,ATM,Successful,Groceries,Western Cape
T000005650,A0003031,2025-05-04,14:30:53,Bank Fee,174.82,Mobile App,Successful,N/A,Eastern Cape
T000005651,A0000392,2026-07-30,09:19:59,Debit Order,1325.66,Mobile App,Successful,N/A,Free State
T000005652,A0003185,2025-08-27,15:20:05,Deposit,17538.5,Card,Successful,N/A,Gauteng
T000005653,A0000859,2026-07-03,06:58:06,Interest,2270.85,Card,Successful,N/A,Gauteng
T000005654,A0000661,2025-03-30,11:43:42,Transfer,2129.19,Card,Successful,N/A,Gauteng
T000005655,A0000481,2026-07-05,08:06:26,Deposit,4194.06,Mobile App,Successful,N/A,Mpumalanga
T000005656,A0000081,2024-10-29,21:52:40,Card Purchase,433.12,Card,Successful,Education,KwaZulu-Natal
T000005657,A0001071,2026-06-14,08:39:35,Bank Fee,487.51,ATM,Successful,N/A,Western Cape
T000005658,A0001491,2026-06-26,20:24:55,Payment,4246.37,Card,Successful,Groceries,Free State
T000005659,A0002352,2025-06-15,17:57:06,Card Purchase,383.97,Mobile App,Successful,Healthcare,Gauteng
T000005660,A0001957,2025-09-20,07:59:47,Transfer,1566.76,POS,Successful,N/A,Northern Cape
T000005661,A0003056,2024-05-16,13:34:53,Debit Order,824.28,Branch,Successful,N/A,Limpopo
T000005662,A0003073,2026-07-01,07:55:59,Payment,368.69,POS,Successful,Groceries,KwaZulu-Natal
T000005663,A0003171,2026-06-14,20:04:29,Withdrawal,96.29,Mobile App,Successful,N/A,Western Cape
T000005664,A0000230,2024-03-15,10:11:57,Withdrawal,2593.98,ATM,Successful,N/A,Gauteng
T000005665,A0002882,2026-06-06,15:09:17,Card Purchase,314.73,Mobile App,Successful,Other,Gauteng
T000005666,A0000961,2025-12-19,21:16:02,Payment,556.11,Mobile App,Successful,Retail,Gauteng
T000005667,A0002017,2024-08-27,20:10:25,Payment,1254.55,Card,Successful,Retail,Gauteng
T000005668,A0001253,2026-07-25,10:15:35,Transfer,139.13,Mobile App,Successful,N/A,Western Cape
T000005669,A0000655,2026-04-01,07:42:40,Payment,832.56,Internet Banking,Successful,Telecoms,North West
T000005670,A0003073,2026-07-09,09:15:01,Card Purchase,454.51,Card,Successful,Fuel,KwaZulu-Natal
T000005671,A0001605,2025-01-18,07:41:11,Bank Fee,391.46,Branch,Successful,N/A,KwaZulu-Natal
T000005672,A0000005,2026-07-08,12:49:17,Transfer,1031.31,POS,Successful,N/A,Gauteng
T000005673,A0002802,2024-08-08,16:45:48,Payment,4315.17,ATM,Successful,Healthcare,Gauteng
T000005674,A0000123,2026-04-20,13:43:38,Withdrawal,1016.54,Branch,Successful,N/A,Limpopo
T000005675,A0002751,2025-05-10,12:33:01,Card Purchase,127.35,Mobile App,Successful,Travel,Gauteng
T000005676,A0001075,2026-01-20,21:30:18,Deposit,4425.82,Mobile App,Successful,N/A,KwaZulu-Natal
T000005677,A0000656,2025-11-06,22:44:49,Transfer,466.45,Mobile App,Successful,N/A,Eastern Cape
T000005678,A0002242,2026-07-04,19:10:14,Deposit,2938.4,Card,Successful,N/A,Eastern Cape
T000005679,A0002812,2026-01-08,12:23:21,Transfer,344.85,Card,Successful,N/A,Western Cape
T000005680,A0003120,2024-04-30,14:49:15,Payment,1245.38,ATM,Successful,Groceries,KwaZulu-Natal
T000005681,A0001107,2026-07-31,11:41:18,Card Purchase,3393.43,ATM,Successful,Utilities,Western Cape
T000005682,A0002499,2026-06-20,08:39:08,Bank Fee,578.95,Card,Successful,N/A,Gauteng
T000005683,A0000717,2024-02-04,17:35:09,Card Purchase,890.18,POS,Successful,Restaurants,Eastern Cape
T000005684,A0001539,2026-07-21,18:24:41,Transfer,376.64,Card,Successful,N/A,KwaZulu-Natal
T000005685,A0001880,2025-11-20,09:26:55,Card Purchase,251.93,Card,Successful,Retail,KwaZulu-Natal
T000005686,A0001286,2026-01-04,11:21:14,Transfer,188.4,Mobile App,Successful,N/A,Western Cape
T000005687,A0001911,2026-07-29,14:03:48,Deposit,272.21,Internet Banking,Successful,N/A,KwaZulu-Natal
T000005688,A0002802,2024-04-30,09:17:29,Debit Order,411.26,Card,Successful,N/A,Gauteng
T000005689,A0002721,2026-05-28,22:41:47,Debit Order,610.18,Mobile App,Successful,N/A,Gauteng
T000005690,A0002888,2026-05-22,18:01:14,Withdrawal,730.65,Card,Successful,N/A,Gauteng
T000005691,A0000026,2026-05-25,11:53:49,Transfer,2580.17,Card,Successful,N/A,Gauteng
T000005692,A0001360,2024-09-07,08:58:57,Transfer,3592.96,POS,Successful,N/A,Eastern Cape
T000005693,A0002348,2026-03-31,16:44:55,Withdrawal,663.99,Branch,Successful,N/A,Western Cape
T000005694,A0000199,2026-04-17,21:46:17,Transfer,1237.0,ATM,Successful,N/A,Free State
T000005695,A0002232,2026-04-18,13:36:07,Withdrawal,2592.09,POS,Successful,N/A,KwaZulu-Natal
T000005696,A0001191,2026-07-13,08:13:46,Card Purchase,2803.78,ATM,Successful,Retail,Gauteng
T000005697,A0002784,2026-06-14,18:53:11,Withdrawal,930.95,Internet Banking,Successful,N/A,Gauteng
T000005698,A0002901,2025-12-13,22:06:35,Transfer,1842.48,POS,Successful,N/A,Gauteng
T000005699,A0001925,2026-05-21,17:24:22,Debit Order,414.92,POS,Successful,N/A,KwaZulu-Natal
T000005700,A0001427,2026-03-04,15:10:46,Card Purchase,288.06,Card,Successful,Fuel,Free State
T000005701,A0000936,2026-01-26,17:46:29,Bank Fee,5065.87,Branch,Successful,N/A,KwaZulu-Natal
T000005702,A0001142,2026-06-27,16:21:05,Card Purchase,1428.72,ATM,Successful,Telecoms,Gauteng
T000005703,A0002339,2025-04-24,08:06:00,Card Purchase,1317.79,Mobile App,Successful,Restaurants,Western Cape
T000005704,A0000445,2026-07-16,11:06:13,Withdrawal,105.86,POS,Successful,N/A,KwaZulu-Natal
T000005705,A0003025,2026-06-05,08:31:38,Card Purchase,1146.19,Mobile App,Successful,Fuel,Gauteng
T000005706,A0000267,2025-06-16,08:12:38,Card Purchase,77.2,Internet Banking,Successful,Retail,Free State
T000005707,A0001091,2025-10-20,22:01:55,Bank Fee,874.59,Internet Banking,Successful,N/A,Western Cape
T000005708,A0000219,2025-01-11,22:23:15,Withdrawal,1730.07,Card,Successful,N/A,Limpopo
T000005709,A0000716,2025-08-06,20:16:59,Withdrawal,552.49,Card,Successful,N/A,KwaZulu-Natal
T000005710,A0001012,2025-08-28,20:05:18,Card Purchase,1798.76,Card,Successful,Fuel,Gauteng
T000005711,A0002105,2025-10-14,22:21:09,Card Purchase,2154.69,Mobile App,Successful,Restaurants,Eastern Cape
T000005712,A0001859,2026-07-28,13:25:40,Card Purchase,1979.24,Internet Banking,Successful,Utilities,Western Cape
T000005713,A0001527,2025-12-19,09:23:31,Payment,4051.95,Card,Successful,Groceries,Gauteng
T000005714,A0001666,2026-05-03,20:09:40,Bank Fee,173.78,Mobile App,Successful,N/A,KwaZulu-Natal
T000005715,A0000513,2025-12-31,07:21:01,Card Purchase,7343.57,Mobile App,Successful,Telecoms,Western Cape
T000005716,A0002354,2026-03-14,08:00:03,Transfer,3763.76,Card,Successful,N/A,Limpopo
T000005717,A0002017,2023-04-27,17:34:28,Card Purchase,216.26,Mobile App,Successful,Education,Gauteng
T000005718,A0002801,2026-07-30,19:31:35,Card Purchase,137.45,Mobile App,Successful,Retail,North West
T000005719,A0000912,2024-11-14,11:42:42,Deposit,5160.43,Mobile App,Successful,N/A,Gauteng
T000005720,A0003100,2026-03-04,08:59:05,Debit Order,236.65,Mobile App,Successful,N/A,Northern Cape
T000005721,A0002653,2026-07-29,13:45:26,Payment,1438.17,POS,Successful,Utilities,Eastern Cape
T000005722,A0000270,2025-12-17,14:20:01,Bank Fee,1930.09,Card,Successful,N/A,Limpopo
T000005723,A0002067,2026-07-13,13:53:59,Card Purchase,757.21,POS,Successful,Healthcare,Gauteng
T000005724,A0002319,2026-04-27,06:21:48,Transfer,1451.21,Card,Successful,N/A,North West
T000005725,A0002423,2026-03-27,22:53:39,Interest,1308.17,Mobile App,Successful,N/A,Gauteng
T000005726,A0001833,2025-09-13,22:31:21,Withdrawal,166.61,POS,Successful,N/A,Gauteng
T000005727,A0000706,2026-07-29,12:11:10,Transfer,169.27,Internet Banking,Successful,N/A,Gauteng
T000005728,A0000524,2026-06-26,19:56:35,Deposit,906.66,Mobile App,Successful,N/A,North West
T000005729,A0000764,2025-01-25,12:18:09,Transfer,1722.66,Mobile App,Successful,N/A,Eastern Cape
T000005730,A0000311,2026-06-28,19:33:52,Card Purchase,1162.15,Card,Successful,Fuel,Western Cape
T000005731,A0002670,2026-07-07,11:30:17,Card Purchase,7338.88,POS,Successful,Travel,Western Cape
T000005732,A0002885,2025-07-30,22:32:05,Card Purchase,345.42,Mobile App,Successful,Restaurants,KwaZulu-Natal
T000005733,A0001767,2026-02-09,22:03:55,Transfer,520.93,Mobile App,Successful,N/A,Gauteng
T000005734,A0001103,2026-07-10,18:42:43,Deposit,3194.32,Card,Successful,N/A,Gauteng
T000005735,A0002585,2025-12-24,22:01:22,Card Purchase,251.81,Branch,Successful,Travel,Western Cape
T000005736,A0001975,2026-07-10,20:34:16,Card Purchase,348.69,Card,Successful,Groceries,Mpumalanga
T000005737,A0002469,2026-02-28,18:56:53,Card Purchase,653.01,Card,Successful,Other,Gauteng
T000005738,A0002199,2026-07-26,09:05:02,Debit Order,677.26,Card,Successful,N/A,North West
T000005739,A0002148,2026-06-01,09:53:02,Card Purchase,643.42,POS,Successful,Retail,Gauteng
T000005740,A0000623,2026-07-14,18:13:38,Debit Order,379.42,POS,Successful,N/A,Gauteng
T000005741,A0001768,2026-05-05,22:33:34,Debit Order,1183.59,Internet Banking,Successful,N/A,KwaZulu-Natal
T000005742,A0002367,2025-08-21,12:36:55,Transfer,1012.81,ATM,Successful,N/A,Free State
T000005743,A0000751,2025-11-03,16:40:42,Transfer,188.26,Card,Successful,N/A,Mpumalanga
T000005744,A0000347,2025-05-16,20:41:20,Transfer,1318.15,Branch,Successful,N/A,Gauteng
T000005745,A0002849,2023-05-05,13:37:14,Debit Order,275.23,Branch,Successful,N/A,Gauteng
T000005746,A0001844,2026-07-01,07:40:40,Card Purchase,273.07,Mobile App,Successful,Education,Gauteng
T000005747,A0001936,2026-06-08,11:38:15,Card Purchase,8727.97,Mobile App,Successful,Fuel,Gauteng
T000005748,A0000500,2024-10-11,21:43:47,Debit Order,2050.49,Mobile App,Successful,N/A,KwaZulu-Natal
T000005749,A0001455,2026-07-28,16:52:43,Card Purchase,1277.76,POS,Successful,Groceries,Western Cape
T000005750,A0001648,2025-12-28,09:41:20,Debit Order,483.97,POS,Successful,N/A,Limpopo
T000005751,A0002129,2025-06-14,19:13:24,Card Purchase,524.6,Internet Banking,Successful,Education,Mpumalanga
T000005752,A0001848,2026-02-07,21:58:31,Interest,241.86,POS,Successful,N/A,Gauteng
T000005753,A0000675,2026-07-23,17:59:36,Deposit,1272.24,POS,Successful,N/A,Gauteng
T000005754,A0002708,2026-04-24,20:42:12,Withdrawal,545.18,Mobile App,Successful,N/A,Eastern Cape
T000005755,A0000131,2026-01-22,09:13:23,Card Purchase,222.77,Card,Successful,Telecoms,Gauteng
T000005756,A0001148,2025-12-15,15:43:29,Deposit,11352.59,Card,Successful,N/A,KwaZulu-Natal
T000005757,A0002696,2025-08-24,22:04:25,Card Purchase,685.0,POS,Successful,Other,KwaZulu-Natal
T000005758,A0002541,2026-02-28,10:24:52,Transfer,128.1,Branch,Successful,N/A,Gauteng
T000005759,A0002905,2025-05-01,08:49:46,Card Purchase,177.31,Card,Successful,Education,Gauteng
T000005760,A0000910,2026-07-23,12:36:36,Interest,540.77,POS,Successful,N/A,KwaZulu-Natal
T000005761,A0001928,2025-09-29,22:57:45,Debit Order,286.33,Mobile App,Successful,N/A,Gauteng
T000005762,A0001883,2026-06-19,16:11:04,Card Purchase,806.27,Mobile App,Successful,Telecoms,KwaZulu-Natal
T000005763,A0000566,2026-01-30,22:42:25,Debit Order,632.35,Mobile App,Successful,N/A,Gauteng
T000005764,A0001088,2025-05-17,16:54:02,Bank Fee,780.28,ATM,Successful,N/A,Gauteng
T000005765,A0001694,2025-10-30,10:34:39,Card Purchase,71.63,Mobile App,Successful,Retail,Gauteng
T000005766,A0001417,2026-07-08,12:21:31,Card Purchase,331.59,Internet Banking,Successful,Utilities,Western Cape
T000005767,A0002548,2026-05-22,12:32:04,Card Purchase,1176.66,Branch,Successful,Restaurants,Gauteng
T000005768,A0002221,2025-12-21,20:57:10,Card Purchase,255.51,Mobile App,Successful,Telecoms,Gauteng
T000005769,A0002920,2026-07-02,14:16:08,Payment,197.71,POS,Successful,Entertainment,Eastern Cape
T000005770,A0002935,2024-11-09,22:37:56,Bank Fee,95.94,Mobile App,Successful,N/A,Free State
T000005771,A0002227,2026-03-22,15:54:44,Card Purchase,307.84,ATM,Successful,Healthcare,Gauteng
T000005772,A0001257,2025-05-30,10:22:07,Debit Order,354.81,Branch,Successful,N/A,Western Cape
T000005773,A0002895,2026-03-13,13:21:07,Interest,3530.85,POS,Successful,N/A,Western Cape
T000005774,A0002537,2026-02-28,18:41:02,Withdrawal,531.39,Mobile App,Successful,N/A,Gauteng
T000005775,A0002074,2026-07-28,09:58:01,Transfer,477.85,Mobile App,Successful,N/A,Western Cape
T000005776,A0002804,2026-04-23,17:47:41,Bank Fee,644.08,Card,Successful,N/A,KwaZulu-Natal
T000005777,A0002440,2026-05-13,15:24:48,Deposit,891.38,Card,Successful,N/A,Gauteng
T000005778,A0001593,2026-07-28,17:50:56,Card Purchase,1354.04,ATM,Successful,Retail,Gauteng
T000005779,A0002152,2025-12-31,11:05:52,Bank Fee,52.98,Branch,Successful,N/A,KwaZulu-Natal
T000005780,A0003024,2026-07-15,07:56:21,Debit Order,977.41,Card,Successful,N/A,Free State
T000005781,A0001601,2026-07-30,06:43:04,Transfer,1492.51,Mobile App,Successful,N/A,Gauteng
T000005782,A0002288,2026-06-17,21:29:09,Card Purchase,4425.72,Card,Successful,Fuel,Eastern Cape
T000005783,A0003144,2026-06-27,20:03:16,Withdrawal,617.7,Branch,Successful,N/A,Gauteng
T000005784,A0001064,2026-07-14,14:03:22,Withdrawal,1639.19,ATM,Successful,N/A,Western Cape
T000005785,A0000848,2026-05-20,10:03:16,Deposit,1885.15,POS,Successful,N/A,Gauteng
T000005786,A0002296,2026-07-26,14:48:50,Deposit,11563.33,Mobile App,Successful,N/A,Free State
T000005787,A0002400,2026-06-27,10:02:29,Card Purchase,597.3,POS,Successful,Travel,Gauteng
T000005788,A0002836,2026-01-16,14:31:24,Card Purchase,173.42,Mobile App,Successful,Telecoms,Gauteng
T000005789,A0002727,2026-05-26,18:51:44,Payment,448.27,Mobile App,Successful,Groceries,Gauteng
T000005790,A0001639,2026-06-13,13:49:17,Debit Order,464.42,Branch,Successful,N/A,Free State
T000005791,A0002852,2024-06-26,22:05:10,Card Purchase,549.27,Internet Banking,Successful,Healthcare,Mpumalanga
T000005792,A0000235,2023-10-10,20:38:12,Card Purchase,349.13,ATM,Successful,Entertainment,Gauteng
T000005793,A0000790,2024-09-29,08:35:36,Transfer,332.86,Branch,Successful,N/A,Limpopo
T000005794,A0002125,2026-05-14,18:01:38,Card Purchase,745.2,Card,Successful,Retail,Eastern Cape
T000005795,A0000318,2026-05-29,08:06:09,Debit Order,99.71,ATM,Successful,N/A,KwaZulu-Natal
T000005796,A0002979,2025-10-30,19:02:59,Debit Order,949.18,Internet Banking,Successful,N/A,KwaZulu-Natal
T000005797,A0000436,2026-02-06,16:04:11,Debit Order,1495.54,Mobile App,Successful,N/A,Limpopo
T000005798,A0003011,2026-07-29,22:53:22,Card Purchase,359.29,POS,Successful,Fuel,Gauteng
T000005799,A0001975,2026-05-27,13:02:42,Card Purchase,393.57,Mobile App,Successful,Education,Mpumalanga
T000005800,A0002296,2026-06-06,11:31:10,Card Purchase,7116.28,Card,Successful,Utilities,Free State
T000005801,A0000810,2026-01-03,12:55:26,Withdrawal,717.77,Card,Successful,N/A,Gauteng
T000005802,A0000535,2026-07-12,13:21:05,Transfer,639.04,Branch,Successful,N/A,Limpopo
T000005803,A0002689,2025-05-31,06:49:05,Card Purchase,342.58,Card,Successful,Education,Gauteng
T000005804,A0000398,2025-01-19,19:56:07,Withdrawal,1930.91,Mobile App,Successful,N/A,Gauteng
T000005805,A0002649,2026-04-01,17:25:18,Debit Order,1512.24,Card,Successful,N/A,Mpumalanga
T000005806,A0001050,2025-06-29,10:26:35,Card Purchase,4170.21,Card,Successful,Groceries,Northern Cape
T000005807,A0000999,2026-05-18,12:31:25,Deposit,25308.84,Mobile App,Successful,N/A,Eastern Cape
T000005808,A0002741,2023-10-05,06:09:20,Card Purchase,741.87,Mobile App,Successful,Telecoms,Gauteng
T000005809,A0002432,2025-01-03,13:41:07,Card Purchase,1444.76,ATM,Successful,Utilities,Northern Cape
T000005810,A0002473,2026-05-23,20:47:27,Withdrawal,431.27,ATM,Successful,N/A,Gauteng
T000005811,A0003090,2024-12-23,07:34:22,Withdrawal,3562.38,Card,Successful,N/A,North West
T000005812,A0000590,2026-03-06,14:17:58,Card Purchase,1260.17,Mobile App,Successful,Telecoms,KwaZulu-Natal
T000005813,A0001460,2025-04-29,20:23:48,Withdrawal,571.75,ATM,Successful,N/A,Eastern Cape
T000005814,A0001527,2026-01-16,10:59:19,Card Purchase,684.84,ATM,Successful,Healthcare,Gauteng
T000005815,A0001236,2026-07-09,21:25:23,Transfer,807.49,Mobile App,Successful,N/A,Western Cape
T000005816,A0001818,2025-12-05,13:29:06,Card Purchase,1173.58,Mobile App,Successful,Restaurants,Gauteng
T000005817,A0001636,2025-12-06,07:23:22,Transfer,292.16,POS,Failed,N/A,Western Cape
T000005818,A0002245,2026-07-13,06:10:04,Deposit,4108.84,ATM,Successful,N/A,Eastern Cape
T000005819,A0002796,2025-05-11,14:30:03,Payment,187.15,Branch,Successful,Groceries,Free State
T000005820,A0002256,2026-05-05,06:24:18,Payment,2401.82,Mobile App,Successful,Retail,Free State
T000005821,A0002967,2026-07-19,15:26:16,Card Purchase,214.43,Card,Successful,Education,Eastern Cape
T000005822,A0002139,2025-06-14,16:10:25,Card Purchase,4735.89,Mobile App,Successful,Fuel,Limpopo
T000005823,A0001860,2025-08-18,16:53:12,Payment,117.38,Mobile App,Successful,Groceries,North West
T000005824,A0000575,2026-07-04,12:42:03,Transfer,211.34,POS,Successful,N/A,Gauteng
T000005825,A0002670,2026-04-16,19:14:57,Payment,1029.18,Card,Successful,Utilities,Western Cape
T000005826,A0003092,2026-02-01,13:46:35,Card Purchase,1461.89,POS,Successful,Telecoms,Gauteng
T000005827,A0003088,2025-06-17,13:50:24,Deposit,10486.45,Mobile App,Successful,N/A,Gauteng
T000005828,A0002679,2025-01-09,11:02:55,Card Purchase,1612.26,Card,Successful,Travel,Limpopo
T000005829,A0001114,2026-07-29,08:56:31,Withdrawal,3248.59,Mobile App,Successful,N/A,Limpopo
T000005830,A0002047,2026-04-03,14:41:46,Payment,88.9,Mobile App,Successful,Entertainment,Northern Cape
T000005831,A0000030,2026-07-09,19:15:31,Deposit,1121.79,Internet Banking,Successful,N/A,North West
T000005832,A0002121,2026-07-10,10:08:19,Card Purchase,360.28,Card,Successful,Fuel,Free State
T000005833,A0000471,2026-07-31,18:49:10,Transfer,1405.96,POS,Successful,N/A,KwaZulu-Natal
T000005834,A0001867,2026-07-20,22:27:49,Debit Order,719.28,Branch,Successful,N/A,Gauteng
T000005835,A0000121,2026-01-26,09:45:19,Transfer,1226.69,Card,Successful,N/A,Eastern Cape
T000005836,A0003103,2026-06-11,21:47:57,Debit Order,178.56,Mobile App,Successful,N/A,Eastern Cape
T000005837,A0002983,2026-07-28,14:00:36,Transfer,389.63,Branch,Successful,N/A,Western Cape
T000005838,A0001468,2026-07-03,11:59:15,Withdrawal,755.42,Card,Successful,N/A,Gauteng
T000005839,A0001824,2023-12-03,07:48:07,Card Purchase,815.24,Branch,Successful,Restaurants,KwaZulu-Natal
T000005840,A0001227,2026-04-23,09:40:09,Debit Order,157.73,Card,Successful,N/A,KwaZulu-Natal
T000005841,A0002052,2026-02-03,12:55:57,Withdrawal,141.29,Mobile App,Successful,N/A,Eastern Cape
T000005842,A0001575,2026-01-09,13:24:36,Card Purchase,450.73,POS,Successful,Retail,Mpumalanga
T000005843,A0000148,2026-01-26,18:32:07,Withdrawal,512.98,Mobile App,Failed,N/A,KwaZulu-Natal
T000005844,A0002914,2026-01-15,11:49:53,Card Purchase,518.07,Mobile App,Successful,Groceries,Gauteng
T000005845,A0000860,2026-05-01,19:55:32,Debit Order,1295.77,ATM,Successful,N/A,Western Cape
T000005846,A0001821,2026-07-10,15:18:18,Card Purchase,501.47,POS,Failed,Travel,Western Cape
T000005847,A0002149,2024-04-23,22:24:26,Transfer,711.03,Card,Successful,N/A,KwaZulu-Natal
T000005848,A0002276,2026-05-29,09:12:43,Card Purchase,573.4,POS,Successful,Healthcare,Eastern Cape
T000005849,A0000856,2026-01-08,11:56:05,Withdrawal,502.3,Mobile App,Successful,N/A,Free State
T000005850,A0003003,2026-05-16,19:44:32,Card Purchase,278.85,POS,Successful,Travel,KwaZulu-Natal
T000005851,A0002157,2026-05-14,09:26:29,Card Purchase,236.94,Internet Banking,Successful,Entertainment,Western Cape
T000005852,A0001584,2026-07-16,13:25:49,Payment,1570.97,Branch,Successful,Groceries,Free State
T000005853,A0002810,2025-04-04,09:58:22,Debit Order,1558.26,Mobile App,Successful,N/A,Eastern Cape
T000005854,A0001755,2026-01-31,06:25:32,Withdrawal,3622.9,ATM,Successful,N/A,Gauteng
T000005855,A0002775,2024-07-11,06:45:57,Transfer,3472.8,POS,Successful,N/A,Mpumalanga
T000005856,A0001592,2026-07-30,21:04:20,Interest,1498.11,ATM,Successful,N/A,Eastern Cape
T000005857,A0001849,2025-10-24,16:39:15,Debit Order,296.05,Card,Successful,N/A,Free State
T000005858,A0001098,2026-02-06,21:25:39,Card Purchase,895.12,Mobile App,Successful,Utilities,Gauteng
T000005859,A0002931,2026-06-14,16:55:05,Payment,2203.24,Card,Successful,Education,Gauteng
T000005860,A0000337,2025-11-12,11:00:01,Card Purchase,1255.94,Branch,Successful,Fuel,Gauteng
T000005861,A0001899,2026-01-05,06:41:54,Payment,784.15,Card,Successful,Travel,Western Cape
T000005862,A0000607,2024-08-23,22:05:29,Card Purchase,413.2,Internet Banking,Successful,Travel,KwaZulu-Natal
T000005863,A0001428,2026-07-18,16:04:50,Interest,730.72,POS,Successful,N/A,Gauteng
T000005864,A0001108,2026-06-22,16:50:18,Bank Fee,331.76,Card,Successful,N/A,Gauteng
T000005865,A0000398,2025-06-08,09:45:28,Transfer,282.59,Card,Successful,N/A,Gauteng
T000005866,A0002291,2026-06-24,20:58:23,Bank Fee,184.19,Card,Successful,N/A,Western Cape
T000005867,A0000118,2024-04-29,08:23:05,Transfer,1564.8,ATM,Successful,N/A,Eastern Cape
T000005868,A0000953,2026-07-20,09:50:58,Debit Order,1059.95,Mobile App,Successful,N/A,Limpopo
T000005869,A0000863,2025-01-07,21:23:28,Deposit,2781.96,POS,Successful,N/A,Gauteng
T000005870,A0001119,2026-07-12,08:38:56,Withdrawal,521.59,Mobile App,Successful,N/A,Eastern Cape
T000005871,A0000921,2026-07-31,09:15:20,Payment,10082.69,Card,Successful,Restaurants,Gauteng
T000005872,A0002336,2025-12-06,14:31:10,Debit Order,521.98,ATM,Successful,N/A,Gauteng
T000005873,A0001225,2026-05-14,17:55:07,Bank Fee,149.87,Card,Successful,N/A,Free State
T000005874,A0002806,2025-01-12,21:16:12,Card Purchase,245.82,Card,Successful,Retail,Gauteng
T000005875,A0002249,2026-07-18,06:38:24,Card Purchase,287.98,Mobile App,Successful,Restaurants,Gauteng
T000005876,A0000244,2025-12-19,15:10:57,Bank Fee,901.89,POS,Successful,N/A,Gauteng
T000005877,A0000557,2022-04-29,18:20:12,Withdrawal,239.78,Card,Successful,N/A,KwaZulu-Natal
T000005878,A0000829,2026-02-12,18:18:39,Debit Order,300.11,POS,Successful,N/A,KwaZulu-Natal
T000005879,A0002603,2025-10-26,16:22:25,Payment,239.49,Mobile App,Successful,Groceries,KwaZulu-Natal
T000005880,A0001782,2026-01-13,06:39:24,Card Purchase,1760.37,Branch,Successful,Fuel,Western Cape
T000005881,A0001572,2026-05-22,09:28:43,Transfer,455.15,ATM,Successful,N/A,Free State
T000005882,A0000575,2026-07-15,08:13:32,Transfer,476.11,Mobile App,Successful,N/A,Gauteng
T000005883,A0000866,2026-05-03,10:07:51,Withdrawal,1485.61,Internet Banking,Successful,N/A,Gauteng
T000005884,A0001855,2026-04-23,07:07:05,Card Purchase,377.65,ATM,Successful,Restaurants,Eastern Cape
T000005885,A0001603,2026-02-13,11:45:31,Payment,1070.44,Mobile App,Successful,Travel,Gauteng
T000005886,A0001836,2026-07-28,08:11:19,Bank Fee,221.6,ATM,Successful,N/A,Western Cape
T000005887,A0000387,2025-03-12,17:38:47,Interest,550.86,Mobile App,Failed,N/A,Gauteng
T000005888,A0002732,2026-01-24,10:43:47,Transfer,328.01,Mobile App,Successful,N/A,Gauteng
T000005889,A0000043,2026-01-29,18:02:01,Bank Fee,847.5,Card,Successful,N/A,Gauteng
T000005890,A0002966,2025-08-02,16:26:10,Transfer,213.75,Card,Successful,N/A,Eastern Cape
T000005891,A0001863,2026-07-25,12:44:40,Debit Order,547.36,Mobile App,Successful,N/A,Western Cape
T000005892,A0003039,2026-07-16,09:57:37,Payment,347.8,Internet Banking,Successful,Utilities,Gauteng
T000005893,A0000806,2026-07-12,22:53:21,Transfer,1052.99,Mobile App,Successful,N/A,Gauteng
T000005894,A0000502,2024-09-18,17:58:25,Debit Order,1454.42,Card,Successful,N/A,Limpopo
T000005895,A0001737,2026-07-07,08:21:55,Card Purchase,299.76,Card,Successful,Retail,Gauteng
T000005896,A0003104,2026-07-11,06:46:01,Debit Order,1032.46,Card,Successful,N/A,Gauteng
T000005897,A0001799,2026-05-17,11:22:50,Bank Fee,311.83,Card,Successful,N/A,Western Cape
T000005898,A0001452,2026-03-05,16:17:29,Debit Order,781.27,Branch,Successful,N/A,Free State
T000005899,A0002514,2026-02-12,16:31:34,Card Purchase,2314.71,Internet Banking,Successful,Entertainment,Western Cape
T000005900,A0001954,2026-07-15,06:23:50,Bank Fee,59.65,Card,Successful,N/A,Eastern Cape
T000005901,A0001351,2026-07-23,19:00:25,Debit Order,316.79,POS,Successful,N/A,Eastern Cape
T000005902,A0001429,2025-06-04,18:09:05,Debit Order,69.79,ATM,Successful,N/A,Eastern Cape
T000005903,A0001873,2025-07-03,19:43:46,Withdrawal,815.44,POS,Successful,N/A,Northern Cape
T000005904,A0000454,2026-06-20,07:09:07,Deposit,14368.99,Branch,Successful,N/A,Western Cape
T000005905,A0001403,2026-07-29,19:30:30,Payment,3342.2,Mobile App,Successful,Healthcare,Western Cape
T000005906,A0000067,2024-09-08,14:52:27,Transfer,194.72,POS,Successful,N/A,KwaZulu-Natal
T000005907,A0001191,2025-07-06,06:40:09,Transfer,132.01,Internet Banking,Successful,N/A,Gauteng
T000005908,A0000443,2025-08-09,11:59:27,Deposit,2682.04,Branch,Successful,N/A,Gauteng
T000005909,A0000147,2025-12-21,17:08:01,Card Purchase,1385.2,ATM,Successful,Other,Western Cape
T000005910,A0001684,2026-02-20,18:39:58,Card Purchase,316.28,ATM,Successful,Other,Western Cape
T000005911,A0002745,2025-02-13,22:48:44,Payment,712.97,Card,Successful,Telecoms,Limpopo
T000005912,A0001943,2025-07-22,06:22:57,Payment,1442.5,Mobile App,Successful,Entertainment,Gauteng
T000005913,A0002407,2026-05-26,19:28:58,Card Purchase,85.8,Mobile App,Successful,Travel,Western Cape
T000005914,A0003094,2026-03-03,13:10:31,Withdrawal,1671.93,Mobile App,Successful,N/A,KwaZulu-Natal
T000005915,A0001214,2026-03-29,08:11:16,Bank Fee,177.37,Mobile App,Successful,N/A,Northern Cape
T000005916,A0003191,2026-07-26,15:43:39,Card Purchase,356.64,Card,Successful,Entertainment,KwaZulu-Natal
T000005917,A0000408,2025-11-06,16:34:48,Transfer,2134.65,ATM,Successful,N/A,Gauteng
T000005918,A0000671,2026-01-07,13:40:12,Card Purchase,396.8,POS,Successful,Other,KwaZulu-Natal
T000005919,A0002019,2025-12-14,17:50:04,Card Purchase,196.91,ATM,Successful,Groceries,Gauteng
T000005920,A0001446,2026-06-15,17:20:47,Card Purchase,796.8,Card,Successful,Telecoms,Gauteng
T000005921,A0002067,2026-07-22,19:50:27,Transfer,2130.1,POS,Successful,N/A,Gauteng
T000005922,A0000886,2025-08-01,10:39:49,Deposit,5883.9,Mobile App,Successful,N/A,Northern Cape
T000005923,A0001471,2026-06-17,22:24:21,Payment,417.19,Mobile App,Successful,Fuel,Western Cape
T000005924,A0001847,2025-04-07,10:48:54,Interest,1303.6,Branch,Successful,N/A,Western Cape
T000005925,A0002497,2026-05-22,21:40:10,Transfer,177.37,Internet Banking,Successful,N/A,Gauteng
T000005926,A0000464,2025-06-05,13:20:31,Debit Order,3062.28,Mobile App,Successful,N/A,Gauteng
T000005927,A0001068,2024-04-20,13:50:53,Withdrawal,1042.28,ATM,Successful,N/A,North West
T000005928,A0001016,2026-03-17,10:30:20,Deposit,210.45,POS,Successful,N/A,Gauteng
T000005929,A0000456,2025-12-27,17:07:53,Withdrawal,919.23,Card,Successful,N/A,Free State
T000005930,A0001888,2026-07-31,19:06:09,Withdrawal,674.62,Mobile App,Successful,N/A,Gauteng
T000005931,A0001868,2025-06-18,19:39:16,Card Purchase,164.14,Internet Banking,Successful,Utilities,Eastern Cape
T000005932,A0000229,2025-12-27,13:01:16,Card Purchase,1122.71,Card,Successful,Travel,Western Cape
T000005933,A0001293,2026-07-28,07:01:04,Bank Fee,530.15,POS,Successful,N/A,Gauteng
T000005934,A0000066,2025-11-12,08:39:20,Card Purchase,193.41,ATM,Successful,Other,KwaZulu-Natal
T000005935,A0003062,2026-01-20,06:32:35,Payment,260.32,Internet Banking,Successful,Retail,Free State
T000005936,A0000129,2026-05-08,19:01:52,Payment,2001.97,ATM,Successful,Telecoms,Gauteng
T000005937,A0002752,2024-09-22,13:02:51,Card Purchase,915.98,Branch,Successful,Travel,Gauteng
T000005938,A0002104,2026-01-28,07:21:01,Withdrawal,528.87,Mobile App,Successful,N/A,KwaZulu-Natal
T000005939,A0000996,2026-06-29,09:30:07,Bank Fee,4360.67,Card,Successful,N/A,KwaZulu-Natal
T000005940,A0002995,2025-01-27,22:31:00,Card Purchase,447.76,Branch,Reversed,Retail,Limpopo
T000005941,A0002900,2026-07-08,09:27:09,Card Purchase,1740.95,Internet Banking,Successful,Fuel,Gauteng
T000005942,A0002395,2026-03-17,20:44:15,Withdrawal,125.67,POS,Successful,N/A,KwaZulu-Natal
T000005943,A0001986,2026-07-26,16:15:16,Withdrawal,4119.23,Mobile App,Successful,N/A,Western Cape
T000005944,A0001308,2026-07-13,17:29:47,Deposit,1720.44,Mobile App,Successful,N/A,Gauteng
T000005945,A0003187,2026-07-26,15:52:18,Card Purchase,1505.08,Mobile App,Successful,Entertainment,KwaZulu-Natal
T000005946,A0001693,2026-07-25,22:24:33,Interest,1069.06,Card,Successful,N/A,Free State
T000005947,A0001223,2026-07-27,14:26:14,Bank Fee,1782.22,Card,Successful,N/A,Western Cape
T000005948,A0001405,2026-06-27,07:49:46,Transfer,599.67,Internet Banking,Successful,N/A,Eastern Cape
T000005949,A0000732,2026-06-01,19:58:03,Transfer,378.83,Mobile App,Successful,N/A,Gauteng
T000005950,A0000815,2026-07-13,19:17:42,Card Purchase,426.13,Mobile App,Successful,Education,Free State
T000005951,A0001767,2026-03-09,10:18:23,Withdrawal,3183.58,Internet Banking,Successful,N/A,Gauteng
T000005952,A0003014,2026-05-01,08:27:05,Payment,1126.21,Branch,Successful,Fuel,Gauteng
T000005953,A0001127,2024-03-03,09:59:21,Interest,290.81,POS,Successful,N/A,Gauteng
T000005954,A0000102,2025-12-30,19:42:08,Deposit,2718.42,Mobile App,Successful,N/A,Limpopo
T000005955,A0001223,2026-07-27,12:06:50,Interest,238.08,ATM,Successful,N/A,Western Cape
T000005956,A0001009,2026-02-02,06:19:48,Card Purchase,1828.22,Internet Banking,Successful,Entertainment,Limpopo
T000005957,A0000702,2026-07-17,09:06:25,Transfer,431.36,ATM,Successful,N/A,Gauteng
T000005958,A0000418,2026-04-18,14:38:29,Payment,959.06,Card,Successful,Restaurants,KwaZulu-Natal
T000005959,A0000135,2025-11-03,17:09:11,Deposit,3408.03,POS,Successful,N/A,Free State
T000005960,A0002907,2026-07-12,13:40:16,Card Purchase,128.21,Mobile App,Successful,Telecoms,Northern Cape
T000005961,A0002883,2025-11-16,16:42:34,Card Purchase,1623.2,POS,Successful,Education,Gauteng
T000005962,A0001435,2025-07-28,11:47:33,Deposit,855.09,ATM,Successful,N/A,Gauteng
T000005963,A0002425,2026-07-22,21:13:56,Card Purchase,367.45,Card,Successful,Groceries,Eastern Cape
T000005964,A0002675,2026-07-13,11:21:39,Bank Fee,211.54,POS,Successful,N/A,Western Cape
T000005965,A0001577,2024-09-21,11:43:06,Debit Order,817.93,Mobile App,Successful,N/A,Gauteng
T000005966,A0001425,2026-07-01,19:23:03,Withdrawal,270.19,POS,Successful,N/A,Gauteng
T000005967,A0002084,2026-03-04,19:18:48,Deposit,3261.75,Card,Successful,N/A,Gauteng
T000005968,A0002541,2026-04-08,17:32:31,Card Purchase,777.08,POS,Successful,Telecoms,Gauteng
T000005969,A0002865,2025-06-29,17:11:49,Card Purchase,934.2,Mobile App,Successful,Telecoms,Gauteng
T000005970,A0000882,2026-07-06,22:53:39,Card Purchase,372.59,POS,Successful,Restaurants,Gauteng
T000005971,A0001637,2026-06-27,06:31:25,Debit Order,1799.67,Internet Banking,Successful,N/A,Western Cape
T000005972,A0001008,2026-06-12,14:24:56,Withdrawal,1334.04,Internet Banking,Successful,N/A,Limpopo
T000005973,A0000436,2026-02-14,12:12:38,Transfer,1027.5,Internet Banking,Successful,N/A,Limpopo
T000005974,A0000490,2026-07-20,16:29:03,Debit Order,520.22,Card,Successful,N/A,Gauteng
T000005975,A0002366,2026-04-30,22:15:19,Card Purchase,609.75,Mobile App,Successful,Telecoms,KwaZulu-Natal
T000005976,A0001873,2025-11-26,12:01:55,Card Purchase,383.92,POS,Successful,Entertainment,Northern Cape
T000005977,A0001185,2026-01-25,16:46:26,Deposit,1678.52,Mobile App,Successful,N/A,Free State
T000005978,A0002842,2026-01-28,14:17:04,Card Purchase,402.99,Internet Banking,Successful,Healthcare,Western Cape
T000005979,A0002813,2026-07-06,20:26:01,Transfer,185.97,ATM,Successful,N/A,Gauteng
T000005980,A0002957,2026-03-15,17:48:12,Debit Order,376.58,Mobile App,Successful,N/A,Gauteng
T000005981,A0001678,2026-03-22,12:50:59,Transfer,1929.96,POS,Successful,N/A,KwaZulu-Natal
T000005982,A0001344,2025-08-12,06:46:11,Payment,58.43,ATM,Successful,Education,Western Cape
T000005983,A0001138,2023-10-06,22:43:07,Deposit,15423.23,ATM,Successful,N/A,Gauteng
T000005984,A0001448,2024-09-26,09:47:57,Bank Fee,1646.28,Mobile App,Successful,N/A,Gauteng
T000005985,A0001377,2026-01-05,21:17:07,Withdrawal,917.92,Card,Successful,N/A,Western Cape
T000005986,A0001842,2026-02-17,09:17:18,Card Purchase,942.25,POS,Successful,Telecoms,KwaZulu-Natal
T000005987,A0000112,2026-06-24,17:11:15,Debit Order,6607.12,POS,Successful,N/A,North West
T000005988,A0001761,2026-06-14,07:54:50,Debit Order,858.01,Mobile App,Successful,N/A,Eastern Cape
T000005989,A0001886,2024-11-17,17:08:39,Card Purchase,124.27,Mobile App,Successful,Telecoms,Limpopo
T000005990,A0000607,2025-06-24,07:46:20,Bank Fee,429.81,Branch,Successful,N/A,KwaZulu-Natal
T000005991,A0003017,2025-10-28,21:58:39,Bank Fee,106.93,ATM,Successful,N/A,Western Cape
T000005992,A0002144,2026-07-11,11:31:24,Card Purchase,585.41,POS,Successful,Other,Limpopo
T000005993,A0003083,2026-04-29,20:20:45,Card Purchase,1558.73,Internet Banking,Successful,Fuel,KwaZulu-Natal
T000005994,A0000418,2026-05-17,09:22:49,Transfer,133.66,Internet Banking,Successful,N/A,KwaZulu-Natal
T000005995,A0001953,2026-06-29,20:46:58,Transfer,371.42,Card,Successful,N/A,Limpopo
T000005996,A0001357,2026-07-29,15:35:32,Withdrawal,1606.87,Mobile App,Successful,N/A,KwaZulu-Natal
T000005997,A0000461,2026-06-28,19:35:01,Card Purchase,89.68,Branch,Successful,Entertainment,Western Cape
T000005998,A0001266,2025-05-27,22:48:54,Payment,897.91,Card,Successful,Healthcare,Limpopo
T000005999,A0002289,2024-11-02,08:37:46,Debit Order,100.47,ATM,Successful,N/A,Western Cape
T000006000,A0001051,2026-01-14,20:01:31,Withdrawal,1111.84,POS,Successful,N/A,Free State
T000006001,A0002275,2026-06-25,12:06:42,Payment,354.3,Internet Banking,Successful,Education,KwaZulu-Natal
T000006002,A0001802,2026-07-31,19:03:25,Transfer,150.08,Internet Banking,Successful,N/A,Western Cape
T000006003,A0001068,2024-11-07,07:38:59,Withdrawal,560.66,Card,Successful,N/A,North West
T000006004,A0000867,2025-05-26,07:31:05,Card Purchase,790.98,Card,Successful,Education,Gauteng
T000006005,A0002776,2026-07-29,21:09:06,Transfer,838.26,Mobile App,Successful,N/A,Western Cape
T000006006,A0001869,2026-04-18,11:58:39,Transfer,829.02,Mobile App,Successful,N/A,Western Cape
T000006007,A0001547,2026-07-08,22:48:01,Withdrawal,2979.37,POS,Successful,N/A,Gauteng
T000006008,A0002722,2026-02-20,09:23:52,Withdrawal,41.13,ATM,Successful,N/A,Gauteng
T000006009,A0001082,2026-07-31,18:27:31,Withdrawal,705.66,POS,Successful,N/A,Gauteng
T000006010,A0000179,2026-05-11,14:39:15,Deposit,4195.23,Card,Successful,N/A,KwaZulu-Natal
T000006011,A0002433,2026-05-20,17:28:53,Card Purchase,1581.92,Internet Banking,Successful,Fuel,Gauteng
T000006012,A0000505,2024-06-11,11:00:53,Transfer,2190.26,POS,Successful,N/A,Western Cape
T000006013,A0002499,2026-07-22,20:36:13,Deposit,1668.0,POS,Successful,N/A,Gauteng
T000006014,A0000565,2026-05-01,12:23:06,Debit Order,516.86,Branch,Successful,N/A,North West
T000006015,A0001549,2026-01-18,11:42:31,Deposit,3428.57,Card,Successful,N/A,Gauteng
T000006016,A0002987,2026-03-16,07:47:23,Payment,258.3,Internet Banking,Successful,Education,Eastern Cape
T000006017,A0001332,2025-11-15,20:13:21,Card Purchase,1428.27,Card,Successful,Other,Limpopo
T000006018,A0002966,2026-06-14,22:31:14,Transfer,661.3,Mobile App,Successful,N/A,Eastern Cape
T000006019,A0001672,2026-07-16,10:45:12,Transfer,1208.62,Mobile App,Successful,N/A,Mpumalanga
T000006020,A0002843,2025-08-24,10:32:05,Interest,486.88,Mobile App,Failed,N/A,Gauteng
T000006021,A0000351,2025-10-13,11:37:47,Bank Fee,1989.28,ATM,Successful,N/A,Gauteng
T000006022,A0000479,2026-01-19,17:56:22,Card Purchase,1144.52,Card,Successful,Restaurants,Eastern Cape
T000006023,A0002228,2026-07-31,11:20:26,Card Purchase,1899.49,Internet Banking,Successful,Travel,Western Cape
T000006024,A0002079,2026-02-16,09:45:31,Card Purchase,3339.55,Internet Banking,Successful,Entertainment,Gauteng
T000006025,A0002171,2024-02-25,14:34:19,Card Purchase,367.71,Card,Successful,Travel,Western Cape
T000006026,A0002533,2024-12-01,19:42:25,Deposit,4474.92,Mobile App,Successful,N/A,Gauteng
T000006027,A0002830,2026-07-25,15:25:00,Withdrawal,134.67,Internet Banking,Successful,N/A,Eastern Cape
T000006028,A0000246,2025-11-27,10:25:25,Transfer,230.67,Card,Successful,N/A,Mpumalanga
T000006029,A0001117,2026-06-03,11:34:09,Card Purchase,212.28,ATM,Successful,Telecoms,Mpumalanga
T000006030,A0001928,2025-08-05,09:05:15,Transfer,278.35,Mobile App,Successful,N/A,Gauteng
T000006031,A0002853,2026-06-21,07:31:46,Transfer,1692.21,POS,Successful,N/A,Gauteng
T000006032,A0002447,2026-03-21,06:32:42,Card Purchase,598.08,POS,Successful,Entertainment,KwaZulu-Natal
T000006033,A0002251,2026-01-04,22:40:12,Payment,259.64,POS,Successful,Travel,Western Cape
T000006034,A0002087,2025-11-06,11:49:54,Card Purchase,6935.94,ATM,Successful,Entertainment,Western Cape
T000006035,A0000980,2025-12-09,10:45:57,Interest,1093.08,ATM,Successful,N/A,KwaZulu-Natal
T000006036,A0002979,2026-04-23,10:41:34,Withdrawal,960.7,POS,Successful,N/A,KwaZulu-Natal
T000006037,A0003037,2023-07-21,10:50:36,Card Purchase,130.4,Card,Successful,Other,North West
T000006038,A0000844,2025-08-30,08:07:42,Transfer,3392.03,Mobile App,Successful,N/A,Mpumalanga
T000006039,A0000528,2025-07-10,16:48:58,Transfer,130.48,POS,Successful,N/A,Western Cape
T000006040,A0000747,2024-06-17,14:42:33,Card Purchase,2211.45,Mobile App,Successful,Fuel,Western Cape
T000006041,A0003095,2026-06-06,06:21:37,Transfer,303.22,Internet Banking,Successful,N/A,Gauteng
T000006042,A0000543,2026-01-27,12:04:55,Deposit,9340.94,Card,Successful,N/A,Gauteng
T000006043,A0003019,2025-02-21,12:19:40,Card Purchase,587.13,Mobile App,Successful,Utilities,Gauteng
T000006044,A0000908,2025-11-13,22:42:13,Transfer,2282.83,Internet Banking,Successful,N/A,Gauteng
T000006045,A0001984,2026-07-23,13:53:39,Transfer,1498.8,Mobile App,Successful,N/A,Gauteng
T000006046,A0000429,2026-07-24,06:57:21,Card Purchase,1321.99,Branch,Successful,Utilities,Limpopo
T000006047,A0002611,2026-07-20,08:30:53,Card Purchase,755.58,ATM,Successful,Travel,KwaZulu-Natal
T000006048,A0000305,2026-04-08,10:00:36,Debit Order,580.78,ATM,Successful,N/A,Gauteng
T000006049,A0002723,2026-05-04,18:03:53,Card Purchase,112.82,POS,Successful,Travel,Gauteng
T000006050,A0003162,2025-09-23,21:16:38,Deposit,4783.12,Card,Successful,N/A,Northern Cape
T000006051,A0000211,2026-06-12,20:16:56,Card Purchase,243.24,POS,Successful,Telecoms,Western Cape
T000006052,A0001516,2025-12-09,14:28:00,Withdrawal,1650.13,POS,Successful,N/A,Mpumalanga
T000006053,A0003139,2026-07-19,20:23:44,Bank Fee,1711.71,Branch,Successful,N/A,KwaZulu-Natal
T000006054,A0000837,2026-03-02,15:03:29,Deposit,4103.91,Mobile App,Successful,N/A,KwaZulu-Natal
T000006055,A0001997,2026-07-29,11:55:43,Interest,1072.54,Internet Banking,Successful,N/A,North West
T000006056,A0000862,2023-11-12,14:44:28,Transfer,2753.15,Mobile App,Successful,N/A,Gauteng
T000006057,A0000398,2026-02-18,22:27:50,Debit Order,319.63,POS,Successful,N/A,Gauteng
T000006058,A0002214,2026-07-26,15:02:00,Bank Fee,773.08,POS,Successful,N/A,Western Cape
T000006059,A0001984,2026-07-26,21:50:50,Deposit,3315.47,Mobile App,Successful,N/A,Gauteng
T000006060,A0001427,2026-05-09,18:18:15,Bank Fee,283.88,POS,Successful,N/A,Free State
T000006061,A0000320,2026-06-26,06:34:20,Debit Order,1449.48,Branch,Successful,N/A,Mpumalanga
T000006062,A0000638,2026-02-21,18:52:17,Card Purchase,792.41,POS,Successful,Fuel,Gauteng
T000006063,A0001614,2025-12-27,21:29:23,Card Purchase,671.48,Internet Banking,Successful,Fuel,Gauteng
T000006064,A0001146,2024-03-06,21:58:04,Withdrawal,3188.9,Card,Successful,N/A,Western Cape
T000006065,A0000690,2025-03-19,12:38:29,Transfer,632.34,POS,Successful,N/A,Gauteng
T000006066,A0001867,2026-07-13,22:12:47,Transfer,900.13,Mobile App,Successful,N/A,Gauteng
T000006067,A0000371,2026-02-11,12:46:01,Card Purchase,416.17,Mobile App,Successful,Retail,KwaZulu-Natal
T000006068,A0001237,2026-06-30,15:05:45,Withdrawal,751.81,ATM,Successful,N/A,Mpumalanga
T000006069,A0001523,2022-09-05,16:30:31,Card Purchase,671.65,Branch,Successful,Utilities,Gauteng
T000006070,A0002807,2026-07-01,11:20:39,Card Purchase,561.13,Mobile App,Successful,Groceries,Gauteng
T000006071,A0000258,2026-07-21,09:00:59,Card Purchase,903.65,ATM,Successful,Telecoms,Gauteng
T000006072,A0003011,2026-05-28,06:09:18,Transfer,356.55,Mobile App,Successful,N/A,Gauteng
T000006073,A0001728,2026-07-22,14:50:01,Bank Fee,2115.85,Mobile App,Successful,N/A,KwaZulu-Natal
T000006074,A0003048,2026-01-08,11:57:36,Transfer,490.84,POS,Successful,N/A,KwaZulu-Natal
T000006075,A0001409,2025-11-26,13:02:45,Transfer,289.32,Branch,Successful,N/A,KwaZulu-Natal
T000006076,A0002558,2025-10-07,15:35:38,Debit Order,1583.41,Mobile App,Successful,N/A,Western Cape
T000006077,A0000375,2026-03-18,17:33:47,Card Purchase,737.95,Internet Banking,Successful,Travel,Gauteng
T000006078,A0000344,2023-02-02,07:00:46,Card Purchase,2468.62,Mobile App,Successful,Education,Mpumalanga
T000006079,A0000168,2026-06-11,08:56:37,Card Purchase,3525.41,Mobile App,Successful,Entertainment,Free State
T000006080,A0000231,2026-06-21,22:05:05,Bank Fee,833.74,Card,Successful,N/A,Gauteng
T000006081,A0001064,2026-05-20,14:10:59,Debit Order,2248.57,Mobile App,Successful,N/A,Western Cape
T000006082,A0001988,2026-07-27,22:24:29,Withdrawal,979.12,Mobile App,Successful,N/A,Limpopo
T000006083,A0001305,2025-10-22,15:28:00,Debit Order,204.28,Card,Successful,N/A,Gauteng
T000006084,A0001889,2026-07-27,10:14:27,Withdrawal,1861.96,Branch,Successful,N/A,Gauteng
T000006085,A0002264,2026-05-18,20:32:27,Card Purchase,519.94,Card,Successful,Restaurants,Gauteng
T000006086,A0001804,2025-11-29,07:32:06,Debit Order,526.17,Internet Banking,Successful,N/A,Gauteng
T000006087,A0000890,2025-08-01,10:52:20,Debit Order,815.04,POS,Successful,N/A,Limpopo
T000006088,A0002638,2025-11-28,21:13:18,Withdrawal,975.14,ATM,Reversed,N/A,Eastern Cape
T000006089,A0001269,2023-09-17,17:03:47,Debit Order,2365.92,ATM,Successful,N/A,Gauteng
T000006090,A0000143,2026-07-27,20:58:03,Bank Fee,894.86,ATM,Successful,N/A,Gauteng
T000006091,A0000938,2025-11-24,22:08:22,Transfer,1753.6,Card,Successful,N/A,KwaZulu-Natal
T000006092,A0002920,2026-06-29,22:14:40,Card Purchase,5370.5,Mobile App,Successful,Groceries,Eastern Cape
T000006093,A0000313,2024-09-22,07:51:49,Transfer,624.03,Internet Banking,Successful,N/A,KwaZulu-Natal
T000006094,A0002397,2026-05-05,20:51:00,Payment,1184.87,Card,Successful,Fuel,Gauteng
T000006095,A0000800,2026-07-09,11:49:31,Transfer,360.6,Card,Successful,N/A,Gauteng
T000006096,A0002073,2026-03-14,08:40:39,Payment,313.26,Branch,Successful,Telecoms,KwaZulu-Natal
T000006097,A0000738,2026-07-13,15:43:44,Debit Order,196.06,Mobile App,Successful,N/A,KwaZulu-Natal
T000006098,A0002975,2023-01-24,07:33:36,Deposit,1351.0,ATM,Successful,N/A,Gauteng
T000006099,A0000709,2024-03-18,06:54:54,Card Purchase,2046.19,POS,Successful,Healthcare,Gauteng
T000006100,A0001064,2026-06-16,21:18:06,Debit Order,944.38,POS,Successful,N/A,Western Cape
T000006101,A0001371,2025-10-07,17:19:40,Card Purchase,493.34,Mobile App,Successful,Groceries,Eastern Cape
T000006102,A0001740,2024-06-10,17:02:57,Withdrawal,444.76,Branch,Successful,N/A,Eastern Cape
T000006103,A0000355,2025-07-30,21:22:45,Payment,2798.13,Mobile App,Successful,Education,Western Cape
T000006104,A0003135,2024-02-08,22:57:23,Withdrawal,359.08,Card,Successful,N/A,Gauteng
T000006105,A0002548,2026-06-20,21:26:20,Payment,782.57,Internet Banking,Successful,Retail,Gauteng
T000006106,A0000060,2025-10-21,19:11:02,Debit Order,2833.08,Card,Successful,N/A,Gauteng
T000006107,A0000417,2026-04-26,14:01:35,Payment,363.9,Mobile App,Successful,Education,KwaZulu-Natal
T000006108,A0003113,2026-06-23,08:40:15,Transfer,165.59,Mobile App,Successful,N/A,Limpopo
T000006109,A0001798,2026-01-21,09:30:47,Transfer,2394.88,Mobile App,Successful,N/A,Western Cape
T000006110,A0000618,2026-04-03,14:52:19,Transfer,1792.93,ATM,Successful,N/A,North West
T000006111,A0003162,2026-05-26,07:00:20,Card Purchase,147.53,Internet Banking,Successful,Other,Northern Cape
T000006112,A0000529,2024-02-01,21:08:42,Transfer,1217.84,Mobile App,Successful,N/A,KwaZulu-Natal
T000006113,A0000818,2025-10-31,19:38:59,Card Purchase,1088.2,POS,Successful,Education,Gauteng
T000006114,A0002263,2024-03-03,13:50:40,Withdrawal,258.7,Card,Successful,N/A,Limpopo
T000006115,A0001898,2025-12-25,13:18:44,Interest,213.23,Card,Successful,N/A,Gauteng
T000006116,A0000677,2026-07-05,21:26:21,Debit Order,495.04,Branch,Successful,N/A,Western Cape
T000006117,A0000594,2026-02-06,10:24:54,Transfer,2418.32,POS,Successful,N/A,Western Cape
T000006118,A0002206,2026-06-18,07:11:44,Payment,593.9,Card,Successful,Fuel,Western Cape
T000006119,A0003017,2026-03-06,20:16:50,Debit Order,214.83,Internet Banking,Successful,N/A,Western Cape
T000006120,A0001159,2026-07-26,18:01:41,Payment,491.33,Card,Successful,Groceries,Gauteng
T000006121,A0001049,2026-07-21,06:33:53,Card Purchase,354.96,Mobile App,Successful,Retail,Western Cape
T000006122,A0003183,2025-07-04,09:30:56,Withdrawal,234.89,Mobile App,Successful,N/A,Western Cape
T000006123,A0002200,2024-11-13,22:34:58,Card Purchase,398.06,POS,Successful,Education,Free State
T000006124,A0000941,2026-04-24,12:47:45,Deposit,827.65,Mobile App,Successful,N/A,KwaZulu-Natal
T000006125,A0003157,2026-06-21,10:59:42,Transfer,1929.8,Card,Successful,N/A,Gauteng
T000006126,A0000146,2026-03-17,18:41:15,Deposit,10647.89,Mobile App,Successful,N/A,Gauteng
T000006127,A0000826,2026-06-02,07:28:09,Transfer,735.77,Mobile App,Successful,N/A,Gauteng
T000006128,A0000986,2026-06-19,19:51:19,Debit Order,4443.37,Mobile App,Successful,N/A,Western Cape
T000006129,A0001930,2026-05-30,21:42:14,Debit Order,2412.78,Mobile App,Successful,N/A,KwaZulu-Natal
T000006130,A0000720,2026-03-23,06:08:02,Deposit,1090.01,ATM,Successful,N/A,Western Cape
T000006131,A0002719,2025-11-06,11:04:06,Card Purchase,1365.63,Mobile App,Successful,Healthcare,Eastern Cape
T000006132,A0002691,2026-07-14,17:27:19,Interest,2113.34,ATM,Successful,N/A,Mpumalanga
T000006133,A0003059,2026-07-13,17:06:55,Interest,309.01,Mobile App,Successful,N/A,Free State
T000006134,A0001760,2023-08-15,06:39:53,Bank Fee,207.87,Card,Successful,N/A,KwaZulu-Natal
T000006135,A0001196,2024-02-06,22:47:18,Transfer,54.25,ATM,Successful,N/A,Western Cape
T000006136,A0002001,2025-01-05,22:00:43,Transfer,1900.41,Mobile App,Successful,N/A,Western Cape
T000006137,A0001413,2026-02-02,20:53:13,Deposit,3806.43,Internet Banking,Successful,N/A,Free State
T000006138,A0000036,2026-04-25,18:30:47,Transfer,1253.38,Internet Banking,Successful,N/A,Gauteng
T000006139,A0000440,2025-11-02,18:07:02,Card Purchase,922.62,ATM,Successful,Retail,Mpumalanga
T000006140,A0000995,2025-07-14,22:05:20,Bank Fee,198.41,Internet Banking,Successful,N/A,Gauteng
T000006141,A0000538,2025-05-10,10:09:29,Payment,227.41,Mobile App,Successful,Groceries,Western Cape
T000006142,A0001554,2026-05-28,20:23:50,Card Purchase,315.07,ATM,Successful,Fuel,Northern Cape
T000006143,A0000528,2025-09-05,08:08:44,Withdrawal,229.21,Mobile App,Successful,N/A,Western Cape
T000006144,A0000392,2026-07-26,10:48:47,Card Purchase,13788.36,POS,Successful,Telecoms,Free State
T000006145,A0002766,2026-07-24,14:07:50,Debit Order,273.96,Internet Banking,Successful,N/A,Gauteng
T000006146,A0001427,2026-03-08,15:32:20,Card Purchase,339.38,ATM,Successful,Healthcare,Free State
T000006147,A0000888,2026-04-01,06:03:33,Card Purchase,281.48,POS,Successful,Other,Gauteng
T000006148,A0003113,2026-06-08,11:58:01,Transfer,409.12,ATM,Successful,N/A,Limpopo
T000006149,A0001512,2026-04-16,19:41:01,Card Purchase,495.95,ATM,Successful,Retail,Gauteng
T000006150,A0000105,2026-07-02,18:28:55,Card Purchase,1034.89,Card,Successful,Retail,Eastern Cape
T000006151,A0001871,2026-05-16,07:31:11,Debit Order,7189.88,Card,Successful,N/A,Gauteng
T000006152,A0001279,2026-03-01,06:48:12,Debit Order,429.33,Card,Successful,N/A,KwaZulu-Natal
T000006153,A0000608,2026-07-27,06:20:22,Card Purchase,588.42,POS,Successful,Utilities,Gauteng
T000006154,A0000385,2025-02-03,20:10:43,Card Purchase,764.32,Mobile App,Successful,Fuel,Eastern Cape
T000006155,A0003147,2026-05-05,10:02:53,Deposit,601.75,Card,Successful,N/A,Gauteng
T000006156,A0000585,2025-06-04,18:03:55,Card Purchase,1511.97,Branch,Successful,Education,Free State
T000006157,A0002707,2025-05-13,13:49:56,Interest,1166.68,Mobile App,Successful,N/A,Free State
T000006158,A0000279,2026-06-24,20:27:09,Card Purchase,133.22,Mobile App,Successful,Other,Gauteng
T000006159,A0000323,2025-07-17,06:59:56,Debit Order,369.17,Mobile App,Successful,N/A,Eastern Cape
T000006160,A0000529,2025-11-14,14:38:12,Debit Order,2443.64,POS,Successful,N/A,KwaZulu-Natal
T000006161,A0001159,2026-07-31,11:02:33,Card Purchase,1046.48,Card,Successful,Groceries,Gauteng
T000006162,A0000176,2026-06-05,06:00:06,Transfer,437.0,POS,Successful,N/A,Mpumalanga
T000006163,A0002415,2026-06-26,16:58:42,Debit Order,631.16,Branch,Successful,N/A,Eastern Cape
T000006164,A0000797,2026-07-15,14:10:03,Card Purchase,113.29,Mobile App,Successful,Other,Gauteng
T000006165,A0001176,2026-07-27,18:25:11,Card Purchase,514.63,Mobile App,Successful,Retail,Gauteng
T000006166,A0003150,2026-06-25,06:51:43,Card Purchase,1271.53,Card,Successful,Education,Gauteng
T000006167,A0001600,2026-03-15,14:03:43,Card Purchase,187.39,Internet Banking,Successful,Retail,Mpumalanga
T000006168,A0003015,2026-07-09,22:49:00,Card Purchase,348.17,POS,Successful,Groceries,Gauteng
T000006169,A0001915,2024-06-11,15:00:36,Deposit,811.38,Branch,Successful,N/A,Gauteng
T000006170,A0000322,2026-05-27,15:37:20,Debit Order,364.79,Card,Successful,N/A,Eastern Cape
T000006171,A0002165,2026-06-24,16:21:03,Card Purchase,142.88,Card,Successful,Travel,Western Cape
T000006172,A0002441,2026-07-17,07:49:41,Deposit,2726.72,POS,Successful,N/A,Gauteng
T000006173,A0001873,2025-12-04,09:11:13,Bank Fee,345.67,Card,Successful,N/A,Northern Cape
T000006174,A0001258,2026-06-29,08:06:30,Transfer,196.8,Mobile App,Successful,N/A,Mpumalanga
T000006175,A0000749,2026-03-29,08:11:04,Debit Order,108.84,ATM,Successful,N/A,KwaZulu-Natal
T000006176,A0003001,2026-01-19,17:23:20,Withdrawal,591.82,Card,Successful,N/A,Free State
T000006177,A0001711,2025-07-10,15:49:04,Debit Order,1680.74,Branch,Successful,N/A,KwaZulu-Natal
T000006178,A0000070,2026-02-14,12:11:24,Transfer,1340.34,Card,Successful,N/A,Western Cape
T000006179,A0002793,2025-12-07,20:56:25,Transfer,1018.11,POS,Successful,N/A,Western Cape
T000006180,A0001653,2026-07-18,09:55:48,Card Purchase,442.32,Mobile App,Successful,Entertainment,Gauteng
T000006181,A0001511,2025-06-25,14:17:32,Deposit,4234.47,Internet Banking,Successful,N/A,Gauteng
T000006182,A0001518,2025-06-24,10:06:55,Transfer,670.65,Mobile App,Successful,N/A,Mpumalanga
T000006183,A0002851,2026-07-05,22:20:39,Payment,1638.78,Card,Successful,Telecoms,KwaZulu-Natal
T000006184,A0001755,2026-01-20,12:41:52,Withdrawal,1408.11,Mobile App,Successful,N/A,Gauteng
T000006185,A0000707,2026-07-11,13:08:28,Interest,2687.88,ATM,Successful,N/A,Limpopo
T000006186,A0001836,2026-07-27,21:43:30,Card Purchase,2236.75,Mobile App,Successful,Retail,Western Cape
T000006187,A0002570,2026-07-12,22:54:29,Transfer,750.65,Mobile App,Successful,N/A,Gauteng
T000006188,A0001905,2026-07-27,18:13:13,Deposit,758.48,Mobile App,Successful,N/A,Western Cape
T000006189,A0002849,2022-09-24,17:16:47,Card Purchase,189.61,Branch,Successful,Telecoms,Gauteng
T000006190,A0001848,2025-02-17,06:11:29,Debit Order,542.08,Mobile App,Successful,N/A,Gauteng
T000006191,A0000149,2026-07-10,15:55:58,Transfer,2051.02,Internet Banking,Successful,N/A,Western Cape
T000006192,A0003088,2026-04-01,11:32:20,Transfer,1774.59,Mobile App,Successful,N/A,Gauteng
T000006193,A0002083,2025-11-08,21:49:46,Card Purchase,2624.12,Branch,Successful,Entertainment,Mpumalanga
T000006194,A0002805,2026-06-22,08:16:47,Transfer,1691.99,Mobile App,Successful,N/A,Gauteng
T000006195,A0002270,2026-05-31,22:00:52,Transfer,1229.69,Card,Successful,N/A,Eastern Cape
T000006196,A0003016,2025-08-06,20:55:32,Withdrawal,2716.91,ATM,Successful,N/A,Western Cape
T000006197,A0000880,2026-01-19,06:39:49,Withdrawal,1477.66,Card,Successful,N/A,Gauteng
T000006198,A0000028,2026-05-10,11:29:24,Transfer,1908.66,Mobile App,Successful,N/A,Gauteng
T000006199,A0002149,2024-05-30,10:08:27,Card Purchase,351.86,Branch,Successful,Education,KwaZulu-Natal
T000006200,A0001955,2026-05-23,22:55:01,Deposit,3175.64,POS,Successful,N/A,Gauteng
T000006201,A0001685,2026-05-26,22:50:07,Transfer,4822.64,Mobile App,Successful,N/A,Gauteng
T000006202,A0003071,2025-04-24,06:52:45,Bank Fee,210.11,POS,Successful,N/A,KwaZulu-Natal
T000006203,A0003060,2025-05-20,20:44:27,Payment,4550.77,ATM,Successful,Utilities,Western Cape
T000006204,A0003124,2026-06-22,15:37:14,Withdrawal,3621.54,Internet Banking,Successful,N/A,Mpumalanga
T000006205,A0003046,2025-05-12,21:38:17,Payment,522.74,Mobile App,Successful,Education,Gauteng
T000006206,A0002280,2025-03-26,08:25:24,Debit Order,475.14,Mobile App,Successful,N/A,Eastern Cape
T000006207,A0001450,2026-03-28,06:49:03,Payment,524.1,ATM,Successful,Travel,Eastern Cape
T000006208,A0000835,2026-07-18,06:36:17,Transfer,1269.64,Card,Successful,N/A,KwaZulu-Natal
T000006209,A0002636,2026-06-01,11:07:43,Deposit,1619.06,Mobile App,Successful,N/A,KwaZulu-Natal
T000006210,A0002965,2025-08-29,22:04:08,Payment,171.49,Card,Successful,Fuel,Gauteng
T000006211,A0001716,2025-09-16,11:14:26,Card Purchase,1605.45,Mobile App,Successful,Retail,Gauteng
T000006212,A0002272,2024-01-24,14:09:15,Card Purchase,766.24,Branch,Successful,Restaurants,Western Cape
T000006213,A0001166,2026-04-06,10:08:40,Card Purchase,4828.73,Card,Successful,Utilities,Gauteng
T000006214,A0001914,2026-06-05,09:22:43,Bank Fee,1161.74,Mobile App,Successful,N/A,Western Cape
T000006215,A0001335,2025-06-23,16:06:19,Transfer,2038.58,Card,Successful,N/A,Western Cape
T000006216,A0000224,2025-12-13,13:16:15,Debit Order,942.27,Card,Successful,N/A,North West
T000006217,A0000303,2025-12-21,11:25:52,Card Purchase,766.64,Internet Banking,Successful,Groceries,Gauteng
T000006218,A0003139,2026-06-21,19:56:00,Card Purchase,1182.45,ATM,Successful,Groceries,KwaZulu-Natal
T000006219,A0001478,2023-11-20,18:51:06,Debit Order,208.07,Mobile App,Successful,N/A,KwaZulu-Natal
T000006220,A0001563,2025-06-14,14:29:12,Deposit,4224.03,ATM,Failed,N/A,Gauteng
T000006221,A0001844,2026-07-15,10:36:51,Card Purchase,296.3,POS,Successful,Utilities,Gauteng
T000006222,A0000365,2026-06-07,20:01:41,Transfer,655.96,Mobile App,Successful,N/A,Eastern Cape
T000006223,A0000542,2026-07-04,10:51:15,Payment,190.49,Card,Successful,Utilities,Gauteng
T000006224,A0001514,2026-07-27,07:46:36,Card Purchase,835.77,Card,Successful,Other,KwaZulu-Natal
T000006225,A0001628,2025-01-18,13:53:41,Debit Order,205.03,Internet Banking,Successful,N/A,Western Cape
T000006226,A0001567,2026-06-20,10:53:47,Card Purchase,1088.43,Internet Banking,Successful,Utilities,KwaZulu-Natal
T000006227,A0001967,2026-04-08,09:00:56,Card Purchase,490.79,Mobile App,Failed,Retail,North West
T000006228,A0001095,2026-07-31,20:37:27,Transfer,720.06,Mobile App,Successful,N/A,Western Cape
T000006229,A0001157,2026-06-14,07:59:14,Card Purchase,492.99,Mobile App,Successful,Other,Western Cape
T000006230,A0001065,2025-07-24,06:41:16,Card Purchase,552.75,Mobile App,Successful,Fuel,Eastern Cape
T000006231,A0000405,2026-06-02,20:53:48,Card Purchase,376.45,Mobile App,Successful,Education,KwaZulu-Natal
T000006232,A0000438,2025-03-06,06:02:11,Payment,467.48,Card,Successful,Entertainment,Western Cape
T000006233,A0000630,2025-10-15,08:30:38,Debit Order,779.51,Mobile App,Successful,N/A,Western Cape
T000006234,A0001704,2026-01-28,06:01:32,Deposit,209.93,Mobile App,Successful,N/A,Eastern Cape
T000006235,A0000784,2026-07-14,20:00:25,Payment,539.2,POS,Successful,Groceries,Western Cape
T000006236,A0001907,2024-08-30,06:22:21,Card Purchase,406.92,POS,Failed,Travel,Limpopo
T000006237,A0000846,2026-04-30,11:16:33,Card Purchase,353.87,Internet Banking,Successful,Education,Western Cape
T000006238,A0001202,2026-06-25,07:48:20,Payment,1619.99,POS,Successful,Education,Limpopo
T000006239,A0001001,2025-12-28,21:58:17,Withdrawal,363.96,Card,Successful,N/A,Gauteng
T000006240,A0000804,2026-02-05,15:32:33,Withdrawal,395.24,Branch,Successful,N/A,Gauteng
T000006241,A0001082,2026-07-23,13:01:38,Withdrawal,673.98,Mobile App,Successful,N/A,Gauteng
T000006242,A0002094,2025-08-09,11:11:43,Card Purchase,628.05,POS,Successful,Groceries,KwaZulu-Natal
T000006243,A0002358,2026-07-24,13:37:00,Transfer,1064.4,POS,Successful,N/A,Gauteng
T000006244,A0001472,2026-07-21,14:54:33,Deposit,4379.3,POS,Successful,N/A,Gauteng
T000006245,A0000309,2026-02-21,17:21:13,Debit Order,2718.11,ATM,Successful,N/A,Western Cape
T000006246,A0001602,2025-02-02,17:04:06,Transfer,337.85,Card,Successful,N/A,Limpopo
T000006247,A0002133,2026-07-30,09:59:37,Debit Order,524.29,POS,Successful,N/A,KwaZulu-Natal
T000006248,A0001247,2026-07-30,14:49:23,Transfer,253.39,POS,Successful,N/A,Mpumalanga
T000006249,A0002102,2024-05-27,16:36:47,Payment,288.08,ATM,Successful,Utilities,North West
T000006250,A0002522,2026-03-18,22:14:37,Card Purchase,60.11,Mobile App,Successful,Travel,Gauteng
T000006251,A0002020,2025-08-18,21:52:14,Card Purchase,686.14,POS,Successful,Restaurants,Gauteng
T000006252,A0001989,2026-06-11,17:47:41,Transfer,235.0,ATM,Successful,N/A,KwaZulu-Natal
T000006253,A0001468,2026-04-18,20:23:55,Deposit,730.44,Mobile App,Successful,N/A,Gauteng
T000006254,A0003096,2026-07-30,08:39:55,Card Purchase,303.82,Card,Successful,Groceries,Free State
T000006255,A0000015,2024-04-20,13:38:24,Card Purchase,1165.81,Mobile App,Successful,Groceries,Northern Cape
T000006256,A0000975,2026-07-11,22:00:51,Card Purchase,2190.51,ATM,Successful,Groceries,KwaZulu-Natal
T000006257,A0001317,2025-12-30,18:36:58,Transfer,561.12,Card,Successful,N/A,Western Cape
T000006258,A0000923,2025-08-24,14:30:46,Transfer,359.49,Card,Successful,N/A,Gauteng
T000006259,A0001838,2026-07-30,12:35:57,Deposit,3770.9,Mobile App,Successful,N/A,Gauteng
T000006260,A0002124,2026-06-13,11:15:36,Transfer,455.83,Mobile App,Successful,N/A,Gauteng
T000006261,A0002168,2026-03-13,07:49:46,Card Purchase,736.36,Card,Successful,Other,Gauteng
T000006262,A0001673,2026-06-08,18:36:09,Card Purchase,939.48,Card,Successful,Groceries,Gauteng
T000006263,A0002514,2026-06-02,18:59:32,Deposit,19122.71,Mobile App,Successful,N/A,Western Cape
T000006264,A0001794,2026-06-20,15:40:10,Transfer,250.13,Card,Successful,N/A,Limpopo
T000006265,A0002641,2026-07-06,16:43:35,Withdrawal,425.06,Card,Successful,N/A,Mpumalanga
T000006266,A0000153,2026-07-24,12:05:30,Withdrawal,2245.35,Mobile App,Successful,N/A,Western Cape
T000006267,A0000301,2026-05-04,07:05:15,Deposit,2586.67,Mobile App,Successful,N/A,Western Cape
T000006268,A0000155,2026-04-18,19:37:50,Withdrawal,569.75,Card,Successful,N/A,KwaZulu-Natal
T000006269,A0000041,2025-11-04,11:03:01,Transfer,3686.44,Mobile App,Successful,N/A,Mpumalanga
T000006270,A0002329,2026-01-02,14:30:57,Deposit,2266.12,Card,Successful,N/A,Eastern Cape
T000006271,A0001060,2026-07-25,11:18:30,Card Purchase,939.3,Mobile App,Successful,Utilities,Limpopo
T000006272,A0001893,2026-04-03,14:03:29,Card Purchase,284.37,Card,Successful,Utilities,KwaZulu-Natal
T000006273,A0001332,2025-09-05,17:29:41,Card Purchase,1627.03,POS,Successful,Fuel,Limpopo
T000006274,A0000024,2026-03-31,16:54:49,Card Purchase,2881.69,Branch,Successful,Telecoms,Gauteng
T000006275,A0000784,2025-08-04,22:58:16,Deposit,940.54,Mobile App,Successful,N/A,Western Cape
T000006276,A0002062,2026-05-07,11:29:22,Card Purchase,1318.39,ATM,Successful,Telecoms,Gauteng
T000006277,A0001204,2026-06-01,06:51:19,Payment,667.41,Mobile App,Successful,Groceries,North West
T000006278,A0002679,2024-05-25,10:39:47,Debit Order,652.44,Card,Successful,N/A,Limpopo
T000006279,A0000338,2026-06-01,13:48:27,Transfer,384.65,Card,Successful,N/A,Gauteng
T000006280,A0001374,2026-06-11,06:12:52,Debit Order,1557.68,Mobile App,Successful,N/A,Gauteng
T000006281,A0001224,2026-06-18,09:32:16,Transfer,460.69,Mobile App,Successful,N/A,Eastern Cape
T000006282,A0000181,2026-07-21,09:37:42,Withdrawal,842.72,Internet Banking,Successful,N/A,Gauteng
T000006283,A0002903,2026-01-29,11:55:54,Card Purchase,424.78,Internet Banking,Successful,Fuel,Limpopo
T000006284,A0001391,2026-07-19,13:56:57,Card Purchase,238.66,Card,Successful,Travel,Western Cape
T000006285,A0003098,2026-02-14,15:05:08,Card Purchase,186.62,Branch,Successful,Retail,Gauteng
T000006286,A0000228,2026-07-28,07:28:08,Bank Fee,1949.45,Card,Successful,N/A,Mpumalanga
T000006287,A0002136,2025-12-15,22:50:46,Interest,97.46,Internet Banking,Successful,N/A,KwaZulu-Natal
T000006288,A0002364,2026-07-12,06:35:02,Payment,1114.21,Card,Successful,Fuel,Gauteng
T000006289,A0002214,2026-06-11,17:40:34,Card Purchase,1142.91,Mobile App,Successful,Other,Western Cape
T000006290,A0000843,2026-01-22,08:12:07,Payment,7755.16,Card,Successful,Groceries,KwaZulu-Natal
T000006291,A0002435,2026-07-06,09:54:40,Card Purchase,482.79,Internet Banking,Successful,Education,Gauteng
T000006292,A0002765,2026-06-29,20:11:31,Deposit,1412.43,POS,Successful,N/A,Western Cape
T000006293,A0000871,2024-10-10,18:45:13,Card Purchase,925.41,ATM,Successful,Utilities,KwaZulu-Natal
T000006294,A0000854,2025-02-22,12:06:47,Withdrawal,442.72,POS,Successful,N/A,Gauteng
T000006295,A0002383,2024-10-26,22:52:01,Card Purchase,2072.73,POS,Successful,Fuel,Gauteng
T000006296,A0001229,2026-01-21,13:47:28,Transfer,62.49,Mobile App,Successful,N/A,Limpopo
T000006297,A0001680,2026-07-03,22:39:53,Transfer,307.67,POS,Successful,N/A,KwaZulu-Natal
T000006298,A0002751,2025-08-07,13:53:22,Transfer,245.21,ATM,Successful,N/A,Gauteng
T000006299,A0001482,2025-07-31,09:15:48,Transfer,2576.87,Branch,Successful,N/A,Gauteng
T000006300,A0000726,2026-07-26,14:18:51,Payment,449.88,Mobile App,Successful,Entertainment,Limpopo
T000006301,A0002046,2026-04-13,12:50:13,Deposit,1376.22,ATM,Successful,N/A,Gauteng
T000006302,A0001674,2026-03-27,12:49:51,Deposit,2018.59,Card,Successful,N/A,Mpumalanga
T000006303,A0000263,2026-07-25,14:05:20,Interest,855.12,Mobile App,Successful,N/A,Mpumalanga
T000006304,A0002077,2026-05-17,20:16:45,Transfer,1841.91,Card,Successful,N/A,Eastern Cape
T000006305,A0003170,2025-09-09,19:05:15,Card Purchase,504.51,Mobile App,Successful,Healthcare,Mpumalanga
T000006306,A0001417,2026-07-24,07:52:53,Card Purchase,375.56,POS,Successful,Travel,Western Cape
T000006307,A0001755,2025-07-22,08:51:57,Card Purchase,266.11,Card,Successful,Retail,Gauteng
T000006308,A0001156,2026-07-31,22:17:29,Transfer,192.42,Mobile App,Successful,N/A,Limpopo
T000006309,A0001925,2026-07-27,20:20:56,Withdrawal,516.9,Mobile App,Successful,N/A,KwaZulu-Natal
T000006310,A0001589,2026-02-16,21:52:35,Transfer,221.95,POS,Successful,N/A,Gauteng
T000006311,A0002376,2026-07-30,20:19:33,Deposit,330.13,POS,Successful,N/A,Gauteng
T000006312,A0001862,2026-03-13,19:53:57,Debit Order,157.81,Internet Banking,Successful,N/A,Gauteng
T000006313,A0001691,2025-12-27,14:49:15,Bank Fee,341.16,Internet Banking,Successful,N/A,Gauteng
T000006314,A0002762,2026-07-25,14:04:37,Card Purchase,1136.88,Card,Successful,Groceries,Gauteng
T000006315,A0001469,2026-03-28,17:34:31,Deposit,4414.35,Card,Successful,N/A,Western Cape
T000006316,A0002060,2026-06-01,07:42:21,Card Purchase,1873.83,ATM,Successful,Telecoms,KwaZulu-Natal
T000006317,A0001965,2026-04-21,16:00:30,Transfer,1951.76,Mobile App,Successful,N/A,Western Cape
T000006318,A0001093,2026-06-04,13:30:20,Payment,1569.28,POS,Successful,Fuel,KwaZulu-Natal
T000006319,A0002254,2026-07-11,14:42:20,Card Purchase,170.01,POS,Successful,Travel,Western Cape
T000006320,A0002668,2026-07-14,09:47:53,Payment,146.44,ATM,Successful,Telecoms,KwaZulu-Natal
T000006321,A0001348,2026-03-21,09:53:17,Deposit,685.15,Mobile App,Successful,N/A,Eastern Cape
T000006322,A0002759,2026-07-26,17:10:11,Withdrawal,790.59,ATM,Successful,N/A,Gauteng
T000006323,A0002461,2026-07-28,12:34:29,Card Purchase,849.92,POS,Successful,Retail,Mpumalanga
T000006324,A0000605,2026-04-27,22:12:16,Transfer,317.85,POS,Successful,N/A,Gauteng
T000006325,A0000116,2026-04-09,13:41:43,Transfer,328.66,Mobile App,Successful,N/A,KwaZulu-Natal
T000006326,A0002618,2026-05-27,14:05:21,Payment,1329.75,Card,Successful,Entertainment,KwaZulu-Natal
T000006327,A0001792,2025-03-29,16:57:02,Transfer,773.32,ATM,Successful,N/A,Limpopo
T000006328,A0000006,2025-10-06,10:21:39,Card Purchase,907.59,ATM,Successful,Entertainment,Gauteng
T000006329,A0000820,2026-04-04,17:25:25,Interest,2579.47,ATM,Successful,N/A,Western Cape
T000006330,A0000326,2026-01-29,18:30:53,Card Purchase,674.25,Card,Successful,Telecoms,KwaZulu-Natal
T000006331,A0001381,2025-07-26,07:58:30,Card Purchase,395.65,ATM,Successful,Retail,Gauteng
T000006332,A0002974,2026-07-30,19:54:23,Payment,206.0,Branch,Successful,Other,Free State
T000006333,A0000137,2026-02-10,14:27:37,Withdrawal,1378.5,Mobile App,Successful,N/A,Mpumalanga
T000006334,A0002342,2026-06-18,20:20:45,Withdrawal,876.05,Mobile App,Successful,N/A,Western Cape
T000006335,A0000030,2026-07-23,19:16:12,Card Purchase,1106.04,ATM,Successful,Entertainment,North West
T000006336,A0000519,2024-06-13,16:15:00,Card Purchase,802.65,Mobile App,Successful,Fuel,KwaZulu-Natal
T000006337,A0003041,2026-06-29,11:49:28,Payment,421.47,Mobile App,Failed,Groceries,Gauteng
T000006338,A0001191,2026-07-27,14:53:33,Card Purchase,335.7,Card,Successful,Other,Gauteng
T000006339,A0001889,2026-07-28,21:06:23,Debit Order,1319.75,ATM,Successful,N/A,Gauteng
T000006340,A0000803,2024-03-25,20:12:01,Transfer,250.46,Internet Banking,Successful,N/A,Gauteng
T000006341,A0000619,2026-01-27,07:29:35,Debit Order,484.42,Mobile App,Successful,N/A,KwaZulu-Natal
T000006342,A0003080,2025-11-04,16:02:29,Bank Fee,3258.34,Card,Successful,N/A,Gauteng
T000006343,A0002653,2026-01-03,15:41:07,Card Purchase,1365.95,Card,Successful,Travel,Eastern Cape
T000006344,A0002923,2026-07-08,11:55:17,Debit Order,551.99,POS,Successful,N/A,Western Cape
T000006345,A0000180,2025-10-04,11:57:00,Bank Fee,1415.6,ATM,Successful,N/A,KwaZulu-Natal
T000006346,A0001803,2025-04-20,20:11:19,Transfer,479.16,Mobile App,Successful,N/A,KwaZulu-Natal
T000006347,A0001773,2025-11-26,14:16:57,Debit Order,3990.86,ATM,Successful,N/A,Western Cape
T000006348,A0000392,2026-06-19,11:57:13,Deposit,3503.09,ATM,Successful,N/A,Free State
T000006349,A0002739,2026-03-06,06:18:25,Withdrawal,1518.08,Card,Successful,N/A,Gauteng
T000006350,A0000399,2026-07-30,17:16:25,Interest,465.5,Mobile App,Successful,N/A,Western Cape
T000006351,A0002764,2026-06-22,18:10:55,Interest,628.53,Mobile App,Successful,N/A,Free State
T000006352,A0000670,2026-06-22,13:04:01,Deposit,1323.0,Branch,Successful,N/A,Gauteng
T000006353,A0001452,2026-05-05,19:48:38,Transfer,1368.73,ATM,Successful,N/A,Free State
T000006354,A0002548,2026-05-25,21:12:56,Card Purchase,2477.22,Mobile App,Successful,Entertainment,Gauteng
T000006355,A0001228,2026-02-07,14:32:24,Card Purchase,540.46,Card,Successful,Fuel,Mpumalanga
T000006356,A0003126,2026-05-06,22:21:23,Payment,323.46,Mobile App,Successful,Telecoms,Gauteng
T000006357,A0000348,2026-04-17,19:09:46,Bank Fee,278.92,Mobile App,Successful,N/A,KwaZulu-Natal
T000006358,A0002571,2026-07-23,13:28:11,Payment,3934.14,Card,Successful,Utilities,Western Cape
T000006359,A0002715,2026-05-05,14:21:28,Card Purchase,718.01,Branch,Successful,Telecoms,Eastern Cape
T000006360,A0000946,2026-05-02,21:01:53,Withdrawal,122.65,Branch,Successful,N/A,Gauteng
T000006361,A0001048,2025-12-20,11:27:09,Deposit,7743.03,Card,Successful,N/A,Limpopo
T000006362,A0001360,2025-06-25,12:34:31,Interest,1157.13,ATM,Successful,N/A,Eastern Cape
T000006363,A0001538,2026-03-28,12:14:40,Bank Fee,3497.49,Mobile App,Successful,N/A,Limpopo
T000006364,A0003155,2024-03-22,12:41:46,Withdrawal,1679.45,POS,Successful,N/A,KwaZulu-Natal
T000006365,A0000650,2026-01-20,16:04:03,Payment,2398.77,POS,Successful,Restaurants,Western Cape
T000006366,A0000302,2026-04-06,09:03:06,Transfer,49.38,Mobile App,Successful,N/A,Western Cape
T000006367,A0001457,2026-04-17,20:08:41,Transfer,899.77,Card,Successful,N/A,Free State
T000006368,A0002243,2026-07-27,09:37:54,Debit Order,134.51,Card,Successful,N/A,Western Cape
T000006369,A0001841,2025-12-26,13:00:08,Debit Order,485.35,Card,Successful,N/A,KwaZulu-Natal
T000006370,A0000182,2025-02-26,07:10:18,Deposit,2767.31,ATM,Successful,N/A,Western Cape
T000006371,A0001588,2026-07-15,20:39:27,Debit Order,1260.74,ATM,Successful,N/A,North West
T000006372,A0002766,2026-07-22,12:33:26,Card Purchase,1766.77,Internet Banking,Successful,Fuel,Gauteng
T000006373,A0000913,2026-04-29,21:31:00,Withdrawal,108.48,Branch,Successful,N/A,KwaZulu-Natal
T000006374,A0001207,2026-05-28,20:00:05,Withdrawal,393.64,Card,Successful,N/A,KwaZulu-Natal
T000006375,A0000844,2025-07-05,20:39:42,Debit Order,472.8,POS,Successful,N/A,Mpumalanga
T000006376,A0001699,2026-03-21,16:58:33,Card Purchase,601.93,Mobile App,Successful,Education,Western Cape
T000006377,A0002922,2026-06-04,13:19:43,Card Purchase,1844.66,ATM,Successful,Utilities,Western Cape
T000006378,A0001898,2025-12-17,15:26:18,Withdrawal,447.24,ATM,Successful,N/A,Gauteng
T000006379,A0001991,2026-04-17,13:28:10,Bank Fee,392.71,Mobile App,Successful,N/A,KwaZulu-Natal
T000006380,A0001247,2026-07-31,09:38:58,Card Purchase,331.04,Card,Successful,Groceries,Mpumalanga
T000006381,A0000362,2026-07-29,09:04:59,Card Purchase,600.41,Card,Successful,Healthcare,Gauteng
T000006382,A0001298,2026-07-24,22:52:15,Card Purchase,359.3,Card,Successful,Fuel,Mpumalanga
T000006383,A0000194,2026-06-04,13:52:51,Payment,678.34,Internet Banking,Successful,Utilities,North West
T000006384,A0000219,2025-12-13,07:34:50,Card Purchase,1189.28,Card,Successful,Utilities,Limpopo
T000006385,A0003155,2024-02-09,09:36:25,Withdrawal,1311.45,Card,Successful,N/A,KwaZulu-Natal
T000006386,A0002838,2026-04-18,21:48:38,Withdrawal,869.22,Internet Banking,Successful,N/A,Gauteng
T000006387,A0002527,2026-04-18,07:17:00,Card Purchase,310.57,Branch,Successful,Healthcare,Gauteng
T000006388,A0002281,2026-07-09,13:47:02,Interest,1525.08,Internet Banking,Successful,N/A,Mpumalanga
T000006389,A0002612,2025-05-04,07:05:07,Card Purchase,407.61,ATM,Successful,Retail,Limpopo
T000006390,A0002963,2026-03-21,08:04:17,Transfer,476.41,Mobile App,Successful,N/A,KwaZulu-Natal
T000006391,A0001359,2026-06-21,07:02:29,Deposit,1782.18,Mobile App,Successful,N/A,Gauteng
T000006392,A0001353,2026-06-11,18:20:13,Transfer,377.19,POS,Successful,N/A,Mpumalanga
T000006393,A0002554,2025-10-29,12:42:32,Card Purchase,645.11,ATM,Successful,Healthcare,Gauteng
T000006394,A0001064,2026-07-17,12:35:57,Transfer,479.56,ATM,Failed,N/A,Western Cape
T000006395,A0001085,2024-01-27,12:52:02,Card Purchase,1024.25,Mobile App,Successful,Retail,Western Cape
T000006396,A0002126,2025-02-23,20:57:54,Payment,3657.29,Mobile App,Successful,Groceries,Eastern Cape
T000006397,A0001524,2025-09-17,22:19:36,Deposit,13990.73,Mobile App,Successful,N/A,Western Cape
T000006398,A0002874,2026-04-08,18:02:20,Payment,1452.25,Mobile App,Successful,Entertainment,Gauteng
T000006399,A0002833,2026-07-21,21:11:19,Withdrawal,897.59,POS,Successful,N/A,KwaZulu-Natal
T000006400,A0003149,2026-07-25,20:36:40,Deposit,1418.07,Mobile App,Successful,N/A,KwaZulu-Natal
T000006401,A0001651,2024-06-14,08:34:06,Transfer,2454.58,Mobile App,Successful,N/A,KwaZulu-Natal
T000006402,A0001982,2026-05-25,15:33:04,Interest,1272.88,Card,Successful,N/A,Limpopo
T000006403,A0001716,2026-07-23,19:56:36,Debit Order,358.85,ATM,Successful,N/A,Gauteng
T000006404,A0002696,2025-02-14,15:18:14,Transfer,968.75,Mobile App,Successful,N/A,KwaZulu-Natal
T000006405,A0001850,2026-02-22,22:42:11,Card Purchase,514.1,Mobile App,Successful,Retail,Western Cape
T000006406,A0001265,2026-06-03,16:25:08,Card Purchase,1489.95,Internet Banking,Failed,Retail,Gauteng
T000006407,A0001525,2026-03-28,07:43:27,Transfer,267.86,ATM,Successful,N/A,Limpopo
T000006408,A0002552,2025-09-22,21:39:59,Bank Fee,221.96,Mobile App,Successful,N/A,Gauteng
T000006409,A0000116,2025-11-15,11:11:20,Card Purchase,256.33,ATM,Successful,Groceries,KwaZulu-Natal
T000006410,A0002120,2026-02-27,18:27:21,Deposit,1966.83,Branch,Successful,N/A,Gauteng
T000006411,A0001709,2026-06-28,21:23:30,Interest,5187.32,Mobile App,Successful,N/A,Western Cape
T000006412,A0001686,2026-07-24,21:06:47,Payment,634.04,Mobile App,Successful,Restaurants,North West
T000006413,A0000721,2023-06-17,09:13:32,Payment,1276.64,ATM,Successful,Utilities,Eastern Cape
T000006414,A0000348,2026-05-19,22:54:55,Debit Order,234.97,Branch,Successful,N/A,KwaZulu-Natal
T000006415,A0003173,2023-01-03,14:52:52,Card Purchase,1137.85,Card,Successful,Restaurants,Western Cape
T000006416,A0000191,2026-01-19,16:36:02,Card Purchase,38.78,ATM,Successful,Utilities,Western Cape
T000006417,A0000790,2024-04-09,07:37:00,Bank Fee,1131.94,ATM,Successful,N/A,Limpopo
T000006418,A0000825,2026-06-21,12:26:57,Withdrawal,1251.49,Mobile App,Successful,N/A,Western Cape
T000006419,A0001083,2026-01-16,11:02:32,Debit Order,3594.86,Card,Successful,N/A,Western Cape
T000006420,A0002278,2026-05-27,08:12:21,Transfer,3572.12,POS,Successful,N/A,Gauteng
T000006421,A0002636,2026-07-12,17:50:22,Bank Fee,146.34,POS,Successful,N/A,KwaZulu-Natal
T000006422,A0000639,2026-06-14,16:28:08,Card Purchase,177.11,Card,Successful,Healthcare,Gauteng
T000006423,A0002945,2025-09-15,11:32:04,Interest,645.68,Mobile App,Successful,N/A,Western Cape
T000006424,A0000167,2026-05-22,21:47:02,Transfer,221.87,Card,Successful,N/A,Gauteng
T000006425,A0000340,2026-06-14,17:06:32,Withdrawal,513.0,Card,Successful,N/A,North West
T000006426,A0000776,2026-07-18,13:14:56,Card Purchase,245.73,Branch,Successful,Utilities,Gauteng
T000006427,A0003103,2025-11-25,08:38:18,Deposit,2107.96,POS,Successful,N/A,Eastern Cape
T000006428,A0002916,2024-05-16,19:31:32,Bank Fee,868.35,POS,Successful,N/A,Gauteng
T000006429,A0002794,2025-06-16,17:03:10,Debit Order,651.47,POS,Successful,N/A,KwaZulu-Natal
T000006430,A0002254,2025-02-13,22:40:22,Transfer,1629.42,POS,Successful,N/A,Western Cape
T000006431,A0001807,2026-05-26,16:01:50,Debit Order,599.66,Internet Banking,Successful,N/A,Western Cape
T000006432,A0000674,2026-04-07,22:16:22,Card Purchase,1604.19,Branch,Successful,Restaurants,Gauteng
T000006433,A0001572,2026-06-01,10:57:35,Card Purchase,1699.16,Card,Successful,Entertainment,Free State
T000006434,A0003123,2025-06-01,09:23:49,Payment,1175.41,POS,Successful,Other,Western Cape
T000006435,A0001958,2024-11-04,09:02:11,Payment,2348.04,Internet Banking,Successful,Telecoms,Gauteng
T000006436,A0000458,2024-12-15,21:41:39,Card Purchase,252.28,ATM,Successful,Utilities,Gauteng
T000006437,A0002204,2026-07-24,19:02:59,Deposit,1753.71,Mobile App,Successful,N/A,KwaZulu-Natal
T000006438,A0000536,2026-02-05,19:51:59,Payment,708.17,Card,Successful,Groceries,KwaZulu-Natal
T000006439,A0001489,2026-06-15,19:27:04,Card Purchase,1737.31,Internet Banking,Successful,Retail,Western Cape
T000006440,A0000876,2026-06-06,08:15:30,Transfer,148.86,POS,Successful,N/A,Western Cape
T000006441,A0001924,2026-05-26,10:07:26,Withdrawal,1046.08,Branch,Successful,N/A,Mpumalanga
T000006442,A0001710,2026-01-30,17:27:10,Card Purchase,408.53,POS,Successful,Retail,Mpumalanga
T000006443,A0001304,2026-06-25,16:31:58,Interest,220.87,ATM,Successful,N/A,Eastern Cape
T000006444,A0000376,2026-04-26,15:04:32,Deposit,1945.21,Card,Successful,N/A,KwaZulu-Natal
T000006445,A0000320,2026-04-11,18:24:16,Card Purchase,258.08,Card,Successful,Groceries,Mpumalanga
T000006446,A0000334,2026-07-26,12:50:29,Debit Order,574.81,Internet Banking,Successful,N/A,Eastern Cape
T000006447,A0003081,2026-05-31,08:01:37,Transfer,1156.78,Mobile App,Successful,N/A,Gauteng
T000006448,A0001701,2026-07-05,15:21:42,Transfer,1381.21,Mobile App,Successful,N/A,KwaZulu-Natal
T000006449,A0001682,2026-07-23,08:26:28,Deposit,1248.3,Card,Successful,N/A,Gauteng
T000006450,A0002411,2024-08-09,10:29:31,Card Purchase,1464.49,Card,Successful,Restaurants,Gauteng
T000006451,A0000453,2026-07-04,17:21:45,Interest,1758.26,Mobile App,Successful,N/A,Western Cape
T000006452,A0002142,2026-07-28,11:06:23,Transfer,1064.48,Branch,Successful,N/A,KwaZulu-Natal
T000006453,A0000022,2026-06-26,22:12:22,Card Purchase,683.38,Mobile App,Successful,Groceries,KwaZulu-Natal
T000006454,A0003191,2026-07-30,22:56:36,Payment,255.53,Mobile App,Successful,Utilities,KwaZulu-Natal
T000006455,A0001812,2025-08-30,21:30:47,Card Purchase,632.2,Mobile App,Failed,Fuel,Gauteng
T000006456,A0000804,2023-06-27,10:14:44,Debit Order,1070.88,ATM,Successful,N/A,Gauteng
T000006457,A0000893,2025-10-17,13:11:08,Deposit,3457.53,Internet Banking,Successful,N/A,Gauteng
T000006458,A0001143,2024-09-01,11:35:49,Withdrawal,882.32,POS,Successful,N/A,Western Cape
T000006459,A0000214,2025-08-21,21:15:30,Debit Order,268.31,ATM,Successful,N/A,KwaZulu-Natal
T000006460,A0001986,2026-07-20,06:49:49,Payment,195.77,ATM,Successful,Education,Western Cape
T000006461,A0000786,2026-07-12,12:19:50,Withdrawal,1092.83,Card,Successful,N/A,Gauteng
T000006462,A0002629,2025-12-19,11:49:49,Withdrawal,5758.69,Mobile App,Successful,N/A,Free State
T000006463,A0001126,2026-01-03,15:33:23,Transfer,1445.88,POS,Successful,N/A,Eastern Cape
T000006464,A0001871,2026-04-17,13:29:20,Transfer,1329.31,Card,Successful,N/A,Gauteng
T000006465,A0001691,2026-07-20,07:20:07,Transfer,1054.25,Card,Successful,N/A,Gauteng
T000006466,A0002363,2026-04-26,12:51:44,Debit Order,288.66,POS,Successful,N/A,Gauteng
T000006467,A0001963,2026-04-28,08:04:29,Debit Order,297.04,Mobile App,Successful,N/A,Gauteng
T000006468,A0002033,2025-01-22,06:47:35,Payment,769.29,ATM,Successful,Healthcare,Gauteng
T000006469,A0003008,2026-07-16,17:32:15,Transfer,2689.15,Card,Successful,N/A,Mpumalanga
T000006470,A0002401,2026-07-20,07:00:28,Card Purchase,1191.15,Internet Banking,Successful,Groceries,Free State
T000006471,A0002743,2026-07-24,11:53:28,Debit Order,2227.85,Branch,Successful,N/A,Western Cape
T000006472,A0001568,2025-05-17,07:07:15,Transfer,373.57,POS,Successful,N/A,North West
T000006473,A0001186,2025-11-25,10:43:45,Payment,685.34,Card,Successful,Healthcare,Western Cape
T000006474,A0000653,2026-04-27,17:44:24,Transfer,960.29,Internet Banking,Successful,N/A,Western Cape
T000006475,A0002763,2026-03-19,17:54:51,Withdrawal,700.07,Card,Successful,N/A,North West
T000006476,A0000315,2024-09-24,20:44:46,Withdrawal,140.99,Internet Banking,Successful,N/A,KwaZulu-Natal
T000006477,A0002340,2026-07-28,10:08:25,Card Purchase,139.86,POS,Successful,Healthcare,Gauteng
T000006478,A0000941,2026-05-05,14:38:24,Deposit,1105.66,Mobile App,Successful,N/A,KwaZulu-Natal
T000006479,A0000127,2026-07-25,08:48:34,Card Purchase,1286.57,ATM,Successful,Fuel,Gauteng
T000006480,A0002789,2025-10-26,17:56:23,Debit Order,1265.33,POS,Successful,N/A,KwaZulu-Natal
T000006481,A0000763,2026-07-08,16:22:40,Transfer,183.41,Card,Successful,N/A,Gauteng
T000006482,A0003067,2026-07-31,07:47:10,Payment,1203.99,Branch,Successful,Other,Gauteng
T000006483,A0001962,2026-05-17,06:23:24,Bank Fee,99.93,ATM,Successful,N/A,Gauteng
T000006484,A0000504,2025-05-06,15:11:57,Card Purchase,159.66,Card,Successful,Education,Eastern Cape
T000006485,A0002076,2025-12-04,06:30:01,Payment,2635.65,Branch,Successful,Restaurants,KwaZulu-Natal
T000006486,A0002480,2025-03-30,14:07:09,Transfer,584.41,Card,Successful,N/A,Gauteng
T000006487,A0001463,2024-12-17,12:44:43,Card Purchase,608.75,Mobile App,Successful,Restaurants,Free State
T000006488,A0000005,2026-07-06,19:50:49,Card Purchase,891.29,Mobile App,Successful,Other,Gauteng
T000006489,A0000350,2026-07-06,08:37:15,Transfer,1010.55,Internet Banking,Successful,N/A,Gauteng
T000006490,A0000314,2025-01-28,21:52:17,Card Purchase,676.89,POS,Successful,Retail,Gauteng
T000006491,A0002974,2026-07-30,13:59:08,Bank Fee,367.57,Card,Successful,N/A,Free State
T000006492,A0002970,2024-02-28,13:14:20,Interest,69.64,Mobile App,Successful,N/A,Limpopo
T000006493,A0000431,2026-05-01,21:56:30,Card Purchase,735.7,ATM,Successful,Other,Gauteng
T000006494,A0002137,2025-10-25,15:09:50,Card Purchase,1816.34,ATM,Successful,Retail,Free State
T000006495,A0002137,2024-03-31,20:08:08,Deposit,2099.15,Card,Successful,N/A,Free State
T000006496,A0001317,2026-03-26,15:46:47,Bank Fee,905.18,Card,Successful,N/A,Western Cape
T000006497,A0003041,2026-07-27,20:29:41,Card Purchase,90.27,Mobile App,Successful,Telecoms,Gauteng
T000006498,A0003115,2026-07-31,06:26:00,Card Purchase,1139.05,Mobile App,Successful,Utilities,Western Cape
T000006499,A0000620,2024-02-02,19:34:34,Transfer,789.3,POS,Successful,N/A,Western Cape
T000006500,A0003200,2025-08-25,16:14:34,Interest,645.63,POS,Successful,N/A,KwaZulu-Natal
T000006501,A0001794,2024-06-28,11:24:41,Transfer,191.22,Mobile App,Successful,N/A,Limpopo
T000006502,A0000932,2026-07-31,12:41:04,Withdrawal,269.43,Mobile App,Successful,N/A,Gauteng
T000006503,A0000433,2026-03-11,06:56:08,Transfer,1024.45,Mobile App,Successful,N/A,Western Cape
T000006504,A0001077,2025-04-22,20:29:58,Transfer,1054.76,Card,Successful,N/A,KwaZulu-Natal
T000006505,A0000978,2026-07-26,06:36:45,Withdrawal,1277.94,Branch,Successful,N/A,Limpopo
T000006506,A0001992,2026-06-01,18:39:18,Payment,1481.04,Card,Successful,Fuel,Gauteng
T000006507,A0003005,2026-07-22,13:23:12,Debit Order,325.5,Card,Successful,N/A,Free State
T000006508,A0000920,2026-07-06,20:33:38,Card Purchase,1469.7,POS,Successful,Healthcare,Western Cape
T000006509,A0001839,2026-07-30,06:45:37,Card Purchase,285.54,Card,Successful,Utilities,Gauteng
T000006510,A0000503,2026-06-22,11:00:39,Deposit,6954.19,Card,Successful,N/A,Eastern Cape
T000006511,A0000823,2026-07-27,18:06:24,Card Purchase,342.32,Internet Banking,Successful,Healthcare,Western Cape
T000006512,A0001033,2026-03-09,08:51:09,Transfer,631.04,Card,Successful,N/A,Eastern Cape
T000006513,A0000684,2026-07-08,12:49:13,Payment,470.86,Card,Successful,Healthcare,Gauteng
T000006514,A0002651,2026-07-18,19:44:16,Payment,2455.39,Mobile App,Successful,Fuel,Gauteng
T000006515,A0001543,2025-12-28,14:32:40,Debit Order,186.32,Mobile App,Successful,N/A,Gauteng
T000006516,A0002529,2026-07-28,06:37:14,Transfer,234.77,POS,Successful,N/A,KwaZulu-Natal
T000006517,A0000823,2026-05-19,19:00:30,Transfer,1630.28,POS,Successful,N/A,Western Cape
T000006518,A0000743,2026-04-22,18:11:50,Withdrawal,789.69,Card,Successful,N/A,North West
T000006519,A0002225,2023-04-12,14:55:09,Card Purchase,3191.24,ATM,Successful,Travel,KwaZulu-Natal
T000006520,A0000486,2026-06-16,08:14:09,Debit Order,1353.16,Card,Successful,N/A,Gauteng
T000006521,A0001450,2025-07-11,17:32:05,Transfer,176.98,POS,Successful,N/A,Eastern Cape
T000006522,A0002857,2026-07-19,10:09:01,Deposit,15942.67,Card,Successful,N/A,Western Cape
T000006523,A0001946,2026-03-27,16:18:21,Card Purchase,1680.55,Internet Banking,Successful,Restaurants,Free State
T000006524,A0000374,2026-05-06,18:27:36,Card Purchase,235.35,Mobile App,Successful,Education,Gauteng
T000006525,A0001842,2026-01-12,22:26:56,Card Purchase,339.0,Card,Successful,Healthcare,KwaZulu-Natal
T000006526,A0001984,2026-05-05,18:10:25,Debit Order,207.55,Mobile App,Successful,N/A,Gauteng
T000006527,A0000984,2026-07-02,18:36:23,Transfer,919.58,POS,Successful,N/A,KwaZulu-Natal
T000006528,A0002208,2026-03-22,22:33:11,Card Purchase,316.96,ATM,Successful,Other,Eastern Cape
T000006529,A0001142,2026-06-26,09:47:08,Card Purchase,1449.59,Card,Successful,Retail,Gauteng
T000006530,A0000369,2026-04-08,17:57:43,Card Purchase,618.26,POS,Successful,Groceries,Gauteng
T000006531,A0000952,2025-09-10,12:45:37,Debit Order,608.27,Internet Banking,Successful,N/A,KwaZulu-Natal
T000006532,A0000135,2023-11-24,06:10:49,Debit Order,812.51,POS,Successful,N/A,Free State
T000006533,A0003164,2026-03-17,15:03:30,Payment,496.36,POS,Successful,Travel,Western Cape
T000006534,A0001173,2024-02-14,15:37:04,Debit Order,216.64,Mobile App,Successful,N/A,Limpopo
T000006535,A0001745,2026-07-19,09:27:29,Card Purchase,678.87,Mobile App,Successful,Other,Gauteng
T000006536,A0000765,2026-07-19,11:58:15,Deposit,586.44,Internet Banking,Successful,N/A,KwaZulu-Natal
T000006537,A0002530,2025-06-27,08:38:06,Transfer,252.88,Branch,Successful,N/A,Gauteng
T000006538,A0002215,2025-12-15,07:17:39,Transfer,1366.94,POS,Successful,N/A,Gauteng
T000006539,A0001057,2026-03-10,07:30:16,Card Purchase,702.29,Card,Successful,Telecoms,Gauteng
T000006540,A0002012,2026-07-10,16:01:27,Card Purchase,350.06,Mobile App,Successful,Telecoms,Western Cape
T000006541,A0002381,2023-12-05,18:58:53,Debit Order,1740.04,ATM,Successful,N/A,KwaZulu-Natal
T000006542,A0002264,2026-04-20,10:08:55,Card Purchase,804.87,POS,Successful,Utilities,Gauteng
T000006543,A0000355,2025-04-29,20:27:31,Card Purchase,778.43,ATM,Successful,Healthcare,Western Cape
T000006544,A0001574,2026-07-27,16:42:39,Transfer,3460.89,ATM,Successful,N/A,KwaZulu-Natal
T000006545,A0001595,2026-03-26,21:33:13,Debit Order,1100.74,Mobile App,Successful,N/A,Mpumalanga
T000006546,A0000571,2026-04-04,17:45:56,Transfer,1323.99,Card,Successful,N/A,Mpumalanga
T000006547,A0002090,2026-07-28,13:42:11,Card Purchase,948.5,Card,Successful,Travel,Western Cape
T000006548,A0002136,2026-03-02,11:47:46,Card Purchase,440.82,POS,Successful,Travel,KwaZulu-Natal
T000006549,A0001519,2024-06-08,17:43:34,Card Purchase,608.06,Branch,Successful,Other,Western Cape
T000006550,A0002761,2026-07-16,20:07:10,Debit Order,1231.33,ATM,Successful,N/A,Gauteng
T000006551,A0001992,2024-09-25,15:37:38,Withdrawal,118.81,ATM,Successful,N/A,Gauteng
T000006552,A0000290,2026-07-20,10:09:06,Bank Fee,4035.04,Mobile App,Successful,N/A,Gauteng
T000006553,A0000731,2026-03-28,11:37:40,Card Purchase,561.9,Mobile App,Failed,Fuel,Western Cape
T000006554,A0001193,2025-12-02,07:42:51,Transfer,1501.65,Card,Successful,N/A,Gauteng
T000006555,A0002891,2026-06-24,12:24:06,Deposit,968.52,Card,Successful,N/A,Western Cape
T000006556,A0000870,2026-07-31,15:49:55,Transfer,2639.07,Internet Banking,Successful,N/A,KwaZulu-Natal
T000006557,A0002458,2025-07-31,22:57:58,Debit Order,266.47,POS,Successful,N/A,Western Cape
T000006558,A0000625,2026-04-10,09:51:24,Card Purchase,360.16,Mobile App,Successful,Telecoms,Western Cape
T000006559,A0000836,2025-04-14,16:56:52,Transfer,599.24,Card,Successful,N/A,Gauteng
T000006560,A0002522,2025-06-24,07:09:54,Card Purchase,508.52,Mobile App,Successful,Other,Gauteng
T000006561,A0003195,2026-06-24,06:01:24,Card Purchase,425.25,POS,Successful,Retail,Limpopo
T000006562,A0002648,2026-07-29,22:16:23,Card Purchase,285.59,ATM,Successful,Utilities,Western Cape
T000006563,A0002200,2025-05-13,08:02:26,Card Purchase,1279.3,Internet Banking,Successful,Groceries,Free State
T000006564,A0002681,2026-04-07,18:04:13,Card Purchase,1111.61,ATM,Successful,Fuel,Gauteng
T000006565,A0001464,2025-06-07,20:20:20,Card Purchase,533.35,Mobile App,Successful,Other,Eastern Cape
T000006566,A0003042,2024-10-25,13:47:28,Deposit,2560.74,POS,Successful,N/A,KwaZulu-Natal
T000006567,A0001689,2026-03-11,09:21:32,Card Purchase,107.84,Mobile App,Successful,Restaurants,Eastern Cape
T000006568,A0001342,2026-06-06,17:31:53,Payment,290.54,POS,Successful,Restaurants,KwaZulu-Natal
T000006569,A0002697,2026-01-27,17:15:24,Card Purchase,1426.05,Internet Banking,Successful,Utilities,Western Cape
T000006570,A0001866,2026-06-15,07:39:31,Deposit,6472.65,Mobile App,Successful,N/A,Western Cape
T000006571,A0000545,2026-05-23,21:49:25,Bank Fee,1560.1,POS,Successful,N/A,Gauteng
T000006572,A0002948,2025-05-16,13:33:56,Deposit,590.15,Branch,Successful,N/A,Gauteng
T000006573,A0000979,2026-07-13,18:51:35,Payment,6684.81,Mobile App,Successful,Fuel,Mpumalanga
T000006574,A0002270,2025-11-11,20:52:22,Transfer,265.31,Card,Successful,N/A,Eastern Cape
T000006575,A0001438,2026-05-04,09:24:59,Card Purchase,1135.33,Mobile App,Successful,Entertainment,Western Cape
T000006576,A0000103,2026-01-15,09:51:31,Withdrawal,3883.36,Branch,Successful,N/A,KwaZulu-Natal
T000006577,A0001929,2026-03-12,17:03:07,Card Purchase,356.5,Internet Banking,Successful,Telecoms,Free State
T000006578,A0002836,2026-03-29,21:42:27,Card Purchase,2620.2,ATM,Successful,Groceries,Gauteng
T000006579,A0002741,2026-04-14,22:08:46,Debit Order,1303.07,Branch,Successful,N/A,Gauteng
T000006580,A0000359,2026-04-04,06:58:26,Bank Fee,1526.94,ATM,Successful,N/A,Limpopo
T000006581,A0001715,2026-06-21,15:17:52,Deposit,25885.88,Branch,Successful,N/A,Western Cape
T000006582,A0001455,2026-06-21,12:18:34,Payment,1532.27,ATM,Successful,Education,Western Cape
T000006583,A0000897,2025-08-17,21:52:42,Deposit,5072.58,Mobile App,Successful,N/A,Western Cape
T000006584,A0001507,2026-06-05,11:24:40,Transfer,401.72,Mobile App,Successful,N/A,Gauteng
T000006585,A0002512,2026-05-22,14:39:46,Transfer,266.67,Mobile App,Successful,N/A,North West
T000006586,A0002375,2026-07-11,20:44:27,Card Purchase,219.46,Mobile App,Successful,Restaurants,Mpumalanga
T000006587,A0000268,2025-10-27,22:25:16,Debit Order,227.97,Card,Successful,N/A,Western Cape
T000006588,A0003053,2026-07-25,12:54:38,Deposit,3415.63,POS,Successful,N/A,Western Cape
T000006589,A0000317,2026-02-14,13:18:59,Transfer,587.94,ATM,Successful,N/A,Gauteng
T000006590,A0001975,2026-06-30,13:54:07,Debit Order,1357.18,POS,Successful,N/A,Mpumalanga
T000006591,A0002001,2026-03-22,22:54:13,Withdrawal,1222.84,Card,Successful,N/A,Western Cape
T000006592,A0000887,2026-04-30,08:39:21,Transfer,3482.75,Mobile App,Successful,N/A,Western Cape
T000006593,A0000209,2026-06-12,15:44:14,Transfer,1688.65,Mobile App,Successful,N/A,Mpumalanga
T000006594,A0002670,2026-03-26,06:03:25,Card Purchase,344.92,Mobile App,Successful,Education,Western Cape
T000006595,A0002486,2026-07-26,16:20:44,Card Purchase,447.29,ATM,Successful,Utilities,Western Cape
T000006596,A0000631,2026-07-02,15:01:12,Transfer,478.14,ATM,Successful,N/A,Gauteng
T000006597,A0000781,2025-11-22,09:09:40,Card Purchase,372.87,POS,Successful,Travel,Eastern Cape
T000006598,A0001409,2026-02-18,11:22:23,Card Purchase,895.71,Card,Successful,Utilities,KwaZulu-Natal
T000006599,A0001385,2026-07-22,14:25:12,Card Purchase,1397.23,POS,Successful,Restaurants,Northern Cape
T000006600,A0002982,2026-07-03,11:30:05,Deposit,11056.36,ATM,Successful,N/A,Gauteng
T000006601,A0001213,2026-06-25,09:27:29,Transfer,1996.71,POS,Successful,N/A,Northern Cape
T000006602,A0000389,2026-07-05,11:05:50,Payment,651.75,ATM,Successful,Education,KwaZulu-Natal
T000006603,A0001717,2026-07-17,14:39:35,Card Purchase,456.43,Card,Successful,Restaurants,KwaZulu-Natal
T000006604,A0002517,2026-06-12,08:53:39,Deposit,5625.48,Internet Banking,Successful,N/A,Eastern Cape
T000006605,A0001287,2026-07-04,13:59:37,Transfer,1632.3,ATM,Successful,N/A,Gauteng
T000006606,A0002359,2026-04-16,18:39:18,Withdrawal,1052.38,Card,Successful,N/A,Gauteng
T000006607,A0000379,2026-06-19,20:32:55,Card Purchase,201.18,Mobile App,Successful,Healthcare,KwaZulu-Natal
T000006608,A0000464,2026-07-29,09:43:09,Card Purchase,1264.45,Mobile App,Successful,Retail,Gauteng
T000006609,A0000203,2024-02-17,08:46:12,Card Purchase,1380.71,Mobile App,Successful,Other,Western Cape
T000006610,A0000314,2025-10-09,15:16:51,Payment,1952.84,Internet Banking,Successful,Restaurants,Gauteng
T000006611,A0000567,2026-06-27,19:46:59,Debit Order,536.36,Mobile App,Successful,N/A,Gauteng
T000006612,A0000079,2025-10-20,13:20:52,Card Purchase,6852.04,POS,Successful,Fuel,Western Cape
T000006613,A0001597,2025-06-03,08:06:46,Interest,433.16,Mobile App,Successful,N/A,Western Cape
T000006614,A0001647,2026-07-09,10:51:25,Withdrawal,2068.13,Mobile App,Successful,N/A,Free State
T000006615,A0002441,2026-03-12,17:34:50,Payment,996.68,Internet Banking,Successful,Other,Gauteng
T000006616,A0002032,2025-10-12,08:39:09,Card Purchase,539.93,Mobile App,Successful,Groceries,Gauteng
T000006617,A0002286,2025-01-03,20:23:40,Card Purchase,2951.8,Internet Banking,Successful,Fuel,Gauteng
T000006618,A0000493,2025-12-07,12:34:51,Card Purchase,5743.58,Mobile App,Successful,Retail,Eastern Cape
T000006619,A0002499,2026-07-29,15:34:08,Card Purchase,85.02,Mobile App,Successful,Other,Gauteng
T000006620,A0002259,2025-11-22,06:22:33,Card Purchase,1313.48,Card,Successful,Fuel,Western Cape
T000006621,A0002181,2024-08-16,16:46:49,Card Purchase,431.73,POS,Successful,Healthcare,Gauteng
T000006622,A0000430,2026-05-22,21:45:20,Card Purchase,130.18,Internet Banking,Successful,Fuel,Gauteng
T000006623,A0001889,2026-07-28,16:29:18,Debit Order,395.53,POS,Successful,N/A,Gauteng
T000006624,A0002132,2025-11-18,11:51:01,Deposit,17491.26,ATM,Successful,N/A,Western Cape
T000006625,A0000658,2026-07-28,14:06:40,Card Purchase,2977.03,ATM,Successful,Retail,Limpopo
T000006626,A0000504,2026-05-02,15:36:55,Deposit,1575.36,Card,Successful,N/A,Eastern Cape
T000006627,A0000800,2026-06-11,06:33:18,Card Purchase,307.08,Mobile App,Successful,Restaurants,Gauteng
T000006628,A0002916,2025-02-03,22:06:05,Interest,1291.38,Branch,Successful,N/A,Gauteng
T000006629,A0000679,2025-11-27,18:14:09,Card Purchase,187.69,Branch,Successful,Entertainment,Western Cape
T000006630,A0002670,2025-11-09,13:55:16,Transfer,1338.68,Card,Successful,N/A,Western Cape
T000006631,A0001769,2026-07-25,11:34:23,Card Purchase,968.89,ATM,Successful,Retail,Mpumalanga
T000006632,A0000787,2025-12-28,06:26:21,Transfer,249.05,Branch,Successful,N/A,Free State
T000006633,A0000325,2024-01-22,09:58:22,Deposit,639.88,ATM,Successful,N/A,Western Cape
T000006634,A0002369,2026-05-23,08:30:03,Card Purchase,2098.28,Card,Successful,Retail,Free State
T000006635,A0000887,2026-04-13,12:17:16,Transfer,1491.84,POS,Successful,N/A,Western Cape
T000006636,A0002514,2026-05-23,07:55:49,Interest,1177.32,Card,Successful,N/A,Western Cape
T000006637,A0001973,2026-04-07,11:17:38,Debit Order,669.23,Card,Successful,N/A,Gauteng
T000006638,A0000003,2025-10-02,18:45:54,Card Purchase,466.21,Card,Successful,Fuel,Eastern Cape
T000006639,A0002466,2026-07-09,18:04:33,Bank Fee,629.21,Mobile App,Successful,N/A,Gauteng
T000006640,A0002969,2026-07-25,14:40:26,Interest,985.19,Mobile App,Successful,N/A,Northern Cape
T000006641,A0002208,2026-06-08,06:59:57,Withdrawal,132.29,POS,Successful,N/A,Eastern Cape
T000006642,A0002264,2025-08-28,12:06:44,Card Purchase,83.97,Mobile App,Successful,Travel,Gauteng
T000006643,A0000079,2025-03-31,13:15:16,Withdrawal,1341.07,Card,Successful,N/A,Western Cape
T000006644,A0001129,2025-11-23,10:41:12,Transfer,285.22,ATM,Successful,N/A,Gauteng
T000006645,A0002170,2026-04-21,09:12:20,Bank Fee,419.24,Card,Successful,N/A,Free State
T000006646,A0000261,2026-07-21,06:56:36,Card Purchase,2249.52,Card,Failed,Entertainment,KwaZulu-Natal
T000006647,A0001303,2024-12-06,20:32:07,Card Purchase,267.24,POS,Successful,Education,Gauteng
T000006648,A0002841,2026-07-21,18:59:57,Transfer,767.97,Mobile App,Successful,N/A,Gauteng
T000006649,A0000123,2026-06-14,17:47:41,Deposit,6347.04,POS,Successful,N/A,Limpopo
T000006650,A0003093,2026-06-18,20:56:10,Card Purchase,147.9,Mobile App,Successful,Healthcare,Gauteng
T000006651,A0000723,2026-04-28,17:51:47,Card Purchase,2208.02,ATM,Successful,Healthcare,Gauteng
T000006652,A0001997,2026-07-28,12:13:36,Bank Fee,337.5,POS,Successful,N/A,North West
T000006653,A0002693,2026-05-19,06:43:58,Card Purchase,1353.94,Mobile App,Successful,Utilities,Gauteng
T000006654,A0002933,2026-07-27,11:44:38,Card Purchase,541.88,ATM,Successful,Entertainment,KwaZulu-Natal
T000006655,A0002854,2026-06-09,16:12:03,Card Purchase,1796.68,Card,Reversed,Utilities,Gauteng
T000006656,A0003138,2026-05-19,19:26:15,Withdrawal,828.88,Mobile App,Successful,N/A,KwaZulu-Natal
T000006657,A0002526,2025-12-10,18:31:46,Debit Order,735.22,ATM,Successful,N/A,Limpopo
T000006658,A0000153,2026-07-31,13:31:13,Transfer,1124.1,Internet Banking,Successful,N/A,Western Cape
T000006659,A0001117,2026-04-10,08:39:23,Transfer,1553.02,Card,Successful,N/A,Mpumalanga
T000006660,A0003036,2026-07-31,21:30:34,Transfer,2040.15,Branch,Successful,N/A,Gauteng
T000006661,A0000077,2026-01-10,10:30:02,Card Purchase,169.04,Internet Banking,Successful,Telecoms,Gauteng
T000006662,A0000160,2026-01-05,06:33:52,Bank Fee,1321.26,Internet Banking,Successful,N/A,Mpumalanga
T000006663,A0000941,2026-06-13,09:11:35,Card Purchase,127.51,Mobile App,Successful,Travel,KwaZulu-Natal
T000006664,A0001189,2026-06-25,13:27:18,Card Purchase,508.46,Mobile App,Successful,Telecoms,Eastern Cape
T000006665,A0002451,2026-05-24,09:22:18,Debit Order,329.07,ATM,Successful,N/A,Western Cape
T000006666,A0002802,2024-12-24,22:12:35,Card Purchase,1247.32,Internet Banking,Successful,Utilities,Gauteng
T000006667,A0002571,2026-06-26,11:02:32,Debit Order,1083.77,Mobile App,Successful,N/A,Western Cape
T000006668,A0000127,2026-07-26,06:30:29,Debit Order,428.37,Card,Successful,N/A,Gauteng
T000006669,A0002725,2026-03-17,13:18:37,Transfer,790.03,POS,Successful,N/A,KwaZulu-Natal
T000006670,A0000220,2026-05-21,16:29:21,Card Purchase,349.01,Internet Banking,Successful,Groceries,Western Cape
T000006671,A0000833,2026-06-01,19:06:33,Bank Fee,590.44,POS,Successful,N/A,Gauteng
T000006672,A0001858,2025-08-24,10:52:17,Payment,2114.79,ATM,Successful,Retail,Eastern Cape
T000006673,A0000859,2025-07-30,15:22:59,Interest,381.35,Mobile App,Successful,N/A,Gauteng
T000006674,A0000237,2026-03-11,11:23:12,Deposit,1657.17,POS,Successful,N/A,Gauteng
T000006675,A0000175,2025-12-14,19:28:05,Transfer,431.57,Mobile App,Successful,N/A,Gauteng
T000006676,A0001046,2025-11-15,06:09:32,Card Purchase,1193.21,Mobile App,Successful,Travel,Gauteng
T000006677,A0002718,2025-06-10,06:12:16,Card Purchase,437.97,Card,Successful,Utilities,Eastern Cape
T000006678,A0001002,2026-06-01,17:34:13,Payment,77.27,Card,Successful,Utilities,Western Cape
T000006679,A0002117,2025-04-23,15:52:35,Card Purchase,334.95,Branch,Successful,Utilities,KwaZulu-Natal
T000006680,A0001823,2026-06-26,18:54:35,Transfer,581.98,Internet Banking,Successful,N/A,Eastern Cape
T000006681,A0001095,2026-07-29,16:18:25,Card Purchase,340.31,POS,Successful,Retail,Western Cape
T000006682,A0001177,2026-07-19,12:12:31,Payment,540.47,POS,Successful,Travel,Gauteng
T000006683,A0000534,2026-07-26,13:19:33,Card Purchase,1404.83,ATM,Successful,Healthcare,Limpopo
T000006684,A0001232,2024-11-21,12:12:24,Withdrawal,2710.08,Internet Banking,Successful,N/A,Limpopo
T000006685,A0000043,2025-09-11,11:20:31,Transfer,2112.66,POS,Successful,N/A,Gauteng
T000006686,A0002882,2026-07-05,14:23:11,Card Purchase,1617.04,Internet Banking,Successful,Restaurants,Gauteng
T000006687,A0002494,2026-06-20,08:45:32,Withdrawal,156.96,Card,Successful,N/A,Eastern Cape
T000006688,A0001261,2026-06-22,18:51:11,Transfer,348.12,Mobile App,Successful,N/A,Gauteng
T000006689,A0000999,2026-03-08,09:00:31,Payment,3445.56,Internet Banking,Successful,Education,Eastern Cape
T000006690,A0001594,2026-06-21,13:51:13,Card Purchase,121.76,POS,Successful,Retail,Limpopo
T000006691,A0002663,2026-07-11,12:53:43,Bank Fee,583.48,POS,Successful,N/A,Western Cape
T000006692,A0003171,2026-07-27,20:03:53,Card Purchase,421.74,Mobile App,Successful,Fuel,Western Cape
T000006693,A0000960,2026-05-29,20:57:10,Payment,435.47,POS,Successful,Retail,Gauteng
T000006694,A0003085,2026-07-02,19:26:02,Debit Order,644.25,Internet Banking,Successful,N/A,Gauteng
T000006695,A0002504,2025-03-24,12:22:22,Transfer,149.87,Card,Successful,N/A,Western Cape
T000006696,A0002080,2026-03-25,15:36:11,Transfer,292.66,Mobile App,Successful,N/A,Limpopo
T000006697,A0002844,2026-05-06,10:44:02,Card Purchase,589.1,Card,Successful,Travel,Limpopo
T000006698,A0000740,2026-07-01,18:57:48,Debit Order,407.19,Mobile App,Successful,N/A,KwaZulu-Natal
T000006699,A0001392,2025-11-06,16:10:09,Payment,163.45,Mobile App,Successful,Other,Gauteng
T000006700,A0000378,2025-02-15,10:23:41,Payment,502.27,ATM,Successful,Other,North West
T000006701,A0000925,2026-07-20,18:24:33,Debit Order,343.77,Mobile App,Successful,N/A,Western Cape
T000006702,A0000598,2026-07-27,15:41:43,Interest,165.74,Card,Successful,N/A,Gauteng
T000006703,A0001267,2026-06-27,22:58:39,Withdrawal,263.3,Internet Banking,Successful,N/A,KwaZulu-Natal
T000006704,A0001640,2026-01-04,20:45:00,Transfer,26.1,Mobile App,Successful,N/A,KwaZulu-Natal
T000006705,A0002132,2026-05-28,15:44:03,Transfer,1116.49,Mobile App,Successful,N/A,Western Cape
T000006706,A0003185,2026-01-20,09:23:32,Card Purchase,4362.85,Card,Successful,Travel,Gauteng
T000006707,A0000125,2026-05-12,09:54:13,Transfer,2481.65,Mobile App,Successful,N/A,Western Cape
T000006708,A0003037,2024-01-27,08:25:33,Bank Fee,522.53,ATM,Successful,N/A,North West
T000006709,A0000755,2026-04-25,14:11:44,Card Purchase,198.96,POS,Successful,Groceries,Mpumalanga
T000006710,A0000745,2023-06-27,22:02:18,Payment,1053.8,ATM,Successful,Utilities,Eastern Cape
T000006711,A0000406,2026-04-16,22:18:07,Card Purchase,993.27,Mobile App,Successful,Utilities,KwaZulu-Natal
T000006712,A0001058,2026-06-27,19:24:54,Withdrawal,647.1,POS,Successful,N/A,Western Cape
T000006713,A0000439,2026-07-24,22:50:05,Transfer,183.33,POS,Successful,N/A,Western Cape
T000006714,A0002408,2024-11-14,17:19:14,Transfer,402.73,ATM,Successful,N/A,Western Cape
T000006715,A0002894,2026-01-27,20:59:38,Transfer,364.22,POS,Successful,N/A,Gauteng
T000006716,A0000545,2025-12-07,14:25:28,Payment,2103.82,Card,Successful,Education,Gauteng
T000006717,A0000431,2026-07-25,09:00:18,Transfer,301.44,ATM,Successful,N/A,Gauteng
T000006718,A0002899,2026-03-01,22:17:13,Payment,508.71,Mobile App,Successful,Telecoms,Limpopo
T000006719,A0002473,2026-06-30,22:14:37,Card Purchase,168.47,POS,Successful,Retail,Gauteng
T000006720,A0000758,2025-08-26,07:15:16,Card Purchase,467.66,Card,Successful,Other,Gauteng
T000006721,A0002520,2026-07-22,20:34:50,Card Purchase,271.68,POS,Successful,Healthcare,Western Cape
T000006722,A0000749,2026-07-24,10:08:27,Transfer,1425.12,POS,Successful,N/A,KwaZulu-Natal
T000006723,A0002494,2026-04-07,20:40:35,Card Purchase,1885.36,Mobile App,Successful,Other,Eastern Cape
T000006724,A0001744,2026-06-28,21:15:20,Card Purchase,326.15,Card,Successful,Other,Free State
T000006725,A0000455,2026-06-18,22:10:46,Deposit,346.93,POS,Successful,N/A,Gauteng
T000006726,A0003037,2025-04-14,20:49:18,Card Purchase,1457.39,Mobile App,Successful,Fuel,North West
T000006727,A0002746,2026-07-21,13:25:28,Card Purchase,999.96,ATM,Successful,Groceries,Gauteng
T000006728,A0002773,2026-07-27,21:30:45,Card Purchase,281.89,Internet Banking,Successful,Other,North West
T000006729,A0000011,2026-06-14,15:51:02,Withdrawal,498.07,Mobile App,Successful,N/A,Gauteng
T000006730,A0002111,2025-11-20,14:46:15,Bank Fee,584.16,Card,Successful,N/A,Western Cape
T000006731,A0000090,2026-07-27,06:22:29,Debit Order,933.54,Card,Successful,N/A,KwaZulu-Natal
T000006732,A0000175,2026-07-31,21:49:37,Deposit,6626.18,Card,Successful,N/A,Gauteng
T000006733,A0001614,2026-05-17,06:30:22,Card Purchase,346.6,Internet Banking,Successful,Utilities,Gauteng
T000006734,A0000093,2025-10-08,11:18:36,Card Purchase,921.79,Card,Successful,Fuel,Eastern Cape
T000006735,A0003044,2026-07-07,14:06:38,Transfer,2729.06,Internet Banking,Successful,N/A,Western Cape
T000006736,A0000955,2026-06-29,19:12:37,Transfer,1213.57,ATM,Successful,N/A,Western Cape
T000006737,A0001691,2026-06-23,20:25:11,Card Purchase,1587.72,POS,Failed,Telecoms,Gauteng
T000006738,A0002565,2026-07-11,17:51:17,Card Purchase,85.32,Internet Banking,Successful,Travel,Western Cape
T000006739,A0000893,2025-09-30,11:58:57,Withdrawal,2004.68,POS,Successful,N/A,Gauteng
T000006740,A0001603,2025-10-27,22:39:04,Withdrawal,150.12,Card,Successful,N/A,Gauteng
T000006741,A0001855,2026-04-02,12:42:12,Card Purchase,481.29,Mobile App,Successful,Fuel,Eastern Cape
T000006742,A0002562,2026-07-28,14:31:05,Debit Order,2883.69,POS,Successful,N/A,Western Cape
T000006743,A0002561,2026-07-29,12:20:55,Card Purchase,385.85,Mobile App,Successful,Education,Gauteng
T000006744,A0000198,2025-02-16,17:29:54,Card Purchase,610.48,Mobile App,Successful,Telecoms,Gauteng
T000006745,A0002654,2026-02-14,22:26:33,Card Purchase,10274.23,POS,Successful,Retail,Gauteng
T000006746,A0002064,2026-07-22,19:08:41,Transfer,140.65,Internet Banking,Successful,N/A,KwaZulu-Natal
T000006747,A0001468,2026-05-31,15:14:32,Card Purchase,301.02,Card,Successful,Fuel,Gauteng
T000006748,A0002482,2025-10-16,08:31:00,Transfer,543.55,Internet Banking,Successful,N/A,Gauteng
T000006749,A0002733,2026-06-16,09:53:23,Debit Order,933.67,ATM,Successful,N/A,Western Cape
T000006750,A0002776,2026-05-24,16:32:48,Card Purchase,1919.73,Mobile App,Successful,Fuel,Western Cape
T000006751,A0002276,2026-06-26,15:47:25,Debit Order,312.37,Card,Successful,N/A,Eastern Cape
T000006752,A0002273,2026-06-04,11:17:21,Deposit,2696.73,POS,Successful,N/A,Gauteng
T000006753,A0002848,2026-03-10,07:29:25,Card Purchase,655.4,POS,Successful,Other,Gauteng
T000006754,A0003086,2023-04-24,09:17:16,Deposit,3632.74,Branch,Successful,N/A,Eastern Cape
T000006755,A0001942,2026-03-12,11:26:36,Debit Order,618.32,Card,Successful,N/A,Western Cape
T000006756,A0002417,2024-08-07,16:17:00,Card Purchase,887.77,POS,Successful,Education,Limpopo
T000006757,A0000461,2026-06-09,06:58:28,Debit Order,690.72,ATM,Successful,N/A,Western Cape
T000006758,A0001443,2026-07-25,17:30:19,Bank Fee,2368.0,POS,Successful,N/A,Gauteng
T000006759,A0001552,2026-06-14,06:16:41,Card Purchase,495.01,Internet Banking,Successful,Restaurants,Eastern Cape
T000006760,A0001494,2025-09-18,18:37:35,Card Purchase,307.49,Card,Successful,Restaurants,Gauteng
T000006761,A0001249,2026-05-06,18:25:32,Payment,1060.64,Mobile App,Successful,Retail,Limpopo
T000006762,A0000313,2024-12-22,11:58:07,Debit Order,675.09,ATM,Successful,N/A,KwaZulu-Natal
T000006763,A0002388,2025-12-03,07:08:28,Card Purchase,2378.56,Card,Successful,Telecoms,Free State
T000006764,A0000182,2025-08-29,16:11:58,Card Purchase,475.55,Mobile App,Successful,Other,Western Cape
T000006765,A0001772,2026-03-06,09:53:47,Card Purchase,145.98,Mobile App,Successful,Groceries,Western Cape
T000006766,A0001258,2026-06-04,20:50:52,Card Purchase,294.01,Mobile App,Successful,Travel,Mpumalanga
T000006767,A0002913,2025-03-31,06:33:43,Transfer,261.53,ATM,Successful,N/A,KwaZulu-Natal
T000006768,A0001304,2025-03-26,11:47:28,Card Purchase,160.14,Mobile App,Successful,Entertainment,Eastern Cape
T000006769,A0001728,2026-04-05,10:33:56,Card Purchase,744.11,Card,Successful,Entertainment,KwaZulu-Natal
T000006770,A0001303,2025-08-10,07:08:50,Debit Order,13729.61,ATM,Successful,N/A,Gauteng
T000006771,A0001414,2026-03-06,11:41:49,Withdrawal,934.24,Mobile App,Successful,N/A,Gauteng
T000006772,A0001269,2025-08-10,19:36:15,Card Purchase,530.58,POS,Successful,Other,Gauteng
T000006773,A0001814,2025-07-01,08:07:20,Debit Order,103.14,Mobile App,Successful,N/A,KwaZulu-Natal
T000006774,A0003182,2025-10-31,12:54:53,Card Purchase,167.22,POS,Successful,Telecoms,Gauteng
T000006775,A0002173,2025-11-19,06:34:08,Debit Order,912.06,Mobile App,Successful,N/A,Gauteng
T000006776,A0000382,2025-02-23,18:02:38,Payment,809.52,POS,Successful,Education,Gauteng
T000006777,A0001381,2025-03-21,07:58:02,Deposit,3328.26,Mobile App,Successful,N/A,Gauteng
T000006778,A0000639,2026-07-01,11:03:26,Card Purchase,424.02,Mobile App,Successful,Entertainment,Gauteng
T000006779,A0000965,2026-04-15,16:20:02,Transfer,756.65,Internet Banking,Successful,N/A,KwaZulu-Natal
T000006780,A0003065,2023-09-11,13:19:56,Card Purchase,364.18,Mobile App,Successful,Entertainment,Gauteng
T000006781,A0001455,2026-07-21,17:58:07,Card Purchase,292.48,Branch,Successful,Education,Western Cape
T000006782,A0000808,2026-06-27,14:13:51,Card Purchase,238.01,ATM,Failed,Groceries,Limpopo
T000006783,A0001290,2025-12-07,06:17:48,Card Purchase,1293.7,Card,Successful,Telecoms,Gauteng
T000006784,A0002338,2025-12-22,17:08:18,Transfer,332.23,Card,Successful,N/A,Gauteng
T000006785,A0002618,2026-05-03,11:38:41,Deposit,709.87,ATM,Successful,N/A,KwaZulu-Natal
T000006786,A0001525,2025-05-12,20:54:32,Deposit,2048.06,ATM,Successful,N/A,Limpopo
T000006787,A0000714,2026-05-26,13:56:36,Card Purchase,1840.16,Card,Successful,Restaurants,Western Cape
T000006788,A0001220,2025-05-27,09:27:41,Withdrawal,194.59,Card,Successful,N/A,Western Cape
T000006789,A0001252,2025-05-22,21:44:41,Payment,646.27,Mobile App,Successful,Education,Gauteng
T000006790,A0002953,2026-07-24,09:35:28,Deposit,3636.27,Mobile App,Successful,N/A,North West
T000006791,A0001281,2026-07-02,08:49:26,Card Purchase,332.2,Card,Successful,Telecoms,Western Cape
T000006792,A0001840,2026-03-30,21:59:16,Payment,1163.26,Card,Successful,Telecoms,KwaZulu-Natal
T000006793,A0002473,2026-06-07,11:55:44,Bank Fee,508.25,POS,Successful,N/A,Gauteng
T000006794,A0001728,2026-01-06,22:55:28,Transfer,2390.85,Internet Banking,Successful,N/A,KwaZulu-Natal
T000006795,A0001025,2026-07-31,12:10:31,Debit Order,353.32,Mobile App,Successful,N/A,KwaZulu-Natal
T000006796,A0000263,2025-05-12,12:36:42,Transfer,1283.24,Mobile App,Successful,N/A,Mpumalanga
T000006797,A0000233,2026-05-21,07:07:24,Transfer,263.38,Internet Banking,Successful,N/A,Gauteng
T000006798,A0000112,2025-11-22,14:02:55,Withdrawal,1143.36,POS,Successful,N/A,North West
T000006799,A0002607,2026-05-22,22:12:54,Card Purchase,182.58,Internet Banking,Successful,Entertainment,Mpumalanga
T000006800,A0000684,2026-07-31,14:34:25,Transfer,3382.44,Mobile App,Successful,N/A,Gauteng
T000006801,A0001515,2024-09-15,14:18:04,Transfer,214.3,Mobile App,Successful,N/A,Gauteng
T000006802,A0000028,2026-06-11,13:55:44,Transfer,374.99,ATM,Successful,N/A,Gauteng
T000006803,A0001323,2024-08-15,16:11:01,Withdrawal,110.93,Internet Banking,Successful,N/A,KwaZulu-Natal
T000006804,A0000019,2025-06-10,15:44:57,Card Purchase,471.01,Mobile App,Successful,Utilities,Gauteng
T000006805,A0000742,2026-06-07,09:43:05,Transfer,373.7,ATM,Successful,N/A,Gauteng
T000006806,A0002580,2026-02-25,07:16:19,Payment,848.99,Internet Banking,Failed,Education,Eastern Cape
T000006807,A0001555,2025-07-01,21:25:54,Debit Order,593.95,Internet Banking,Successful,N/A,Western Cape
T000006808,A0001897,2026-03-02,14:59:59,Card Purchase,220.47,Internet Banking,Successful,Groceries,Free State
T000006809,A0000282,2026-07-17,19:26:25,Transfer,2202.48,POS,Successful,N/A,Limpopo
T000006810,A0001497,2026-07-17,19:00:36,Transfer,771.91,Mobile App,Reversed,N/A,Limpopo
T000006811,A0001483,2026-05-02,22:03:12,Card Purchase,1676.13,Mobile App,Successful,Utilities,Gauteng
T000006812,A0001663,2026-07-31,22:00:35,Transfer,700.37,ATM,Successful,N/A,Western Cape
T000006813,A0002305,2026-03-21,08:37:20,Payment,64.62,Mobile App,Successful,Other,Gauteng
T000006814,A0002535,2023-09-19,20:34:07,Payment,485.32,ATM,Successful,Retail,Limpopo
T000006815,A0002330,2026-07-31,16:33:37,Card Purchase,552.24,Mobile App,Successful,Fuel,Western Cape
T000006816,A0001470,2025-03-27,09:45:41,Debit Order,1283.44,POS,Successful,N/A,Eastern Cape
T000006817,A0002119,2026-04-30,06:08:59,Bank Fee,365.75,Card,Successful,N/A,KwaZulu-Natal
T000006818,A0000820,2026-05-17,15:31:47,Deposit,1774.32,Internet Banking,Successful,N/A,Western Cape
T000006819,A0000484,2026-01-21,10:01:55,Card Purchase,227.86,Card,Successful,Travel,Free State
T000006820,A0002922,2025-11-29,20:14:12,Withdrawal,127.96,Card,Successful,N/A,Western Cape
T000006821,A0002613,2024-09-03,14:39:38,Card Purchase,1517.38,POS,Successful,Telecoms,Eastern Cape
T000006822,A0001317,2026-07-10,17:52:13,Transfer,1665.81,Branch,Successful,N/A,Western Cape
T000006823,A0003186,2026-07-07,19:41:07,Card Purchase,2212.27,Mobile App,Successful,Other,KwaZulu-Natal
T000006824,A0001807,2026-07-29,13:05:11,Deposit,7244.1,POS,Successful,N/A,Western Cape
T000006825,A0002776,2026-07-05,19:24:13,Transfer,717.37,POS,Successful,N/A,Western Cape
T000006826,A0000684,2026-07-28,09:14:49,Card Purchase,652.61,Branch,Successful,Restaurants,Gauteng
T000006827,A0000173,2026-06-25,13:44:28,Transfer,1129.36,Mobile App,Successful,N/A,Gauteng
T000006828,A0001444,2026-07-26,11:29:15,Card Purchase,449.31,Internet Banking,Successful,Entertainment,Limpopo
T000006829,A0000880,2026-04-28,07:45:51,Deposit,2393.92,Mobile App,Successful,N/A,Gauteng
T000006830,A0001203,2025-08-06,11:04:19,Debit Order,256.81,ATM,Successful,N/A,KwaZulu-Natal
T000006831,A0001749,2026-07-29,16:06:52,Deposit,992.49,Mobile App,Successful,N/A,Western Cape
T000006832,A0000789,2025-10-20,17:05:53,Card Purchase,128.36,Card,Successful,Education,Eastern Cape
T000006833,A0001540,2026-07-07,21:32:49,Withdrawal,1182.19,Mobile App,Failed,N/A,KwaZulu-Natal
T000006834,A0000722,2026-07-06,16:51:47,Withdrawal,1212.54,POS,Failed,N/A,Limpopo
T000006835,A0001711,2026-02-26,15:04:15,Transfer,221.14,Mobile App,Successful,N/A,KwaZulu-Natal
T000006836,A0000183,2026-05-14,22:55:19,Card Purchase,165.05,Card,Successful,Utilities,Gauteng
T000006837,A0000941,2026-05-14,22:15:32,Interest,236.17,Internet Banking,Successful,N/A,KwaZulu-Natal
T000006838,A0002653,2026-03-26,14:02:24,Payment,1549.32,POS,Successful,Healthcare,Eastern Cape
T000006839,A0002629,2025-12-13,22:29:51,Payment,185.32,POS,Successful,Utilities,Free State
T000006840,A0000707,2026-05-05,18:40:23,Deposit,3971.89,Card,Successful,N/A,Limpopo
T000006841,A0001876,2025-01-14,19:57:16,Bank Fee,7454.29,Card,Successful,N/A,Limpopo
T000006842,A0003008,2025-07-31,08:41:10,Withdrawal,518.48,Card,Successful,N/A,Mpumalanga
T000006843,A0000069,2024-12-26,20:48:03,Card Purchase,277.59,Mobile App,Successful,Other,North West
T000006844,A0002787,2025-06-02,07:49:10,Debit Order,1828.53,POS,Successful,N/A,Gauteng
T000006845,A0001652,2026-07-11,13:05:54,Deposit,6967.22,ATM,Successful,N/A,North West
T000006846,A0002692,2024-08-07,17:45:14,Card Purchase,133.56,Card,Successful,Restaurants,Western Cape
T000006847,A0000418,2026-07-30,10:24:26,Deposit,7032.69,Mobile App,Successful,N/A,KwaZulu-Natal
T000006848,A0000480,2026-07-31,15:26:02,Debit Order,5224.42,Mobile App,Successful,N/A,KwaZulu-Natal
T000006849,A0001840,2026-04-25,15:59:52,Transfer,4868.33,Card,Successful,N/A,KwaZulu-Natal
T000006850,A0002897,2026-05-13,10:41:44,Withdrawal,3439.13,POS,Successful,N/A,Eastern Cape
T000006851,A0000649,2025-12-13,21:19:24,Card Purchase,21865.91,Card,Successful,Other,Eastern Cape
T000006852,A0002177,2026-05-30,09:45:07,Transfer,359.91,Mobile App,Successful,N/A,Gauteng
T000006853,A0000355,2025-04-13,08:14:35,Card Purchase,732.53,Card,Successful,Travel,Western Cape
T000006854,A0002775,2025-04-03,20:25:29,Debit Order,460.92,Card,Successful,N/A,Mpumalanga
T000006855,A0001837,2026-05-15,22:25:57,Card Purchase,8900.4,ATM,Successful,Groceries,Gauteng
T000006856,A0002666,2026-02-13,06:01:53,Deposit,2255.05,ATM,Successful,N/A,Gauteng
T000006857,A0003141,2026-07-25,06:19:07,Deposit,1294.13,Internet Banking,Successful,N/A,Gauteng
T000006858,A0000777,2025-02-24,11:21:27,Withdrawal,690.49,Branch,Successful,N/A,Gauteng
T000006859,A0002751,2026-07-16,07:00:54,Transfer,702.39,POS,Successful,N/A,Gauteng
T000006860,A0000892,2025-08-30,08:44:15,Payment,728.29,POS,Successful,Travel,Free State
T000006861,A0001529,2026-03-11,17:42:33,Interest,644.66,POS,Successful,N/A,Gauteng
T000006862,A0002175,2026-07-12,11:24:09,Card Purchase,206.5,Card,Successful,Fuel,Mpumalanga
T000006863,A0000886,2025-11-25,21:09:33,Transfer,575.48,Mobile App,Successful,N/A,Northern Cape
T000006864,A0001247,2026-07-30,12:28:04,Transfer,324.51,POS,Successful,N/A,Mpumalanga
T000006865,A0003027,2025-05-21,22:24:48,Interest,282.11,Branch,Successful,N/A,Eastern Cape
T000006866,A0003155,2026-04-21,21:05:11,Card Purchase,1029.59,ATM,Successful,Healthcare,KwaZulu-Natal
T000006867,A0000166,2026-07-31,09:03:12,Transfer,2190.4,Card,Successful,N/A,KwaZulu-Natal
T000006868,A0002988,2026-06-28,22:02:58,Deposit,152.78,Card,Successful,N/A,Eastern Cape
T000006869,A0000231,2026-07-12,18:57:45,Card Purchase,521.25,Card,Successful,Entertainment,Gauteng
T000006870,A0002259,2023-10-23,17:44:11,Transfer,1266.59,POS,Successful,N/A,Western Cape
T000006871,A0003188,2026-07-22,14:10:32,Payment,190.5,POS,Successful,Restaurants,Western Cape
T000006872,A0002924,2026-05-17,07:34:16,Card Purchase,170.43,Card,Successful,Utilities,Mpumalanga
T000006873,A0001809,2025-01-13,07:56:58,Withdrawal,250.56,ATM,Successful,N/A,Eastern Cape
T000006874,A0001319,2024-12-15,08:21:47,Transfer,242.45,Internet Banking,Successful,N/A,Gauteng
T000006875,A0002338,2023-02-23,07:16:24,Transfer,328.72,Mobile App,Successful,N/A,Gauteng
T000006876,A0000812,2026-07-23,11:47:54,Payment,915.75,ATM,Successful,Groceries,KwaZulu-Natal
T000006877,A0001053,2024-10-06,07:01:38,Card Purchase,2323.91,Card,Successful,Restaurants,Western Cape
T000006878,A0002704,2026-04-17,09:39:43,Bank Fee,491.87,POS,Successful,N/A,Western Cape
T000006879,A0002592,2026-01-28,13:49:11,Transfer,56.95,Branch,Successful,N/A,Western Cape
T000006880,A0003063,2026-06-24,16:15:34,Card Purchase,342.48,Mobile App,Successful,Education,KwaZulu-Natal
T000006881,A0003075,2026-05-10,19:28:33,Payment,496.69,Branch,Successful,Fuel,KwaZulu-Natal
T000006882,A0000126,2025-12-24,15:24:52,Payment,2248.98,ATM,Successful,Utilities,North West
T000006883,A0000055,2026-02-19,08:39:41,Card Purchase,6164.8,POS,Successful,Fuel,Gauteng
T000006884,A0000674,2026-04-28,18:52:42,Interest,1474.5,Internet Banking,Successful,N/A,Gauteng
T000006885,A0001278,2026-04-28,20:54:21,Debit Order,782.28,Card,Successful,N/A,Northern Cape
T000006886,A0002468,2025-06-01,15:36:05,Deposit,7004.51,POS,Successful,N/A,Western Cape
T000006887,A0000347,2025-06-23,06:10:46,Card Purchase,7106.7,Card,Successful,Fuel,Gauteng
T000006888,A0000909,2026-01-05,22:24:53,Card Purchase,1462.87,Mobile App,Successful,Other,Gauteng
T000006889,A0000460,2025-12-15,16:57:26,Card Purchase,172.48,Card,Successful,Travel,KwaZulu-Natal
T000006890,A0000894,2026-04-18,12:56:57,Interest,2298.26,POS,Successful,N/A,North West
T000006891,A0000435,2026-07-27,18:52:24,Withdrawal,592.19,ATM,Successful,N/A,KwaZulu-Natal
T000006892,A0000828,2024-12-27,16:41:58,Card Purchase,2979.67,POS,Successful,Utilities,Western Cape
T000006893,A0001667,2026-04-13,19:46:18,Card Purchase,259.86,Mobile App,Failed,Groceries,Mpumalanga
T000006894,A0001525,2024-07-10,07:32:58,Deposit,1906.47,Card,Successful,N/A,Limpopo
T000006895,A0001274,2026-07-29,08:44:54,Withdrawal,1826.46,POS,Successful,N/A,Gauteng
T000006896,A0002501,2026-06-06,10:03:39,Debit Order,4374.65,Mobile App,Successful,N/A,Western Cape
T000006897,A0001408,2026-07-26,19:30:49,Card Purchase,331.85,POS,Successful,Groceries,Gauteng
T000006898,A0001645,2026-07-17,22:39:50,Payment,180.4,Mobile App,Successful,Retail,KwaZulu-Natal
T000006899,A0002895,2026-03-29,15:24:57,Card Purchase,495.8,Mobile App,Successful,Education,Western Cape
T000006900,A0000779,2026-06-28,10:42:36,Card Purchase,451.71,Mobile App,Successful,Fuel,Gauteng
T000006901,A0000757,2026-07-25,08:12:43,Card Purchase,1378.37,Card,Reversed,Restaurants,KwaZulu-Natal
T000006902,A0001065,2025-07-02,06:03:02,Card Purchase,143.12,POS,Successful,Groceries,Eastern Cape
T000006903,A0002844,2026-05-03,19:12:01,Bank Fee,560.58,POS,Successful,N/A,Limpopo
T000006904,A0001159,2026-07-20,11:54:07,Card Purchase,261.57,Card,Successful,Fuel,Gauteng
T000006905,A0001086,2026-05-21,15:25:31,Transfer,395.35,Branch,Successful,N/A,Gauteng
T000006906,A0002100,2026-03-11,16:51:20,Transfer,1136.84,Card,Successful,N/A,Western Cape
T000006907,A0000471,2026-07-31,07:54:02,Debit Order,338.9,ATM,Successful,N/A,KwaZulu-Natal
T000006908,A0002597,2024-11-15,12:27:48,Transfer,807.82,POS,Failed,N/A,Eastern Cape
T000006909,A0002941,2026-06-04,07:30:25,Withdrawal,796.76,Card,Successful,N/A,Limpopo
T000006910,A0002069,2025-04-23,22:24:12,Deposit,21905.47,Branch,Successful,N/A,Gauteng
T000006911,A0000117,2026-03-30,12:43:14,Transfer,158.39,Branch,Successful,N/A,Western Cape
T000006912,A0000109,2025-01-28,19:33:07,Card Purchase,239.11,POS,Successful,Utilities,Free State
T000006913,A0000369,2026-03-18,07:15:06,Deposit,500.17,Mobile App,Successful,N/A,Gauteng
T000006914,A0001065,2025-07-14,15:13:10,Withdrawal,570.2,Card,Successful,N/A,Eastern Cape
T000006915,A0002063,2025-03-31,10:24:51,Debit Order,741.55,Mobile App,Successful,N/A,Gauteng
T000006916,A0000081,2024-09-24,14:28:44,Transfer,1949.88,POS,Successful,N/A,KwaZulu-Natal
T000006917,A0001418,2025-03-07,20:44:14,Debit Order,551.17,Branch,Successful,N/A,KwaZulu-Natal
T000006918,A0000417,2026-07-26,08:22:44,Withdrawal,187.85,POS,Successful,N/A,KwaZulu-Natal
T000006919,A0000760,2026-07-22,17:01:42,Debit Order,448.09,Card,Successful,N/A,Mpumalanga
T000006920,A0001757,2026-04-17,08:59:25,Transfer,1005.95,Mobile App,Successful,N/A,KwaZulu-Natal
T000006921,A0002090,2026-05-26,15:45:35,Transfer,2540.69,Mobile App,Successful,N/A,Western Cape
T000006922,A0002628,2025-03-25,06:42:17,Debit Order,264.87,ATM,Successful,N/A,KwaZulu-Natal
T000006923,A0001879,2026-07-27,21:35:06,Card Purchase,175.04,Mobile App,Successful,Utilities,Western Cape
T000006924,A0003081,2026-07-03,09:46:51,Transfer,1087.21,POS,Successful,N/A,Gauteng
T000006925,A0000526,2026-02-25,22:33:02,Withdrawal,1548.97,POS,Successful,N/A,Northern Cape
T000006926,A0001601,2026-07-28,21:06:58,Card Purchase,1148.76,POS,Successful,Other,Gauteng
T000006927,A0002766,2026-07-28,17:51:37,Transfer,1386.12,Branch,Successful,N/A,Gauteng
T000006928,A0000386,2026-03-19,12:13:58,Card Purchase,297.92,POS,Successful,Utilities,Gauteng
T000006929,A0002817,2026-07-08,13:37:10,Withdrawal,1844.0,Card,Successful,N/A,Gauteng
T000006930,A0001308,2025-12-10,19:42:04,Withdrawal,708.86,Card,Successful,N/A,Gauteng
T000006931,A0000869,2026-02-05,22:42:50,Card Purchase,1021.76,Internet Banking,Successful,Telecoms,Gauteng
T000006932,A0001074,2025-11-25,13:54:00,Debit Order,2365.63,Card,Successful,N/A,Gauteng
T000006933,A0000617,2024-04-14,09:48:38,Card Purchase,1889.3,Branch,Successful,Retail,Gauteng
T000006934,A0000870,2026-07-31,08:48:32,Deposit,824.98,Card,Successful,N/A,KwaZulu-Natal
T000006935,A0000986,2026-07-02,16:32:09,Transfer,632.15,ATM,Successful,N/A,Western Cape
T000006936,A0000817,2026-06-23,11:33:28,Card Purchase,1862.29,ATM,Successful,Fuel,KwaZulu-Natal
T000006937,A0000426,2023-07-07,19:33:10,Card Purchase,2471.55,ATM,Successful,Telecoms,Limpopo
T000006938,A0000175,2026-02-01,13:08:09,Card Purchase,631.01,Internet Banking,Successful,Travel,Gauteng
T000006939,A0000169,2026-07-30,11:55:20,Debit Order,1598.13,Mobile App,Successful,N/A,Mpumalanga
T000006940,A0002383,2026-06-23,06:18:47,Debit Order,1255.74,POS,Successful,N/A,Gauteng
T000006941,A0001558,2025-10-04,21:00:21,Card Purchase,1170.63,Card,Successful,Retail,Western Cape
T000006942,A0001415,2024-08-10,13:58:00,Payment,165.72,Mobile App,Successful,Fuel,Mpumalanga
T000006943,A0003115,2026-07-31,09:55:50,Card Purchase,704.48,Internet Banking,Successful,Telecoms,Western Cape
T000006944,A0000442,2026-07-26,20:11:08,Card Purchase,2114.89,ATM,Successful,Travel,Western Cape
T000006945,A0002207,2026-07-22,22:29:58,Card Purchase,2056.04,Card,Successful,Entertainment,Mpumalanga
T000006946,A0003112,2024-07-18,14:55:00,Transfer,764.04,Card,Successful,N/A,KwaZulu-Natal
T000006947,A0001086,2024-09-10,15:28:19,Withdrawal,275.54,Card,Successful,N/A,Gauteng
T000006948,A0002172,2026-07-31,14:16:36,Transfer,91.33,ATM,Successful,N/A,KwaZulu-Natal
T000006949,A0002744,2026-03-12,07:33:10,Debit Order,1908.03,Mobile App,Successful,N/A,KwaZulu-Natal
T000006950,A0001620,2025-05-30,13:24:21,Transfer,1352.9,Card,Successful,N/A,Gauteng
T000006951,A0001435,2025-04-04,17:07:52,Card Purchase,376.39,POS,Successful,Utilities,Gauteng
T000006952,A0000306,2024-05-14,19:22:01,Payment,555.21,Mobile App,Successful,Travel,Gauteng
T000006953,A0001192,2026-01-15,09:38:31,Card Purchase,1989.19,POS,Successful,Other,Gauteng
T000006954,A0002285,2026-07-02,17:21:01,Debit Order,2267.42,Mobile App,Successful,N/A,Free State
T000006955,A0001365,2026-07-29,17:11:30,Card Purchase,163.4,POS,Successful,Travel,Gauteng
T000006956,A0002871,2025-08-19,21:19:00,Payment,113.09,Branch,Successful,Groceries,Gauteng
T000006957,A0003025,2026-06-08,20:27:28,Withdrawal,547.06,Card,Successful,N/A,Gauteng
T000006958,A0001648,2026-01-14,07:11:20,Debit Order,230.28,Internet Banking,Successful,N/A,Limpopo
T000006959,A0000263,2025-08-03,12:43:39,Withdrawal,79.21,Internet Banking,Successful,N/A,Mpumalanga
T000006960,A0001291,2026-05-04,20:29:34,Card Purchase,2981.35,Mobile App,Successful,Travel,KwaZulu-Natal
T000006961,A0000443,2025-08-14,22:05:04,Bank Fee,1553.72,Branch,Successful,N/A,Gauteng
T000006962,A0000331,2026-06-30,09:12:27,Transfer,775.0,POS,Successful,N/A,Gauteng
T000006963,A0000165,2026-05-07,12:12:20,Bank Fee,329.09,Card,Successful,N/A,Western Cape
T000006964,A0000889,2026-05-13,11:51:06,Card Purchase,15192.76,ATM,Successful,Entertainment,Gauteng
T000006965,A0001345,2026-07-23,22:06:40,Card Purchase,898.82,Mobile App,Successful,Telecoms,Gauteng
T000006966,A0002437,2026-02-14,17:52:10,Transfer,456.04,Branch,Successful,N/A,KwaZulu-Natal
T000006967,A0000896,2025-02-18,19:14:53,Deposit,25265.46,Card,Successful,N/A,Gauteng
T000006968,A0002139,2026-05-25,06:04:42,Payment,2925.75,Branch,Successful,Education,Limpopo
T000006969,A0001154,2026-07-10,18:34:57,Payment,481.37,POS,Successful,Entertainment,Western Cape
T000006970,A0002124,2025-10-29,07:57:59,Card Purchase,705.17,Mobile App,Successful,Travel,Gauteng
T000006971,A0002642,2026-01-12,08:06:05,Deposit,1068.51,POS,Successful,N/A,Northern Cape
T000006972,A0001195,2024-06-01,17:46:01,Payment,269.98,Mobile App,Successful,Utilities,Gauteng
T000006973,A0001941,2026-07-28,07:11:07,Withdrawal,793.84,Internet Banking,Successful,N/A,Gauteng
T000006974,A0002275,2026-05-25,18:38:17,Card Purchase,2625.3,POS,Successful,Travel,KwaZulu-Natal
T000006975,A0002836,2025-06-13,22:22:31,Transfer,1273.79,Branch,Successful,N/A,Gauteng
T000006976,A0000659,2026-03-06,22:29:30,Deposit,9158.32,Mobile App,Successful,N/A,Northern Cape
T000006977,A0003015,2026-06-15,12:04:11,Transfer,647.01,Mobile App,Successful,N/A,Gauteng
T000006978,A0000593,2026-07-16,10:12:45,Card Purchase,1744.85,Card,Successful,Fuel,Gauteng
T000006979,A0000535,2026-07-02,11:25:56,Debit Order,545.74,Mobile App,Successful,N/A,Limpopo
T000006980,A0001419,2026-01-04,10:35:44,Card Purchase,469.76,Card,Successful,Utilities,Gauteng
T000006981,A0000880,2025-02-20,08:08:21,Card Purchase,4458.99,POS,Successful,Travel,Gauteng
T000006982,A0000028,2026-07-05,18:31:28,Deposit,2510.11,ATM,Successful,N/A,Gauteng
T000006983,A0001810,2026-05-19,12:26:57,Card Purchase,897.63,POS,Successful,Fuel,Gauteng
T000006984,A0002517,2026-07-17,22:27:42,Withdrawal,1277.23,POS,Successful,N/A,Eastern Cape
T000006985,A0003140,2026-07-18,10:46:17,Interest,839.87,Mobile App,Successful,N/A,Gauteng
T000006986,A0000460,2025-12-22,22:57:30,Card Purchase,4292.02,Internet Banking,Successful,Other,KwaZulu-Natal
T000006987,A0000525,2026-04-07,21:34:22,Transfer,1132.87,Mobile App,Successful,N/A,Mpumalanga
T000006988,A0002088,2026-05-23,06:35:56,Card Purchase,1543.71,POS,Successful,Travel,Gauteng
T000006989,A0000993,2026-05-24,14:03:37,Deposit,2728.27,POS,Successful,N/A,Western Cape
T000006990,A0000247,2026-07-04,13:39:42,Debit Order,639.9,Internet Banking,Successful,N/A,Gauteng
T000006991,A0000643,2026-07-30,19:55:36,Deposit,2531.04,POS,Successful,N/A,Eastern Cape
T000006992,A0001851,2025-02-10,10:52:34,Bank Fee,383.25,Card,Successful,N/A,Gauteng
T000006993,A0000245,2025-12-24,11:21:39,Card Purchase,824.99,Card,Successful,Other,KwaZulu-Natal
T000006994,A0002934,2026-02-14,08:17:02,Card Purchase,129.52,Mobile App,Successful,Telecoms,Western Cape
T000006995,A0002456,2026-07-08,14:18:23,Transfer,391.93,POS,Successful,N/A,North West
T000006996,A0000867,2025-09-05,07:14:19,Deposit,1154.34,Mobile App,Successful,N/A,Gauteng
T000006997,A0000394,2026-06-06,19:41:00,Deposit,9876.36,Card,Successful,N/A,Gauteng
T000006998,A0001569,2026-05-29,07:05:00,Card Purchase,1660.21,Mobile App,Successful,Education,Gauteng
T000006999,A0000011,2026-02-20,08:46:44,Payment,3128.9,Mobile App,Successful,Fuel,Gauteng
T000007000,A0002210,2025-11-30,15:51:24,Card Purchase,1608.09,Branch,Successful,Telecoms,Gauteng
T000007001,A0003055,2024-12-26,06:17:28,Card Purchase,465.58,Branch,Successful,Telecoms,Western Cape
T000007002,A0001342,2026-06-27,22:47:12,Payment,312.02,Mobile App,Successful,Retail,KwaZulu-Natal
T000007003,A0000214,2025-03-09,14:44:33,Transfer,403.65,Card,Successful,N/A,KwaZulu-Natal
T000007004,A0001194,2026-07-23,06:41:14,Deposit,1335.31,Internet Banking,Successful,N/A,Gauteng
T000007005,A0002949,2025-12-30,19:52:32,Withdrawal,216.63,POS,Successful,N/A,Western Cape
T000007006,A0001687,2025-09-24,20:16:56,Transfer,1283.55,Mobile App,Successful,N/A,KwaZulu-Natal
T000007007,A0001665,2025-10-17,12:46:00,Transfer,884.02,Mobile App,Successful,N/A,Gauteng
T000007008,A0002143,2026-07-21,20:01:16,Card Purchase,591.23,Mobile App,Successful,Travel,Gauteng
T000007009,A0001364,2026-07-12,12:34:16,Card Purchase,7105.21,POS,Successful,Retail,Limpopo
T000007010,A0000174,2026-05-31,11:37:44,Transfer,566.01,Card,Successful,N/A,Gauteng
T000007011,A0001625,2025-08-04,17:17:48,Transfer,290.34,Mobile App,Successful,N/A,Eastern Cape
T000007012,A0002797,2026-07-17,08:48:37,Debit Order,313.88,Mobile App,Successful,N/A,Eastern Cape
T000007013,A0001336,2026-07-18,17:13:31,Withdrawal,2755.15,Card,Successful,N/A,North West
T000007014,A0001312,2025-07-15,11:14:41,Deposit,6118.07,POS,Successful,N/A,Gauteng
T000007015,A0002210,2025-03-17,09:31:24,Card Purchase,661.16,Card,Successful,Retail,Gauteng
T000007016,A0002938,2026-07-12,09:03:25,Debit Order,3616.56,POS,Successful,N/A,Gauteng
T000007017,A0000015,2026-05-30,10:19:52,Deposit,4432.87,Mobile App,Successful,N/A,Northern Cape
T000007018,A0000723,2026-03-21,13:11:18,Debit Order,747.95,ATM,Successful,N/A,Gauteng
T000007019,A0000944,2026-07-26,18:17:32,Card Purchase,1528.2,Card,Reversed,Utilities,Gauteng
T000007020,A0001503,2024-08-06,12:26:35,Debit Order,9466.96,ATM,Successful,N/A,Gauteng
T000007021,A0002354,2026-04-25,14:34:46,Card Purchase,7357.07,POS,Successful,Travel,Limpopo
T000007022,A0001348,2026-05-23,17:58:17,Card Purchase,2292.25,ATM,Successful,Retail,Eastern Cape
T000007023,A0000768,2026-02-18,21:37:00,Transfer,56.56,Internet Banking,Successful,N/A,KwaZulu-Natal
T000007024,A0000943,2025-10-05,22:09:58,Card Purchase,166.37,Mobile App,Successful,Retail,Mpumalanga
T000007025,A0000112,2026-06-01,13:41:42,Transfer,6867.65,Internet Banking,Successful,N/A,North West
T000007026,A0000150,2026-05-04,22:11:26,Debit Order,3189.02,POS,Successful,N/A,Free State
T000007027,A0000194,2026-04-02,07:14:19,Payment,2282.0,ATM,Successful,Entertainment,North West
T000007028,A0001126,2026-06-01,09:25:57,Card Purchase,598.21,POS,Successful,Utilities,Eastern Cape
T000007029,A0000836,2024-08-20,18:26:07,Card Purchase,96.36,Mobile App,Reversed,Groceries,Gauteng
T000007030,A0002059,2026-06-15,06:38:30,Card Purchase,322.76,Branch,Successful,Travel,KwaZulu-Natal
T000007031,A0000122,2026-04-18,08:12:51,Bank Fee,903.17,ATM,Successful,N/A,Gauteng
T000007032,A0000656,2026-02-07,15:14:36,Deposit,1678.58,Mobile App,Successful,N/A,Eastern Cape
T000007033,A0000873,2026-07-18,12:08:46,Withdrawal,1502.86,POS,Successful,N/A,Limpopo
T000007034,A0000872,2026-07-31,10:37:55,Card Purchase,2085.31,Mobile App,Successful,Education,Mpumalanga
T000007035,A0002865,2025-12-31,10:32:18,Card Purchase,535.79,POS,Successful,Other,Gauteng
T000007036,A0000548,2026-07-19,13:30:09,Payment,74.74,POS,Successful,Telecoms,Western Cape
T000007037,A0000698,2026-07-17,13:01:53,Card Purchase,173.5,ATM,Successful,Groceries,Gauteng
T000007038,A0001698,2023-11-08,06:12:39,Transfer,512.04,Card,Successful,N/A,Western Cape
T000007039,A0001062,2026-07-04,16:47:52,Withdrawal,484.66,Mobile App,Successful,N/A,KwaZulu-Natal
T000007040,A0000348,2026-04-19,20:55:04,Bank Fee,143.05,Card,Successful,N/A,KwaZulu-Natal
T000007041,A0003121,2025-01-08,11:05:42,Transfer,528.45,Card,Successful,N/A,Gauteng
T000007042,A0001273,2026-07-13,06:47:05,Debit Order,2963.44,Internet Banking,Successful,N/A,KwaZulu-Natal
T000007043,A0001537,2025-09-26,15:05:12,Bank Fee,851.78,ATM,Successful,N/A,Gauteng
T000007044,A0001416,2026-05-02,09:35:21,Transfer,497.49,ATM,Successful,N/A,KwaZulu-Natal
T000007045,A0001987,2024-12-17,17:55:22,Card Purchase,98.66,Branch,Successful,Groceries,Gauteng
T000007046,A0002843,2026-07-08,22:10:46,Transfer,1189.98,POS,Successful,N/A,Gauteng
T000007047,A0001488,2026-07-08,13:22:50,Transfer,1258.96,POS,Successful,N/A,Gauteng
T000007048,A0000043,2025-11-23,22:50:32,Transfer,2518.64,ATM,Successful,N/A,Gauteng
T000007049,A0000766,2025-12-29,13:50:56,Card Purchase,1012.05,Mobile App,Successful,Groceries,Western Cape
T000007050,A0000740,2025-11-05,14:22:32,Debit Order,727.06,Mobile App,Successful,N/A,KwaZulu-Natal
T000007051,A0001365,2026-06-20,11:02:17,Card Purchase,282.99,Internet Banking,Successful,Fuel,Gauteng
T000007052,A0002995,2025-09-12,09:53:42,Payment,113.63,ATM,Successful,Telecoms,Limpopo
T000007053,A0000031,2025-03-25,20:07:07,Card Purchase,1216.73,Card,Successful,Travel,Northern Cape
T000007054,A0001890,2024-06-10,14:12:19,Transfer,102.57,POS,Successful,N/A,Free State
T000007055,A0001626,2026-07-15,14:29:56,Card Purchase,2117.27,POS,Successful,Utilities,Western Cape
T000007056,A0002313,2026-07-24,12:47:09,Debit Order,671.58,Internet Banking,Successful,N/A,Gauteng
T000007057,A0002941,2026-07-25,22:09:04,Card Purchase,151.65,Card,Successful,Entertainment,Limpopo
T000007058,A0002919,2026-06-26,15:08:37,Transfer,43.51,Mobile App,Successful,N/A,Gauteng
T000007059,A0000519,2026-05-23,14:07:00,Card Purchase,632.15,Card,Successful,Utilities,KwaZulu-Natal
T000007060,A0001509,2025-11-21,15:52:36,Transfer,821.62,Card,Successful,N/A,Mpumalanga
T000007061,A0000619,2026-04-27,06:44:52,Withdrawal,849.73,ATM,Successful,N/A,KwaZulu-Natal
T000007062,A0002346,2026-06-13,11:20:16,Withdrawal,180.0,Mobile App,Failed,N/A,Eastern Cape
T000007063,A0001607,2026-01-26,16:44:11,Withdrawal,386.25,Card,Successful,N/A,KwaZulu-Natal
T000007064,A0002824,2024-05-19,09:07:53,Deposit,6969.94,POS,Successful,N/A,Western Cape
T000007065,A0000838,2026-07-22,13:16:28,Card Purchase,1302.74,ATM,Successful,Restaurants,Free State
T000007066,A0001682,2026-05-21,08:58:29,Payment,496.06,Mobile App,Successful,Groceries,Gauteng
T000007067,A0002742,2023-10-25,15:50:37,Card Purchase,461.51,ATM,Successful,Other,KwaZulu-Natal
T000007068,A0001051,2025-08-27,07:13:58,Payment,722.53,Branch,Successful,Fuel,Free State
T000007069,A0002292,2025-08-30,21:23:02,Card Purchase,1855.39,ATM,Successful,Retail,Western Cape
T000007070,A0002907,2026-06-14,10:59:50,Transfer,244.43,Branch,Successful,N/A,Northern Cape
T000007071,A0001553,2026-05-16,14:50:02,Card Purchase,543.33,ATM,Successful,Education,KwaZulu-Natal
T000007072,A0002451,2026-05-10,19:39:23,Card Purchase,1732.81,Mobile App,Successful,Retail,Western Cape
T000007073,A0001077,2025-09-16,11:57:31,Transfer,2201.29,Internet Banking,Successful,N/A,KwaZulu-Natal
T000007074,A0000569,2026-05-20,12:31:01,Card Purchase,432.32,Mobile App,Successful,Restaurants,Eastern Cape
T000007075,A0002490,2026-07-24,06:45:53,Payment,8058.42,Branch,Successful,Utilities,KwaZulu-Natal
T000007076,A0000817,2025-11-06,19:53:45,Card Purchase,1173.47,ATM,Successful,Healthcare,KwaZulu-Natal
T000007077,A0001617,2026-05-16,10:44:04,Bank Fee,414.24,Mobile App,Successful,N/A,Mpumalanga
T000007078,A0001164,2026-06-23,09:33:18,Card Purchase,720.31,POS,Successful,Fuel,Western Cape
T000007079,A0001481,2025-12-06,21:12:20,Debit Order,3475.38,Card,Successful,N/A,KwaZulu-Natal
T000007080,A0003167,2025-12-12,22:57:04,Card Purchase,531.09,Mobile App,Successful,Restaurants,Western Cape
T000007081,A0002199,2026-03-27,13:30:47,Payment,1133.41,Mobile App,Successful,Travel,North West
T000007082,A0003140,2026-07-08,06:59:41,Card Purchase,562.11,POS,Successful,Groceries,Gauteng
T000007083,A0002371,2024-04-15,06:55:37,Payment,823.44,Card,Successful,Travel,Gauteng
T000007084,A0000846,2026-07-24,21:33:49,Card Purchase,483.71,POS,Successful,Retail,Western Cape
T000007085,A0001665,2026-03-16,22:56:51,Debit Order,2806.65,Card,Successful,N/A,Gauteng
T000007086,A0002947,2026-05-13,22:53:57,Card Purchase,545.24,Mobile App,Successful,Groceries,North West
T000007087,A0001097,2026-06-25,19:05:14,Transfer,204.53,Card,Successful,N/A,KwaZulu-Natal
T000007088,A0003088,2025-04-30,16:26:29,Transfer,2620.74,ATM,Successful,N/A,Gauteng
T000007089,A0002812,2026-04-15,19:58:32,Card Purchase,286.75,Internet Banking,Successful,Education,Western Cape
T000007090,A0002853,2026-07-23,08:15:02,Card Purchase,163.61,Mobile App,Successful,Retail,Gauteng
T000007091,A0000467,2026-05-25,16:50:14,Debit Order,1338.24,Mobile App,Successful,N/A,Gauteng
T000007092,A0002126,2026-05-28,17:56:50,Transfer,317.29,Card,Successful,N/A,Eastern Cape
T000007093,A0000334,2026-07-21,21:29:29,Card Purchase,451.02,Card,Successful,Restaurants,Eastern Cape
T000007094,A0002105,2025-04-10,18:45:54,Card Purchase,3999.19,ATM,Successful,Utilities,Eastern Cape
T000007095,A0000029,2025-04-02,17:22:03,Withdrawal,2191.56,Mobile App,Successful,N/A,Limpopo
T000007096,A0002038,2026-07-03,07:26:20,Debit Order,347.04,Mobile App,Successful,N/A,Western Cape
T000007097,A0002271,2026-07-03,09:03:47,Deposit,1923.3,ATM,Successful,N/A,Mpumalanga
T000007098,A0000520,2025-11-21,19:20:54,Card Purchase,188.31,Mobile App,Successful,Healthcare,Gauteng
T000007099,A0000671,2026-05-23,15:33:08,Interest,910.34,Mobile App,Successful,N/A,KwaZulu-Natal
T000007100,A0000485,2025-11-03,14:40:16,Deposit,6629.68,Branch,Successful,N/A,Western Cape
T000007101,A0001706,2026-06-05,11:15:37,Card Purchase,981.17,Card,Successful,Healthcare,Free State
T000007102,A0001466,2023-12-14,15:40:44,Debit Order,1108.88,ATM,Successful,N/A,Limpopo
T000007103,A0000927,2026-04-01,14:07:22,Withdrawal,2217.75,POS,Successful,N/A,Mpumalanga
T000007104,A0001623,2026-01-03,12:35:31,Transfer,193.81,Card,Successful,N/A,Mpumalanga
T000007105,A0001478,2026-05-31,21:20:08,Bank Fee,683.69,Mobile App,Successful,N/A,KwaZulu-Natal
T000007106,A0002346,2026-07-21,09:19:54,Card Purchase,520.69,Internet Banking,Successful,Groceries,Eastern Cape
T000007107,A0002304,2025-05-06,17:25:05,Transfer,400.27,Card,Successful,N/A,KwaZulu-Natal
T000007108,A0002364,2026-06-08,15:36:56,Debit Order,1720.82,Card,Successful,N/A,Gauteng
T000007109,A0000381,2026-03-18,10:06:00,Deposit,2771.67,Card,Successful,N/A,KwaZulu-Natal
T000007110,A0003195,2026-06-18,12:34:54,Withdrawal,167.93,Mobile App,Successful,N/A,Limpopo
T000007111,A0002868,2025-11-05,18:12:58,Interest,1292.4,Card,Successful,N/A,Gauteng
T000007112,A0002356,2024-11-15,12:17:58,Payment,3073.34,Card,Successful,Entertainment,Eastern Cape
T000007113,A0001691,2026-04-28,19:05:09,Deposit,1379.06,Internet Banking,Successful,N/A,Gauteng
T000007114,A0002151,2026-06-28,19:55:31,Deposit,2192.24,ATM,Successful,N/A,Gauteng
T000007115,A0002576,2026-06-23,21:05:26,Card Purchase,1526.66,Card,Successful,Education,Mpumalanga
T000007116,A0002679,2024-12-07,16:44:38,Card Purchase,698.93,POS,Successful,Telecoms,Limpopo
T000007117,A0001201,2026-07-19,06:12:43,Payment,139.14,Card,Successful,Restaurants,Gauteng
T000007118,A0000462,2026-04-16,20:04:23,Debit Order,2014.99,Mobile App,Successful,N/A,KwaZulu-Natal
T000007119,A0001072,2026-07-26,20:44:56,Debit Order,1400.28,ATM,Successful,N/A,KwaZulu-Natal
T000007120,A0002133,2026-03-09,21:28:12,Card Purchase,3304.49,ATM,Successful,Other,KwaZulu-Natal
T000007121,A0001721,2026-06-13,11:03:58,Transfer,4552.32,Branch,Successful,N/A,Eastern Cape
T000007122,A0002788,2025-10-10,18:38:24,Card Purchase,2573.47,POS,Successful,Travel,Gauteng
T000007123,A0002408,2026-06-03,22:19:27,Withdrawal,328.81,Card,Successful,N/A,Western Cape
T000007124,A0002244,2026-05-08,10:12:44,Card Purchase,3207.14,Mobile App,Successful,Fuel,Western Cape
T000007125,A0000086,2025-02-18,22:51:47,Card Purchase,207.32,ATM,Failed,Restaurants,Western Cape
T000007126,A0002956,2026-07-31,13:50:09,Bank Fee,675.41,Mobile App,Successful,N/A,Gauteng
T000007127,A0002344,2025-10-17,12:30:17,Card Purchase,119.47,ATM,Successful,Restaurants,Western Cape
T000007128,A0000167,2026-06-12,15:38:55,Transfer,790.61,POS,Successful,N/A,Gauteng
T000007129,A0003192,2024-10-09,13:58:28,Card Purchase,246.74,Mobile App,Successful,Groceries,Northern Cape
T000007130,A0000240,2025-03-01,20:27:31,Card Purchase,645.51,Mobile App,Successful,Utilities,Western Cape
T000007131,A0001446,2026-07-31,08:52:43,Bank Fee,208.78,Mobile App,Successful,N/A,Gauteng
T000007132,A0001239,2025-02-23,11:20:40,Card Purchase,172.87,POS,Successful,Healthcare,Gauteng
T000007133,A0002769,2026-05-22,17:45:32,Transfer,775.47,Branch,Successful,N/A,Gauteng
T000007134,A0003185,2026-01-31,21:54:16,Transfer,2609.72,POS,Successful,N/A,Gauteng
T000007135,A0000639,2026-07-30,17:24:20,Interest,305.32,POS,Successful,N/A,Gauteng
T000007136,A0001877,2026-05-25,16:45:00,Debit Order,258.84,POS,Successful,N/A,Gauteng
T000007137,A0002436,2026-01-17,07:21:21,Card Purchase,188.06,Branch,Successful,Retail,Gauteng
T000007138,A0001601,2026-07-28,22:48:32,Card Purchase,524.92,Mobile App,Successful,Entertainment,Gauteng
T000007139,A0001574,2025-05-25,18:39:56,Payment,2585.91,Mobile App,Successful,Utilities,KwaZulu-Natal
T000007140,A0001653,2026-07-27,20:00:21,Debit Order,894.55,Mobile App,Successful,N/A,Gauteng
T000007141,A0000182,2026-01-07,20:51:35,Transfer,722.15,Mobile App,Successful,N/A,Western Cape
T000007142,A0001466,2025-06-30,06:18:35,Interest,515.19,POS,Successful,N/A,Limpopo
T000007143,A0001011,2025-05-29,20:34:41,Card Purchase,178.37,Card,Successful,Healthcare,KwaZulu-Natal
T000007144,A0002398,2025-02-17,19:31:37,Transfer,1060.47,Card,Successful,N/A,KwaZulu-Natal
T000007145,A0000394,2026-07-18,12:18:13,Debit Order,628.95,Card,Successful,N/A,Gauteng
T000007146,A0002394,2026-03-13,19:24:39,Card Purchase,284.79,Card,Successful,Entertainment,Free State
T000007147,A0001533,2026-06-20,06:07:09,Transfer,269.46,Mobile App,Successful,N/A,Eastern Cape
T000007148,A0003067,2026-07-30,14:28:01,Transfer,1736.67,Internet Banking,Successful,N/A,Gauteng
T000007149,A0001930,2025-11-26,21:44:09,Payment,2543.32,POS,Successful,Restaurants,KwaZulu-Natal
T000007150,A0000726,2026-06-28,09:18:04,Transfer,263.46,Card,Successful,N/A,Limpopo
T000007151,A0000167,2026-07-23,06:40:29,Card Purchase,414.76,Mobile App,Successful,Telecoms,Gauteng
T000007152,A0000042,2025-12-30,07:52:16,Card Purchase,1439.82,ATM,Successful,Entertainment,Limpopo
T000007153,A0001446,2026-06-22,22:28:01,Payment,692.57,Mobile App,Successful,Fuel,Gauteng
T000007154,A0001922,2026-03-15,12:30:06,Card Purchase,722.42,Branch,Successful,Other,Free State
T000007155,A0000844,2026-05-05,21:32:46,Withdrawal,973.69,Branch,Successful,N/A,Mpumalanga
T000007156,A0002607,2026-05-04,16:55:46,Card Purchase,945.39,POS,Successful,Retail,Mpumalanga
T000007157,A0001432,2026-01-11,22:24:17,Debit Order,5332.51,Internet Banking,Successful,N/A,Gauteng
T000007158,A0001526,2024-11-14,09:42:38,Card Purchase,308.58,Card,Successful,Healthcare,Gauteng
T000007159,A0000645,2026-07-27,11:18:54,Payment,741.66,POS,Successful,Other,KwaZulu-Natal
T000007160,A0002036,2026-04-14,08:26:18,Card Purchase,871.09,Card,Successful,Fuel,Mpumalanga
T000007161,A0001756,2025-12-10,08:04:58,Deposit,4542.11,Card,Successful,N/A,Gauteng
T000007162,A0000870,2026-07-31,12:07:13,Card Purchase,278.35,Card,Successful,Education,KwaZulu-Natal
T000007163,A0002587,2026-05-15,06:42:44,Debit Order,1429.36,Card,Successful,N/A,Western Cape
T000007164,A0002540,2025-11-06,08:00:30,Withdrawal,1441.42,Mobile App,Successful,N/A,KwaZulu-Natal
T000007165,A0000007,2025-12-08,08:35:40,Deposit,1020.9,ATM,Successful,N/A,KwaZulu-Natal
T000007166,A0000935,2026-03-09,17:56:07,Card Purchase,1215.35,POS,Successful,Groceries,Western Cape
T000007167,A0000110,2026-07-19,16:15:03,Debit Order,433.11,Mobile App,Successful,N/A,Gauteng
T000007168,A0001322,2025-06-26,17:38:51,Debit Order,548.48,ATM,Successful,N/A,Mpumalanga
T000007169,A0001854,2026-02-17,21:25:33,Transfer,2097.79,POS,Successful,N/A,Limpopo
T000007170,A0002309,2026-04-22,17:49:40,Debit Order,808.55,Card,Successful,N/A,KwaZulu-Natal
T000007171,A0002354,2026-02-18,17:39:07,Debit Order,2549.2,Mobile App,Successful,N/A,Limpopo
T000007172,A0000405,2026-07-06,08:36:10,Bank Fee,451.55,Card,Successful,N/A,KwaZulu-Natal
T000007173,A0003092,2026-03-24,13:22:49,Transfer,2286.79,POS,Successful,N/A,Gauteng
T000007174,A0000315,2026-04-14,21:54:18,Withdrawal,246.83,Card,Successful,N/A,KwaZulu-Natal
T000007175,A0001198,2026-05-31,15:28:00,Transfer,47.35,Internet Banking,Successful,N/A,Gauteng
T000007176,A0000483,2025-02-13,10:12:14,Debit Order,191.6,Card,Successful,N/A,KwaZulu-Natal
T000007177,A0000738,2026-07-24,19:49:12,Debit Order,829.86,Mobile App,Successful,N/A,KwaZulu-Natal
T000007178,A0000165,2026-07-11,19:49:15,Payment,1955.33,Card,Successful,Groceries,Western Cape
T000007179,A0001000,2026-06-30,13:00:16,Withdrawal,764.78,ATM,Successful,N/A,KwaZulu-Natal
T000007180,A0002191,2026-02-02,22:07:40,Card Purchase,295.47,POS,Successful,Groceries,Western Cape
T000007181,A0002534,2025-09-09,07:51:35,Debit Order,807.12,Branch,Successful,N/A,Gauteng
T000007182,A0000181,2026-07-03,13:01:00,Transfer,1382.52,Branch,Successful,N/A,Gauteng
T000007183,A0000341,2025-04-25,22:17:04,Card Purchase,125.11,ATM,Successful,Other,Free State
T000007184,A0000772,2026-02-22,07:48:00,Payment,852.48,Card,Successful,Education,Gauteng
T000007185,A0001626,2026-07-28,09:56:40,Debit Order,273.2,Mobile App,Successful,N/A,Western Cape
T000007186,A0001266,2026-05-14,22:16:54,Transfer,3298.92,POS,Successful,N/A,Limpopo
T000007187,A0000722,2026-06-22,15:13:02,Transfer,170.76,POS,Successful,N/A,Limpopo
T000007188,A0000424,2025-11-13,14:42:41,Debit Order,594.31,Internet Banking,Successful,N/A,Gauteng
T000007189,A0002053,2026-04-17,16:28:30,Deposit,668.95,Branch,Successful,N/A,Western Cape
T000007190,A0001346,2024-09-25,16:14:20,Withdrawal,164.2,Card,Successful,N/A,Western Cape
T000007191,A0002406,2026-04-03,12:28:40,Card Purchase,2137.86,Mobile App,Successful,Other,Limpopo
T000007192,A0002025,2025-02-18,14:31:17,Transfer,363.59,POS,Successful,N/A,Gauteng
T000007193,A0001112,2026-07-29,08:05:28,Payment,368.65,Mobile App,Successful,Travel,Gauteng
T000007194,A0002898,2026-03-20,20:05:54,Deposit,2942.96,Mobile App,Successful,N/A,KwaZulu-Natal
T000007195,A0002292,2025-11-19,06:58:40,Withdrawal,631.62,Mobile App,Successful,N/A,Western Cape
T000007196,A0001466,2024-09-03,18:08:31,Deposit,3978.89,Mobile App,Successful,N/A,Limpopo
T000007197,A0001132,2026-04-21,08:07:42,Withdrawal,844.47,Card,Successful,N/A,Western Cape
T000007198,A0000221,2026-02-21,12:42:44,Transfer,298.6,Card,Successful,N/A,Free State
T000007199,A0001237,2025-08-02,17:19:55,Debit Order,607.16,Branch,Successful,N/A,Mpumalanga
T000007200,A0002210,2026-03-24,15:05:52,Withdrawal,450.36,Internet Banking,Successful,N/A,Gauteng
T000007201,A0002368,2025-07-29,22:30:05,Debit Order,4187.22,POS,Successful,N/A,Western Cape
T000007202,A0000670,2026-07-04,21:19:06,Withdrawal,1769.1,Mobile App,Successful,N/A,Gauteng
T000007203,A0000414,2026-07-27,15:13:23,Transfer,2479.2,Card,Successful,N/A,Western Cape
T000007204,A0000798,2025-05-21,11:59:44,Card Purchase,307.09,Branch,Successful,Groceries,KwaZulu-Natal
T000007205,A0001332,2025-10-15,18:04:45,Card Purchase,1160.34,Mobile App,Successful,Healthcare,Limpopo
T000007206,A0002807,2026-06-27,19:42:34,Debit Order,576.27,Internet Banking,Successful,N/A,Gauteng
T000007207,A0001863,2026-02-14,13:31:49,Transfer,225.42,Card,Successful,N/A,Western Cape
T000007208,A0000874,2026-03-03,22:30:44,Card Purchase,129.52,Card,Successful,Utilities,Western Cape
T000007209,A0002810,2026-01-22,20:56:37,Card Purchase,1794.02,Mobile App,Successful,Restaurants,Eastern Cape
T000007210,A0002887,2023-12-28,15:17:02,Transfer,302.57,POS,Successful,N/A,North West
T000007211,A0002642,2025-11-26,20:08:38,Debit Order,707.55,ATM,Successful,N/A,Northern Cape
T000007212,A0002204,2026-06-28,15:48:05,Interest,1044.24,Card,Successful,N/A,KwaZulu-Natal
T000007213,A0001853,2026-05-13,09:18:57,Card Purchase,1067.42,ATM,Successful,Restaurants,KwaZulu-Natal
T000007214,A0002162,2025-04-05,10:53:53,Withdrawal,608.1,Internet Banking,Successful,N/A,Gauteng
T000007215,A0002653,2025-11-29,09:12:14,Transfer,1084.0,ATM,Successful,N/A,Eastern Cape
T000007216,A0002321,2024-02-05,14:00:46,Card Purchase,1274.32,Card,Successful,Restaurants,Free State
T000007217,A0002067,2026-07-14,06:20:33,Debit Order,931.36,ATM,Successful,N/A,Gauteng
T000007218,A0000661,2025-10-02,12:04:08,Payment,1973.0,Mobile App,Successful,Telecoms,Gauteng
T000007219,A0002045,2025-09-02,09:20:17,Transfer,1312.84,Branch,Successful,N/A,Eastern Cape
T000007220,A0000931,2023-06-05,15:24:15,Deposit,1444.75,Card,Successful,N/A,Eastern Cape
T000007221,A0001818,2025-01-13,09:27:05,Card Purchase,3233.67,Mobile App,Successful,Healthcare,Gauteng
T000007222,A0002490,2026-07-30,06:42:35,Card Purchase,604.66,Card,Successful,Entertainment,KwaZulu-Natal
T000007223,A0001863,2026-04-29,14:09:31,Deposit,3863.44,POS,Successful,N/A,Western Cape
T000007224,A0000796,2026-07-25,09:27:10,Card Purchase,616.65,Mobile App,Successful,Utilities,Eastern Cape
T000007225,A0000997,2025-11-13,15:38:08,Card Purchase,1608.71,Mobile App,Successful,Travel,Gauteng
T000007226,A0001079,2024-12-19,14:38:11,Transfer,1332.94,POS,Successful,N/A,Free State
T000007227,A0002136,2025-10-25,11:15:41,Transfer,889.96,Card,Successful,N/A,KwaZulu-Natal
T000007228,A0001938,2026-06-26,06:47:11,Transfer,139.63,Branch,Successful,N/A,Gauteng
T000007229,A0002678,2026-07-26,20:55:17,Transfer,54.24,ATM,Successful,N/A,Gauteng
T000007230,A0000667,2025-11-29,17:33:20,Withdrawal,335.32,ATM,Successful,N/A,Gauteng
T000007231,A0001374,2026-07-10,08:35:23,Card Purchase,581.92,Card,Successful,Retail,Gauteng
T000007232,A0002422,2025-10-20,22:51:03,Transfer,685.83,Card,Successful,N/A,Gauteng
T000007233,A0001649,2026-05-05,16:54:44,Transfer,90.66,Mobile App,Successful,N/A,Gauteng
T000007234,A0001165,2026-04-11,22:49:18,Card Purchase,503.9,Branch,Successful,Telecoms,Gauteng
T000007235,A0000229,2025-12-16,15:22:55,Debit Order,219.18,Card,Successful,N/A,Western Cape
T000007236,A0002678,2026-07-23,14:57:17,Transfer,390.78,Internet Banking,Successful,N/A,Gauteng
T000007237,A0001361,2026-06-27,07:57:03,Payment,310.68,ATM,Successful,Restaurants,Western Cape
T000007238,A0002562,2026-07-08,11:57:17,Card Purchase,569.67,Card,Successful,Healthcare,Western Cape
T000007239,A0002945,2023-11-11,21:33:39,Deposit,3810.93,Mobile App,Successful,N/A,Western Cape
T000007240,A0001652,2026-07-31,07:18:37,Deposit,1397.03,ATM,Successful,N/A,North West
T000007241,A0000159,2026-05-22,15:39:26,Interest,1551.24,ATM,Successful,N/A,Gauteng
T000007242,A0000808,2025-05-13,11:47:48,Bank Fee,1492.45,ATM,Successful,N/A,Limpopo
T000007243,A0002064,2026-05-13,10:19:45,Debit Order,588.26,Mobile App,Successful,N/A,KwaZulu-Natal
T000007244,A0000718,2026-06-08,15:11:35,Card Purchase,555.11,ATM,Successful,Telecoms,Gauteng
T000007245,A0002724,2026-04-22,11:57:31,Card Purchase,4373.73,POS,Successful,Education,Gauteng
T000007246,A0000457,2026-07-18,08:41:58,Withdrawal,1907.83,Card,Successful,N/A,Gauteng
T000007247,A0001819,2025-07-04,16:31:45,Payment,144.51,Internet Banking,Successful,Utilities,Gauteng
T000007248,A0001347,2026-05-18,13:19:14,Payment,472.64,Branch,Successful,Fuel,Western Cape
T000007249,A0000922,2026-04-22,16:36:43,Card Purchase,452.63,Branch,Successful,Telecoms,Western Cape
T000007250,A0001802,2026-07-25,21:48:57,Card Purchase,1441.16,ATM,Successful,Restaurants,Western Cape
T000007251,A0002338,2023-06-02,11:48:02,Transfer,404.37,Card,Successful,N/A,Gauteng
T000007252,A0003125,2026-06-07,09:08:14,Transfer,986.34,Card,Successful,N/A,North West
T000007253,A0001072,2026-07-25,06:00:51,Card Purchase,1087.24,Card,Successful,Entertainment,KwaZulu-Natal
T000007254,A0001203,2026-01-03,18:38:59,Card Purchase,351.24,Internet Banking,Successful,Retail,KwaZulu-Natal
T000007255,A0001663,2026-07-31,16:49:40,Card Purchase,283.96,Mobile App,Successful,Other,Western Cape
T000007256,A0000542,2026-06-24,14:42:48,Transfer,1029.25,Card,Successful,N/A,Gauteng
T000007257,A0002005,2026-07-19,22:55:13,Debit Order,2411.06,ATM,Successful,N/A,Free State
T000007258,A0000414,2026-07-22,06:18:08,Transfer,1746.11,Card,Successful,N/A,Western Cape
T000007259,A0001911,2026-06-21,07:21:40,Card Purchase,125.29,ATM,Successful,Fuel,KwaZulu-Natal
T000007260,A0002576,2026-07-16,20:07:20,Bank Fee,1097.11,Internet Banking,Successful,N/A,Mpumalanga
T000007261,A0000089,2024-07-02,22:20:16,Debit Order,228.39,ATM,Successful,N/A,Western Cape
T000007262,A0002156,2026-06-03,20:37:47,Card Purchase,1099.93,Card,Successful,Travel,Western Cape
T000007263,A0001008,2026-07-17,17:27:29,Debit Order,172.48,POS,Successful,N/A,Limpopo
T000007264,A0000371,2026-03-18,06:35:00,Debit Order,258.78,ATM,Successful,N/A,KwaZulu-Natal
T000007265,A0002947,2026-06-07,15:18:49,Interest,311.74,Card,Successful,N/A,North West
T000007266,A0002752,2025-03-13,09:08:39,Card Purchase,1402.53,POS,Successful,Restaurants,Gauteng
T000007267,A0003025,2026-07-12,09:14:53,Card Purchase,449.04,Mobile App,Successful,Retail,Gauteng
T000007268,A0000029,2025-08-22,15:53:45,Debit Order,1810.61,Mobile App,Successful,N/A,Limpopo
T000007269,A0002069,2026-01-17,16:33:15,Debit Order,2524.84,Mobile App,Successful,N/A,Gauteng
T000007270,A0001690,2026-06-03,12:16:26,Card Purchase,891.26,POS,Successful,Fuel,Gauteng
T000007271,A0001807,2026-07-04,12:42:20,Card Purchase,1628.74,Internet Banking,Successful,Groceries,Western Cape
T000007272,A0001082,2026-07-24,20:09:53,Card Purchase,3922.93,Mobile App,Successful,Telecoms,Gauteng
T000007273,A0000214,2025-01-15,10:52:29,Deposit,2107.4,Internet Banking,Successful,N/A,KwaZulu-Natal
T000007274,A0003165,2026-07-01,18:56:59,Card Purchase,2232.67,Mobile App,Successful,Utilities,Gauteng
T000007275,A0003007,2026-06-28,10:13:28,Payment,426.2,Card,Successful,Retail,Eastern Cape
T000007276,A0001839,2026-07-23,20:50:41,Bank Fee,727.74,ATM,Successful,N/A,Gauteng
T000007277,A0001256,2025-12-20,13:33:09,Debit Order,232.33,Internet Banking,Successful,N/A,Gauteng
T000007278,A0000778,2026-06-21,11:37:46,Transfer,88.38,ATM,Successful,N/A,Gauteng
T000007279,A0003064,2026-02-09,20:02:07,Debit Order,305.81,Mobile App,Successful,N/A,Western Cape
T000007280,A0001501,2026-06-09,08:57:57,Debit Order,583.52,ATM,Successful,N/A,Gauteng
T000007281,A0003062,2026-06-25,12:34:08,Transfer,70.91,POS,Successful,N/A,Free State
T000007282,A0001832,2026-02-16,16:54:50,Deposit,2161.91,Mobile App,Successful,N/A,Eastern Cape
T000007283,A0000032,2026-07-04,19:12:56,Payment,209.69,Internet Banking,Successful,Entertainment,Western Cape
T000007284,A0002816,2026-07-15,20:20:53,Card Purchase,1218.67,Card,Successful,Restaurants,Gauteng
T000007285,A0000650,2026-02-07,17:50:01,Transfer,715.98,Mobile App,Successful,N/A,Western Cape
T000007286,A0002392,2025-09-12,06:59:56,Payment,1100.5,Mobile App,Successful,Utilities,Limpopo
T000007287,A0002593,2025-09-29,08:05:02,Debit Order,1194.75,Mobile App,Successful,N/A,Limpopo
T000007288,A0000880,2025-12-21,08:41:35,Transfer,513.83,POS,Successful,N/A,Gauteng
T000007289,A0001119,2026-07-30,13:56:45,Debit Order,242.13,Card,Successful,N/A,Eastern Cape
T000007290,A0002523,2026-07-29,06:08:07,Debit Order,303.69,Internet Banking,Successful,N/A,Western Cape
T000007291,A0002995,2025-07-03,12:50:41,Payment,410.53,Card,Successful,Other,Limpopo
T000007292,A0001861,2025-11-12,07:03:18,Payment,971.99,Internet Banking,Successful,Telecoms,Gauteng
T000007293,A0001444,2026-07-26,18:05:20,Card Purchase,188.68,Internet Banking,Successful,Utilities,Limpopo
T000007294,A0000956,2026-07-24,14:24:45,Transfer,1296.88,Branch,Successful,N/A,KwaZulu-Natal
T000007295,A0000406,2025-12-30,16:47:51,Withdrawal,366.98,Internet Banking,Successful,N/A,KwaZulu-Natal
T000007296,A0001910,2026-06-14,22:54:10,Card Purchase,182.22,Mobile App,Successful,Groceries,Gauteng
T000007297,A0000975,2026-07-28,13:17:24,Withdrawal,484.73,Card,Failed,N/A,KwaZulu-Natal
T000007298,A0003068,2026-07-30,07:33:05,Payment,333.28,Mobile App,Successful,Utilities,Western Cape
T000007299,A0002408,2025-02-18,13:45:24,Transfer,225.28,Card,Successful,N/A,Western Cape
T000007300,A0000001,2026-02-10,16:37:26,Bank Fee,581.88,POS,Successful,N/A,Western Cape
T000007301,A0000763,2026-07-01,09:58:00,Payment,312.95,Branch,Successful,Restaurants,Gauteng
T000007302,A0000805,2026-05-29,19:41:32,Payment,207.16,Card,Successful,Restaurants,North West
T000007303,A0003063,2026-03-06,14:08:51,Debit Order,600.76,Mobile App,Successful,N/A,KwaZulu-Natal
T000007304,A0001301,2026-07-29,19:08:23,Card Purchase,274.93,ATM,Successful,Restaurants,Gauteng
T000007305,A0001165,2025-02-28,22:05:47,Debit Order,1542.27,POS,Successful,N/A,Gauteng
T000007306,A0002237,2025-06-27,15:57:27,Debit Order,563.2,ATM,Successful,N/A,Gauteng
T000007307,A0002500,2026-06-04,17:21:08,Card Purchase,1167.34,ATM,Successful,Other,KwaZulu-Natal
T000007308,A0002658,2026-01-20,22:54:45,Card Purchase,247.12,POS,Successful,Education,Free State
T000007309,A0000885,2026-07-23,22:39:36,Debit Order,1023.78,Mobile App,Successful,N/A,Gauteng
T000007310,A0000646,2026-05-25,16:19:50,Card Purchase,437.99,Mobile App,Successful,Groceries,Mpumalanga
T000007311,A0001522,2025-08-24,07:34:56,Debit Order,784.97,ATM,Successful,N/A,KwaZulu-Natal
T000007312,A0002484,2026-07-09,19:43:25,Card Purchase,2174.1,Internet Banking,Successful,Retail,Eastern Cape
T000007313,A0001628,2024-11-17,19:08:09,Bank Fee,400.79,Card,Successful,N/A,Western Cape
T000007314,A0002265,2025-09-22,12:04:15,Card Purchase,144.79,ATM,Successful,Utilities,Limpopo
T000007315,A0002530,2026-04-28,07:05:30,Payment,175.37,Card,Successful,Restaurants,Gauteng
T000007316,A0000461,2026-05-31,12:55:22,Transfer,1138.21,POS,Successful,N/A,Western Cape
T000007317,A0000277,2026-07-27,16:45:26,Card Purchase,366.46,Mobile App,Successful,Groceries,KwaZulu-Natal
T000007318,A0002032,2025-05-05,17:21:22,Withdrawal,546.78,Mobile App,Successful,N/A,Gauteng
T000007319,A0001609,2026-06-08,12:32:09,Card Purchase,1193.71,Internet Banking,Successful,Entertainment,KwaZulu-Natal
T000007320,A0000494,2026-06-09,12:08:38,Bank Fee,38.62,Branch,Successful,N/A,Gauteng
T000007321,A0000106,2026-05-06,13:27:54,Card Purchase,345.4,Branch,Successful,Education,Western Cape
T000007322,A0002563,2025-08-28,20:13:22,Card Purchase,347.23,POS,Successful,Education,KwaZulu-Natal
T000007323,A0003048,2025-11-04,20:42:13,Transfer,125.02,Mobile App,Successful,N/A,KwaZulu-Natal
T000007324,A0001293,2026-06-08,12:35:01,Transfer,486.86,POS,Successful,N/A,Gauteng
T000007325,A0002110,2025-12-23,14:12:28,Debit Order,369.88,POS,Successful,N/A,KwaZulu-Natal
T000007326,A0003150,2026-07-03,18:50:31,Withdrawal,3726.34,Internet Banking,Successful,N/A,Gauteng
T000007327,A0001708,2026-04-20,11:38:59,Deposit,2014.32,Mobile App,Successful,N/A,Western Cape
T000007328,A0000525,2025-06-16,12:17:44,Card Purchase,217.37,Mobile App,Successful,Retail,Mpumalanga
T000007329,A0001211,2026-04-22,08:17:46,Transfer,550.28,Mobile App,Successful,N/A,Limpopo
T000007330,A0002628,2026-01-28,16:17:35,Card Purchase,760.21,ATM,Successful,Other,KwaZulu-Natal
T000007331,A0002352,2025-05-29,21:26:31,Card Purchase,352.96,Card,Successful,Other,Gauteng
T000007332,A0001271,2025-01-05,08:37:22,Card Purchase,163.2,ATM,Successful,Other,Gauteng
T000007333,A0001520,2026-03-04,19:09:12,Deposit,1712.96,Internet Banking,Successful,N/A,Western Cape
T000007334,A0002012,2026-01-25,09:08:53,Card Purchase,1571.11,POS,Successful,Education,Western Cape
T000007335,A0000599,2025-03-27,12:15:31,Payment,553.47,Card,Successful,Utilities,Gauteng
T000007336,A0000317,2025-08-13,15:39:25,Transfer,995.91,ATM,Successful,N/A,Gauteng
T000007337,A0001557,2026-07-12,15:37:05,Interest,296.57,Mobile App,Successful,N/A,Gauteng
T000007338,A0001474,2026-03-21,20:52:36,Debit Order,1028.87,Card,Successful,N/A,Free State
T000007339,A0001147,2026-04-02,11:36:06,Interest,1528.81,Mobile App,Successful,N/A,KwaZulu-Natal
T000007340,A0002976,2024-12-27,22:49:27,Card Purchase,1718.82,ATM,Successful,Travel,Eastern Cape
T000007341,A0001909,2026-02-20,13:45:03,Card Purchase,767.05,Mobile App,Successful,Fuel,Gauteng
T000007342,A0001303,2024-09-13,09:55:15,Payment,1882.23,ATM,Successful,Groceries,Gauteng
T000007343,A0000239,2024-10-12,07:27:05,Debit Order,586.11,Card,Successful,N/A,Gauteng
T000007344,A0001934,2026-07-27,22:45:23,Card Purchase,243.78,Internet Banking,Successful,Utilities,Limpopo
T000007345,A0001053,2026-06-13,12:18:23,Transfer,4773.86,Internet Banking,Successful,N/A,Western Cape
T000007346,A0001630,2025-02-04,19:44:56,Debit Order,498.46,POS,Successful,N/A,Mpumalanga
T000007347,A0002879,2026-01-15,17:31:36,Card Purchase,709.56,Card,Successful,Retail,Eastern Cape
T000007348,A0000823,2026-06-30,12:05:10,Card Purchase,1732.75,Mobile App,Successful,Other,Western Cape
T000007349,A0000139,2024-10-25,07:09:11,Deposit,11194.61,POS,Successful,N/A,KwaZulu-Natal
T000007350,A0000932,2026-07-31,14:17:24,Payment,503.53,Mobile App,Successful,Retail,Gauteng
T000007351,A0000534,2026-02-22,15:31:15,Debit Order,827.78,Mobile App,Successful,N/A,Limpopo
T000007352,A0000812,2026-07-08,19:12:46,Card Purchase,228.96,Card,Successful,Other,KwaZulu-Natal
T000007353,A0001442,2026-07-18,16:48:03,Card Purchase,121.84,Mobile App,Successful,Education,Eastern Cape
T000007354,A0002768,2025-07-20,08:22:49,Payment,1520.66,Mobile App,Successful,Retail,Gauteng
T000007355,A0002089,2026-07-03,17:03:32,Debit Order,8001.97,Mobile App,Successful,N/A,Mpumalanga
T000007356,A0002356,2025-06-02,11:02:28,Transfer,1512.28,ATM,Successful,N/A,Eastern Cape
T000007357,A0001122,2026-07-23,16:53:23,Payment,375.7,Card,Successful,Groceries,KwaZulu-Natal
T000007358,A0002483,2024-08-15,15:56:57,Transfer,787.62,Mobile App,Successful,N/A,Limpopo
T000007359,A0002038,2026-05-06,20:04:45,Card Purchase,302.87,POS,Successful,Education,Western Cape
T000007360,A0001320,2026-07-27,13:27:09,Transfer,431.25,Mobile App,Successful,N/A,Mpumalanga
T000007361,A0000953,2026-06-01,09:49:03,Deposit,1122.49,Mobile App,Successful,N/A,Limpopo
T000007362,A0002076,2026-02-20,06:53:29,Card Purchase,799.66,POS,Successful,Telecoms,KwaZulu-Natal
T000007363,A0002499,2026-06-19,18:15:05,Withdrawal,77.2,Card,Successful,N/A,Gauteng
T000007364,A0000484,2025-08-28,16:21:03,Transfer,1231.52,POS,Successful,N/A,Free State
T000007365,A0001596,2025-06-03,11:53:05,Transfer,1726.54,Card,Successful,N/A,Gauteng
T000007366,A0002378,2025-10-22,19:27:40,Debit Order,125.24,Card,Successful,N/A,KwaZulu-Natal
T000007367,A0001192,2026-01-07,08:41:29,Payment,747.92,Internet Banking,Successful,Travel,Gauteng
T000007368,A0002997,2024-10-03,12:42:59,Deposit,4732.24,ATM,Successful,N/A,Limpopo
T000007369,A0002708,2026-07-13,20:29:23,Transfer,133.18,ATM,Successful,N/A,Eastern Cape
T000007370,A0003175,2026-07-18,20:43:54,Transfer,185.93,POS,Successful,N/A,Western Cape
T000007371,A0002522,2025-01-22,12:00:21,Transfer,109.51,Card,Successful,N/A,Gauteng
T000007372,A0001710,2026-02-27,15:51:15,Payment,817.95,POS,Successful,Groceries,Mpumalanga
T000007373,A0000742,2025-04-27,06:46:20,Transfer,726.28,Card,Successful,N/A,Gauteng
T000007374,A0003079,2026-07-17,10:28:21,Debit Order,531.96,Internet Banking,Successful,N/A,Gauteng
T000007375,A0002420,2026-04-21,09:10:23,Transfer,274.83,Card,Successful,N/A,Western Cape
T000007376,A0001920,2026-07-09,09:15:33,Transfer,681.37,Branch,Successful,N/A,Limpopo
T000007377,A0002896,2026-07-31,06:08:13,Transfer,663.61,Branch,Successful,N/A,KwaZulu-Natal
T000007378,A0003018,2026-05-18,09:04:05,Payment,77.08,Mobile App,Successful,Travel,KwaZulu-Natal
T000007379,A0002023,2026-06-27,21:30:17,Card Purchase,2896.48,Card,Successful,Travel,KwaZulu-Natal
T000007380,A0002260,2025-09-12,09:03:54,Payment,6841.34,Card,Successful,Entertainment,Gauteng
T000007381,A0000417,2026-06-17,14:46:40,Withdrawal,276.14,Internet Banking,Successful,N/A,KwaZulu-Natal
T000007382,A0001200,2025-05-23,13:33:33,Transfer,2944.18,Branch,Successful,N/A,Gauteng
T000007383,A0001541,2025-07-11,14:54:37,Card Purchase,503.16,Branch,Successful,Fuel,Gauteng
T000007384,A0001149,2026-05-15,09:35:33,Card Purchase,1537.75,Mobile App,Successful,Telecoms,Western Cape
T000007385,A0001938,2026-07-12,13:02:10,Card Purchase,742.12,ATM,Successful,Telecoms,Gauteng
T000007386,A0003130,2026-07-02,20:47:50,Card Purchase,1090.18,ATM,Successful,Fuel,Gauteng
T000007387,A0002207,2026-07-12,06:31:01,Transfer,863.66,Card,Successful,N/A,Mpumalanga
T000007388,A0001435,2026-05-11,13:59:29,Transfer,323.09,Mobile App,Successful,N/A,Gauteng
T000007389,A0000150,2025-08-20,11:24:57,Payment,2008.52,Mobile App,Successful,Other,Free State
T000007390,A0003089,2024-07-21,17:20:21,Debit Order,1213.18,POS,Successful,N/A,Gauteng
T000007391,A0000930,2026-07-29,13:41:11,Transfer,5286.7,Card,Successful,N/A,Gauteng
T000007392,A0001460,2025-08-04,06:54:55,Card Purchase,2217.8,ATM,Successful,Restaurants,Eastern Cape
T000007393,A0000661,2025-03-29,11:44:25,Transfer,992.99,POS,Successful,N/A,Gauteng
T000007394,A0001848,2025-05-02,11:02:45,Payment,266.13,Card,Successful,Utilities,Gauteng
T000007395,A0001046,2024-02-18,08:15:39,Debit Order,589.74,POS,Successful,N/A,Gauteng
T000007396,A0000878,2025-10-12,15:21:02,Payment,1186.12,POS,Successful,Utilities,KwaZulu-Natal
T000007397,A0001799,2026-01-15,15:01:25,Card Purchase,238.43,Card,Successful,Fuel,Western Cape
T000007398,A0001785,2026-07-18,19:30:01,Debit Order,2535.18,Mobile App,Successful,N/A,Mpumalanga
T000007399,A0000545,2026-03-25,06:47:04,Withdrawal,900.32,Mobile App,Successful,N/A,Gauteng
T000007400,A0000929,2024-01-10,21:04:59,Card Purchase,1484.75,Card,Successful,Groceries,Gauteng
T000007401,A0001552,2026-07-15,22:53:12,Debit Order,1853.83,POS,Successful,N/A,Eastern Cape
T000007402,A0000661,2026-02-05,17:27:49,Card Purchase,3635.51,POS,Successful,Travel,Gauteng
T000007403,A0000519,2024-09-07,14:46:44,Card Purchase,455.25,Branch,Successful,Fuel,KwaZulu-Natal
T000007404,A0000952,2024-08-29,08:25:43,Payment,402.13,ATM,Successful,Fuel,KwaZulu-Natal
T000007405,A0001419,2026-06-06,16:30:53,Transfer,890.64,Branch,Failed,N/A,Gauteng
T000007406,A0000674,2026-04-19,19:04:27,Withdrawal,449.91,POS,Failed,N/A,Gauteng
T000007407,A0002201,2026-07-07,07:12:52,Card Purchase,381.8,Branch,Successful,Other,KwaZulu-Natal
T000007408,A0001781,2025-11-25,06:43:47,Card Purchase,563.31,Branch,Successful,Education,Limpopo
T000007409,A0000392,2026-07-20,19:54:30,Payment,8764.27,Card,Successful,Restaurants,Free State
T000007410,A0001107,2026-05-09,21:26:11,Deposit,2835.73,Card,Successful,N/A,Western Cape
T000007411,A0000317,2026-06-23,09:44:44,Debit Order,1934.9,Card,Successful,N/A,Gauteng
T000007412,A0000061,2026-04-05,08:48:56,Card Purchase,486.35,Internet Banking,Successful,Telecoms,North West
T000007413,A0002766,2026-07-21,21:13:07,Card Purchase,549.43,Branch,Successful,Healthcare,Gauteng
T000007414,A0002348,2026-05-13,08:59:39,Card Purchase,902.92,ATM,Successful,Entertainment,Western Cape
T000007415,A0001122,2026-06-03,17:57:50,Deposit,3357.38,ATM,Successful,N/A,KwaZulu-Natal
T000007416,A0001947,2026-03-30,11:14:33,Card Purchase,218.08,POS,Successful,Retail,KwaZulu-Natal
T000007417,A0002383,2025-01-05,10:13:25,Deposit,3481.19,Mobile App,Successful,N/A,Gauteng
T000007418,A0002026,2026-07-31,08:11:47,Card Purchase,191.05,Mobile App,Successful,Telecoms,Western Cape
T000007419,A0001265,2026-06-06,09:34:32,Debit Order,737.08,Card,Successful,N/A,Gauteng
T000007420,A0001336,2026-06-26,20:46:44,Payment,2110.17,Card,Successful,Healthcare,North West
T000007421,A0000321,2026-05-26,17:12:06,Bank Fee,1634.6,Mobile App,Successful,N/A,Eastern Cape
T000007422,A0000512,2026-02-03,21:04:24,Card Purchase,1859.91,ATM,Successful,Telecoms,KwaZulu-Natal
T000007423,A0000010,2026-01-28,09:16:19,Interest,652.86,Card,Successful,N/A,KwaZulu-Natal
T000007424,A0002072,2025-10-30,06:32:24,Transfer,986.03,POS,Successful,N/A,Mpumalanga
T000007425,A0001701,2026-01-22,16:31:19,Transfer,297.13,ATM,Successful,N/A,KwaZulu-Natal
T000007426,A0000752,2026-03-12,17:58:51,Card Purchase,315.23,POS,Successful,Retail,Gauteng
T000007427,A0001092,2025-09-25,18:17:45,Card Purchase,11120.42,Branch,Successful,Groceries,KwaZulu-Natal
T000007428,A0001743,2026-03-07,09:29:52,Card Purchase,2568.1,Mobile App,Successful,Travel,Eastern Cape
T000007429,A0002795,2025-05-01,20:27:33,Withdrawal,664.44,Internet Banking,Successful,N/A,Gauteng
T000007430,A0000544,2025-07-16,17:37:44,Transfer,565.02,ATM,Successful,N/A,Western Cape
T000007431,A0000487,2026-02-20,11:49:45,Deposit,6101.92,ATM,Successful,N/A,Gauteng
T000007432,A0001025,2026-07-05,16:54:00,Card Purchase,2510.6,POS,Successful,Entertainment,KwaZulu-Natal
T000007433,A0001818,2026-05-21,15:18:43,Transfer,861.39,Card,Successful,N/A,Gauteng
T000007434,A0002986,2026-07-30,19:24:13,Card Purchase,96.39,Mobile App,Successful,Telecoms,Eastern Cape
T000007435,A0002309,2024-12-21,07:49:38,Card Purchase,506.18,POS,Successful,Education,KwaZulu-Natal
T000007436,A0002107,2026-06-27,19:48:38,Card Purchase,649.34,Card,Successful,Restaurants,Limpopo
T000007437,A0002394,2026-03-29,12:10:37,Transfer,1569.69,ATM,Successful,N/A,Free State
T000007438,A0002970,2025-09-04,21:32:20,Withdrawal,626.57,Card,Successful,N/A,Limpopo
T000007439,A0002807,2026-04-02,22:25:26,Card Purchase,2634.28,Mobile App,Successful,Fuel,Gauteng
T000007440,A0002417,2025-08-24,06:34:38,Card Purchase,150.85,Internet Banking,Successful,Other,Limpopo
T000007441,A0000242,2026-05-27,12:34:49,Payment,222.16,POS,Successful,Retail,Gauteng
T000007442,A0001637,2026-06-04,14:50:20,Payment,489.4,Mobile App,Successful,Utilities,Western Cape
T000007443,A0002704,2026-06-29,06:21:03,Card Purchase,111.07,Card,Successful,Telecoms,Western Cape
T000007444,A0000076,2026-07-25,11:03:42,Card Purchase,1521.56,POS,Successful,Education,Mpumalanga
T000007445,A0002058,2026-05-26,18:52:31,Card Purchase,145.9,Internet Banking,Successful,Telecoms,KwaZulu-Natal
T000007446,A0002074,2026-07-28,06:01:15,Debit Order,92.68,Mobile App,Successful,N/A,Western Cape
T000007447,A0002513,2025-12-05,09:30:17,Transfer,1879.39,Mobile App,Successful,N/A,KwaZulu-Natal
T000007448,A0000328,2025-12-07,22:30:18,Transfer,206.29,ATM,Successful,N/A,North West
T000007449,A0002499,2026-06-22,19:56:24,Deposit,503.24,ATM,Successful,N/A,Gauteng
T000007450,A0000517,2025-12-11,09:09:24,Payment,246.18,Mobile App,Reversed,Healthcare,Gauteng
T000007451,A0001599,2025-10-25,22:58:54,Transfer,3334.42,POS,Successful,N/A,Western Cape
T000007452,A0000804,2025-11-26,20:54:59,Card Purchase,1171.12,Mobile App,Successful,Fuel,Gauteng
T000007453,A0000820,2026-06-08,22:48:39,Debit Order,226.7,POS,Successful,N/A,Western Cape
T000007454,A0001697,2026-07-19,12:47:36,Card Purchase,399.18,POS,Successful,Retail,Free State
T000007455,A0002001,2025-12-06,12:12:37,Card Purchase,976.54,ATM,Successful,Other,Western Cape
T000007456,A0000033,2026-07-09,20:24:24,Debit Order,180.29,Internet Banking,Successful,N/A,Northern Cape
T000007457,A0001377,2025-11-24,16:02:47,Transfer,227.8,Card,Successful,N/A,Western Cape
T000007458,A0000551,2025-09-15,20:10:09,Transfer,595.57,POS,Successful,N/A,KwaZulu-Natal
T000007459,A0000426,2025-01-24,08:13:39,Transfer,1632.01,ATM,Successful,N/A,Limpopo
T000007460,A0000453,2026-07-26,09:38:22,Payment,481.66,Mobile App,Successful,Telecoms,Western Cape
T000007461,A0001708,2026-04-05,13:17:21,Card Purchase,1955.54,Mobile App,Successful,Retail,Western Cape
T000007462,A0001269,2025-03-17,20:29:09,Transfer,144.49,ATM,Successful,N/A,Gauteng
T000007463,A0002034,2026-06-03,15:44:47,Transfer,517.62,Mobile App,Successful,N/A,Eastern Cape
T000007464,A0000245,2026-07-31,13:54:47,Card Purchase,114.72,Card,Successful,Restaurants,KwaZulu-Natal
T000007465,A0001820,2026-06-27,13:11:14,Card Purchase,469.29,Internet Banking,Successful,Entertainment,Mpumalanga
T000007466,A0001492,2026-03-23,13:52:46,Debit Order,648.61,Branch,Successful,N/A,KwaZulu-Natal
T000007467,A0000477,2026-07-20,21:13:22,Card Purchase,65.21,Mobile App,Successful,Telecoms,KwaZulu-Natal
T000007468,A0001631,2024-09-12,08:47:35,Card Purchase,1919.94,Internet Banking,Successful,Fuel,Limpopo
T000007469,A0001715,2025-10-18,16:07:41,Deposit,1392.96,ATM,Successful,N/A,Western Cape
T000007470,A0000191,2024-04-27,14:00:50,Debit Order,872.2,POS,Successful,N/A,Western Cape
T000007471,A0002095,2026-01-06,08:30:43,Card Purchase,1437.3,POS,Successful,Healthcare,Gauteng
T000007472,A0001406,2026-06-14,16:44:28,Transfer,970.97,POS,Successful,N/A,Gauteng
T000007473,A0001838,2026-07-30,09:45:12,Card Purchase,47.88,Internet Banking,Successful,Retail,Gauteng
T000007474,A0002264,2026-07-24,16:23:33,Transfer,498.09,POS,Successful,N/A,Gauteng
T000007475,A0000412,2026-04-05,08:22:18,Transfer,579.5,ATM,Successful,N/A,Northern Cape
T000007476,A0002868,2026-03-30,09:55:47,Card Purchase,368.78,Branch,Successful,Travel,Gauteng
T000007477,A0002034,2025-12-14,16:18:43,Card Purchase,821.3,Internet Banking,Successful,Retail,Eastern Cape
T000007478,A0000853,2026-06-24,07:47:50,Card Purchase,2332.76,Internet Banking,Successful,Education,Gauteng
T000007479,A0003046,2025-07-07,16:46:38,Card Purchase,146.68,Mobile App,Successful,Retail,Gauteng
T000007480,A0000761,2026-06-27,07:47:22,Transfer,761.29,ATM,Successful,N/A,Gauteng
T000007481,A0002125,2024-08-15,22:18:02,Withdrawal,302.78,Mobile App,Successful,N/A,Eastern Cape
T000007482,A0001170,2026-03-03,11:56:23,Card Purchase,356.17,ATM,Successful,Fuel,KwaZulu-Natal
T000007483,A0000603,2025-10-23,09:44:26,Card Purchase,286.49,Mobile App,Successful,Travel,Eastern Cape
T000007484,A0001282,2026-07-01,12:23:59,Payment,1858.15,Card,Successful,Telecoms,Eastern Cape
T000007485,A0000779,2026-05-31,15:56:44,Transfer,630.81,Mobile App,Successful,N/A,Gauteng
T000007486,A0001894,2026-05-13,14:11:42,Card Purchase,261.12,Card,Successful,Groceries,Western Cape
T000007487,A0001455,2026-06-03,17:25:32,Payment,366.69,Mobile App,Successful,Groceries,Western Cape
T000007488,A0002218,2026-06-09,18:33:10,Transfer,1153.92,Card,Successful,N/A,Limpopo
T000007489,A0000669,2026-02-19,20:08:31,Withdrawal,349.55,Internet Banking,Successful,N/A,Western Cape
T000007490,A0002455,2023-12-29,09:09:40,Card Purchase,956.36,POS,Successful,Telecoms,Western Cape
T000007491,A0000839,2024-08-01,20:51:40,Deposit,971.43,Card,Successful,N/A,Western Cape
T000007492,A0002507,2025-10-23,15:26:09,Transfer,1828.66,Card,Successful,N/A,Gauteng
T000007493,A0002978,2025-04-22,19:17:12,Card Purchase,684.03,Mobile App,Successful,Groceries,Mpumalanga
T000007494,A0002769,2026-02-19,07:38:57,Card Purchase,272.34,ATM,Successful,Other,Gauteng
T000007495,A0000464,2024-12-09,09:41:56,Bank Fee,11062.38,Card,Successful,N/A,Gauteng
T000007496,A0001360,2026-02-02,09:59:33,Bank Fee,1582.64,POS,Successful,N/A,Eastern Cape
T000007497,A0001079,2024-12-13,06:19:47,Debit Order,1583.35,ATM,Successful,N/A,Free State
T000007498,A0001479,2026-05-15,13:22:02,Transfer,112.75,Card,Successful,N/A,Gauteng
T000007499,A0001869,2026-06-02,15:17:08,Payment,651.57,Mobile App,Successful,Restaurants,Western Cape
T000007500,A0001291,2026-07-12,13:29:30,Bank Fee,460.13,Mobile App,Successful,N/A,KwaZulu-Natal
T000007501,A0002355,2026-02-08,08:17:35,Debit Order,1826.89,Mobile App,Failed,N/A,Gauteng
T000007502,A0001329,2026-07-27,18:44:07,Payment,532.03,Mobile App,Successful,Fuel,KwaZulu-Natal
T000007503,A0001896,2026-04-26,13:54:13,Deposit,557.0,Mobile App,Successful,N/A,Free State
T000007504,A0002345,2026-07-04,12:43:47,Transfer,260.98,Card,Successful,N/A,Gauteng
T000007505,A0002692,2025-12-21,22:43:15,Card Purchase,2188.48,Mobile App,Successful,Other,Western Cape
T000007506,A0001094,2025-04-09,13:56:16,Withdrawal,945.8,POS,Successful,N/A,Gauteng
T000007507,A0003003,2026-07-24,12:24:40,Card Purchase,1121.58,Mobile App,Successful,Travel,KwaZulu-Natal
T000007508,A0000350,2026-07-23,12:49:11,Transfer,370.0,Card,Successful,N/A,Gauteng
T000007509,A0002609,2026-01-02,20:05:30,Card Purchase,59.22,POS,Successful,Fuel,Eastern Cape
T000007510,A0001326,2024-12-30,06:48:51,Card Purchase,629.59,Mobile App,Successful,Other,Northern Cape
T000007511,A0002764,2025-11-25,15:32:42,Card Purchase,1422.84,Card,Successful,Fuel,Free State
T000007512,A0002187,2026-07-11,07:53:56,Debit Order,306.17,Mobile App,Successful,N/A,Gauteng
T000007513,A0000307,2026-07-20,12:45:14,Debit Order,376.13,Mobile App,Successful,N/A,Mpumalanga
T000007514,A0001686,2026-07-13,22:04:15,Debit Order,817.93,Card,Successful,N/A,North West
T000007515,A0001699,2025-09-04,20:15:47,Transfer,6499.81,Internet Banking,Successful,N/A,Western Cape
T000007516,A0001417,2026-03-31,19:46:09,Debit Order,146.21,Branch,Successful,N/A,Western Cape
T000007517,A0003089,2025-02-20,07:06:18,Deposit,1671.44,Internet Banking,Successful,N/A,Gauteng
T000007518,A0002798,2025-03-31,18:30:15,Transfer,866.74,Card,Successful,N/A,Mpumalanga
T000007519,A0000452,2026-02-24,09:26:53,Deposit,264.78,ATM,Successful,N/A,North West
T000007520,A0002364,2026-07-31,20:25:47,Card Purchase,986.9,Branch,Successful,Healthcare,Gauteng
T000007521,A0001185,2025-12-04,16:45:48,Deposit,3873.67,Mobile App,Successful,N/A,Free State
T000007522,A0000152,2026-02-21,19:58:02,Card Purchase,607.33,Card,Successful,Travel,KwaZulu-Natal
T000007523,A0000965,2025-10-07,16:18:45,Card Purchase,508.4,POS,Successful,Restaurants,KwaZulu-Natal
T000007524,A0000503,2026-04-20,07:48:38,Debit Order,14778.98,Mobile App,Successful,N/A,Eastern Cape
T000007525,A0002606,2026-07-01,20:26:32,Transfer,1220.27,POS,Successful,N/A,Gauteng
T000007526,A0002843,2026-05-24,08:15:43,Interest,292.7,Mobile App,Successful,N/A,Gauteng
T000007527,A0001949,2025-07-22,13:25:11,Payment,520.51,POS,Successful,Fuel,North West
T000007528,A0002905,2026-07-13,22:52:56,Card Purchase,797.22,Branch,Successful,Utilities,Gauteng
T000007529,A0002846,2024-12-21,15:06:43,Transfer,78.86,Branch,Successful,N/A,Gauteng
T000007530,A0001779,2026-07-04,16:54:29,Card Purchase,1013.7,Mobile App,Successful,Education,Gauteng
T000007531,A0003123,2026-02-20,06:50:54,Withdrawal,449.96,POS,Successful,N/A,Western Cape
T000007532,A0000346,2026-06-05,22:32:48,Card Purchase,2584.59,Card,Successful,Retail,KwaZulu-Natal
T000007533,A0000577,2026-05-13,17:28:56,Withdrawal,759.78,Branch,Successful,N/A,Limpopo
T000007534,A0001802,2026-07-26,15:26:10,Debit Order,1669.97,Internet Banking,Successful,N/A,Western Cape
T000007535,A0002420,2025-08-27,17:04:11,Card Purchase,251.87,Internet Banking,Successful,Travel,Western Cape
T000007536,A0002131,2025-11-03,17:23:53,Transfer,200.01,POS,Successful,N/A,Gauteng
T000007537,A0001486,2026-02-12,18:39:00,Transfer,268.73,Branch,Successful,N/A,Mpumalanga
T000007538,A0000016,2026-01-24,09:06:56,Payment,651.99,Card,Successful,Entertainment,Limpopo
T000007539,A0001847,2024-07-07,20:23:11,Bank Fee,3106.88,Mobile App,Successful,N/A,Western Cape
T000007540,A0000984,2025-04-28,16:59:54,Card Purchase,468.75,Card,Successful,Fuel,KwaZulu-Natal
T000007541,A0000580,2026-07-25,18:00:14,Card Purchase,1922.45,ATM,Successful,Entertainment,Gauteng
T000007542,A0000947,2026-01-26,12:31:42,Payment,414.91,ATM,Successful,Education,Free State
T000007543,A0001329,2026-07-31,13:28:57,Card Purchase,2359.25,Branch,Successful,Groceries,KwaZulu-Natal
T000007544,A0003102,2025-01-19,13:15:46,Debit Order,1032.18,Mobile App,Successful,N/A,North West
T000007545,A0000841,2026-05-18,20:04:04,Card Purchase,72.84,Branch,Successful,Healthcare,Western Cape
T000007546,A0000295,2025-04-05,17:54:50,Transfer,554.33,Internet Banking,Successful,N/A,Western Cape
T000007547,A0000352,2026-07-22,11:28:36,Transfer,711.51,POS,Successful,N/A,North West
T000007548,A0001063,2025-04-06,11:37:45,Payment,539.64,POS,Successful,Restaurants,Eastern Cape
T000007549,A0002628,2025-12-09,10:11:24,Debit Order,252.1,ATM,Successful,N/A,KwaZulu-Natal
T000007550,A0001169,2026-06-03,21:32:47,Card Purchase,853.31,Mobile App,Successful,Healthcare,Gauteng
T000007551,A0000219,2025-12-05,10:03:46,Card Purchase,662.3,Mobile App,Successful,Fuel,Limpopo
T000007552,A0002674,2026-05-26,15:51:38,Card Purchase,457.93,POS,Successful,Other,Mpumalanga
T000007553,A0000613,2026-05-12,15:59:44,Card Purchase,275.38,POS,Successful,Entertainment,Gauteng
T000007554,A0001141,2025-09-04,21:22:02,Transfer,1531.34,Branch,Successful,N/A,Gauteng
T000007555,A0002509,2026-07-03,08:42:25,Deposit,1540.67,POS,Successful,N/A,Limpopo
T000007556,A0002543,2026-05-31,07:43:26,Payment,1552.96,Internet Banking,Successful,Fuel,Western Cape
T000007557,A0001422,2026-01-08,18:55:44,Transfer,503.42,POS,Successful,N/A,Gauteng
T000007558,A0002562,2026-07-01,15:44:04,Transfer,989.61,Card,Successful,N/A,Western Cape
T000007559,A0000548,2026-07-01,10:44:44,Payment,397.47,Branch,Successful,Other,Western Cape
T000007560,A0001547,2026-06-25,11:48:21,Deposit,1568.18,Mobile App,Successful,N/A,Gauteng
T000007561,A0000946,2026-07-05,08:17:35,Card Purchase,731.37,Internet Banking,Successful,Fuel,Gauteng
T000007562,A0002708,2026-01-03,17:01:59,Debit Order,907.88,Mobile App,Successful,N/A,Eastern Cape
T000007563,A0001895,2025-12-30,15:33:05,Transfer,345.51,Mobile App,Successful,N/A,Free State
T000007564,A0001140,2025-05-02,06:43:10,Card Purchase,3667.01,POS,Successful,Entertainment,Gauteng
T000007565,A0001132,2026-07-15,09:48:23,Transfer,580.66,ATM,Successful,N/A,Western Cape
T000007566,A0002783,2026-05-09,17:02:37,Payment,392.84,Internet Banking,Successful,Restaurants,Western Cape
T000007567,A0002609,2026-04-08,22:37:47,Card Purchase,387.55,Card,Successful,Fuel,Eastern Cape
T000007568,A0002342,2026-05-03,17:38:33,Card Purchase,257.13,Mobile App,Successful,Healthcare,Western Cape
T000007569,A0000086,2024-09-21,08:11:20,Payment,141.46,Branch,Successful,Telecoms,Western Cape
T000007570,A0002078,2025-09-08,13:39:26,Card Purchase,282.14,Mobile App,Successful,Restaurants,Western Cape
T000007571,A0000087,2026-07-16,22:47:48,Card Purchase,1312.95,Internet Banking,Successful,Entertainment,Limpopo
T000007572,A0002257,2025-06-04,12:00:44,Payment,9478.24,Mobile App,Successful,Fuel,North West
T000007573,A0003109,2026-04-14,17:25:06,Withdrawal,238.8,Branch,Successful,N/A,Gauteng
T000007574,A0001375,2026-02-07,20:07:25,Debit Order,1253.11,ATM,Successful,N/A,Western Cape
T000007575,A0001865,2026-07-04,13:14:06,Card Purchase,232.41,Branch,Successful,Utilities,Gauteng
T000007576,A0000803,2024-07-26,08:41:52,Debit Order,891.77,POS,Successful,N/A,Gauteng
T000007577,A0002500,2026-06-24,20:24:32,Card Purchase,2761.4,POS,Successful,Retail,KwaZulu-Natal
T000007578,A0002368,2025-09-03,15:27:01,Card Purchase,944.19,Mobile App,Successful,Telecoms,Western Cape
T000007579,A0002874,2025-09-13,14:37:04,Card Purchase,476.04,ATM,Successful,Travel,Gauteng
T000007580,A0000115,2026-07-30,12:18:34,Card Purchase,185.84,Internet Banking,Successful,Entertainment,Gauteng
T000007581,A0001438,2026-04-11,22:09:54,Interest,137.6,POS,Successful,N/A,Western Cape
T000007582,A0002941,2026-06-13,12:05:18,Debit Order,1471.92,POS,Successful,N/A,Limpopo
T000007583,A0002128,2026-06-24,07:58:28,Debit Order,432.61,Card,Successful,N/A,Gauteng
T000007584,A0001746,2026-06-20,07:28:24,Withdrawal,774.91,Mobile App,Successful,N/A,Western Cape
T000007585,A0001046,2024-04-16,19:21:30,Payment,367.36,POS,Successful,Entertainment,Gauteng
T000007586,A0002257,2023-11-06,16:13:34,Transfer,3331.48,Card,Successful,N/A,North West
T000007587,A0002782,2026-05-25,19:26:06,Bank Fee,1030.03,Mobile App,Successful,N/A,Gauteng
T000007588,A0002418,2025-07-16,08:01:19,Card Purchase,402.84,Mobile App,Successful,Other,Western Cape
T000007589,A0000709,2025-01-11,22:20:50,Transfer,216.49,Internet Banking,Successful,N/A,Gauteng
T000007590,A0001403,2026-07-29,11:11:07,Card Purchase,3704.86,Card,Successful,Telecoms,Western Cape
T000007591,A0000237,2026-01-28,18:33:25,Transfer,826.39,Branch,Successful,N/A,Gauteng
T000007592,A0000855,2026-07-26,21:25:25,Card Purchase,1609.76,ATM,Successful,Groceries,Mpumalanga
T000007593,A0002576,2026-07-15,16:56:43,Deposit,5247.7,Card,Successful,N/A,Mpumalanga
T000007594,A0001547,2026-06-29,12:20:45,Withdrawal,213.18,POS,Successful,N/A,Gauteng
T000007595,A0002844,2026-05-20,15:33:05,Card Purchase,1451.35,Mobile App,Successful,Retail,Limpopo
T000007596,A0001358,2024-01-02,13:22:43,Card Purchase,274.19,Card,Successful,Restaurants,Western Cape
T000007597,A0002010,2026-07-15,07:33:02,Interest,226.51,Card,Successful,N/A,Western Cape
T000007598,A0002706,2024-09-30,13:25:40,Deposit,158.59,Card,Successful,N/A,Gauteng
T000007599,A0000445,2026-07-16,15:37:46,Card Purchase,3294.05,POS,Successful,Utilities,KwaZulu-Natal
T000007600,A0002632,2026-03-15,22:20:29,Transfer,69.22,ATM,Successful,N/A,Eastern Cape
T000007601,A0002871,2026-06-14,19:08:12,Payment,514.58,Card,Successful,Other,Gauteng
T000007602,A0002780,2026-07-09,15:11:22,Deposit,15946.76,Mobile App,Successful,N/A,Free State
T000007603,A0002744,2026-07-27,09:04:05,Payment,1748.88,Internet Banking,Successful,Telecoms,KwaZulu-Natal
T000007604,A0001095,2026-07-29,19:31:20,Card Purchase,687.51,Card,Successful,Education,Western Cape
T000007605,A0000826,2026-07-19,22:20:46,Transfer,976.09,Branch,Successful,N/A,Gauteng
T000007606,A0000534,2026-07-03,16:16:26,Debit Order,3107.02,Mobile App,Successful,N/A,Limpopo
T000007607,A0000479,2026-04-02,07:24:34,Withdrawal,1017.99,Mobile App,Successful,N/A,Eastern Cape
T000007608,A0002034,2026-07-04,09:06:37,Transfer,379.3,Mobile App,Successful,N/A,Eastern Cape
T000007609,A0000234,2026-05-22,11:04:12,Card Purchase,2114.89,POS,Successful,Travel,Western Cape
T000007610,A0000736,2025-06-10,14:56:21,Transfer,847.57,ATM,Successful,N/A,Mpumalanga
T000007611,A0001102,2026-07-13,19:41:56,Transfer,1881.57,Card,Successful,N/A,KwaZulu-Natal
T000007612,A0001786,2026-02-09,18:25:34,Card Purchase,279.04,ATM,Successful,Utilities,Gauteng
T000007613,A0001728,2025-10-13,17:47:28,Deposit,17492.2,Card,Successful,N/A,KwaZulu-Natal
T000007614,A0001037,2026-06-16,15:45:01,Payment,208.97,Internet Banking,Successful,Healthcare,Gauteng
T000007615,A0002980,2026-07-31,17:16:27,Deposit,8448.7,Card,Successful,N/A,Mpumalanga
T000007616,A0002908,2026-05-13,06:18:12,Debit Order,901.61,Branch,Successful,N/A,Gauteng
T000007617,A0002949,2026-05-17,18:22:01,Withdrawal,3584.23,Card,Successful,N/A,Western Cape
T000007618,A0000735,2026-07-27,20:41:18,Payment,1056.85,Mobile App,Successful,Other,Gauteng
T000007619,A0001830,2025-08-16,07:35:51,Deposit,731.68,Card,Successful,N/A,Gauteng
T000007620,A0002554,2026-06-29,07:13:52,Card Purchase,791.37,Mobile App,Successful,Entertainment,Gauteng
T000007621,A0000865,2026-07-19,15:09:24,Card Purchase,1781.47,Mobile App,Successful,Groceries,Gauteng
T000007622,A0001432,2026-06-24,07:15:21,Debit Order,494.71,POS,Successful,N/A,Gauteng
T000007623,A0000191,2025-11-12,10:28:12,Transfer,211.8,Card,Successful,N/A,Western Cape
T000007624,A0001506,2026-03-29,19:39:15,Interest,2900.35,POS,Successful,N/A,Eastern Cape
T000007625,A0002605,2026-06-12,18:34:47,Deposit,328.69,Mobile App,Successful,N/A,Eastern Cape
T000007626,A0001048,2025-10-31,17:17:50,Card Purchase,2906.05,Card,Successful,Entertainment,Limpopo
T000007627,A0002968,2026-07-27,19:36:33,Transfer,589.64,Mobile App,Failed,N/A,Eastern Cape
T000007628,A0002716,2026-06-28,06:14:27,Debit Order,1692.16,Card,Successful,N/A,Limpopo
T000007629,A0000656,2026-02-06,11:39:52,Debit Order,358.19,Mobile App,Successful,N/A,Eastern Cape
T000007630,A0003010,2026-06-26,17:56:32,Payment,687.04,Mobile App,Successful,Healthcare,KwaZulu-Natal
T000007631,A0002428,2026-04-13,10:09:27,Card Purchase,298.27,Card,Failed,Healthcare,Mpumalanga
T000007632,A0000461,2026-06-25,10:42:03,Deposit,2718.98,Mobile App,Successful,N/A,Western Cape
T000007633,A0000859,2025-08-31,06:20:02,Card Purchase,692.37,Internet Banking,Successful,Entertainment,Gauteng
T000007634,A0000576,2025-12-20,16:43:37,Deposit,2423.05,Mobile App,Successful,N/A,Western Cape
T000007635,A0000576,2025-10-14,19:58:37,Card Purchase,81.77,Card,Successful,Fuel,Western Cape
T000007636,A0000492,2025-03-12,07:45:50,Card Purchase,505.83,Mobile App,Successful,Entertainment,KwaZulu-Natal
T000007637,A0001728,2024-09-17,15:02:41,Card Purchase,773.92,ATM,Successful,Groceries,KwaZulu-Natal
T000007638,A0000159,2026-06-22,09:43:33,Payment,1111.86,Mobile App,Successful,Travel,Gauteng
T000007639,A0000392,2026-04-20,09:39:19,Bank Fee,3736.88,ATM,Successful,N/A,Free State
T000007640,A0001844,2026-06-15,13:21:40,Payment,513.14,Card,Successful,Groceries,Gauteng
T000007641,A0002370,2026-02-18,16:51:12,Card Purchase,363.94,ATM,Successful,Telecoms,Gauteng
T000007642,A0001934,2026-07-29,10:16:10,Deposit,621.37,Branch,Successful,N/A,Limpopo
T000007643,A0000011,2026-07-07,21:50:53,Withdrawal,862.61,Branch,Successful,N/A,Gauteng
T000007644,A0002655,2026-06-26,10:04:34,Transfer,109.78,ATM,Successful,N/A,KwaZulu-Natal
T000007645,A0002366,2026-05-10,07:36:44,Bank Fee,171.83,ATM,Successful,N/A,KwaZulu-Natal
T000007646,A0000019,2024-10-31,16:25:00,Card Purchase,140.76,Mobile App,Failed,Fuel,Gauteng
T000007647,A0000639,2026-07-30,13:16:47,Deposit,4792.31,Mobile App,Successful,N/A,Gauteng
T000007648,A0002914,2026-03-10,11:04:28,Deposit,2052.2,Mobile App,Successful,N/A,Gauteng
T000007649,A0002342,2026-07-28,11:02:24,Payment,651.29,POS,Successful,Other,Western Cape
T000007650,A0000595,2026-06-01,12:28:15,Card Purchase,1692.31,ATM,Successful,Healthcare,Eastern Cape
T000007651,A0000943,2025-12-22,13:33:41,Debit Order,183.76,POS,Successful,N/A,Mpumalanga
T000007652,A0002525,2026-07-26,17:11:44,Transfer,3086.38,Branch,Successful,N/A,Eastern Cape
T000007653,A0000020,2024-09-17,15:53:37,Card Purchase,1678.02,Internet Banking,Successful,Utilities,Eastern Cape
T000007654,A0002931,2026-05-11,07:29:00,Deposit,10264.44,Card,Successful,N/A,Gauteng
T000007655,A0000896,2024-07-14,15:10:17,Payment,623.22,Mobile App,Successful,Utilities,Gauteng
T000007656,A0000490,2025-12-30,12:02:54,Debit Order,381.86,Mobile App,Successful,N/A,Gauteng
T000007657,A0001129,2026-06-07,13:18:09,Card Purchase,548.2,Card,Successful,Healthcare,Gauteng
T000007658,A0001615,2026-07-20,19:54:36,Debit Order,517.39,Card,Successful,N/A,KwaZulu-Natal
T000007659,A0001230,2026-07-20,17:55:36,Debit Order,303.48,Card,Successful,N/A,Gauteng
T000007660,A0001917,2025-11-24,08:30:39,Interest,564.96,Mobile App,Successful,N/A,Gauteng
T000007661,A0002688,2025-06-11,17:50:17,Card Purchase,265.0,POS,Successful,Groceries,Limpopo
T000007662,A0000148,2025-05-25,19:56:14,Card Purchase,475.89,Internet Banking,Successful,Travel,KwaZulu-Natal
T000007663,A0000871,2025-08-18,09:36:56,Deposit,3856.93,Mobile App,Successful,N/A,KwaZulu-Natal
T000007664,A0000756,2025-01-15,21:58:27,Deposit,1730.77,Card,Successful,N/A,Gauteng
T000007665,A0001826,2026-07-07,06:48:04,Deposit,4495.33,Mobile App,Successful,N/A,KwaZulu-Natal
T000007666,A0001734,2023-05-18,19:55:31,Deposit,1241.29,Card,Successful,N/A,Western Cape
T000007667,A0000077,2026-06-09,11:53:12,Card Purchase,220.97,Card,Successful,Groceries,Gauteng
T000007668,A0002785,2026-07-17,12:14:18,Card Purchase,10832.51,Card,Successful,Utilities,Free State
T000007669,A0002231,2026-07-24,11:50:46,Card Purchase,1876.96,Mobile App,Successful,Retail,Gauteng
T000007670,A0000268,2026-01-24,06:52:25,Card Purchase,94.85,Internet Banking,Successful,Healthcare,Western Cape
T000007671,A0000598,2026-07-17,19:15:27,Card Purchase,560.64,Internet Banking,Successful,Utilities,Gauteng
T000007672,A0002787,2026-03-21,17:15:36,Bank Fee,959.18,Card,Successful,N/A,Gauteng
T000007673,A0000870,2026-07-31,10:36:11,Debit Order,2426.96,Card,Successful,N/A,KwaZulu-Natal
T000007674,A0001872,2026-03-07,14:00:19,Debit Order,914.49,POS,Successful,N/A,Gauteng
T000007675,A0003062,2026-05-09,11:18:27,Transfer,573.36,ATM,Successful,N/A,Free State
T000007676,A0002933,2026-01-28,22:34:57,Debit Order,1616.68,Mobile App,Successful,N/A,KwaZulu-Natal
T000007677,A0000727,2025-11-18,11:10:38,Deposit,4471.43,POS,Successful,N/A,Gauteng
T000007678,A0003117,2026-06-13,19:04:17,Card Purchase,281.99,POS,Successful,Healthcare,Northern Cape
T000007679,A0001926,2025-02-16,09:52:40,Payment,1283.53,ATM,Successful,Fuel,Gauteng
T000007680,A0001510,2024-08-20,14:40:23,Transfer,396.85,Internet Banking,Successful,N/A,KwaZulu-Natal
T000007681,A0001275,2026-06-17,09:12:25,Payment,1684.95,POS,Successful,Retail,Gauteng
T000007682,A0001712,2026-07-12,11:52:29,Card Purchase,780.99,POS,Successful,Utilities,Western Cape
T000007683,A0000835,2026-06-29,22:04:43,Payment,697.64,Card,Successful,Healthcare,KwaZulu-Natal
T000007684,A0002605,2026-03-27,14:11:51,Card Purchase,338.06,Mobile App,Successful,Retail,Eastern Cape
T000007685,A0002810,2024-05-06,09:14:52,Card Purchase,2724.96,Mobile App,Successful,Travel,Eastern Cape
T000007686,A0000058,2025-12-31,14:54:05,Card Purchase,623.62,Internet Banking,Successful,Retail,Gauteng
T000007687,A0000943,2026-02-17,19:42:27,Card Purchase,645.62,Mobile App,Successful,Education,Mpumalanga
T000007688,A0002157,2026-07-04,21:07:07,Withdrawal,284.89,Mobile App,Successful,N/A,Western Cape
T000007689,A0001597,2025-07-07,15:09:10,Transfer,19.39,Card,Successful,N/A,Western Cape
T000007690,A0001056,2026-01-08,10:45:55,Interest,842.9,Branch,Successful,N/A,Eastern Cape
T000007691,A0003076,2026-05-16,14:44:25,Deposit,13980.71,Mobile App,Successful,N/A,Eastern Cape
T000007692,A0002532,2025-11-29,10:00:50,Deposit,3034.54,Mobile App,Successful,N/A,Gauteng
T000007693,A0001075,2026-07-10,08:11:11,Card Purchase,151.38,ATM,Successful,Other,KwaZulu-Natal
T000007694,A0000735,2026-07-19,22:02:34,Transfer,690.55,Mobile App,Successful,N/A,Gauteng
T000007695,A0001031,2026-05-07,10:04:44,Deposit,928.52,ATM,Successful,N/A,Mpumalanga
T000007696,A0002523,2026-07-28,18:03:26,Transfer,211.12,Branch,Successful,N/A,Western Cape
T000007697,A0003123,2025-02-01,09:29:46,Card Purchase,452.24,Mobile App,Successful,Utilities,Western Cape
T000007698,A0002081,2025-10-09,07:02:14,Withdrawal,1574.99,Mobile App,Successful,N/A,Western Cape
T000007699,A0001592,2026-07-30,18:29:35,Payment,735.04,Mobile App,Successful,Utilities,Eastern Cape
T000007700,A0003088,2026-02-06,13:05:04,Payment,1272.72,ATM,Successful,Retail,Gauteng
T000007701,A0000546,2026-07-26,11:09:06,Card Purchase,688.79,Internet Banking,Successful,Other,Eastern Cape
T000007702,A0000277,2025-11-01,06:19:07,Card Purchase,226.14,Card,Successful,Travel,KwaZulu-Natal
T000007703,A0001707,2024-01-25,13:19:34,Deposit,10834.19,ATM,Successful,N/A,Gauteng
T000007704,A0000846,2026-01-29,14:00:52,Card Purchase,874.75,Card,Successful,Healthcare,Western Cape
T000007705,A0000609,2026-07-15,18:56:28,Card Purchase,129.53,Mobile App,Successful,Restaurants,Mpumalanga
T000007706,A0003045,2025-01-10,19:12:30,Payment,650.65,Card,Successful,Travel,Western Cape
T000007707,A0000972,2026-05-30,12:38:57,Withdrawal,2592.8,ATM,Successful,N/A,Gauteng
T000007708,A0002375,2026-07-06,21:51:56,Interest,730.14,Mobile App,Successful,N/A,Mpumalanga
T000007709,A0002408,2026-07-31,21:04:38,Debit Order,4044.18,Card,Successful,N/A,Western Cape
T000007710,A0001987,2025-03-01,10:03:22,Card Purchase,395.05,ATM,Successful,Groceries,Gauteng
T000007711,A0002830,2026-07-28,21:22:31,Deposit,1977.07,Card,Successful,N/A,Eastern Cape
T000007712,A0001954,2026-07-12,13:00:56,Transfer,737.29,POS,Successful,N/A,Eastern Cape
T000007713,A0000206,2026-06-27,14:35:23,Card Purchase,6493.56,Branch,Successful,Education,Gauteng
T000007714,A0002640,2026-04-29,17:56:56,Card Purchase,3371.23,POS,Successful,Utilities,Free State
T000007715,A0002980,2026-06-04,19:38:21,Debit Order,3643.24,POS,Successful,N/A,Mpumalanga
T000007716,A0002986,2026-07-31,12:21:40,Payment,155.65,POS,Successful,Fuel,Eastern Cape
T000007717,A0002081,2026-05-13,16:57:33,Deposit,5496.07,ATM,Successful,N/A,Western Cape
T000007718,A0000525,2025-06-30,15:00:39,Withdrawal,4679.47,POS,Successful,N/A,Mpumalanga
T000007719,A0001096,2025-01-22,08:16:12,Transfer,11175.85,ATM,Successful,N/A,KwaZulu-Natal
T000007720,A0001589,2026-04-23,09:35:13,Card Purchase,840.34,Branch,Successful,Telecoms,Gauteng
T000007721,A0000989,2026-05-19,15:33:21,Withdrawal,331.68,Mobile App,Successful,N/A,Western Cape
T000007722,A0001678,2026-04-23,08:44:59,Transfer,181.13,POS,Successful,N/A,KwaZulu-Natal
T000007723,A0001189,2026-07-22,19:49:07,Card Purchase,2274.97,Branch,Successful,Education,Eastern Cape
T000007724,A0000963,2025-12-01,11:26:31,Bank Fee,463.48,Card,Successful,N/A,Gauteng
T000007725,A0002486,2026-07-12,20:12:45,Card Purchase,285.44,POS,Successful,Utilities,Western Cape
T000007726,A0003066,2025-07-05,15:42:04,Transfer,511.61,Internet Banking,Successful,N/A,KwaZulu-Natal
T000007727,A0000618,2026-03-12,07:39:25,Card Purchase,315.8,Mobile App,Successful,Healthcare,North West
T000007728,A0002511,2026-04-19,06:10:50,Debit Order,1288.91,Mobile App,Reversed,N/A,Gauteng
T000007729,A0001186,2026-02-26,06:06:11,Card Purchase,548.72,Mobile App,Successful,Restaurants,Western Cape
T000007730,A0001097,2026-07-27,08:23:06,Card Purchase,190.1,Card,Successful,Entertainment,KwaZulu-Natal
T000007731,A0002092,2025-06-21,13:21:34,Card Purchase,554.15,ATM,Successful,Healthcare,Northern Cape
T000007732,A0001917,2026-02-22,22:56:54,Card Purchase,1443.92,Card,Successful,Restaurants,Gauteng
T000007733,A0000226,2026-03-06,18:34:52,Card Purchase,319.63,Mobile App,Successful,Entertainment,Gauteng
T000007734,A0000457,2026-06-17,15:17:20,Payment,1308.19,Branch,Successful,Telecoms,Gauteng
T000007735,A0000044,2026-06-23,11:09:18,Card Purchase,1745.63,Card,Successful,Other,Gauteng
T000007736,A0003060,2025-07-25,08:40:20,Interest,199.5,POS,Successful,N/A,Western Cape
T000007737,A0000461,2026-07-28,18:05:12,Transfer,240.72,POS,Successful,N/A,Western Cape
T000007738,A0003196,2026-07-14,17:37:34,Transfer,834.25,Mobile App,Successful,N/A,Gauteng
T000007739,A0000223,2026-07-31,09:27:44,Interest,150.43,Card,Successful,N/A,KwaZulu-Natal
T000007740,A0002433,2026-06-14,19:20:13,Card Purchase,279.81,ATM,Successful,Other,Gauteng
T000007741,A0000652,2026-07-24,09:26:03,Card Purchase,945.44,POS,Successful,Telecoms,Gauteng
T000007742,A0000758,2025-02-01,13:18:57,Debit Order,1654.34,POS,Successful,N/A,Gauteng
T000007743,A0002257,2023-12-26,19:27:52,Card Purchase,1493.83,POS,Successful,Other,North West
T000007744,A0001333,2026-05-14,09:25:31,Debit Order,1696.57,Mobile App,Successful,N/A,Gauteng
T000007745,A0000987,2026-07-25,15:38:31,Withdrawal,466.93,Branch,Successful,N/A,Western Cape
T000007746,A0002458,2026-05-24,14:57:01,Withdrawal,99.69,POS,Successful,N/A,Western Cape
T000007747,A0002399,2024-12-05,13:16:28,Withdrawal,200.83,Mobile App,Successful,N/A,Gauteng
T000007748,A0002083,2026-07-07,21:06:47,Payment,489.08,Card,Successful,Restaurants,Mpumalanga
T000007749,A0002540,2026-04-18,20:09:15,Interest,736.84,Card,Successful,N/A,KwaZulu-Natal
T000007750,A0001177,2026-07-15,07:32:06,Transfer,2448.19,Mobile App,Successful,N/A,Gauteng
T000007751,A0002510,2025-01-04,10:21:32,Payment,342.86,Mobile App,Successful,Telecoms,Eastern Cape
T000007752,A0001442,2026-07-16,19:47:29,Card Purchase,209.25,Card,Successful,Travel,Eastern Cape
T000007753,A0002198,2026-02-27,11:39:51,Transfer,230.13,Card,Successful,N/A,Free State
T000007754,A0002145,2026-04-18,09:46:45,Debit Order,1180.32,POS,Successful,N/A,Gauteng
T000007755,A0000591,2026-04-22,10:16:20,Card Purchase,588.74,Mobile App,Successful,Healthcare,Free State
T000007756,A0001027,2025-03-13,16:41:34,Bank Fee,1102.8,Branch,Successful,N/A,Gauteng
T000007757,A0000321,2026-05-23,13:11:42,Bank Fee,9427.18,Mobile App,Successful,N/A,Eastern Cape
T000007758,A0000392,2026-05-28,22:04:15,Withdrawal,1560.83,POS,Successful,N/A,Free State
T000007759,A0000717,2024-09-15,12:24:31,Card Purchase,678.84,ATM,Successful,Travel,Eastern Cape
T000007760,A0000443,2026-06-29,21:53:47,Deposit,7733.76,POS,Successful,N/A,Gauteng
T000007761,A0002293,2026-07-29,18:06:26,Card Purchase,696.22,Mobile App,Successful,Healthcare,KwaZulu-Natal
T000007762,A0000061,2026-03-17,21:35:18,Transfer,1934.82,Card,Successful,N/A,North West
T000007763,A0001749,2026-02-05,20:52:36,Deposit,629.68,Card,Successful,N/A,Western Cape
T000007764,A0000188,2024-06-11,07:50:33,Withdrawal,131.07,POS,Successful,N/A,KwaZulu-Natal
T000007765,A0000377,2026-06-19,06:02:09,Card Purchase,962.43,POS,Successful,Education,Northern Cape
T000007766,A0002257,2024-03-02,08:22:20,Payment,13780.93,Mobile App,Successful,Utilities,North West
T000007767,A0000534,2026-02-10,21:07:00,Card Purchase,2591.15,Card,Successful,Groceries,Limpopo
T000007768,A0000531,2026-04-28,13:18:56,Card Purchase,533.45,Internet Banking,Successful,Restaurants,Gauteng
T000007769,A0002562,2026-07-23,08:14:59,Card Purchase,2361.96,Mobile App,Successful,Groceries,Western Cape
T000007770,A0001958,2025-09-15,11:35:48,Transfer,1583.69,Card,Successful,N/A,Gauteng
T000007771,A0001240,2026-07-18,11:12:30,Card Purchase,1415.21,ATM,Successful,Travel,Limpopo
T000007772,A0001772,2026-06-26,07:26:35,Transfer,448.63,Internet Banking,Successful,N/A,Western Cape
T000007773,A0001928,2025-09-09,21:43:42,Withdrawal,297.49,Mobile App,Successful,N/A,Gauteng
T000007774,A0001222,2026-07-31,08:11:31,Transfer,207.56,ATM,Successful,N/A,Limpopo
T000007775,A0002185,2025-03-10,06:15:35,Transfer,434.94,Mobile App,Successful,N/A,Gauteng
T000007776,A0003086,2026-01-14,13:45:20,Debit Order,1525.74,Card,Successful,N/A,Eastern Cape
T000007777,A0000510,2026-02-07,06:34:43,Card Purchase,631.96,Internet Banking,Successful,Travel,Western Cape
T000007778,A0002746,2026-07-28,08:19:24,Card Purchase,5575.42,Mobile App,Successful,Retail,Gauteng
T000007779,A0000806,2026-05-14,19:19:36,Card Purchase,1769.66,ATM,Failed,Restaurants,Gauteng
T000007780,A0002446,2026-07-27,21:25:00,Withdrawal,391.16,Mobile App,Successful,N/A,KwaZulu-Natal
T000007781,A0001000,2025-10-07,17:45:55,Card Purchase,586.01,Card,Successful,Groceries,KwaZulu-Natal
T000007782,A0000062,2025-07-09,10:17:53,Card Purchase,211.41,Branch,Successful,Telecoms,North West
T000007783,A0000199,2026-05-16,13:33:39,Transfer,264.86,Branch,Successful,N/A,Free State
T000007784,A0000444,2024-01-07,11:42:12,Card Purchase,141.47,Card,Failed,Fuel,KwaZulu-Natal
T000007785,A0000612,2026-02-08,14:37:58,Card Purchase,1943.69,POS,Successful,Retail,Gauteng
T000007786,A0000927,2026-06-04,18:37:02,Payment,2280.13,Mobile App,Successful,Other,Mpumalanga
T000007787,A0001046,2026-01-20,13:09:40,Interest,1210.8,Branch,Successful,N/A,Gauteng
T000007788,A0002605,2026-05-31,08:04:37,Withdrawal,244.19,POS,Successful,N/A,Eastern Cape
T000007789,A0001652,2026-07-01,15:08:06,Bank Fee,303.46,Branch,Successful,N/A,North West
T000007790,A0000938,2025-12-12,07:30:41,Transfer,1321.18,Card,Successful,N/A,KwaZulu-Natal
T000007791,A0003010,2026-07-14,07:33:36,Debit Order,476.23,Branch,Successful,N/A,KwaZulu-Natal
T000007792,A0002166,2025-12-20,08:23:05,Transfer,1711.71,ATM,Successful,N/A,Western Cape
T000007793,A0001433,2026-03-03,13:43:36,Transfer,258.08,Mobile App,Successful,N/A,Gauteng
T000007794,A0000624,2024-12-15,13:59:24,Withdrawal,1260.41,POS,Successful,N/A,KwaZulu-Natal
T000007795,A0000925,2026-07-20,09:39:06,Transfer,450.97,Internet Banking,Successful,N/A,Western Cape
T000007796,A0002748,2025-10-08,09:48:05,Card Purchase,895.85,Mobile App,Successful,Utilities,Gauteng
T000007797,A0002688,2026-05-16,14:25:15,Debit Order,426.75,Card,Successful,N/A,Limpopo
T000007798,A0000739,2026-07-15,21:38:04,Card Purchase,1736.43,Internet Banking,Successful,Healthcare,Gauteng
T000007799,A0002304,2025-10-28,09:03:50,Transfer,1113.79,Mobile App,Successful,N/A,KwaZulu-Natal
T000007800,A0001855,2026-03-31,17:58:46,Payment,3956.99,Internet Banking,Successful,Travel,Eastern Cape
T000007801,A0001249,2026-07-27,15:56:16,Deposit,6161.58,ATM,Successful,N/A,Limpopo
T000007802,A0000019,2025-05-06,11:15:34,Card Purchase,1966.77,POS,Successful,Retail,Gauteng
T000007803,A0001653,2026-04-02,15:10:35,Bank Fee,267.87,Internet Banking,Successful,N/A,Gauteng
T000007804,A0002809,2026-04-30,06:44:17,Payment,459.46,Card,Successful,Travel,Mpumalanga
T000007805,A0001160,2026-06-17,08:07:54,Payment,178.31,Internet Banking,Successful,Retail,Eastern Cape
T000007806,A0003128,2025-11-16,09:50:58,Transfer,1088.29,ATM,Successful,N/A,KwaZulu-Natal
T000007807,A0001879,2026-07-30,08:51:50,Card Purchase,293.75,Mobile App,Successful,Entertainment,Western Cape
T000007808,A0000394,2026-07-30,14:29:02,Payment,174.25,Card,Successful,Retail,Gauteng
T000007809,A0002946,2024-10-18,20:04:05,Bank Fee,177.02,Mobile App,Successful,N/A,Limpopo
T000007810,A0000551,2026-06-26,17:36:11,Card Purchase,1205.88,POS,Successful,Restaurants,KwaZulu-Natal
T000007811,A0000125,2025-10-18,20:46:50,Debit Order,832.1,Card,Successful,N/A,Western Cape
T000007812,A0001303,2026-05-28,15:08:14,Card Purchase,10304.8,POS,Successful,Utilities,Gauteng
T000007813,A0001030,2023-09-29,21:09:49,Interest,1186.5,Card,Successful,N/A,Gauteng
T000007814,A0000353,2025-09-16,12:53:38,Deposit,3455.9,Mobile App,Successful,N/A,Gauteng
T000007815,A0000976,2026-03-28,16:44:23,Payment,186.27,Mobile App,Successful,Restaurants,Eastern Cape
T000007816,A0001274,2026-07-11,07:40:58,Card Purchase,837.05,Mobile App,Successful,Other,Gauteng
T000007817,A0001666,2026-06-21,07:16:49,Deposit,5080.67,ATM,Successful,N/A,KwaZulu-Natal
T000007818,A0001142,2026-07-10,06:43:46,Card Purchase,720.84,Mobile App,Successful,Fuel,Gauteng
T000007819,A0000234,2026-07-25,15:56:38,Card Purchase,705.72,Mobile App,Successful,Utilities,Western Cape
T000007820,A0001705,2026-06-21,17:36:54,Card Purchase,841.16,POS,Successful,Groceries,Gauteng
T000007821,A0001648,2025-06-13,19:54:07,Card Purchase,771.06,Card,Successful,Other,Limpopo
T000007822,A0001401,2026-07-25,18:52:16,Withdrawal,382.27,ATM,Successful,N/A,KwaZulu-Natal
T000007823,A0002747,2026-05-17,16:44:19,Transfer,172.1,POS,Successful,N/A,Gauteng
T000007824,A0002464,2026-07-24,10:27:07,Card Purchase,324.2,Mobile App,Successful,Groceries,Free State
T000007825,A0002104,2026-02-12,14:03:35,Transfer,347.76,POS,Successful,N/A,KwaZulu-Natal
T000007826,A0001949,2025-07-17,09:01:34,Card Purchase,375.58,Mobile App,Successful,Restaurants,North West
T000007827,A0002260,2025-07-31,16:04:30,Payment,1254.91,Mobile App,Successful,Fuel,Gauteng
T000007828,A0001589,2026-02-10,18:49:43,Bank Fee,209.65,Mobile App,Successful,N/A,Gauteng
T000007829,A0002941,2026-05-07,13:35:03,Transfer,163.87,Mobile App,Successful,N/A,Limpopo
T000007830,A0000442,2025-12-26,20:28:42,Transfer,1232.63,Card,Successful,N/A,Western Cape
T000007831,A0002837,2025-08-15,10:44:53,Deposit,9918.89,Card,Successful,N/A,Western Cape
T000007832,A0002751,2025-05-14,09:39:28,Deposit,312.19,Card,Successful,N/A,Gauteng
T000007833,A0000621,2025-08-14,17:47:57,Debit Order,1503.57,Card,Successful,N/A,Free State
T000007834,A0000114,2026-06-18,20:06:14,Deposit,3811.99,POS,Successful,N/A,KwaZulu-Natal
T000007835,A0000239,2024-04-10,20:33:49,Card Purchase,333.57,ATM,Successful,Groceries,Gauteng
T000007836,A0001812,2026-05-20,20:58:56,Card Purchase,1532.42,POS,Successful,Telecoms,Gauteng
T000007837,A0000779,2026-07-12,08:37:55,Payment,2722.21,Mobile App,Successful,Entertainment,Gauteng
T000007838,A0002920,2026-07-14,20:18:30,Card Purchase,131.36,Branch,Successful,Utilities,Eastern Cape
T000007839,A0000156,2026-07-17,15:49:08,Interest,1191.75,ATM,Successful,N/A,Limpopo
T000007840,A0002738,2026-07-28,22:45:39,Transfer,3868.28,ATM,Successful,N/A,Gauteng
T000007841,A0002757,2024-09-24,16:03:23,Debit Order,535.92,Card,Successful,N/A,Eastern Cape
T000007842,A0000067,2026-07-09,11:47:46,Card Purchase,636.32,Card,Successful,Utilities,KwaZulu-Natal
T000007843,A0002841,2026-06-03,21:54:53,Transfer,49.19,Card,Successful,N/A,Gauteng
T000007844,A0000317,2025-10-14,09:06:47,Deposit,1372.53,ATM,Successful,N/A,Gauteng
T000007845,A0001247,2026-07-31,09:08:06,Transfer,503.91,Card,Successful,N/A,Mpumalanga
T000007846,A0001807,2026-04-17,09:09:19,Card Purchase,297.96,Branch,Successful,Entertainment,Western Cape
T000007847,A0002765,2026-02-07,17:45:11,Transfer,565.03,Card,Successful,N/A,Western Cape
T000007848,A0002751,2025-03-21,13:41:31,Transfer,154.4,POS,Successful,N/A,Gauteng
T000007849,A0000517,2026-03-28,10:02:54,Payment,730.27,POS,Successful,Telecoms,Gauteng
T000007850,A0002123,2026-03-14,10:10:00,Withdrawal,1606.4,ATM,Successful,N/A,Gauteng
T000007851,A0000971,2025-11-21,19:47:47,Payment,955.92,ATM,Successful,Travel,Western Cape
T000007852,A0002365,2026-03-10,09:06:19,Bank Fee,71.23,POS,Successful,N/A,KwaZulu-Natal
T000007853,A0001192,2025-10-13,11:56:12,Debit Order,360.6,Mobile App,Successful,N/A,Gauteng
T000007854,A0001511,2025-08-17,21:50:32,Transfer,184.42,POS,Successful,N/A,Gauteng
T000007855,A0001206,2026-07-07,14:17:40,Card Purchase,384.61,POS,Successful,Other,Western Cape
T000007856,A0000692,2026-06-26,08:08:17,Deposit,2296.91,ATM,Successful,N/A,Gauteng
T000007857,A0000362,2026-07-26,17:37:11,Payment,164.21,POS,Successful,Education,Gauteng
T000007858,A0000057,2025-06-10,18:47:02,Withdrawal,817.85,Internet Banking,Successful,N/A,Gauteng
T000007859,A0000476,2026-04-11,09:04:24,Debit Order,505.58,POS,Successful,N/A,Eastern Cape
T000007860,A0001987,2026-04-19,15:02:46,Card Purchase,1216.54,POS,Successful,Groceries,Gauteng
T000007861,A0001687,2024-04-17,11:46:49,Payment,127.84,Card,Successful,Restaurants,KwaZulu-Natal
T000007862,A0003125,2026-07-14,08:25:09,Card Purchase,527.42,ATM,Successful,Retail,North West
T000007863,A0000348,2026-06-16,18:53:11,Payment,652.31,Card,Successful,Entertainment,KwaZulu-Natal
T000007864,A0000459,2026-07-14,08:02:28,Debit Order,49.78,ATM,Successful,N/A,Gauteng
T000007865,A0001353,2026-07-12,09:21:42,Deposit,5222.65,POS,Successful,N/A,Mpumalanga
T000007866,A0001525,2026-02-20,10:14:51,Transfer,614.26,POS,Successful,N/A,Limpopo
T000007867,A0002408,2025-10-20,16:54:16,Card Purchase,6203.12,ATM,Successful,Restaurants,Western Cape
T000007868,A0001401,2026-05-30,22:30:05,Transfer,1076.04,Card,Successful,N/A,KwaZulu-Natal
T000007869,A0000970,2025-10-21,15:36:10,Debit Order,203.2,Mobile App,Successful,N/A,Limpopo
T000007870,A0003016,2025-06-22,18:31:53,Card Purchase,824.13,POS,Successful,Healthcare,Western Cape
T000007871,A0000629,2026-01-16,06:50:33,Card Purchase,156.55,ATM,Successful,Utilities,Free State
T000007872,A0000348,2026-05-29,12:22:17,Transfer,1630.09,POS,Successful,N/A,KwaZulu-Natal
T000007873,A0003093,2026-07-31,15:26:36,Debit Order,4074.44,Mobile App,Successful,N/A,Gauteng
T000007874,A0000369,2026-04-22,13:10:55,Deposit,4601.74,ATM,Successful,N/A,Gauteng
T000007875,A0002424,2026-07-22,19:06:55,Transfer,79.85,Card,Successful,N/A,Western Cape
T000007876,A0001261,2025-12-27,10:20:03,Debit Order,1591.88,Card,Successful,N/A,Gauteng
T000007877,A0001065,2024-09-01,19:24:22,Interest,1375.31,POS,Successful,N/A,Eastern Cape
T000007878,A0002041,2026-01-01,20:54:42,Debit Order,2931.9,Internet Banking,Successful,N/A,Western Cape
T000007879,A0002437,2025-11-20,13:17:39,Card Purchase,175.05,POS,Successful,Restaurants,KwaZulu-Natal
T000007880,A0001738,2026-05-04,15:11:54,Card Purchase,473.52,ATM,Successful,Fuel,Western Cape
T000007881,A0000933,2026-05-05,09:18:28,Debit Order,172.96,Mobile App,Successful,N/A,Western Cape
T000007882,A0000460,2025-07-03,12:33:49,Card Purchase,2936.74,Mobile App,Successful,Fuel,KwaZulu-Natal
T000007883,A0003114,2026-07-20,22:28:32,Card Purchase,830.97,Mobile App,Successful,Education,Limpopo
T000007884,A0000666,2026-07-28,08:53:08,Transfer,3237.89,Mobile App,Successful,N/A,Gauteng
T000007885,A0002246,2025-10-23,14:30:56,Interest,376.3,Mobile App,Successful,N/A,Limpopo
T000007886,A0000860,2026-05-04,10:18:44,Debit Order,1310.38,Branch,Successful,N/A,Western Cape
T000007887,A0000903,2025-09-07,09:27:51,Payment,313.27,Mobile App,Successful,Other,Gauteng
T000007888,A0001717,2026-07-19,19:37:04,Card Purchase,1146.89,ATM,Successful,Other,KwaZulu-Natal
T000007889,A0002980,2026-06-11,21:23:04,Card Purchase,2289.52,Card,Successful,Education,Mpumalanga
T000007890,A0000820,2026-07-06,15:16:04,Bank Fee,315.49,Card,Successful,N/A,Western Cape
T000007891,A0001324,2026-06-12,14:07:23,Card Purchase,536.21,Card,Successful,Retail,Gauteng
T000007892,A0000415,2024-03-01,20:24:16,Debit Order,246.12,Mobile App,Successful,N/A,Mpumalanga
T000007893,A0001185,2026-03-13,09:18:31,Payment,583.71,ATM,Successful,Entertainment,Free State
T000007894,A0003054,2025-02-25,20:22:44,Debit Order,2338.67,POS,Successful,N/A,Eastern Cape
T000007895,A0002152,2026-05-28,10:47:51,Payment,321.01,ATM,Successful,Education,KwaZulu-Natal
T000007896,A0001097,2026-04-11,06:52:36,Payment,120.65,Card,Successful,Healthcare,KwaZulu-Natal
T000007897,A0001661,2024-01-06,14:51:50,Card Purchase,1278.82,POS,Successful,Retail,Western Cape
T000007898,A0003052,2024-04-09,21:43:37,Card Purchase,119.12,Mobile App,Successful,Restaurants,Gauteng
T000007899,A0002228,2026-07-31,06:41:53,Bank Fee,6203.42,Card,Successful,N/A,Western Cape
T000007900,A0001129,2026-05-08,19:03:45,Interest,936.69,Mobile App,Successful,N/A,Gauteng
T000007901,A0001478,2026-01-21,14:36:01,Card Purchase,146.56,Card,Successful,Entertainment,KwaZulu-Natal
T000007902,A0001155,2024-12-15,13:55:01,Deposit,2833.5,ATM,Successful,N/A,Mpumalanga
T000007903,A0000762,2026-06-09,20:54:50,Debit Order,206.98,Card,Successful,N/A,Gauteng
T000007904,A0002331,2026-06-29,08:28:53,Card Purchase,349.5,Card,Successful,Other,Mpumalanga
T000007905,A0000284,2025-11-07,16:10:51,Debit Order,461.18,Card,Successful,N/A,Western Cape
T000007906,A0001345,2026-07-28,21:01:48,Bank Fee,832.02,Mobile App,Successful,N/A,Gauteng
T000007907,A0002911,2025-10-17,14:58:49,Debit Order,168.57,ATM,Successful,N/A,North West
T000007908,A0002642,2026-05-23,22:44:09,Card Purchase,795.68,Mobile App,Successful,Groceries,Northern Cape
T000007909,A0001171,2026-06-30,18:07:30,Payment,3640.86,Card,Successful,Education,Western Cape
T000007910,A0001001,2026-03-29,07:33:06,Withdrawal,989.05,POS,Successful,N/A,Gauteng
T000007911,A0001191,2025-11-11,18:52:21,Deposit,39158.58,Mobile App,Successful,N/A,Gauteng
T000007912,A0000942,2025-08-19,13:15:37,Card Purchase,1655.1,POS,Successful,Retail,North West
T000007913,A0002936,2026-06-10,22:58:33,Payment,60.47,Card,Failed,Education,Gauteng
T000007914,A0001558,2023-12-30,09:35:33,Card Purchase,478.57,ATM,Successful,Restaurants,Western Cape
T000007915,A0002272,2026-05-12,06:49:02,Transfer,1503.45,POS,Successful,N/A,Western Cape
T000007916,A0002288,2026-05-17,21:38:48,Debit Order,703.06,POS,Successful,N/A,Eastern Cape
T000007917,A0001279,2026-03-10,17:20:06,Deposit,5003.02,Internet Banking,Successful,N/A,KwaZulu-Natal
T000007918,A0002973,2026-07-31,13:50:48,Card Purchase,325.26,ATM,Successful,Fuel,Western Cape
T000007919,A0003200,2025-01-09,13:22:29,Card Purchase,732.52,Internet Banking,Successful,Retail,KwaZulu-Natal
T000007920,A0002372,2026-04-22,18:12:59,Withdrawal,1073.36,Mobile App,Successful,N/A,Western Cape
T000007921,A0000688,2026-01-02,09:51:20,Transfer,162.18,POS,Successful,N/A,Mpumalanga
T000007922,A0000959,2026-07-21,18:03:16,Card Purchase,780.1,Mobile App,Successful,Education,Western Cape
T000007923,A0001680,2026-03-26,15:28:44,Debit Order,446.89,POS,Successful,N/A,KwaZulu-Natal
T000007924,A0000423,2026-07-08,21:14:21,Card Purchase,2464.8,POS,Successful,Travel,Free State
T000007925,A0003083,2025-11-25,09:52:20,Transfer,337.78,Mobile App,Successful,N/A,KwaZulu-Natal
T000007926,A0001615,2026-06-17,21:52:11,Debit Order,1050.36,POS,Successful,N/A,KwaZulu-Natal
T000007927,A0000239,2024-10-30,13:21:06,Deposit,6143.38,Mobile App,Successful,N/A,Gauteng
T000007928,A0000137,2025-09-27,20:19:37,Deposit,4300.01,POS,Successful,N/A,Mpumalanga
T000007929,A0002653,2026-04-24,08:57:01,Debit Order,574.17,Card,Successful,N/A,Eastern Cape
T000007930,A0000325,2025-09-25,16:56:13,Bank Fee,221.11,Card,Successful,N/A,Western Cape
T000007931,A0002287,2026-02-17,10:18:05,Transfer,264.72,Mobile App,Successful,N/A,Free State
T000007932,A0001582,2026-04-06,10:08:23,Withdrawal,1798.42,POS,Successful,N/A,KwaZulu-Natal
T000007933,A0001631,2023-12-15,15:44:46,Payment,75.04,Branch,Successful,Telecoms,Limpopo
T000007934,A0001124,2026-07-24,09:50:34,Card Purchase,192.09,Card,Successful,Retail,Gauteng
T000007935,A0000661,2025-07-01,17:47:27,Transfer,740.06,Card,Successful,N/A,Gauteng
T000007936,A0000701,2025-11-12,12:14:50,Debit Order,592.6,Branch,Successful,N/A,Gauteng
T000007937,A0000369,2026-01-15,06:59:44,Transfer,482.45,POS,Successful,N/A,Gauteng
T000007938,A0001533,2026-07-05,12:41:01,Card Purchase,155.88,POS,Successful,Travel,Eastern Cape
T000007939,A0001458,2026-04-14,09:03:14,Transfer,489.86,Mobile App,Successful,N/A,Western Cape
T000007940,A0001999,2026-01-09,07:40:48,Transfer,157.6,Internet Banking,Successful,N/A,Eastern Cape
T000007941,A0002417,2025-04-22,15:25:29,Payment,198.84,Mobile App,Successful,Other,Limpopo
T000007942,A0002149,2024-12-05,09:13:59,Card Purchase,375.19,Mobile App,Successful,Travel,KwaZulu-Natal
T000007943,A0002045,2025-07-29,11:32:53,Card Purchase,6302.47,Branch,Successful,Retail,Eastern Cape
T000007944,A0000921,2026-07-31,20:58:14,Transfer,477.46,POS,Successful,N/A,Gauteng
T000007945,A0002473,2026-06-25,12:05:40,Card Purchase,1153.11,Internet Banking,Successful,Groceries,Gauteng
T000007946,A0001517,2026-07-19,13:41:38,Withdrawal,10734.01,Mobile App,Successful,N/A,Western Cape
T000007947,A0002170,2024-08-19,09:29:41,Transfer,1594.47,ATM,Successful,N/A,Free State
T000007948,A0000062,2026-03-30,18:26:31,Payment,263.31,Mobile App,Successful,Groceries,North West
T000007949,A0003126,2026-01-09,07:41:49,Deposit,5667.29,Card,Successful,N/A,Gauteng
T000007950,A0000062,2025-05-15,20:54:07,Transfer,635.98,Card,Successful,N/A,North West
T000007951,A0000647,2025-05-02,18:24:15,Debit Order,578.94,ATM,Successful,N/A,Mpumalanga
T000007952,A0001601,2026-07-28,16:19:47,Deposit,1065.96,Card,Successful,N/A,Gauteng
T000007953,A0002302,2026-07-08,15:14:17,Card Purchase,158.19,Mobile App,Successful,Telecoms,Western Cape
T000007954,A0003162,2025-10-26,15:27:15,Card Purchase,357.77,Card,Successful,Fuel,Northern Cape
T000007955,A0000981,2026-06-08,10:33:27,Payment,460.57,Card,Successful,Retail,Western Cape
T000007956,A0002707,2026-07-10,11:33:45,Card Purchase,129.44,Branch,Successful,Education,Free State
T000007957,A0002354,2026-06-12,07:10:16,Card Purchase,1996.81,Branch,Successful,Restaurants,Limpopo
T000007958,A0001034,2026-06-15,15:53:51,Card Purchase,1038.62,Mobile App,Successful,Education,Gauteng
T000007959,A0002874,2026-02-19,06:44:20,Card Purchase,1387.64,Card,Successful,Retail,Gauteng
T000007960,A0002946,2025-10-13,09:53:02,Debit Order,157.76,Internet Banking,Successful,N/A,Limpopo
T000007961,A0001608,2026-03-21,14:58:28,Debit Order,1061.01,POS,Successful,N/A,Eastern Cape
T000007962,A0001189,2026-07-20,20:00:18,Card Purchase,651.42,ATM,Successful,Restaurants,Eastern Cape
T000007963,A0001814,2025-05-18,10:19:10,Payment,239.45,POS,Successful,Restaurants,KwaZulu-Natal
T000007964,A0003041,2026-07-21,17:37:10,Card Purchase,969.44,ATM,Successful,Groceries,Gauteng
T000007965,A0002303,2026-07-29,18:19:42,Transfer,306.0,POS,Successful,N/A,Western Cape
T000007966,A0002419,2026-07-20,20:56:32,Payment,2923.21,ATM,Successful,Telecoms,KwaZulu-Natal
T000007967,A0002894,2026-03-18,09:30:23,Card Purchase,123.33,ATM,Successful,Fuel,Gauteng
T000007968,A0002818,2025-12-07,09:36:38,Payment,875.14,Card,Successful,Restaurants,KwaZulu-Natal
T000007969,A0000859,2026-07-15,11:19:32,Transfer,3032.3,POS,Successful,N/A,Gauteng
T000007970,A0001622,2026-06-26,10:04:22,Transfer,153.74,POS,Successful,N/A,Northern Cape
T000007971,A0000804,2023-07-20,10:31:58,Debit Order,482.35,Internet Banking,Successful,N/A,Gauteng
T000007972,A0002594,2026-06-15,06:36:08,Card Purchase,526.0,POS,Successful,Other,Gauteng
T000007973,A0001009,2025-10-20,22:50:30,Card Purchase,4551.0,ATM,Successful,Healthcare,Limpopo
T000007974,A0002810,2022-12-27,06:39:17,Debit Order,3301.2,ATM,Successful,N/A,Eastern Cape
T000007975,A0002794,2026-02-23,10:58:17,Card Purchase,332.43,Card,Successful,Entertainment,KwaZulu-Natal
T000007976,A0000442,2025-09-02,22:47:41,Card Purchase,180.85,Mobile App,Successful,Fuel,Western Cape
T000007977,A0000888,2026-04-10,20:06:44,Card Purchase,202.71,Mobile App,Successful,Utilities,Gauteng
T000007978,A0002852,2024-08-10,21:56:41,Deposit,791.47,POS,Successful,N/A,Mpumalanga
T000007979,A0000498,2026-06-18,14:57:46,Debit Order,546.97,Internet Banking,Successful,N/A,KwaZulu-Natal
T000007980,A0001037,2026-04-02,17:21:34,Transfer,72.75,Card,Successful,N/A,Gauteng
T000007981,A0001278,2026-03-30,11:36:11,Card Purchase,1487.79,POS,Successful,Entertainment,Northern Cape
T000007982,A0000363,2025-07-17,07:30:16,Card Purchase,92.92,POS,Successful,Retail,Western Cape
T000007983,A0000567,2025-06-04,13:14:51,Card Purchase,393.57,Mobile App,Successful,Education,Gauteng
T000007984,A0002869,2025-09-07,16:47:53,Debit Order,540.69,Internet Banking,Successful,N/A,Gauteng
T000007985,A0001679,2026-06-07,18:16:27,Card Purchase,1247.14,Mobile App,Successful,Healthcare,Mpumalanga
T000007986,A0001399,2026-07-17,10:00:08,Transfer,1442.56,Internet Banking,Successful,N/A,KwaZulu-Natal
T000007987,A0000781,2026-04-10,22:51:50,Debit Order,1477.31,ATM,Successful,N/A,Eastern Cape
T000007988,A0001454,2026-05-18,09:44:31,Bank Fee,195.61,ATM,Successful,N/A,Gauteng
T000007989,A0003017,2026-01-13,18:12:30,Card Purchase,604.67,ATM,Successful,Utilities,Western Cape
T000007990,A0000298,2025-09-01,16:41:52,Withdrawal,379.02,POS,Successful,N/A,Gauteng
T000007991,A0000130,2026-01-05,12:01:06,Card Purchase,1016.21,Card,Successful,Restaurants,KwaZulu-Natal
T000007992,A0001910,2026-07-04,21:40:07,Debit Order,407.6,Card,Successful,N/A,Gauteng
T000007993,A0000123,2026-02-13,09:15:57,Card Purchase,501.02,Mobile App,Successful,Entertainment,Limpopo
T000007994,A0002860,2026-04-18,08:02:37,Card Purchase,371.91,POS,Successful,Telecoms,Gauteng
T000007995,A0002073,2024-03-30,08:14:52,Deposit,34533.46,ATM,Successful,N/A,KwaZulu-Natal
T000007996,A0000929,2025-04-22,18:51:06,Transfer,129.54,Card,Successful,N/A,Gauteng
T000007997,A0002744,2026-04-20,12:40:54,Debit Order,1001.88,Branch,Successful,N/A,KwaZulu-Natal
T000007998,A0002679,2023-12-21,10:35:08,Payment,485.68,ATM,Successful,Travel,Limpopo
T000007999,A0002000,2025-12-11,19:00:44,Payment,3037.01,Mobile App,Successful,Restaurants,KwaZulu-Natal
T000008000,A0000545,2026-06-26,16:03:57,Card Purchase,229.45,Mobile App,Successful,Restaurants,Gauteng
